{
  "type": "FeatureCollection",
  "features": [
    {
      "type": "Feature",
      "geometry": {
        "type": "Point",
        "coordinates": [
          136.5915958,
          36.4431749
        ]
      },
      "properties": {
        "内容": "バス停: 北陸先端大 (JAIST)",
        "name": "北陸先端大 (JAIST)",
        "operator": "事業者不明",
        "ref": "",
        "url": "",
        "url2": ""
      }
    },
    {
      "type": "Feature",
      "geometry": {
        "type": "Point",
        "coordinates": [
          136.6238618,
          36.4525392
        ]
      },
      "properties": {
        "内容": "バス停: 鶴来駅 (北陸先端科学技術大学院大学)",
        "name": "鶴来駅",
        "operator": "北陸先端科学技術大学院大学",
        "ref": "",
        "url": "",
        "url2": ""
      }
    },
    {
      "type": "Feature",
      "geometry": {
        "type": "Point",
        "coordinates": [
          136.7833476,
          36.8961892
        ]
      },
      "properties": {
        "内容": "バス停: 名称不明バス停",
        "name": "名称不明バス停",
        "operator": "事業者不明",
        "ref": "",
        "url": "",
        "url2": ""
      }
    },
    {
      "type": "Feature",
      "geometry": {
        "type": "Point",
        "coordinates": [
          136.667532,
          36.569828
        ]
      },
      "properties": {
        "内容": "バス停: 並木町 (ふらっとバス)",
        "name": "並木町",
        "operator": "ふらっとバス",
        "ref": "",
        "url": "",
        "url2": ""
      }
    },
    {
      "type": "Feature",
      "geometry": {
        "type": "Point",
        "coordinates": [
          136.654885,
          36.579385
        ]
      },
      "properties": {
        "内容": "バス停: 中島大橋 (ふらっとバス)",
        "name": "中島大橋",
        "operator": "ふらっとバス",
        "ref": "",
        "url": "",
        "url2": ""
      }
    },
    {
      "type": "Feature",
      "geometry": {
        "type": "Point",
        "coordinates": [
          136.669434,
          36.55615
        ]
      },
      "properties": {
        "内容": "バス停: 中石引 (北陸鉄道株式会社)",
        "name": "中石引",
        "operator": "北陸鉄道株式会社",
        "ref": "18",
        "url": "",
        "url2": ""
      }
    },
    {
      "type": "Feature",
      "geometry": {
        "type": "Point",
        "coordinates": [
          136.6575185,
          36.5808726
        ]
      },
      "properties": {
        "内容": "バス停: 京町 (ふらっとバス)",
        "name": "京町",
        "operator": "ふらっとバス",
        "ref": "",
        "url": "",
        "url2": ""
      }
    },
    {
      "type": "Feature",
      "geometry": {
        "type": "Point",
        "coordinates": [
          136.6644927,
          36.5675847
        ]
      },
      "properties": {
        "内容": "バス停: 兼六元町 (金沢ふらっとバス)",
        "name": "兼六元町",
        "operator": "金沢ふらっとバス",
        "ref": "",
        "url": "",
        "url2": ""
      }
    },
    {
      "type": "Feature",
      "geometry": {
        "type": "Point",
        "coordinates": [
          136.6648345,
          36.5654734
        ]
      },
      "properties": {
        "内容": "バス停: 兼六園下 (ふらっとバス)",
        "name": "兼六園下",
        "operator": "ふらっとバス",
        "ref": "",
        "url": "",
        "url2": ""
      }
    },
    {
      "type": "Feature",
      "geometry": {
        "type": "Point",
        "coordinates": [
          136.6542443,
          36.5765024
        ]
      },
      "properties": {
        "内容": "バス停: 別院通り (ふらっとバス)",
        "name": "別院通り",
        "operator": "ふらっとバス",
        "ref": "",
        "url": "",
        "url2": ""
      }
    },
    {
      "type": "Feature",
      "geometry": {
        "type": "Point",
        "coordinates": [
          136.652152,
          36.576566
        ]
      },
      "properties": {
        "内容": "バス停: 別院通り口 (ふらっとバス)",
        "name": "別院通り口",
        "operator": "ふらっとバス",
        "ref": "",
        "url": "",
        "url2": ""
      }
    },
    {
      "type": "Feature",
      "geometry": {
        "type": "Point",
        "coordinates": [
          136.656752,
          36.57061
        ]
      },
      "properties": {
        "内容": "バス停: 十間町 (ふらっとバス)",
        "name": "十間町",
        "operator": "ふらっとバス",
        "ref": "",
        "url": "",
        "url2": ""
      }
    },
    {
      "type": "Feature",
      "geometry": {
        "type": "Point",
        "coordinates": [
          136.6566325,
          36.5671018
        ]
      },
      "properties": {
        "内容": "バス停: 商工会議所 (ふらっとバス)",
        "name": "商工会議所",
        "operator": "ふらっとバス",
        "ref": "",
        "url": "",
        "url2": ""
      }
    },
    {
      "type": "Feature",
      "geometry": {
        "type": "Point",
        "coordinates": [
          136.659142,
          36.568901
        ]
      },
      "properties": {
        "内容": "バス停: 大手堀 (ふらっとバス)",
        "name": "大手堀",
        "operator": "ふらっとバス",
        "ref": "",
        "url": "",
        "url2": ""
      }
    },
    {
      "type": "Feature",
      "geometry": {
        "type": "Point",
        "coordinates": [
          136.66032,
          36.570054
        ]
      },
      "properties": {
        "内容": "バス停: 大手町 (ふらっとバス)",
        "name": "大手町",
        "operator": "ふらっとバス",
        "ref": "",
        "url": "",
        "url2": ""
      }
    },
    {
      "type": "Feature",
      "geometry": {
        "type": "Point",
        "coordinates": [
          136.661127,
          36.56936
        ]
      },
      "properties": {
        "内容": "バス停: 大手門前 (ふらっとバス)",
        "name": "大手門前",
        "operator": "ふらっとバス",
        "ref": "",
        "url": "",
        "url2": ""
      }
    },
    {
      "type": "Feature",
      "geometry": {
        "type": "Point",
        "coordinates": [
          136.669066,
          36.568552
        ]
      },
      "properties": {
        "内容": "バス停: 天神橋 (ふらっとバス)",
        "name": "天神橋",
        "operator": "ふらっとバス",
        "ref": "",
        "url": "",
        "url2": ""
      }
    },
    {
      "type": "Feature",
      "geometry": {
        "type": "Point",
        "coordinates": [
          136.6669685,
          36.5643821
        ]
      },
      "properties": {
        "内容": "バス停: 小将町 (ふらっとバス)",
        "name": "小将町",
        "operator": "ふらっとバス",
        "ref": "",
        "url": "",
        "url2": ""
      }
    },
    {
      "type": "Feature",
      "geometry": {
        "type": "Point",
        "coordinates": [
          136.662385,
          36.576503
        ]
      },
      "properties": {
        "内容": "バス停: 小橋町 (ふらっとバス)",
        "name": "小橋町",
        "operator": "ふらっとバス",
        "ref": "",
        "url": "",
        "url2": ""
      }
    },
    {
      "type": "Feature",
      "geometry": {
        "type": "Point",
        "coordinates": [
          136.6612046,
          36.5712267
        ]
      },
      "properties": {
        "内容": "バス停: 尾張町 (ふらっとバス)",
        "name": "尾張町",
        "operator": "ふらっとバス",
        "ref": "",
        "url": "",
        "url2": ""
      }
    },
    {
      "type": "Feature",
      "geometry": {
        "type": "Point",
        "coordinates": [
          136.658176,
          36.561974
        ]
      },
      "properties": {
        "内容": "バス停: 市役所・21世紀美術館 (ふらっとバス)",
        "name": "市役所・21世紀美術館",
        "operator": "ふらっとバス",
        "ref": "",
        "url": "",
        "url2": ""
      }
    },
    {
      "type": "Feature",
      "geometry": {
        "type": "Point",
        "coordinates": [
          136.672229,
          36.566435
        ]
      },
      "properties": {
        "内容": "バス停: 常盤橋 (ふらっとバス)",
        "name": "常盤橋",
        "operator": "ふらっとバス",
        "ref": "",
        "url": "",
        "url2": ""
      }
    },
    {
      "type": "Feature",
      "geometry": {
        "type": "Point",
        "coordinates": [
          136.660969,
          36.575538
        ]
      },
      "properties": {
        "内容": "バス停: 彦三北 (ふらっとバス)",
        "name": "彦三北",
        "operator": "ふらっとバス",
        "ref": "",
        "url": "",
        "url2": ""
      }
    },
    {
      "type": "Feature",
      "geometry": {
        "type": "Point",
        "coordinates": [
          136.660861,
          36.574078
        ]
      },
      "properties": {
        "内容": "バス停: 彦三町1丁目 (ふらっとバス)",
        "name": "彦三町1丁目",
        "operator": "ふらっとバス",
        "ref": "",
        "url": "",
        "url2": ""
      }
    },
    {
      "type": "Feature",
      "geometry": {
        "type": "Point",
        "coordinates": [
          136.660867,
          36.572615
        ]
      },
      "properties": {
        "内容": "バス停: 彦三緑地 (ふらっとバス)",
        "name": "彦三緑地",
        "operator": "ふらっとバス",
        "ref": "",
        "url": "",
        "url2": ""
      }
    },
    {
      "type": "Feature",
      "geometry": {
        "type": "Point",
        "coordinates": [
          136.661934,
          36.579493
        ]
      },
      "properties": {
        "内容": "バス停: 昌永町 (ふらっとバス)",
        "name": "昌永町",
        "operator": "ふらっとバス",
        "ref": "",
        "url": "",
        "url2": ""
      }
    },
    {
      "type": "Feature",
      "geometry": {
        "type": "Point",
        "coordinates": [
          136.671333,
          36.567275
        ]
      },
      "properties": {
        "内容": "バス停: 材木町 (ふらっとバス)",
        "name": "材木町",
        "operator": "ふらっとバス",
        "ref": "",
        "url": "",
        "url2": ""
      }
    },
    {
      "type": "Feature",
      "geometry": {
        "type": "Point",
        "coordinates": [
          136.655559,
          36.574356
        ]
      },
      "properties": {
        "内容": "バス停: 東別院 (ふらっとバス)",
        "name": "東別院",
        "operator": "ふらっとバス",
        "ref": "",
        "url": "",
        "url2": ""
      }
    },
    {
      "type": "Feature",
      "geometry": {
        "type": "Point",
        "coordinates": [
          136.655792,
          36.575853
        ]
      },
      "properties": {
        "内容": "バス停: 東別院表参道口 (ふらっとバス)",
        "name": "東別院表参道口",
        "operator": "ふらっとバス",
        "ref": "",
        "url": "",
        "url2": ""
      }
    },
    {
      "type": "Feature",
      "geometry": {
        "type": "Point",
        "coordinates": [
          136.666102,
          36.57059
        ]
      },
      "properties": {
        "内容": "バス停: 梅ノ橋 (ふらっとバス)",
        "name": "梅ノ橋",
        "operator": "ふらっとバス",
        "ref": "",
        "url": "",
        "url2": ""
      }
    },
    {
      "type": "Feature",
      "geometry": {
        "type": "Point",
        "coordinates": [
          136.668624,
          36.565767
        ]
      },
      "properties": {
        "内容": "バス停: 横山児童公園 (ふらっとバス)",
        "name": "横山児童公園",
        "operator": "ふらっとバス",
        "ref": "",
        "url": "",
        "url2": ""
      }
    },
    {
      "type": "Feature",
      "geometry": {
        "type": "Point",
        "coordinates": [
          136.671016,
          36.565806
        ]
      },
      "properties": {
        "内容": "バス停: 横山町 (ふらっとバス)",
        "name": "横山町",
        "operator": "ふらっとバス",
        "ref": "",
        "url": "",
        "url2": ""
      }
    },
    {
      "type": "Feature",
      "geometry": {
        "type": "Point",
        "coordinates": [
          136.652761,
          36.57861
        ]
      },
      "properties": {
        "内容": "バス停: 此花町 (ふらっとバス)",
        "name": "此花町",
        "operator": "ふらっとバス",
        "ref": "",
        "url": "",
        "url2": ""
      }
    },
    {
      "type": "Feature",
      "geometry": {
        "type": "Point",
        "coordinates": [
          136.6554197,
          36.5728913
        ]
      },
      "properties": {
        "内容": "バス停: 武蔵ヶ辻・金澤表参道 (4) (西日本ジェイアールバス株式会社)",
        "name": "武蔵ヶ辻・金澤表参道 (4)",
        "operator": "西日本ジェイアールバス株式会社",
        "ref": "",
        "url": "",
        "url2": ""
      }
    },
    {
      "type": "Feature",
      "geometry": {
        "type": "Point",
        "coordinates": [
          136.655905,
          36.571924
        ]
      },
      "properties": {
        "内容": "バス停: 武蔵ヶ辻・近江町市場 (金沢ふらっとバス)",
        "name": "武蔵ヶ辻・近江町市場",
        "operator": "金沢ふらっとバス",
        "ref": "1",
        "url": "",
        "url2": ""
      }
    },
    {
      "type": "Feature",
      "geometry": {
        "type": "Point",
        "coordinates": [
          136.663013,
          36.570993
        ]
      },
      "properties": {
        "内容": "バス停: 泉鏡花記念館 (ふらっとバス)",
        "name": "泉鏡花記念館",
        "operator": "ふらっとバス",
        "ref": "",
        "url": "",
        "url2": ""
      }
    },
    {
      "type": "Feature",
      "geometry": {
        "type": "Point",
        "coordinates": [
          136.664574,
          36.571654
        ]
      },
      "properties": {
        "内容": "バス停: 浅野川大橋 (ふらっとバス)",
        "name": "浅野川大橋",
        "operator": "ふらっとバス",
        "ref": "",
        "url": "",
        "url2": ""
      }
    },
    {
      "type": "Feature",
      "geometry": {
        "type": "Point",
        "coordinates": [
          136.659343,
          36.580621
        ]
      },
      "properties": {
        "内容": "バス停: 浅野本町 (ふらっとバス)",
        "name": "浅野本町",
        "operator": "ふらっとバス",
        "ref": "",
        "url": "",
        "url2": ""
      }
    },
    {
      "type": "Feature",
      "geometry": {
        "type": "Point",
        "coordinates": [
          136.659091,
          36.571575
        ]
      },
      "properties": {
        "内容": "バス停: 町民文化館 (ふらっとバス)",
        "name": "町民文化館",
        "operator": "ふらっとバス",
        "ref": "",
        "url": "",
        "url2": ""
      }
    },
    {
      "type": "Feature",
      "geometry": {
        "type": "Point",
        "coordinates": [
          136.663098,
          36.568124
        ]
      },
      "properties": {
        "内容": "バス停: 白鳥路 (ふらっとバス)",
        "name": "白鳥路",
        "operator": "ふらっとバス",
        "ref": "",
        "url": "",
        "url2": ""
      }
    },
    {
      "type": "Feature",
      "geometry": {
        "type": "Point",
        "coordinates": [
          136.659338,
          36.571432
        ]
      },
      "properties": {
        "内容": "バス停: 老舗交流館 (ふらっとバス)",
        "name": "老舗交流館",
        "operator": "ふらっとバス",
        "ref": "",
        "url": "",
        "url2": ""
      }
    },
    {
      "type": "Feature",
      "geometry": {
        "type": "Point",
        "coordinates": [
          136.657428,
          36.572367
        ]
      },
      "properties": {
        "内容": "バス停: 袋町 (ふらっとバス)",
        "name": "袋町",
        "operator": "ふらっとバス",
        "ref": "",
        "url": "",
        "url2": ""
      }
    },
    {
      "type": "Feature",
      "geometry": {
        "type": "Point",
        "coordinates": [
          136.667948,
          36.564858
        ]
      },
      "properties": {
        "内容": "バス停: 賢坂辻 (ふらっとバス)",
        "name": "賢坂辻",
        "operator": "ふらっとバス",
        "ref": "",
        "url": "",
        "url2": ""
      }
    },
    {
      "type": "Feature",
      "geometry": {
        "type": "Point",
        "coordinates": [
          136.6569434,
          36.5720091
        ]
      },
      "properties": {
        "内容": "バス停: 近江町市場・市姫神社 (西日本ジェイアールバス株式会社)",
        "name": "近江町市場・市姫神社",
        "operator": "西日本ジェイアールバス株式会社",
        "ref": "",
        "url": "",
        "url2": ""
      }
    },
    {
      "type": "Feature",
      "geometry": {
        "type": "Point",
        "coordinates": [
          136.649463,
          36.5785035
        ]
      },
      "properties": {
        "内容": "バス停: 金沢駅 (ふらっとバス)",
        "name": "金沢駅",
        "operator": "ふらっとバス",
        "ref": "",
        "url": "",
        "url2": ""
      }
    },
    {
      "type": "Feature",
      "geometry": {
        "type": "Point",
        "coordinates": [
          136.650288,
          36.577378
        ]
      },
      "properties": {
        "内容": "バス停: 金沢駅東 (ふらっとバス)",
        "name": "金沢駅東",
        "operator": "ふらっとバス",
        "ref": "1",
        "url": "",
        "url2": ""
      }
    },
    {
      "type": "Feature",
      "geometry": {
        "type": "Point",
        "coordinates": [
          136.6546426,
          36.5629844
        ]
      },
      "properties": {
        "内容": "バス停: 香林坊・仙石通り (ふらっとバス)",
        "name": "香林坊・仙石通り",
        "operator": "ふらっとバス",
        "ref": "",
        "url": "",
        "url2": ""
      }
    },
    {
      "type": "Feature",
      "geometry": {
        "type": "Point",
        "coordinates": [
          136.5939991,
          36.4526792
        ]
      },
      "properties": {
        "内容": "バス停: 宮竹 (Miyatake)JAIST Bus (JAIST)",
        "name": "宮竹 (Miyatake)JAIST Bus",
        "operator": "JAIST",
        "ref": "",
        "url": "",
        "url2": ""
      }
    },
    {
      "type": "Feature",
      "geometry": {
        "type": "Point",
        "coordinates": [
          136.591679,
          36.4457061
        ]
      },
      "properties": {
        "内容": "バス停: 石川ハイテクセンター前 (Ishikawa High-Tech Centre) (JAIST)",
        "name": "石川ハイテクセンター前 (Ishikawa High-Tech Centre)",
        "operator": "JAIST",
        "ref": "",
        "url": "",
        "url2": ""
      }
    },
    {
      "type": "Feature",
      "geometry": {
        "type": "Point",
        "coordinates": [
          136.5918587,
          36.445663
        ]
      },
      "properties": {
        "内容": "バス停: 石川ハイテクセンター前 (Ishikawa High-Tech Centre) (JAIST)",
        "name": "石川ハイテクセンター前 (Ishikawa High-Tech Centre)",
        "operator": "JAIST",
        "ref": "",
        "url": "",
        "url2": ""
      }
    },
    {
      "type": "Feature",
      "geometry": {
        "type": "Point",
        "coordinates": [
          136.594141,
          36.4526606
        ]
      },
      "properties": {
        "内容": "バス停: 宮竹 (Miyatake)JAIST Bus (JAIST)",
        "name": "宮竹 (Miyatake)JAIST Bus",
        "operator": "JAIST",
        "ref": "",
        "url": "",
        "url2": ""
      }
    },
    {
      "type": "Feature",
      "geometry": {
        "type": "Point",
        "coordinates": [
          136.6114603,
          36.4519652
        ]
      },
      "properties": {
        "内容": "バス停: 岩本 (Iwamoto) (能美市)",
        "name": "岩本 (Iwamoto)",
        "operator": "能美市",
        "ref": "",
        "url": "",
        "url2": ""
      }
    },
    {
      "type": "Feature",
      "geometry": {
        "type": "Point",
        "coordinates": [
          136.6113843,
          36.4521416
        ]
      },
      "properties": {
        "内容": "バス停: 岩本 (Iwamoto) (能美市)",
        "name": "岩本 (Iwamoto)",
        "operator": "能美市",
        "ref": "",
        "url": "",
        "url2": ""
      }
    },
    {
      "type": "Feature",
      "geometry": {
        "type": "Point",
        "coordinates": [
          136.6217166,
          36.4475146
        ]
      },
      "properties": {
        "内容": "バス停: 本鶴来 (Hon-Tsurugi)",
        "name": "本鶴来 (Hon-Tsurugi)",
        "operator": "事業者不明",
        "ref": "",
        "url": "",
        "url2": ""
      }
    },
    {
      "type": "Feature",
      "geometry": {
        "type": "Point",
        "coordinates": [
          136.6227759,
          36.450348
        ]
      },
      "properties": {
        "内容": "バス停: 本鶴来 (Hon-Tsurugi)",
        "name": "本鶴来 (Hon-Tsurugi)",
        "operator": "事業者不明",
        "ref": "",
        "url": "",
        "url2": ""
      }
    },
    {
      "type": "Feature",
      "geometry": {
        "type": "Point",
        "coordinates": [
          136.6043318,
          36.453294
        ]
      },
      "properties": {
        "内容": "バス停: 灯台笹町 (Todashinomachi) (能美市)",
        "name": "灯台笹町 (Todashinomachi)",
        "operator": "能美市",
        "ref": "",
        "url": "",
        "url2": ""
      }
    },
    {
      "type": "Feature",
      "geometry": {
        "type": "Point",
        "coordinates": [
          136.6044439,
          36.4533814
        ]
      },
      "properties": {
        "内容": "バス停: 灯台笹町 (Todashinomachi) (能美市)",
        "name": "灯台笹町 (Todashinomachi)",
        "operator": "能美市",
        "ref": "",
        "url": "",
        "url2": ""
      }
    },
    {
      "type": "Feature",
      "geometry": {
        "type": "Point",
        "coordinates": [
          136.6255562,
          36.4486011
        ]
      },
      "properties": {
        "内容": "バス停: 鶴来本町 (Tsurugi Honmachi)",
        "name": "鶴来本町 (Tsurugi Honmachi)",
        "operator": "事業者不明",
        "ref": "",
        "url": "",
        "url2": ""
      }
    },
    {
      "type": "Feature",
      "geometry": {
        "type": "Point",
        "coordinates": [
          136.6255088,
          36.4487107
        ]
      },
      "properties": {
        "内容": "バス停: 鶴来本町 (Tsurugi Honmachi)",
        "name": "鶴来本町 (Tsurugi Honmachi)",
        "operator": "事業者不明",
        "ref": "",
        "url": "",
        "url2": ""
      }
    },
    {
      "type": "Feature",
      "geometry": {
        "type": "Point",
        "coordinates": [
          136.6793494,
          36.5474828
        ]
      },
      "properties": {
        "内容": "バス停: 崎浦・県立図書館口 (北陸鉄道グループ)",
        "name": "崎浦・県立図書館口",
        "operator": "北陸鉄道グループ",
        "ref": "A",
        "url": "",
        "url2": ""
      }
    },
    {
      "type": "Feature",
      "geometry": {
        "type": "Point",
        "coordinates": [
          136.6747635,
          36.5516354
        ]
      },
      "properties": {
        "内容": "バス停: 天徳院前 (北陸鉄道グループ)",
        "name": "天徳院前",
        "operator": "北陸鉄道グループ",
        "ref": "",
        "url": "",
        "url2": ""
      }
    },
    {
      "type": "Feature",
      "geometry": {
        "type": "Point",
        "coordinates": [
          136.6781947,
          36.5484806
        ]
      },
      "properties": {
        "内容": "バス停: 小立野三丁目 (北陸鉄道グループ)",
        "name": "小立野三丁目",
        "operator": "北陸鉄道グループ",
        "ref": "",
        "url": "",
        "url2": ""
      }
    },
    {
      "type": "Feature",
      "geometry": {
        "type": "Point",
        "coordinates": [
          136.755841,
          36.4882022
        ]
      },
      "properties": {
        "内容": "バス停: 湯涌温泉",
        "name": "湯涌温泉",
        "operator": "事業者不明",
        "ref": "",
        "url": "",
        "url2": ""
      }
    },
    {
      "type": "Feature",
      "geometry": {
        "type": "Point",
        "coordinates": [
          136.6845076,
          36.5423604
        ]
      },
      "properties": {
        "内容": "バス停: 錦町 (北陸鉄道グループ)",
        "name": "錦町",
        "operator": "北陸鉄道グループ",
        "ref": "",
        "url": "",
        "url2": ""
      }
    },
    {
      "type": "Feature",
      "geometry": {
        "type": "Point",
        "coordinates": [
          136.72908,
          36.657046
        ]
      },
      "properties": {
        "内容": "バス停: 津幡駅前",
        "name": "津幡駅前",
        "operator": "事業者不明",
        "ref": "",
        "url": "",
        "url2": ""
      }
    },
    {
      "type": "Feature",
      "geometry": {
        "type": "Point",
        "coordinates": [
          136.650192,
          36.2878605
        ]
      },
      "properties": {
        "内容": "バス停: 名称不明バス停",
        "name": "名称不明バス停",
        "operator": "事業者不明",
        "ref": "",
        "url": "",
        "url2": ""
      }
    },
    {
      "type": "Feature",
      "geometry": {
        "type": "Point",
        "coordinates": [
          136.7396377,
          36.1249064
        ]
      },
      "properties": {
        "内容": "バス停: 別当出合",
        "name": "別当出合",
        "operator": "事業者不明",
        "ref": "",
        "url": "",
        "url2": ""
      }
    },
    {
      "type": "Feature",
      "geometry": {
        "type": "Point",
        "coordinates": [
          136.7006934,
          36.1143127
        ]
      },
      "properties": {
        "内容": "バス停: 市ノ瀬",
        "name": "市ノ瀬",
        "operator": "事業者不明",
        "ref": "",
        "url": "",
        "url2": ""
      }
    },
    {
      "type": "Feature",
      "geometry": {
        "type": "Point",
        "coordinates": [
          136.6285244,
          36.1696004
        ]
      },
      "properties": {
        "内容": "バス停: 白峰車庫",
        "name": "白峰車庫",
        "operator": "事業者不明",
        "ref": "",
        "url": "",
        "url2": ""
      }
    },
    {
      "type": "Feature",
      "geometry": {
        "type": "Point",
        "coordinates": [
          136.7066785,
          36.5444991
        ]
      },
      "properties": {
        "内容": "バス停: 金沢大学自然研前 (北陸鉄道)",
        "name": "金沢大学自然研前",
        "operator": "北陸鉄道",
        "ref": "",
        "url": "",
        "url2": ""
      }
    },
    {
      "type": "Feature",
      "geometry": {
        "type": "Point",
        "coordinates": [
          136.6147242,
          36.4937459
        ]
      },
      "properties": {
        "内容": "バス停: Hibari",
        "name": "Hibari",
        "operator": "事業者不明",
        "ref": "",
        "url": "",
        "url2": ""
      }
    },
    {
      "type": "Feature",
      "geometry": {
        "type": "Point",
        "coordinates": [
          136.9649114,
          37.0426218
        ]
      },
      "properties": {
        "内容": "バス停: 七尾駅前 わくライナーバスのりば",
        "name": "七尾駅前 わくライナーバスのりば",
        "operator": "事業者不明",
        "ref": "",
        "url": "",
        "url2": ""
      }
    },
    {
      "type": "Feature",
      "geometry": {
        "type": "Point",
        "coordinates": [
          136.4496919,
          36.3875659
        ]
      },
      "properties": {
        "内容": "バス停: kitamura ",
        "name": "kitamura ",
        "operator": "事業者不明",
        "ref": "",
        "url": "",
        "url2": ""
      }
    },
    {
      "type": "Feature",
      "geometry": {
        "type": "Point",
        "coordinates": [
          136.3672658,
          36.2947603
        ]
      },
      "properties": {
        "内容": "バス停: 九谷焼窯跡展示館",
        "name": "九谷焼窯跡展示館",
        "operator": "事業者不明",
        "ref": "",
        "url": "",
        "url2": ""
      }
    },
    {
      "type": "Feature",
      "geometry": {
        "type": "Point",
        "coordinates": [
          136.5813866,
          36.5539368
        ]
      },
      "properties": {
        "内容": "バス停: 北陸松任",
        "name": "北陸松任",
        "operator": "事業者不明",
        "ref": "",
        "url": "",
        "url2": ""
      }
    },
    {
      "type": "Feature",
      "geometry": {
        "type": "Point",
        "coordinates": [
          136.5787239,
          36.5523608
        ]
      },
      "properties": {
        "内容": "バス停: 名称不明バス停",
        "name": "名称不明バス停",
        "operator": "事業者不明",
        "ref": "",
        "url": "",
        "url2": ""
      }
    },
    {
      "type": "Feature",
      "geometry": {
        "type": "Point",
        "coordinates": [
          136.6591463,
          36.5582331
        ]
      },
      "properties": {
        "内容": "バス停: 本多町 (北陸鉄道)",
        "name": "本多町",
        "operator": "北陸鉄道",
        "ref": "LL7",
        "url": "",
        "url2": ""
      }
    },
    {
      "type": "Feature",
      "geometry": {
        "type": "Point",
        "coordinates": [
          136.6558711,
          36.5538632
        ]
      },
      "properties": {
        "内容": "バス停: 桜橋",
        "name": "桜橋",
        "operator": "事業者不明",
        "ref": "LL6",
        "url": "",
        "url2": ""
      }
    },
    {
      "type": "Feature",
      "geometry": {
        "type": "Point",
        "coordinates": [
          136.6639945,
          36.5698732
        ]
      },
      "properties": {
        "内容": "バス停: 橋場町",
        "name": "橋場町",
        "operator": "事業者不明",
        "ref": "",
        "url": "",
        "url2": ""
      }
    },
    {
      "type": "Feature",
      "geometry": {
        "type": "Point",
        "coordinates": [
          136.6623211,
          36.5654045
        ]
      },
      "properties": {
        "内容": "バス停: 兼六園下・金沢城 (北陸鉄道)",
        "name": "兼六園下・金沢城",
        "operator": "北陸鉄道",
        "ref": "LL9",
        "url": "",
        "url2": ""
      }
    },
    {
      "type": "Feature",
      "geometry": {
        "type": "Point",
        "coordinates": [
          136.6647798,
          36.5724019
        ]
      },
      "properties": {
        "内容": "バス停: 橋場町 (北陸鉄道)",
        "name": "橋場町",
        "operator": "北陸鉄道",
        "ref": "RL4",
        "url": "",
        "url2": ""
      }
    },
    {
      "type": "Feature",
      "geometry": {
        "type": "Point",
        "coordinates": [
          136.6656146,
          36.575835
        ]
      },
      "properties": {
        "内容": "バス停: 森山一丁目",
        "name": "森山一丁目",
        "operator": "事業者不明",
        "ref": "RL3",
        "url": "",
        "url2": ""
      }
    },
    {
      "type": "Feature",
      "geometry": {
        "type": "Point",
        "coordinates": [
          136.6542257,
          36.5677035
        ]
      },
      "properties": {
        "内容": "バス停: 南町・尾山神社 (北陸鉄道)",
        "name": "南町・尾山神社",
        "operator": "北陸鉄道",
        "ref": "LL2",
        "url": "",
        "url2": ""
      }
    },
    {
      "type": "Feature",
      "geometry": {
        "type": "Point",
        "coordinates": [
          136.6551907,
          36.5622549
        ]
      },
      "properties": {
        "内容": "バス停: 香林坊 (北陸鉄道グループ)",
        "name": "香林坊",
        "operator": "北陸鉄道グループ",
        "ref": "",
        "url": "",
        "url2": ""
      }
    },
    {
      "type": "Feature",
      "geometry": {
        "type": "Point",
        "coordinates": [
          136.6636446,
          36.5651887
        ]
      },
      "properties": {
        "内容": "バス停: 兼六園下・金沢城 (北陸鉄道)",
        "name": "兼六園下・金沢城",
        "operator": "北陸鉄道",
        "ref": "",
        "url": "",
        "url2": ""
      }
    },
    {
      "type": "Feature",
      "geometry": {
        "type": "Point",
        "coordinates": [
          136.649913,
          36.5565245
        ]
      },
      "properties": {
        "内容": "バス停: 広小路 (北陸鉄道)",
        "name": "広小路",
        "operator": "北陸鉄道",
        "ref": "LL5",
        "url": "",
        "url2": ""
      }
    },
    {
      "type": "Feature",
      "geometry": {
        "type": "Point",
        "coordinates": [
          136.653568,
          36.5633337
        ]
      },
      "properties": {
        "内容": "バス停: 香林坊 (北陸鉄道)",
        "name": "香林坊",
        "operator": "北陸鉄道",
        "ref": "",
        "url": "",
        "url2": ""
      }
    },
    {
      "type": "Feature",
      "geometry": {
        "type": "Point",
        "coordinates": [
          136.6537919,
          36.5633314
        ]
      },
      "properties": {
        "内容": "バス停: 香林坊 (北陸鉄道)",
        "name": "香林坊",
        "operator": "北陸鉄道",
        "ref": "LL3",
        "url": "",
        "url2": ""
      }
    },
    {
      "type": "Feature",
      "geometry": {
        "type": "Point",
        "coordinates": [
          136.6591797,
          36.5605348
        ]
      },
      "properties": {
        "内容": "バス停: 広坂・21世紀美術館 (北陸鉄道)",
        "name": "広坂・21世紀美術館",
        "operator": "北陸鉄道",
        "ref": "LL8",
        "url": "",
        "url2": ""
      }
    },
    {
      "type": "Feature",
      "geometry": {
        "type": "Point",
        "coordinates": [
          136.6542946,
          36.5687271
        ]
      },
      "properties": {
        "内容": "バス停: 南町・尾山神社 (北陸鉄道)",
        "name": "南町・尾山神社",
        "operator": "北陸鉄道",
        "ref": "",
        "url": "",
        "url2": ""
      }
    },
    {
      "type": "Feature",
      "geometry": {
        "type": "Point",
        "coordinates": [
          136.9274404,
          37.0837098
        ]
      },
      "properties": {
        "内容": "バス停: 和倉温泉東口(能登島交通)",
        "name": "和倉温泉東口(能登島交通)",
        "operator": "事業者不明",
        "ref": "",
        "url": "",
        "url2": ""
      }
    },
    {
      "type": "Feature",
      "geometry": {
        "type": "Point",
        "coordinates": [
          136.9238478,
          37.0868928
        ]
      },
      "properties": {
        "内容": "バス停: 和倉インフォメーション(能登島交通)",
        "name": "和倉インフォメーション(能登島交通)",
        "operator": "事業者不明",
        "ref": "",
        "url": "",
        "url2": ""
      }
    },
    {
      "type": "Feature",
      "geometry": {
        "type": "Point",
        "coordinates": [
          136.9172781,
          37.0891054
        ]
      },
      "properties": {
        "内容": "バス停: 和倉温泉(能登島交通)",
        "name": "和倉温泉(能登島交通)",
        "operator": "事業者不明",
        "ref": "",
        "url": "",
        "url2": ""
      }
    },
    {
      "type": "Feature",
      "geometry": {
        "type": "Point",
        "coordinates": [
          136.9156534,
          37.0882821
        ]
      },
      "properties": {
        "内容": "バス停: 北鉄バスのりば",
        "name": "北鉄バスのりば",
        "operator": "事業者不明",
        "ref": "",
        "url": "",
        "url2": ""
      }
    },
    {
      "type": "Feature",
      "geometry": {
        "type": "Point",
        "coordinates": [
          136.9189634,
          37.0868902
        ]
      },
      "properties": {
        "内容": "バス停: 和倉観光会館前(能登島交通)",
        "name": "和倉観光会館前(能登島交通)",
        "operator": "事業者不明",
        "ref": "",
        "url": "",
        "url2": ""
      }
    },
    {
      "type": "Feature",
      "geometry": {
        "type": "Point",
        "coordinates": [
          136.9261827,
          37.0792351
        ]
      },
      "properties": {
        "内容": "バス停: 浜岡クリニック(能登島交通)",
        "name": "浜岡クリニック(能登島交通)",
        "operator": "事業者不明",
        "ref": "",
        "url": "",
        "url2": ""
      }
    },
    {
      "type": "Feature",
      "geometry": {
        "type": "Point",
        "coordinates": [
          136.9307726,
          37.084093
        ]
      },
      "properties": {
        "内容": "バス停: 大鳥浜団地前(能登島交通)",
        "name": "大鳥浜団地前(能登島交通)",
        "operator": "事業者不明",
        "ref": "",
        "url": "",
        "url2": ""
      }
    },
    {
      "type": "Feature",
      "geometry": {
        "type": "Point",
        "coordinates": [
          136.9976164,
          37.1195078
        ]
      },
      "properties": {
        "内容": "バス停: マリンパーク島の湯(能登島交通)",
        "name": "マリンパーク島の湯(能登島交通)",
        "operator": "事業者不明",
        "ref": "",
        "url": "",
        "url2": ""
      }
    },
    {
      "type": "Feature",
      "geometry": {
        "type": "Point",
        "coordinates": [
          136.9957074,
          37.1246385
        ]
      },
      "properties": {
        "内容": "バス停: 能登島市民センター(能登島交通)",
        "name": "能登島市民センター(能登島交通)",
        "operator": "事業者不明",
        "ref": "",
        "url": "",
        "url2": ""
      }
    },
    {
      "type": "Feature",
      "geometry": {
        "type": "Point",
        "coordinates": [
          136.9949381,
          37.1222799
        ]
      },
      "properties": {
        "内容": "バス停: 中学校前(能登島交通)",
        "name": "中学校前(能登島交通)",
        "operator": "事業者不明",
        "ref": "",
        "url": "",
        "url2": ""
      }
    },
    {
      "type": "Feature",
      "geometry": {
        "type": "Point",
        "coordinates": [
          136.9987791,
          37.1323918
        ]
      },
      "properties": {
        "内容": "バス停: 向田宮ノ前(能登島交通)",
        "name": "向田宮ノ前(能登島交通)",
        "operator": "事業者不明",
        "ref": "",
        "url": "",
        "url2": ""
      }
    },
    {
      "type": "Feature",
      "geometry": {
        "type": "Point",
        "coordinates": [
          136.9974427,
          37.1374453
        ]
      },
      "properties": {
        "内容": "バス停: 美術館前(能登島交通)",
        "name": "美術館前(能登島交通)",
        "operator": "事業者不明",
        "ref": "",
        "url": "",
        "url2": ""
      }
    },
    {
      "type": "Feature",
      "geometry": {
        "type": "Point",
        "coordinates": [
          136.99261,
          37.1393353
        ]
      },
      "properties": {
        "内容": "バス停: 曲入口(能登島交通)",
        "name": "曲入口(能登島交通)",
        "operator": "事業者不明",
        "ref": "",
        "url": "",
        "url2": ""
      }
    },
    {
      "type": "Feature",
      "geometry": {
        "type": "Point",
        "coordinates": [
          137.0002711,
          37.1356024
        ]
      },
      "properties": {
        "内容": "バス停: 向田公園前(能登島交通)",
        "name": "向田公園前(能登島交通)",
        "operator": "事業者不明",
        "ref": "",
        "url": "",
        "url2": ""
      }
    },
    {
      "type": "Feature",
      "geometry": {
        "type": "Point",
        "coordinates": [
          136.4521579,
          36.4017351
        ]
      },
      "properties": {
        "内容": "バス停: 名称不明バス停",
        "name": "名称不明バス停",
        "operator": "事業者不明",
        "ref": "",
        "url": "",
        "url2": ""
      }
    },
    {
      "type": "Feature",
      "geometry": {
        "type": "Point",
        "coordinates": [
          136.4599583,
          36.4521806
        ]
      },
      "properties": {
        "内容": "バス停: 能美根上駅(のみバス) (能美市)",
        "name": "能美根上駅(のみバス)",
        "operator": "能美市",
        "ref": "",
        "url": "",
        "url2": ""
      }
    },
    {
      "type": "Feature",
      "geometry": {
        "type": "Point",
        "coordinates": [
          136.4592797,
          36.4518263
        ]
      },
      "properties": {
        "内容": "バス停: 能美根上駅西口(のみバス)",
        "name": "能美根上駅西口(のみバス)",
        "operator": "事業者不明",
        "ref": "",
        "url": "",
        "url2": ""
      }
    },
    {
      "type": "Feature",
      "geometry": {
        "type": "Point",
        "coordinates": [
          136.5887314,
          36.4535507
        ]
      },
      "properties": {
        "内容": "バス停: 宮竹一歩(のみバス)",
        "name": "宮竹一歩(のみバス)",
        "operator": "事業者不明",
        "ref": "",
        "url": "",
        "url2": ""
      }
    },
    {
      "type": "Feature",
      "geometry": {
        "type": "Point",
        "coordinates": [
          136.5888172,
          36.4534612
        ]
      },
      "properties": {
        "内容": "バス停: 宮竹一歩(のみバス)",
        "name": "宮竹一歩(のみバス)",
        "operator": "事業者不明",
        "ref": "",
        "url": "",
        "url2": ""
      }
    },
    {
      "type": "Feature",
      "geometry": {
        "type": "Point",
        "coordinates": [
          136.5840627,
          36.454074
        ]
      },
      "properties": {
        "内容": "バス停: 宮竹西(のみバス)",
        "name": "宮竹西(のみバス)",
        "operator": "事業者不明",
        "ref": "",
        "url": "",
        "url2": ""
      }
    },
    {
      "type": "Feature",
      "geometry": {
        "type": "Point",
        "coordinates": [
          136.5840703,
          36.4539382
        ]
      },
      "properties": {
        "内容": "バス停: 宮竹西(のみバス)",
        "name": "宮竹西(のみバス)",
        "operator": "事業者不明",
        "ref": "",
        "url": "",
        "url2": ""
      }
    },
    {
      "type": "Feature",
      "geometry": {
        "type": "Point",
        "coordinates": [
          136.5781549,
          36.4541724
        ]
      },
      "properties": {
        "内容": "バス停: 三ツ口(のみバス) (能美市)",
        "name": "三ツ口(のみバス)",
        "operator": "能美市",
        "ref": "",
        "url": "",
        "url2": ""
      }
    },
    {
      "type": "Feature",
      "geometry": {
        "type": "Point",
        "coordinates": [
          136.5784256,
          36.4540726
        ]
      },
      "properties": {
        "内容": "バス停: 三ツ口(のみバス) (能美市)",
        "name": "三ツ口(のみバス)",
        "operator": "能美市",
        "ref": "",
        "url": "",
        "url2": ""
      }
    },
    {
      "type": "Feature",
      "geometry": {
        "type": "Point",
        "coordinates": [
          136.5940051,
          36.4526717
        ]
      },
      "properties": {
        "内容": "バス停: 宮竹東(のみバス) (能美市)",
        "name": "宮竹東(のみバス)",
        "operator": "能美市",
        "ref": "",
        "url": "",
        "url2": ""
      }
    },
    {
      "type": "Feature",
      "geometry": {
        "type": "Point",
        "coordinates": [
          136.5941359,
          36.4526944
        ]
      },
      "properties": {
        "内容": "バス停: 宮竹東(のみバス) (能美市)",
        "name": "宮竹東(のみバス)",
        "operator": "能美市",
        "ref": "",
        "url": "",
        "url2": ""
      }
    },
    {
      "type": "Feature",
      "geometry": {
        "type": "Point",
        "coordinates": [
          136.5536807,
          36.4472185
        ]
      },
      "properties": {
        "内容": "バス停: 能美市役所(のみバス) (能美市)",
        "name": "能美市役所(のみバス)",
        "operator": "能美市",
        "ref": "",
        "url": "",
        "url2": ""
      }
    },
    {
      "type": "Feature",
      "geometry": {
        "type": "Point",
        "coordinates": [
          136.5479893,
          36.4446038
        ]
      },
      "properties": {
        "内容": "バス停: 辰口福祉会館(のみバス) (能美市)",
        "name": "辰口福祉会館(のみバス)",
        "operator": "能美市",
        "ref": "",
        "url": "",
        "url2": ""
      }
    },
    {
      "type": "Feature",
      "geometry": {
        "type": "Point",
        "coordinates": [
          136.5678955,
          36.4546643
        ]
      },
      "properties": {
        "内容": "バス停: 岩内西(のみバス) (能美市)",
        "name": "岩内西(のみバス)",
        "operator": "能美市",
        "ref": "",
        "url": "",
        "url2": ""
      }
    },
    {
      "type": "Feature",
      "geometry": {
        "type": "Point",
        "coordinates": [
          136.5679572,
          36.4545607
        ]
      },
      "properties": {
        "内容": "バス停: 岩内西(のみバス) (能美市)",
        "name": "岩内西(のみバス)",
        "operator": "能美市",
        "ref": "",
        "url": "",
        "url2": ""
      }
    },
    {
      "type": "Feature",
      "geometry": {
        "type": "Point",
        "coordinates": [
          136.5700059,
          36.4544828
        ]
      },
      "properties": {
        "内容": "バス停: 岩内東(のみバス) (能美市)",
        "name": "岩内東(のみバス)",
        "operator": "能美市",
        "ref": "",
        "url": "",
        "url2": ""
      }
    },
    {
      "type": "Feature",
      "geometry": {
        "type": "Point",
        "coordinates": [
          136.5703833,
          36.4543443
        ]
      },
      "properties": {
        "内容": "バス停: 岩内東(のみバス) (能美市)",
        "name": "岩内東(のみバス)",
        "operator": "能美市",
        "ref": "",
        "url": "",
        "url2": ""
      }
    },
    {
      "type": "Feature",
      "geometry": {
        "type": "Point",
        "coordinates": [
          136.6249523,
          36.4529656
        ]
      },
      "properties": {
        "内容": "バス停: 鶴来駅前",
        "name": "鶴来駅前",
        "operator": "事業者不明",
        "ref": "",
        "url": "",
        "url2": ""
      }
    },
    {
      "type": "Feature",
      "geometry": {
        "type": "Point",
        "coordinates": [
          136.536211,
          36.441982
        ]
      },
      "properties": {
        "内容": "バス停: 芳珠記念病院(のみバス)",
        "name": "芳珠記念病院(のみバス)",
        "operator": "事業者不明",
        "ref": "",
        "url": "",
        "url2": ""
      }
    },
    {
      "type": "Feature",
      "geometry": {
        "type": "Point",
        "coordinates": [
          136.459914,
          36.4553578
        ]
      },
      "properties": {
        "内容": "バス停: 市立病院(のみバス) (能美市)",
        "name": "市立病院(のみバス)",
        "operator": "能美市",
        "ref": "",
        "url": "",
        "url2": ""
      }
    },
    {
      "type": "Feature",
      "geometry": {
        "type": "Point",
        "coordinates": [
          136.5471517,
          36.4434499
        ]
      },
      "properties": {
        "内容": "バス停: 辰口温泉口(のみバス) (能美市)",
        "name": "辰口温泉口(のみバス)",
        "operator": "能美市",
        "ref": "",
        "url": "",
        "url2": ""
      }
    },
    {
      "type": "Feature",
      "geometry": {
        "type": "Point",
        "coordinates": [
          136.5605977,
          36.4531564
        ]
      },
      "properties": {
        "内容": "バス停: 火釜(のみバス) (能美市)",
        "name": "火釜(のみバス)",
        "operator": "能美市",
        "ref": "",
        "url": "",
        "url2": ""
      }
    },
    {
      "type": "Feature",
      "geometry": {
        "type": "Point",
        "coordinates": [
          136.5606073,
          36.4530512
        ]
      },
      "properties": {
        "内容": "バス停: 火釜(のみバス) (能美市)",
        "name": "火釜(のみバス)",
        "operator": "能美市",
        "ref": "",
        "url": "",
        "url2": ""
      }
    },
    {
      "type": "Feature",
      "geometry": {
        "type": "Point",
        "coordinates": [
          136.5476623,
          36.4508742
        ]
      },
      "properties": {
        "内容": "バス停: 辰口東(のみバス) (能美市)",
        "name": "辰口東(のみバス)",
        "operator": "能美市",
        "ref": "",
        "url": "",
        "url2": ""
      }
    },
    {
      "type": "Feature",
      "geometry": {
        "type": "Point",
        "coordinates": [
          136.547498,
          36.4508909
        ]
      },
      "properties": {
        "内容": "バス停: 辰口東(のみバス) (能美市)",
        "name": "辰口東(のみバス)",
        "operator": "能美市",
        "ref": "",
        "url": "",
        "url2": ""
      }
    },
    {
      "type": "Feature",
      "geometry": {
        "type": "Point",
        "coordinates": [
          136.5494513,
          36.4529265
        ]
      },
      "properties": {
        "内容": "バス停: 三ツ屋(のみバス)",
        "name": "三ツ屋(のみバス)",
        "operator": "事業者不明",
        "ref": "",
        "url": "",
        "url2": ""
      }
    },
    {
      "type": "Feature",
      "geometry": {
        "type": "Point",
        "coordinates": [
          136.5165784,
          36.4469054
        ]
      },
      "properties": {
        "内容": "バス停: 秋常(のみバス) (能美市)",
        "name": "秋常(のみバス)",
        "operator": "能美市",
        "ref": "",
        "url": "",
        "url2": ""
      }
    },
    {
      "type": "Feature",
      "geometry": {
        "type": "Point",
        "coordinates": [
          136.5167346,
          36.4466029
        ]
      },
      "properties": {
        "内容": "バス停: 秋常(のみバス) (能美市)",
        "name": "秋常(のみバス)",
        "operator": "能美市",
        "ref": "",
        "url": "",
        "url2": ""
      }
    },
    {
      "type": "Feature",
      "geometry": {
        "type": "Point",
        "coordinates": [
          136.5056292,
          36.4531599
        ]
      },
      "properties": {
        "内容": "バス停: 粟生中(のみバス) (能美市)",
        "name": "粟生中(のみバス)",
        "operator": "能美市",
        "ref": "",
        "url": "",
        "url2": ""
      }
    },
    {
      "type": "Feature",
      "geometry": {
        "type": "Point",
        "coordinates": [
          136.5245913,
          36.4349435
        ]
      },
      "properties": {
        "内容": "バス停: 湯寿園前",
        "name": "湯寿園前",
        "operator": "事業者不明",
        "ref": "",
        "url": "",
        "url2": ""
      }
    },
    {
      "type": "Feature",
      "geometry": {
        "type": "Point",
        "coordinates": [
          136.5252243,
          36.4330682
        ]
      },
      "properties": {
        "内容": "バス停: クアハウス久谷(のみバス) (能美市)",
        "name": "クアハウス久谷(のみバス)",
        "operator": "能美市",
        "ref": "",
        "url": "",
        "url2": ""
      }
    },
    {
      "type": "Feature",
      "geometry": {
        "type": "Point",
        "coordinates": [
          136.5225317,
          36.4322878
        ]
      },
      "properties": {
        "内容": "バス停: 泉台コミュニティセンター (能美市)",
        "name": "泉台コミュニティセンター",
        "operator": "能美市",
        "ref": "",
        "url": "",
        "url2": ""
      }
    },
    {
      "type": "Feature",
      "geometry": {
        "type": "Point",
        "coordinates": [
          136.5225588,
          36.4321971
        ]
      },
      "properties": {
        "内容": "バス停: 泉台コミュニティセンター (能美市)",
        "name": "泉台コミュニティセンター",
        "operator": "能美市",
        "ref": "",
        "url": "",
        "url2": ""
      }
    },
    {
      "type": "Feature",
      "geometry": {
        "type": "Point",
        "coordinates": [
          136.5075462,
          36.4396653
        ]
      },
      "properties": {
        "内容": "バス停: ふるさと交流センター(のみバス) (能美市)",
        "name": "ふるさと交流センター(のみバス)",
        "operator": "能美市",
        "ref": "",
        "url": "",
        "url2": ""
      }
    },
    {
      "type": "Feature",
      "geometry": {
        "type": "Point",
        "coordinates": [
          136.5004039,
          36.4382967
        ]
      },
      "properties": {
        "内容": "バス停: 寺井東口(のみバス)",
        "name": "寺井東口(のみバス)",
        "operator": "事業者不明",
        "ref": "",
        "url": "",
        "url2": ""
      }
    },
    {
      "type": "Feature",
      "geometry": {
        "type": "Point",
        "coordinates": [
          136.5004085,
          36.438189
        ]
      },
      "properties": {
        "内容": "バス停: 寺井東口(のみバス)",
        "name": "寺井東口(のみバス)",
        "operator": "事業者不明",
        "ref": "",
        "url": "",
        "url2": ""
      }
    },
    {
      "type": "Feature",
      "geometry": {
        "type": "Point",
        "coordinates": [
          136.4925337,
          36.4372891
        ]
      },
      "properties": {
        "内容": "バス停: 寺井図書館前(のみバス) (能美市)",
        "name": "寺井図書館前(のみバス)",
        "operator": "能美市",
        "ref": "",
        "url": "",
        "url2": ""
      }
    },
    {
      "type": "Feature",
      "geometry": {
        "type": "Point",
        "coordinates": [
          136.4916098,
          36.438838
        ]
      },
      "properties": {
        "内容": "バス停: 町民センター(のみバス) (能美市)",
        "name": "町民センター(のみバス)",
        "operator": "能美市",
        "ref": "",
        "url": "",
        "url2": ""
      }
    },
    {
      "type": "Feature",
      "geometry": {
        "type": "Point",
        "coordinates": [
          136.491562,
          36.4389406
        ]
      },
      "properties": {
        "内容": "バス停: 町民センター(のみバス) (能美市)",
        "name": "町民センター(のみバス)",
        "operator": "能美市",
        "ref": "",
        "url": "",
        "url2": ""
      }
    },
    {
      "type": "Feature",
      "geometry": {
        "type": "Point",
        "coordinates": [
          136.4934531,
          36.440626
        ]
      },
      "properties": {
        "内容": "バス停: 寺井南(のみバス)",
        "name": "寺井南(のみバス)",
        "operator": "事業者不明",
        "ref": "",
        "url": "",
        "url2": ""
      }
    },
    {
      "type": "Feature",
      "geometry": {
        "type": "Point",
        "coordinates": [
          136.4937582,
          36.4423733
        ]
      },
      "properties": {
        "内容": "バス停: 寺井北(のみバス)",
        "name": "寺井北(のみバス)",
        "operator": "事業者不明",
        "ref": "",
        "url": "",
        "url2": ""
      }
    },
    {
      "type": "Feature",
      "geometry": {
        "type": "Point",
        "coordinates": [
          136.4933251,
          36.4438619
        ]
      },
      "properties": {
        "内容": "バス停: ブックメイト・フルールとくひさ(のみバス) (能美市)",
        "name": "ブックメイト・フルールとくひさ(のみバス)",
        "operator": "能美市",
        "ref": "",
        "url": "",
        "url2": ""
      }
    },
    {
      "type": "Feature",
      "geometry": {
        "type": "Point",
        "coordinates": [
          136.4937461,
          36.4439992
        ]
      },
      "properties": {
        "内容": "バス停: ブックメイト・フルールとくひさ(のみバス) (能美市)",
        "name": "ブックメイト・フルールとくひさ(のみバス)",
        "operator": "能美市",
        "ref": "",
        "url": "",
        "url2": ""
      }
    },
    {
      "type": "Feature",
      "geometry": {
        "type": "Point",
        "coordinates": [
          136.4896876,
          36.4436731
        ]
      },
      "properties": {
        "内容": "バス停: マリータウン(のみバス) (能美市)",
        "name": "マリータウン(のみバス)",
        "operator": "能美市",
        "ref": "",
        "url": "",
        "url2": ""
      }
    },
    {
      "type": "Feature",
      "geometry": {
        "type": "Point",
        "coordinates": [
          136.4896859,
          36.4435949
        ]
      },
      "properties": {
        "内容": "バス停: マリータウン(のみバス) (能美市)",
        "name": "マリータウン(のみバス)",
        "operator": "能美市",
        "ref": "",
        "url": "",
        "url2": ""
      }
    },
    {
      "type": "Feature",
      "geometry": {
        "type": "Point",
        "coordinates": [
          136.4855792,
          36.4434997
        ]
      },
      "properties": {
        "内容": "バス停: 五間堂(のみバス) (能美市)",
        "name": "五間堂(のみバス)",
        "operator": "能美市",
        "ref": "",
        "url": "",
        "url2": ""
      }
    },
    {
      "type": "Feature",
      "geometry": {
        "type": "Point",
        "coordinates": [
          136.4855776,
          36.4435831
        ]
      },
      "properties": {
        "内容": "バス停: 五間堂(のみバス) (能美市)",
        "name": "五間堂(のみバス)",
        "operator": "能美市",
        "ref": "",
        "url": "",
        "url2": ""
      }
    },
    {
      "type": "Feature",
      "geometry": {
        "type": "Point",
        "coordinates": [
          136.4777027,
          36.4459064
        ]
      },
      "properties": {
        "内容": "バス停: 中庄(のみバス)",
        "name": "中庄(のみバス)",
        "operator": "事業者不明",
        "ref": "",
        "url": "",
        "url2": ""
      }
    },
    {
      "type": "Feature",
      "geometry": {
        "type": "Point",
        "coordinates": [
          136.4731477,
          36.448036
        ]
      },
      "properties": {
        "内容": "バス停: 福岡(のみバス)",
        "name": "福岡(のみバス)",
        "operator": "事業者不明",
        "ref": "",
        "url": "",
        "url2": ""
      }
    },
    {
      "type": "Feature",
      "geometry": {
        "type": "Point",
        "coordinates": [
          136.4679984,
          36.4485567
        ]
      },
      "properties": {
        "内容": "バス停: 大成東部(のみバス) (能美市)",
        "name": "大成東部(のみバス)",
        "operator": "能美市",
        "ref": "",
        "url": "",
        "url2": ""
      }
    },
    {
      "type": "Feature",
      "geometry": {
        "type": "Point",
        "coordinates": [
          136.4653746,
          36.4491079
        ]
      },
      "properties": {
        "内容": "バス停: 根上ショッピングタウン(のみバス) (能美市)",
        "name": "根上ショッピングタウン(のみバス)",
        "operator": "能美市",
        "ref": "",
        "url": "",
        "url2": ""
      }
    },
    {
      "type": "Feature",
      "geometry": {
        "type": "Point",
        "coordinates": [
          136.4651992,
          36.4492437
        ]
      },
      "properties": {
        "内容": "バス停: 根上ショッピングタウン(のみバス) (能美市)",
        "name": "根上ショッピングタウン(のみバス)",
        "operator": "能美市",
        "ref": "",
        "url": "",
        "url2": ""
      }
    },
    {
      "type": "Feature",
      "geometry": {
        "type": "Point",
        "coordinates": [
          136.4620533,
          36.4508204
        ]
      },
      "properties": {
        "内容": "バス停: 根上郵便局(のみバス) (能美市)",
        "name": "根上郵便局(のみバス)",
        "operator": "能美市",
        "ref": "",
        "url": "",
        "url2": ""
      }
    },
    {
      "type": "Feature",
      "geometry": {
        "type": "Point",
        "coordinates": [
          136.4619576,
          36.4507088
        ]
      },
      "properties": {
        "内容": "バス停: 根上郵便局(のみバス) (能美市)",
        "name": "根上郵便局(のみバス)",
        "operator": "能美市",
        "ref": "",
        "url": "",
        "url2": ""
      }
    },
    {
      "type": "Feature",
      "geometry": {
        "type": "Point",
        "coordinates": [
          136.5449263,
          36.4426444
        ]
      },
      "properties": {
        "内容": "バス停: 辰口丘陵公園口(のみバス) (能美市)",
        "name": "辰口丘陵公園口(のみバス)",
        "operator": "能美市",
        "ref": "",
        "url": "",
        "url2": ""
      }
    },
    {
      "type": "Feature",
      "geometry": {
        "type": "Point",
        "coordinates": [
          136.5447413,
          36.4427624
        ]
      },
      "properties": {
        "内容": "バス停: 辰口丘陵公園口(のみバス) (能美市)",
        "name": "辰口丘陵公園口(のみバス)",
        "operator": "能美市",
        "ref": "",
        "url": "",
        "url2": ""
      }
    },
    {
      "type": "Feature",
      "geometry": {
        "type": "Point",
        "coordinates": [
          136.5256909,
          36.449088
        ]
      },
      "properties": {
        "内容": "バス停: 徳久(のみバス)",
        "name": "徳久(のみバス)",
        "operator": "事業者不明",
        "ref": "",
        "url": "",
        "url2": ""
      }
    },
    {
      "type": "Feature",
      "geometry": {
        "type": "Point",
        "coordinates": [
          136.5163867,
          36.4539473
        ]
      },
      "properties": {
        "内容": "バス停: 新保(のみバス) (能美市)",
        "name": "新保(のみバス)",
        "operator": "能美市",
        "ref": "",
        "url": "",
        "url2": ""
      }
    },
    {
      "type": "Feature",
      "geometry": {
        "type": "Point",
        "coordinates": [
          136.7135468,
          36.5502419
        ]
      },
      "properties": {
        "内容": "バス停: 金沢大学 (北陸鉄道)",
        "name": "金沢大学",
        "operator": "北陸鉄道",
        "ref": "",
        "url": "",
        "url2": ""
      }
    },
    {
      "type": "Feature",
      "geometry": {
        "type": "Point",
        "coordinates": [
          136.7078907,
          36.5483702
        ]
      },
      "properties": {
        "内容": "バス停: 金沢大学中央 (北陸鉄道)",
        "name": "金沢大学中央",
        "operator": "北陸鉄道",
        "ref": "",
        "url": "",
        "url2": ""
      }
    },
    {
      "type": "Feature",
      "geometry": {
        "type": "Point",
        "coordinates": [
          136.7078949,
          36.5481034
        ]
      },
      "properties": {
        "内容": "バス停: 金沢大学中央 (北陸鉄道)",
        "name": "金沢大学中央",
        "operator": "北陸鉄道",
        "ref": "",
        "url": "",
        "url2": ""
      }
    },
    {
      "type": "Feature",
      "geometry": {
        "type": "Point",
        "coordinates": [
          136.7029372,
          36.5520223
        ]
      },
      "properties": {
        "内容": "バス停: 金沢大学角間口 (北陸鉄道)",
        "name": "金沢大学角間口",
        "operator": "北陸鉄道",
        "ref": "",
        "url": "",
        "url2": ""
      }
    },
    {
      "type": "Feature",
      "geometry": {
        "type": "Point",
        "coordinates": [
          136.7022815,
          36.5526174
        ]
      },
      "properties": {
        "内容": "バス停: 金沢大学角間口 (北陸鉄道)",
        "name": "金沢大学角間口",
        "operator": "北陸鉄道",
        "ref": "",
        "url": "",
        "url2": ""
      }
    },
    {
      "type": "Feature",
      "geometry": {
        "type": "Point",
        "coordinates": [
          136.6982711,
          36.5538883
        ]
      },
      "properties": {
        "内容": "バス停: 角間新町 (北陸鉄道)",
        "name": "角間新町",
        "operator": "北陸鉄道",
        "ref": "",
        "url": "",
        "url2": ""
      }
    },
    {
      "type": "Feature",
      "geometry": {
        "type": "Point",
        "coordinates": [
          136.6983277,
          36.5537859
        ]
      },
      "properties": {
        "内容": "バス停: 角間新町 (北陸鉄道)",
        "name": "角間新町",
        "operator": "北陸鉄道",
        "ref": "",
        "url": "",
        "url2": ""
      }
    },
    {
      "type": "Feature",
      "geometry": {
        "type": "Point",
        "coordinates": [
          136.6902539,
          36.55339
        ]
      },
      "properties": {
        "内容": "バス停: 若松 (北陸鉄道)",
        "name": "若松",
        "operator": "北陸鉄道",
        "ref": "",
        "url": "",
        "url2": ""
      }
    },
    {
      "type": "Feature",
      "geometry": {
        "type": "Point",
        "coordinates": [
          136.6902845,
          36.5546099
        ]
      },
      "properties": {
        "内容": "バス停: 若松 (北陸鉄道)",
        "name": "若松",
        "operator": "北陸鉄道",
        "ref": "",
        "url": "",
        "url2": ""
      }
    },
    {
      "type": "Feature",
      "geometry": {
        "type": "Point",
        "coordinates": [
          136.6901956,
          36.5532433
        ]
      },
      "properties": {
        "内容": "バス停: 若松 (北陸鉄道)",
        "name": "若松",
        "operator": "北陸鉄道",
        "ref": "",
        "url": "",
        "url2": ""
      }
    },
    {
      "type": "Feature",
      "geometry": {
        "type": "Point",
        "coordinates": [
          136.6902847,
          36.5544072
        ]
      },
      "properties": {
        "内容": "バス停: 若松 (北陸鉄道)",
        "name": "若松",
        "operator": "北陸鉄道",
        "ref": "",
        "url": "",
        "url2": ""
      }
    },
    {
      "type": "Feature",
      "geometry": {
        "type": "Point",
        "coordinates": [
          136.6873848,
          36.5584785
        ]
      },
      "properties": {
        "内容": "バス停: 若谷 (北陸鉄道)",
        "name": "若谷",
        "operator": "北陸鉄道",
        "ref": "",
        "url": "",
        "url2": ""
      }
    },
    {
      "type": "Feature",
      "geometry": {
        "type": "Point",
        "coordinates": [
          136.6874662,
          36.5586325
        ]
      },
      "properties": {
        "内容": "バス停: 若谷 (北陸鉄道)",
        "name": "若谷",
        "operator": "北陸鉄道",
        "ref": "",
        "url": "",
        "url2": ""
      }
    },
    {
      "type": "Feature",
      "geometry": {
        "type": "Point",
        "coordinates": [
          136.6877039,
          36.5530882
        ]
      },
      "properties": {
        "内容": "バス停: 若松西 (北陸鉄道)",
        "name": "若松西",
        "operator": "北陸鉄道",
        "ref": "",
        "url": "",
        "url2": ""
      }
    },
    {
      "type": "Feature",
      "geometry": {
        "type": "Point",
        "coordinates": [
          136.6870461,
          36.553654
        ]
      },
      "properties": {
        "内容": "バス停: 若松西 (北陸鉄道)",
        "name": "若松西",
        "operator": "北陸鉄道",
        "ref": "",
        "url": "",
        "url2": ""
      }
    },
    {
      "type": "Feature",
      "geometry": {
        "type": "Point",
        "coordinates": [
          136.6859286,
          36.5554236
        ]
      },
      "properties": {
        "内容": "バス停: 若松橋 (北陸鉄道)",
        "name": "若松橋",
        "operator": "北陸鉄道",
        "ref": "",
        "url": "",
        "url2": ""
      }
    },
    {
      "type": "Feature",
      "geometry": {
        "type": "Point",
        "coordinates": [
          136.6857344,
          36.5553314
        ]
      },
      "properties": {
        "内容": "バス停: 若松橋 (北陸鉄道)",
        "name": "若松橋",
        "operator": "北陸鉄道",
        "ref": "",
        "url": "",
        "url2": ""
      }
    },
    {
      "type": "Feature",
      "geometry": {
        "type": "Point",
        "coordinates": [
          136.5259802,
          36.4451169
        ]
      },
      "properties": {
        "内容": "バス停: 荒屋(のみバス)",
        "name": "荒屋(のみバス)",
        "operator": "事業者不明",
        "ref": "",
        "url": "",
        "url2": ""
      }
    },
    {
      "type": "Feature",
      "geometry": {
        "type": "Point",
        "coordinates": [
          136.4525915,
          36.4007707
        ]
      },
      "properties": {
        "内容": "バス停: イオンモール新小松シャトルバス",
        "name": "イオンモール新小松シャトルバス",
        "operator": "事業者不明",
        "ref": "",
        "url": "",
        "url2": ""
      }
    },
    {
      "type": "Feature",
      "geometry": {
        "type": "Point",
        "coordinates": [
          136.4525909,
          36.4007977
        ]
      },
      "properties": {
        "内容": "バス停: 高速バス",
        "name": "高速バス",
        "operator": "事業者不明",
        "ref": "",
        "url": "",
        "url2": ""
      }
    },
    {
      "type": "Feature",
      "geometry": {
        "type": "Point",
        "coordinates": [
          136.5454412,
          36.4450757
        ]
      },
      "properties": {
        "内容": "バス停: 辰口温泉(のみバス) (能美市)",
        "name": "辰口温泉(のみバス)",
        "operator": "能美市",
        "ref": "",
        "url": "",
        "url2": ""
      }
    },
    {
      "type": "Feature",
      "geometry": {
        "type": "Point",
        "coordinates": [
          136.6257873,
          36.1737874
        ]
      },
      "properties": {
        "内容": "バス停: 白峰 (北陸鉄道)",
        "name": "白峰",
        "operator": "北陸鉄道",
        "ref": "",
        "url": "",
        "url2": ""
      }
    },
    {
      "type": "Feature",
      "geometry": {
        "type": "Point",
        "coordinates": [
          136.6343063,
          36.1659442
        ]
      },
      "properties": {
        "内容": "バス停: 白山体験村 (北陸鉄道バス)",
        "name": "白山体験村",
        "operator": "北陸鉄道バス",
        "ref": "",
        "url": "",
        "url2": ""
      }
    },
    {
      "type": "Feature",
      "geometry": {
        "type": "Point",
        "coordinates": [
          136.4525912,
          36.4007483
        ]
      },
      "properties": {
        "内容": "バス停: JAISTシャトルバス",
        "name": "JAISTシャトルバス",
        "operator": "事業者不明",
        "ref": "",
        "url": "",
        "url2": ""
      }
    },
    {
      "type": "Feature",
      "geometry": {
        "type": "Point",
        "coordinates": [
          136.9057922,
          37.3946594
        ]
      },
      "properties": {
        "内容": "バス停: 無料エコカート乗り場",
        "name": "無料エコカート乗り場",
        "operator": "事業者不明",
        "ref": "",
        "url": "",
        "url2": ""
      }
    },
    {
      "type": "Feature",
      "geometry": {
        "type": "Point",
        "coordinates": [
          136.906051,
          37.3941525
        ]
      },
      "properties": {
        "内容": "バス停: 馬場町（ばんばちょう）バス停",
        "name": "馬場町（ばんばちょう）バス停",
        "operator": "事業者不明",
        "ref": "",
        "url": "",
        "url2": ""
      }
    },
    {
      "type": "Feature",
      "geometry": {
        "type": "Point",
        "coordinates": [
          136.9060998,
          37.3941493
        ]
      },
      "properties": {
        "内容": "バス停: のらんけバス馬場町郵便局前",
        "name": "のらんけバス馬場町郵便局前",
        "operator": "事業者不明",
        "ref": "",
        "url": "",
        "url2": ""
      }
    },
    {
      "type": "Feature",
      "geometry": {
        "type": "Point",
        "coordinates": [
          136.9058024,
          37.3949
        ]
      },
      "properties": {
        "内容": "バス停: のらんけバス_工房長屋",
        "name": "のらんけバス_工房長屋",
        "operator": "事業者不明",
        "ref": "",
        "url": "",
        "url2": ""
      }
    },
    {
      "type": "Feature",
      "geometry": {
        "type": "Point",
        "coordinates": [
          136.9058029,
          37.3948941
        ]
      },
      "properties": {
        "内容": "バス停: 無料エコカート乗り場_輪島工房長屋",
        "name": "無料エコカート乗り場_輪島工房長屋",
        "operator": "事業者不明",
        "ref": "",
        "url": "",
        "url2": ""
      }
    },
    {
      "type": "Feature",
      "geometry": {
        "type": "Point",
        "coordinates": [
          136.9045761,
          37.2283145
        ]
      },
      "properties": {
        "内容": "バス停: 穴水",
        "name": "穴水",
        "operator": "事業者不明",
        "ref": "",
        "url": "",
        "url2": ""
      }
    },
    {
      "type": "Feature",
      "geometry": {
        "type": "Point",
        "coordinates": [
          136.9006004,
          37.2431929
        ]
      },
      "properties": {
        "内容": "バス停: 穴水此木",
        "name": "穴水此木",
        "operator": "事業者不明",
        "ref": "",
        "url": "",
        "url2": ""
      }
    },
    {
      "type": "Feature",
      "geometry": {
        "type": "Point",
        "coordinates": [
          136.8980643,
          37.2445873
        ]
      },
      "properties": {
        "内容": "バス停: 穴水此の木",
        "name": "穴水此の木",
        "operator": "事業者不明",
        "ref": "",
        "url": "",
        "url2": ""
      }
    },
    {
      "type": "Feature",
      "geometry": {
        "type": "Point",
        "coordinates": [
          136.8973207,
          37.244884
        ]
      },
      "properties": {
        "内容": "バス停: 穴水此の木",
        "name": "穴水此の木",
        "operator": "事業者不明",
        "ref": "",
        "url": "",
        "url2": ""
      }
    },
    {
      "type": "Feature",
      "geometry": {
        "type": "Point",
        "coordinates": [
          136.8996876,
          37.2450827
        ]
      },
      "properties": {
        "内容": "バス停: 穴水此の木",
        "name": "穴水此の木",
        "operator": "事業者不明",
        "ref": "",
        "url": "",
        "url2": ""
      }
    },
    {
      "type": "Feature",
      "geometry": {
        "type": "Point",
        "coordinates": [
          136.8995136,
          37.2450233
        ]
      },
      "properties": {
        "内容": "バス停: 穴水此の木",
        "name": "穴水此の木",
        "operator": "事業者不明",
        "ref": "",
        "url": "",
        "url2": ""
      }
    },
    {
      "type": "Feature",
      "geometry": {
        "type": "Point",
        "coordinates": [
          136.9045919,
          37.2283081
        ]
      },
      "properties": {
        "内容": "バス停: 穴水駅前 (ローエル号)",
        "name": "穴水駅前",
        "operator": "ローエル号",
        "ref": "",
        "url": "",
        "url2": ""
      }
    },
    {
      "type": "Feature",
      "geometry": {
        "type": "Point",
        "coordinates": [
          136.9121472,
          37.2109935
        ]
      },
      "properties": {
        "内容": "バス停: 能登長寿大仏 (穴水町)",
        "name": "能登長寿大仏",
        "operator": "穴水町",
        "ref": "",
        "url": "",
        "url2": ""
      }
    },
    {
      "type": "Feature",
      "geometry": {
        "type": "Point",
        "coordinates": [
          136.9463717,
          37.232378
        ]
      },
      "properties": {
        "内容": "バス停: 能登中居鋳物館 (穴水町)",
        "name": "能登中居鋳物館",
        "operator": "穴水町",
        "ref": "",
        "url": "",
        "url2": ""
      }
    },
    {
      "type": "Feature",
      "geometry": {
        "type": "Point",
        "coordinates": [
          136.9959462,
          37.2308937
        ]
      },
      "properties": {
        "内容": "バス停: 能登ワイン (穴水町)",
        "name": "能登ワイン",
        "operator": "穴水町",
        "ref": "",
        "url": "",
        "url2": ""
      }
    },
    {
      "type": "Feature",
      "geometry": {
        "type": "Point",
        "coordinates": [
          136.8808826,
          37.2659085
        ]
      },
      "properties": {
        "内容": "バス停: 小又",
        "name": "小又",
        "operator": "事業者不明",
        "ref": "",
        "url": "",
        "url2": ""
      }
    },
    {
      "type": "Feature",
      "geometry": {
        "type": "Point",
        "coordinates": [
          136.8807192,
          37.2657821
        ]
      },
      "properties": {
        "内容": "バス停: 小又",
        "name": "小又",
        "operator": "事業者不明",
        "ref": "",
        "url": "",
        "url2": ""
      }
    },
    {
      "type": "Feature",
      "geometry": {
        "type": "Point",
        "coordinates": [
          136.9066144,
          37.2287661
        ]
      },
      "properties": {
        "内容": "バス停: 大町",
        "name": "大町",
        "operator": "事業者不明",
        "ref": "",
        "url": "",
        "url2": ""
      }
    },
    {
      "type": "Feature",
      "geometry": {
        "type": "Point",
        "coordinates": [
          136.9067763,
          37.2286498
        ]
      },
      "properties": {
        "内容": "バス停: 大町",
        "name": "大町",
        "operator": "事業者不明",
        "ref": "",
        "url": "",
        "url2": ""
      }
    },
    {
      "type": "Feature",
      "geometry": {
        "type": "Point",
        "coordinates": [
          136.5372762,
          36.5249414
        ]
      },
      "properties": {
        "内容": "バス停: 名称不明バス停",
        "name": "名称不明バス停",
        "operator": "事業者不明",
        "ref": "",
        "url": "",
        "url2": ""
      }
    },
    {
      "type": "Feature",
      "geometry": {
        "type": "Point",
        "coordinates": [
          136.6269483,
          36.5945698
        ]
      },
      "properties": {
        "内容": "バス停: 県庁前",
        "name": "県庁前",
        "operator": "事業者不明",
        "ref": "",
        "url": "",
        "url2": ""
      }
    },
    {
      "type": "Feature",
      "geometry": {
        "type": "Point",
        "coordinates": [
          136.6367078,
          36.6390105
        ]
      },
      "properties": {
        "内容": "バス停: 向陽台",
        "name": "向陽台",
        "operator": "事業者不明",
        "ref": "",
        "url": "",
        "url2": ""
      }
    },
    {
      "type": "Feature",
      "geometry": {
        "type": "Point",
        "coordinates": [
          136.6271949,
          36.5945922
        ]
      },
      "properties": {
        "内容": "バス停: 県庁前",
        "name": "県庁前",
        "operator": "事業者不明",
        "ref": "",
        "url": "",
        "url2": ""
      }
    },
    {
      "type": "Feature",
      "geometry": {
        "type": "Point",
        "coordinates": [
          136.6477195,
          36.6575376
        ]
      },
      "properties": {
        "内容": "バス停: 医大病院前",
        "name": "医大病院前",
        "operator": "事業者不明",
        "ref": "",
        "url": "",
        "url2": ""
      }
    },
    {
      "type": "Feature",
      "geometry": {
        "type": "Point",
        "coordinates": [
          136.6268091,
          36.5943682
        ]
      },
      "properties": {
        "内容": "バス停: 県庁前",
        "name": "県庁前",
        "operator": "事業者不明",
        "ref": "",
        "url": "",
        "url2": ""
      }
    },
    {
      "type": "Feature",
      "geometry": {
        "type": "Point",
        "coordinates": [
          136.6476963,
          36.6574792
        ]
      },
      "properties": {
        "内容": "バス停: 金沢医科大学病院 (なだバス ナディ)",
        "name": "金沢医科大学病院",
        "operator": "なだバス ナディ",
        "ref": "",
        "url": "",
        "url2": ""
      }
    },
    {
      "type": "Feature",
      "geometry": {
        "type": "Point",
        "coordinates": [
          136.9054523,
          37.396629
        ]
      },
      "properties": {
        "内容": "バス停: 輪島マリンタウン",
        "name": "輪島マリンタウン",
        "operator": "事業者不明",
        "ref": "",
        "url": "",
        "url2": ""
      }
    },
    {
      "type": "Feature",
      "geometry": {
        "type": "Point",
        "coordinates": [
          136.8059908,
          37.011177
        ]
      },
      "properties": {
        "内容": "バス停: 西山PA",
        "name": "西山PA",
        "operator": "事業者不明",
        "ref": "",
        "url": "",
        "url2": ""
      }
    },
    {
      "type": "Feature",
      "geometry": {
        "type": "Point",
        "coordinates": [
          136.9011628,
          37.3938965
        ]
      },
      "properties": {
        "内容": "バス停: 輪島塗会館",
        "name": "輪島塗会館",
        "operator": "事業者不明",
        "ref": "",
        "url": "",
        "url2": ""
      }
    },
    {
      "type": "Feature",
      "geometry": {
        "type": "Point",
        "coordinates": [
          136.9063378,
          37.3889145
        ]
      },
      "properties": {
        "内容": "バス停: 輪島駅前",
        "name": "輪島駅前",
        "operator": "事業者不明",
        "ref": "",
        "url": "",
        "url2": ""
      }
    },
    {
      "type": "Feature",
      "geometry": {
        "type": "Point",
        "coordinates": [
          136.957169,
          37.2954415
        ]
      },
      "properties": {
        "内容": "バス停: のと里山空港",
        "name": "のと里山空港",
        "operator": "事業者不明",
        "ref": "",
        "url": "",
        "url2": ""
      }
    },
    {
      "type": "Feature",
      "geometry": {
        "type": "Point",
        "coordinates": [
          136.8068631,
          37.0104167
        ]
      },
      "properties": {
        "内容": "バス停: 西山PA",
        "name": "西山PA",
        "operator": "事業者不明",
        "ref": "",
        "url": "",
        "url2": ""
      }
    },
    {
      "type": "Feature",
      "geometry": {
        "type": "Point",
        "coordinates": [
          136.6548878,
          36.5704307
        ]
      },
      "properties": {
        "内容": "バス停: 武蔵ヶ辻・近江町市場 (北陸鉄道グループ)",
        "name": "武蔵ヶ辻・近江町市場",
        "operator": "北陸鉄道グループ",
        "ref": "",
        "url": "",
        "url2": ""
      }
    },
    {
      "type": "Feature",
      "geometry": {
        "type": "Point",
        "coordinates": [
          136.3746755,
          36.2501358
        ]
      },
      "properties": {
        "内容": "バス停: 山中温泉バスターミナル (北鉄加賀バス)",
        "name": "山中温泉バスターミナル",
        "operator": "北鉄加賀バス",
        "ref": "",
        "url": "",
        "url2": ""
      }
    },
    {
      "type": "Feature",
      "geometry": {
        "type": "Point",
        "coordinates": [
          136.5442888,
          36.4518442
        ]
      },
      "properties": {
        "内容": "バス停: 辰口図書館前(のみバス)",
        "name": "辰口図書館前(のみバス)",
        "operator": "事業者不明",
        "ref": "",
        "url": "",
        "url2": ""
      }
    },
    {
      "type": "Feature",
      "geometry": {
        "type": "Point",
        "coordinates": [
          136.6060974,
          36.6270338
        ]
      },
      "properties": {
        "内容": "バス停: 名称不明バス停",
        "name": "名称不明バス停",
        "operator": "事業者不明",
        "ref": "",
        "url": "",
        "url2": ""
      }
    },
    {
      "type": "Feature",
      "geometry": {
        "type": "Point",
        "coordinates": [
          136.6382426,
          36.6415354
        ]
      },
      "properties": {
        "内容": "バス停: 名称不明バス停",
        "name": "名称不明バス停",
        "operator": "事業者不明",
        "ref": "",
        "url": "",
        "url2": ""
      }
    },
    {
      "type": "Feature",
      "geometry": {
        "type": "Point",
        "coordinates": [
          136.6410764,
          36.6453123
        ]
      },
      "properties": {
        "内容": "バス停: 鶴ヶ丘五丁目",
        "name": "鶴ヶ丘五丁目",
        "operator": "事業者不明",
        "ref": "",
        "url": "",
        "url2": ""
      }
    },
    {
      "type": "Feature",
      "geometry": {
        "type": "Point",
        "coordinates": [
          136.7237148,
          36.7862329
        ]
      },
      "properties": {
        "内容": "バス停: 高松サービスエリア",
        "name": "高松サービスエリア",
        "operator": "事業者不明",
        "ref": "",
        "url": "",
        "url2": ""
      }
    },
    {
      "type": "Feature",
      "geometry": {
        "type": "Point",
        "coordinates": [
          136.9015099,
          37.3937403
        ]
      },
      "properties": {
        "内容": "バス停: 輪島塗会館",
        "name": "輪島塗会館",
        "operator": "事業者不明",
        "ref": "",
        "url": "",
        "url2": ""
      }
    },
    {
      "type": "Feature",
      "geometry": {
        "type": "Point",
        "coordinates": [
          136.9046223,
          37.3499144
        ]
      },
      "properties": {
        "内容": "バス停: 市の瀬",
        "name": "市の瀬",
        "operator": "事業者不明",
        "ref": "",
        "url": "",
        "url2": ""
      }
    },
    {
      "type": "Feature",
      "geometry": {
        "type": "Point",
        "coordinates": [
          136.8971679,
          37.3402317
        ]
      },
      "properties": {
        "内容": "バス停: 熊野",
        "name": "熊野",
        "operator": "事業者不明",
        "ref": "",
        "url": "",
        "url2": ""
      }
    },
    {
      "type": "Feature",
      "geometry": {
        "type": "Point",
        "coordinates": [
          136.8973134,
          37.3403202
        ]
      },
      "properties": {
        "内容": "バス停: 熊野",
        "name": "熊野",
        "operator": "事業者不明",
        "ref": "",
        "url": "",
        "url2": ""
      }
    },
    {
      "type": "Feature",
      "geometry": {
        "type": "Point",
        "coordinates": [
          136.9018146,
          37.3073655
        ]
      },
      "properties": {
        "内容": "バス停: 小泉",
        "name": "小泉",
        "operator": "事業者不明",
        "ref": "",
        "url": "",
        "url2": ""
      }
    },
    {
      "type": "Feature",
      "geometry": {
        "type": "Point",
        "coordinates": [
          136.9016305,
          37.3074836
        ]
      },
      "properties": {
        "内容": "バス停: 小泉",
        "name": "小泉",
        "operator": "事業者不明",
        "ref": "",
        "url": "",
        "url2": ""
      }
    },
    {
      "type": "Feature",
      "geometry": {
        "type": "Point",
        "coordinates": [
          136.9062234,
          37.389115
        ]
      },
      "properties": {
        "内容": "バス停: 輪島駅前",
        "name": "輪島駅前",
        "operator": "事業者不明",
        "ref": "",
        "url": "",
        "url2": ""
      }
    },
    {
      "type": "Feature",
      "geometry": {
        "type": "Point",
        "coordinates": [
          136.905107,
          37.3921348
        ]
      },
      "properties": {
        "内容": "バス停: 馬場崎通り",
        "name": "馬場崎通り",
        "operator": "事業者不明",
        "ref": "",
        "url": "",
        "url2": ""
      }
    },
    {
      "type": "Feature",
      "geometry": {
        "type": "Point",
        "coordinates": [
          136.8995018,
          37.3973258
        ]
      },
      "properties": {
        "内容": "バス停: いろは橋",
        "name": "いろは橋",
        "operator": "事業者不明",
        "ref": "",
        "url": "",
        "url2": ""
      }
    },
    {
      "type": "Feature",
      "geometry": {
        "type": "Point",
        "coordinates": [
          136.9063535,
          37.3894844
        ]
      },
      "properties": {
        "内容": "バス停: 輪島駅前",
        "name": "輪島駅前",
        "operator": "事業者不明",
        "ref": "",
        "url": "",
        "url2": ""
      }
    },
    {
      "type": "Feature",
      "geometry": {
        "type": "Point",
        "coordinates": [
          136.9065137,
          37.3890511
        ]
      },
      "properties": {
        "内容": "バス停: 輪島駅前",
        "name": "輪島駅前",
        "operator": "事業者不明",
        "ref": "",
        "url": "",
        "url2": ""
      }
    },
    {
      "type": "Feature",
      "geometry": {
        "type": "Point",
        "coordinates": [
          136.9040679,
          37.3936491
        ]
      },
      "properties": {
        "内容": "バス停: 馬場町",
        "name": "馬場町",
        "operator": "事業者不明",
        "ref": "",
        "url": "",
        "url2": ""
      }
    },
    {
      "type": "Feature",
      "geometry": {
        "type": "Point",
        "coordinates": [
          136.9050023,
          37.3920446
        ]
      },
      "properties": {
        "内容": "バス停: 馬場崎通り",
        "name": "馬場崎通り",
        "operator": "事業者不明",
        "ref": "",
        "url": "",
        "url2": ""
      }
    },
    {
      "type": "Feature",
      "geometry": {
        "type": "Point",
        "coordinates": [
          136.8994305,
          37.3973868
        ]
      },
      "properties": {
        "内容": "バス停: いろは橋",
        "name": "いろは橋",
        "operator": "事業者不明",
        "ref": "",
        "url": "",
        "url2": ""
      }
    },
    {
      "type": "Feature",
      "geometry": {
        "type": "Point",
        "coordinates": [
          136.9066274,
          37.3890897
        ]
      },
      "properties": {
        "内容": "バス停: 輪島駅前",
        "name": "輪島駅前",
        "operator": "事業者不明",
        "ref": "",
        "url": "",
        "url2": ""
      }
    },
    {
      "type": "Feature",
      "geometry": {
        "type": "Point",
        "coordinates": [
          136.9028987,
          37.3148362
        ]
      },
      "properties": {
        "内容": "バス停: 三井駅前",
        "name": "三井駅前",
        "operator": "事業者不明",
        "ref": "",
        "url": "",
        "url2": ""
      }
    },
    {
      "type": "Feature",
      "geometry": {
        "type": "Point",
        "coordinates": [
          136.9041577,
          37.3937782
        ]
      },
      "properties": {
        "内容": "バス停: 馬場町",
        "name": "馬場町",
        "operator": "事業者不明",
        "ref": "",
        "url": "",
        "url2": ""
      }
    },
    {
      "type": "Feature",
      "geometry": {
        "type": "Point",
        "coordinates": [
          136.5801756,
          36.4454717
        ]
      },
      "properties": {
        "内容": "バス停: 長滝(のみバス) (能美市)",
        "name": "長滝(のみバス)",
        "operator": "能美市",
        "ref": "",
        "url": "",
        "url2": ""
      }
    },
    {
      "type": "Feature",
      "geometry": {
        "type": "Point",
        "coordinates": [
          136.5952258,
          36.4379817
        ]
      },
      "properties": {
        "内容": "バス停: 大口(のみバス) (能美市)",
        "name": "大口(のみバス)",
        "operator": "能美市",
        "ref": "",
        "url": "",
        "url2": ""
      }
    },
    {
      "type": "Feature",
      "geometry": {
        "type": "Point",
        "coordinates": [
          136.5851942,
          36.429416
        ]
      },
      "properties": {
        "内容": "バス停: 坪野(のみバス) (能美市)",
        "name": "坪野(のみバス)",
        "operator": "能美市",
        "ref": "",
        "url": "",
        "url2": ""
      }
    },
    {
      "type": "Feature",
      "geometry": {
        "type": "Point",
        "coordinates": [
          136.556592,
          36.4526076
        ]
      },
      "properties": {
        "内容": "バス停: 来丸(のみバス) (能美市)",
        "name": "来丸(のみバス)",
        "operator": "能美市",
        "ref": "",
        "url": "",
        "url2": ""
      }
    },
    {
      "type": "Feature",
      "geometry": {
        "type": "Point",
        "coordinates": [
          136.5535357,
          36.4530246
        ]
      },
      "properties": {
        "内容": "バス停: 山田(のみバス) (能美市)",
        "name": "山田(のみバス)",
        "operator": "能美市",
        "ref": "",
        "url": "",
        "url2": ""
      }
    },
    {
      "type": "Feature",
      "geometry": {
        "type": "Point",
        "coordinates": [
          136.4524083,
          36.4014964
        ]
      },
      "properties": {
        "内容": "バス停: 名称不明バス停",
        "name": "名称不明バス停",
        "operator": "事業者不明",
        "ref": "",
        "url": "",
        "url2": ""
      }
    },
    {
      "type": "Feature",
      "geometry": {
        "type": "Point",
        "coordinates": [
          136.4523796,
          36.4012859
        ]
      },
      "properties": {
        "内容": "バス停: 名称不明バス停",
        "name": "名称不明バス停",
        "operator": "事業者不明",
        "ref": "",
        "url": "",
        "url2": ""
      }
    },
    {
      "type": "Feature",
      "geometry": {
        "type": "Point",
        "coordinates": [
          136.4521085,
          36.4015426
        ]
      },
      "properties": {
        "内容": "バス停: 名称不明バス停",
        "name": "名称不明バス停",
        "operator": "事業者不明",
        "ref": "",
        "url": "",
        "url2": ""
      }
    },
    {
      "type": "Feature",
      "geometry": {
        "type": "Point",
        "coordinates": [
          136.4520639,
          36.4013501
        ]
      },
      "properties": {
        "内容": "バス停: 名称不明バス停",
        "name": "名称不明バス停",
        "operator": "事業者不明",
        "ref": "",
        "url": "",
        "url2": ""
      }
    },
    {
      "type": "Feature",
      "geometry": {
        "type": "Point",
        "coordinates": [
          136.6488412,
          36.5784773
        ]
      },
      "properties": {
        "内容": "バス停: 金沢駅東口 (西日本JRバス)",
        "name": "金沢駅東口",
        "operator": "西日本JRバス",
        "ref": "",
        "url": "",
        "url2": ""
      }
    },
    {
      "type": "Feature",
      "geometry": {
        "type": "Point",
        "coordinates": [
          136.6583247,
          36.5616935
        ]
      },
      "properties": {
        "内容": "バス停: 広坂・21世紀美術館 (北陸鉄道)",
        "name": "広坂・21世紀美術館",
        "operator": "北陸鉄道",
        "ref": "",
        "url": "",
        "url2": ""
      }
    },
    {
      "type": "Feature",
      "geometry": {
        "type": "Point",
        "coordinates": [
          136.6525296,
          36.5758359
        ]
      },
      "properties": {
        "内容": "バス停: リファーレ前 (北陸鉄道グループ)",
        "name": "リファーレ前",
        "operator": "北陸鉄道グループ",
        "ref": "",
        "url": "",
        "url2": ""
      }
    },
    {
      "type": "Feature",
      "geometry": {
        "type": "Point",
        "coordinates": [
          136.6634669,
          36.5779265
        ]
      },
      "properties": {
        "内容": "バス停: 小橋町",
        "name": "小橋町",
        "operator": "事業者不明",
        "ref": "RL2",
        "url": "",
        "url2": ""
      }
    },
    {
      "type": "Feature",
      "geometry": {
        "type": "Point",
        "coordinates": [
          136.660722,
          36.5713712
        ]
      },
      "properties": {
        "内容": "バス停: 尾張町",
        "name": "尾張町",
        "operator": "事業者不明",
        "ref": "",
        "url": "",
        "url2": ""
      }
    },
    {
      "type": "Feature",
      "geometry": {
        "type": "Point",
        "coordinates": [
          136.6480665,
          36.5639796
        ]
      },
      "properties": {
        "内容": "バス停: 名称不明バス停",
        "name": "名称不明バス停",
        "operator": "事業者不明",
        "ref": "",
        "url": "",
        "url2": ""
      }
    },
    {
      "type": "Feature",
      "geometry": {
        "type": "Point",
        "coordinates": [
          136.6445751,
          36.5657471
        ]
      },
      "properties": {
        "内容": "バス停: 名称不明バス停",
        "name": "名称不明バス停",
        "operator": "事業者不明",
        "ref": "",
        "url": "",
        "url2": ""
      }
    },
    {
      "type": "Feature",
      "geometry": {
        "type": "Point",
        "coordinates": [
          136.6451303,
          36.5683771
        ]
      },
      "properties": {
        "内容": "バス停: 名称不明バス停",
        "name": "名称不明バス停",
        "operator": "事業者不明",
        "ref": "",
        "url": "",
        "url2": ""
      }
    },
    {
      "type": "Feature",
      "geometry": {
        "type": "Point",
        "coordinates": [
          136.6459821,
          36.5707354
        ]
      },
      "properties": {
        "内容": "バス停: 名称不明バス停",
        "name": "名称不明バス停",
        "operator": "事業者不明",
        "ref": "",
        "url": "",
        "url2": ""
      }
    },
    {
      "type": "Feature",
      "geometry": {
        "type": "Point",
        "coordinates": [
          136.6420444,
          36.5585141
        ]
      },
      "properties": {
        "内容": "バス停: 名称不明バス停",
        "name": "名称不明バス停",
        "operator": "事業者不明",
        "ref": "",
        "url": "",
        "url2": ""
      }
    },
    {
      "type": "Feature",
      "geometry": {
        "type": "Point",
        "coordinates": [
          136.6484258,
          36.5637297
        ]
      },
      "properties": {
        "内容": "バス停: 名称不明バス停",
        "name": "名称不明バス停",
        "operator": "事業者不明",
        "ref": "",
        "url": "",
        "url2": ""
      }
    },
    {
      "type": "Feature",
      "geometry": {
        "type": "Point",
        "coordinates": [
          136.6449882,
          36.5666908
        ]
      },
      "properties": {
        "内容": "バス停: 名称不明バス停",
        "name": "名称不明バス停",
        "operator": "事業者不明",
        "ref": "",
        "url": "",
        "url2": ""
      }
    },
    {
      "type": "Feature",
      "geometry": {
        "type": "Point",
        "coordinates": [
          136.6457971,
          36.5705712
        ]
      },
      "properties": {
        "内容": "バス停: 名称不明バス停",
        "name": "名称不明バス停",
        "operator": "事業者不明",
        "ref": "",
        "url": "",
        "url2": ""
      }
    },
    {
      "type": "Feature",
      "geometry": {
        "type": "Point",
        "coordinates": [
          136.6466075,
          36.5578896
        ]
      },
      "properties": {
        "内容": "バス停: 名称不明バス停",
        "name": "名称不明バス停",
        "operator": "事業者不明",
        "ref": "",
        "url": "",
        "url2": ""
      }
    },
    {
      "type": "Feature",
      "geometry": {
        "type": "Point",
        "coordinates": [
          136.4969923,
          36.4465477
        ]
      },
      "properties": {
        "内容": "バス停: 寺井高校(のみバス)",
        "name": "寺井高校(のみバス)",
        "operator": "事業者不明",
        "ref": "",
        "url": "",
        "url2": ""
      }
    },
    {
      "type": "Feature",
      "geometry": {
        "type": "Point",
        "coordinates": [
          136.681639,
          36.5547428
        ]
      },
      "properties": {
        "内容": "バス停: 旭町",
        "name": "旭町",
        "operator": "事業者不明",
        "ref": "",
        "url": "",
        "url2": ""
      }
    },
    {
      "type": "Feature",
      "geometry": {
        "type": "Point",
        "coordinates": [
          136.6825147,
          36.5548615
        ]
      },
      "properties": {
        "内容": "バス停: 旭町 (北陸鉄道)",
        "name": "旭町",
        "operator": "北陸鉄道",
        "ref": "",
        "url": "",
        "url2": ""
      }
    },
    {
      "type": "Feature",
      "geometry": {
        "type": "Point",
        "coordinates": [
          136.420797,
          36.4076883
        ]
      },
      "properties": {
        "内容": "バス停: 名称不明バス停",
        "name": "名称不明バス停",
        "operator": "事業者不明",
        "ref": "",
        "url": "",
        "url2": ""
      }
    },
    {
      "type": "Feature",
      "geometry": {
        "type": "Point",
        "coordinates": [
          136.4275286,
          36.4079786
        ]
      },
      "properties": {
        "内容": "バス停: 名称不明バス停",
        "name": "名称不明バス停",
        "operator": "事業者不明",
        "ref": "",
        "url": "",
        "url2": ""
      }
    },
    {
      "type": "Feature",
      "geometry": {
        "type": "Point",
        "coordinates": [
          136.5516124,
          36.4395225
        ]
      },
      "properties": {
        "内容": "バス停: アーティスト村 (のみバス)",
        "name": "アーティスト村",
        "operator": "のみバス",
        "ref": "",
        "url": "",
        "url2": ""
      }
    },
    {
      "type": "Feature",
      "geometry": {
        "type": "Point",
        "coordinates": [
          136.6238814,
          36.4525128
        ]
      },
      "properties": {
        "内容": "バス停: 鶴来駅 (能美市)",
        "name": "鶴来駅",
        "operator": "能美市",
        "ref": "",
        "url": "",
        "url2": ""
      }
    },
    {
      "type": "Feature",
      "geometry": {
        "type": "Point",
        "coordinates": [
          136.6239003,
          36.4524866
        ]
      },
      "properties": {
        "内容": "バス停: 鶴来駅 (北陸鉄道株式会社)",
        "name": "鶴来駅",
        "operator": "北陸鉄道株式会社",
        "ref": "",
        "url": "",
        "url2": ""
      }
    },
    {
      "type": "Feature",
      "geometry": {
        "type": "Point",
        "coordinates": [
          136.5917562,
          36.4457386
        ]
      },
      "properties": {
        "内容": "バス停: 大学院口",
        "name": "大学院口",
        "operator": "事業者不明",
        "ref": "",
        "url": "",
        "url2": ""
      }
    },
    {
      "type": "Feature",
      "geometry": {
        "type": "Point",
        "coordinates": [
          136.5908637,
          36.4436528
        ]
      },
      "properties": {
        "内容": "バス停: 先端大学前 (能美市)",
        "name": "先端大学前",
        "operator": "能美市",
        "ref": "",
        "url": "",
        "url2": ""
      }
    },
    {
      "type": "Feature",
      "geometry": {
        "type": "Point",
        "coordinates": [
          136.5909376,
          36.4436974
        ]
      },
      "properties": {
        "内容": "バス停: 先端大学前 (能美市)",
        "name": "先端大学前",
        "operator": "能美市",
        "ref": "",
        "url": "",
        "url2": ""
      }
    },
    {
      "type": "Feature",
      "geometry": {
        "type": "Point",
        "coordinates": [
          136.5501402,
          36.4339826
        ]
      },
      "properties": {
        "内容": "バス停: 上徳山 (能美市)",
        "name": "上徳山",
        "operator": "能美市",
        "ref": "",
        "url": "",
        "url2": ""
      }
    },
    {
      "type": "Feature",
      "geometry": {
        "type": "Point",
        "coordinates": [
          136.5529316,
          36.4424382
        ]
      },
      "properties": {
        "内容": "バス停: 湯屋 (能美市)",
        "name": "湯屋",
        "operator": "能美市",
        "ref": "",
        "url": "",
        "url2": ""
      }
    },
    {
      "type": "Feature",
      "geometry": {
        "type": "Point",
        "coordinates": [
          136.5435469,
          36.4264761
        ]
      },
      "properties": {
        "内容": "バス停: 原口和光台 (北陸鉄道株式会社)",
        "name": "原口和光台",
        "operator": "北陸鉄道株式会社",
        "ref": "",
        "url": "",
        "url2": ""
      }
    },
    {
      "type": "Feature",
      "geometry": {
        "type": "Point",
        "coordinates": [
          136.5443714,
          36.4263708
        ]
      },
      "properties": {
        "内容": "バス停: 和光台 (能美市)",
        "name": "和光台",
        "operator": "能美市",
        "ref": "",
        "url": "",
        "url2": ""
      }
    },
    {
      "type": "Feature",
      "geometry": {
        "type": "Point",
        "coordinates": [
          136.5443387,
          36.426197
        ]
      },
      "properties": {
        "内容": "バス停: 和光台 (能美市)",
        "name": "和光台",
        "operator": "能美市",
        "ref": "",
        "url": "",
        "url2": ""
      }
    },
    {
      "type": "Feature",
      "geometry": {
        "type": "Point",
        "coordinates": [
          136.5376597,
          36.4260597
        ]
      },
      "properties": {
        "内容": "バス停: 下和気 (能美市)",
        "name": "下和気",
        "operator": "能美市",
        "ref": "",
        "url": "",
        "url2": ""
      }
    },
    {
      "type": "Feature",
      "geometry": {
        "type": "Point",
        "coordinates": [
          136.5404832,
          36.425219
        ]
      },
      "properties": {
        "内容": "バス停: 中和気 (能美市)",
        "name": "中和気",
        "operator": "能美市",
        "ref": "",
        "url": "",
        "url2": ""
      }
    },
    {
      "type": "Feature",
      "geometry": {
        "type": "Point",
        "coordinates": [
          136.5442899,
          36.4240658
        ]
      },
      "properties": {
        "内容": "バス停: 上和気 (能美市)",
        "name": "上和気",
        "operator": "能美市",
        "ref": "",
        "url": "",
        "url2": ""
      }
    },
    {
      "type": "Feature",
      "geometry": {
        "type": "Point",
        "coordinates": [
          136.5487334,
          36.4229764
        ]
      },
      "properties": {
        "内容": "バス停: 寺畠 (能美市)",
        "name": "寺畠",
        "operator": "能美市",
        "ref": "",
        "url": "",
        "url2": ""
      }
    },
    {
      "type": "Feature",
      "geometry": {
        "type": "Point",
        "coordinates": [
          136.5506377,
          36.4192213
        ]
      },
      "properties": {
        "内容": "バス停: 岩﨑 (能美市)",
        "name": "岩﨑",
        "operator": "能美市",
        "ref": "",
        "url": "",
        "url2": ""
      }
    },
    {
      "type": "Feature",
      "geometry": {
        "type": "Point",
        "coordinates": [
          136.5545754,
          36.4097309
        ]
      },
      "properties": {
        "内容": "バス停: 仏大寺 (能美市)",
        "name": "仏大寺",
        "operator": "能美市",
        "ref": "",
        "url": "",
        "url2": ""
      }
    },
    {
      "type": "Feature",
      "geometry": {
        "type": "Point",
        "coordinates": [
          136.5602437,
          36.4202448
        ]
      },
      "properties": {
        "内容": "バス停: 口鍋谷 (能美市)",
        "name": "口鍋谷",
        "operator": "能美市",
        "ref": "",
        "url": "",
        "url2": ""
      }
    },
    {
      "type": "Feature",
      "geometry": {
        "type": "Point",
        "coordinates": [
          136.5748834,
          36.4205481
        ]
      },
      "properties": {
        "内容": "バス停: 上鍋谷 (能美市)",
        "name": "上鍋谷",
        "operator": "能美市",
        "ref": "",
        "url": "",
        "url2": ""
      }
    },
    {
      "type": "Feature",
      "geometry": {
        "type": "Point",
        "coordinates": [
          136.5674693,
          36.4220685
        ]
      },
      "properties": {
        "内容": "バス停: 鍋谷八幡神社 (能美市)",
        "name": "鍋谷八幡神社",
        "operator": "能美市",
        "ref": "",
        "url": "",
        "url2": ""
      }
    },
    {
      "type": "Feature",
      "geometry": {
        "type": "Point",
        "coordinates": [
          136.564432,
          36.4213264
        ]
      },
      "properties": {
        "内容": "バス停: 中鍋谷 (能美市)",
        "name": "中鍋谷",
        "operator": "能美市",
        "ref": "",
        "url": "",
        "url2": ""
      }
    },
    {
      "type": "Feature",
      "geometry": {
        "type": "Point",
        "coordinates": [
          136.5766587,
          36.4186284
        ]
      },
      "properties": {
        "内容": "バス停: 奥鍋谷 (能美市)",
        "name": "奥鍋谷",
        "operator": "能美市",
        "ref": "",
        "url": "",
        "url2": ""
      }
    },
    {
      "type": "Feature",
      "geometry": {
        "type": "Point",
        "coordinates": [
          136.5553418,
          36.4230492
        ]
      },
      "properties": {
        "内容": "バス停: 下舘 (能美市)",
        "name": "下舘",
        "operator": "能美市",
        "ref": "",
        "url": "",
        "url2": ""
      }
    },
    {
      "type": "Feature",
      "geometry": {
        "type": "Point",
        "coordinates": [
          136.561666,
          36.4278641
        ]
      },
      "properties": {
        "内容": "バス停: 上舘 (能美市)",
        "name": "上舘",
        "operator": "能美市",
        "ref": "",
        "url": "",
        "url2": ""
      }
    },
    {
      "type": "Feature",
      "geometry": {
        "type": "Point",
        "coordinates": [
          136.5695957,
          36.4302682
        ]
      },
      "properties": {
        "内容": "バス停: 金剛寺 (能美市)",
        "name": "金剛寺",
        "operator": "能美市",
        "ref": "",
        "url": "",
        "url2": ""
      }
    },
    {
      "type": "Feature",
      "geometry": {
        "type": "Point",
        "coordinates": [
          136.5551394,
          36.4552793
        ]
      },
      "properties": {
        "内容": "バス停: 山田 (能美市)",
        "name": "山田",
        "operator": "能美市",
        "ref": "",
        "url": "",
        "url2": ""
      }
    },
    {
      "type": "Feature",
      "geometry": {
        "type": "Point",
        "coordinates": [
          136.5442008,
          36.4558595
        ]
      },
      "properties": {
        "内容": "バス停: 出口 (能美市)",
        "name": "出口",
        "operator": "能美市",
        "ref": "",
        "url": "",
        "url2": ""
      }
    },
    {
      "type": "Feature",
      "geometry": {
        "type": "Point",
        "coordinates": [
          136.546385,
          36.4534126
        ]
      },
      "properties": {
        "内容": "バス停: 三ツ屋住宅前 (能美市)",
        "name": "三ツ屋住宅前",
        "operator": "能美市",
        "ref": "",
        "url": "",
        "url2": ""
      }
    },
    {
      "type": "Feature",
      "geometry": {
        "type": "Point",
        "coordinates": [
          136.4859397,
          36.4438722
        ]
      },
      "properties": {
        "内容": "バス停: 五間堂(のみバス) (能美市)",
        "name": "五間堂(のみバス)",
        "operator": "能美市",
        "ref": "",
        "url": "",
        "url2": ""
      }
    },
    {
      "type": "Feature",
      "geometry": {
        "type": "Point",
        "coordinates": [
          136.5204876,
          36.4349591
        ]
      },
      "properties": {
        "内容": "バス停: 亀齢荘（のみバス） (能美市)",
        "name": "亀齢荘（のみバス）",
        "operator": "能美市",
        "ref": "",
        "url": "",
        "url2": ""
      }
    },
    {
      "type": "Feature",
      "geometry": {
        "type": "Point",
        "coordinates": [
          136.5204849,
          36.4350627
        ]
      },
      "properties": {
        "内容": "バス停: 亀齢荘（のみバス） (能美市)",
        "name": "亀齢荘（のみバス）",
        "operator": "能美市",
        "ref": "",
        "url": "",
        "url2": ""
      }
    },
    {
      "type": "Feature",
      "geometry": {
        "type": "Point",
        "coordinates": [
          136.5200377,
          36.4289164
        ]
      },
      "properties": {
        "内容": "バス停: 久谷陶芸村（のみバス） (能美市)",
        "name": "久谷陶芸村（のみバス）",
        "operator": "能美市",
        "ref": "",
        "url": "",
        "url2": ""
      }
    },
    {
      "type": "Feature",
      "geometry": {
        "type": "Point",
        "coordinates": [
          136.5211426,
          36.4323413
        ]
      },
      "properties": {
        "内容": "バス停: 泉台（のみバス） (能美市)",
        "name": "泉台（のみバス）",
        "operator": "能美市",
        "ref": "",
        "url": "",
        "url2": ""
      }
    },
    {
      "type": "Feature",
      "geometry": {
        "type": "Point",
        "coordinates": [
          136.5209844,
          36.4323477
        ]
      },
      "properties": {
        "内容": "バス停: 泉台（のみバス） (能美市)",
        "name": "泉台（のみバス）",
        "operator": "能美市",
        "ref": "",
        "url": "",
        "url2": ""
      }
    },
    {
      "type": "Feature",
      "geometry": {
        "type": "Point",
        "coordinates": [
          136.5190502,
          36.4349092
        ]
      },
      "properties": {
        "内容": "バス停: 久谷温泉（のみバス） (能美市)",
        "name": "久谷温泉（のみバス）",
        "operator": "能美市",
        "ref": "",
        "url": "",
        "url2": ""
      }
    },
    {
      "type": "Feature",
      "geometry": {
        "type": "Point",
        "coordinates": [
          136.5191918,
          36.4349405
        ]
      },
      "properties": {
        "内容": "バス停: 久谷温泉（のみバス） (能美市)",
        "name": "久谷温泉（のみバス）",
        "operator": "能美市",
        "ref": "",
        "url": "",
        "url2": ""
      }
    },
    {
      "type": "Feature",
      "geometry": {
        "type": "Point",
        "coordinates": [
          136.5150297,
          36.4289124
        ]
      },
      "properties": {
        "内容": "バス停: 泉台西（のみバス）",
        "name": "泉台西（のみバス）",
        "operator": "事業者不明",
        "ref": "",
        "url": "",
        "url2": ""
      }
    },
    {
      "type": "Feature",
      "geometry": {
        "type": "Point",
        "coordinates": [
          136.5128089,
          36.4318517
        ]
      },
      "properties": {
        "内容": "バス停: 佐野公民館（のみバス） (能美市)",
        "name": "佐野公民館（のみバス）",
        "operator": "能美市",
        "ref": "",
        "url": "",
        "url2": ""
      }
    },
    {
      "type": "Feature",
      "geometry": {
        "type": "Point",
        "coordinates": [
          136.5099673,
          36.4319461
        ]
      },
      "properties": {
        "内容": "バス停: 佐野（のみバス） (能美市)",
        "name": "佐野（のみバス）",
        "operator": "能美市",
        "ref": "",
        "url": "",
        "url2": ""
      }
    },
    {
      "type": "Feature",
      "geometry": {
        "type": "Point",
        "coordinates": [
          136.5025679,
          36.4318912
        ]
      },
      "properties": {
        "内容": "バス停: 牛島（のみバス） (能美市)",
        "name": "牛島（のみバス）",
        "operator": "能美市",
        "ref": "",
        "url": "",
        "url2": ""
      }
    },
    {
      "type": "Feature",
      "geometry": {
        "type": "Point",
        "coordinates": [
          136.5002759,
          36.4345699
        ]
      },
      "properties": {
        "内容": "バス停: 末信（のみバス） (能美市)",
        "name": "末信（のみバス）",
        "operator": "能美市",
        "ref": "",
        "url": "",
        "url2": ""
      }
    },
    {
      "type": "Feature",
      "geometry": {
        "type": "Point",
        "coordinates": [
          136.49831,
          36.4294593
        ]
      },
      "properties": {
        "内容": "バス停: 牛島西（のみバス） (能美市)",
        "name": "牛島西（のみバス）",
        "operator": "能美市",
        "ref": "",
        "url": "",
        "url2": ""
      }
    },
    {
      "type": "Feature",
      "geometry": {
        "type": "Point",
        "coordinates": [
          136.4927605,
          36.4287645
        ]
      },
      "properties": {
        "内容": "バス停: 大長野公民館（のみバス） (能美市)",
        "name": "大長野公民館（のみバス）",
        "operator": "能美市",
        "ref": "",
        "url": "",
        "url2": ""
      }
    },
    {
      "type": "Feature",
      "geometry": {
        "type": "Point",
        "coordinates": [
          136.4897952,
          36.4271692
        ]
      },
      "properties": {
        "内容": "バス停: 大長野体育館（のみバス） (能美市)",
        "name": "大長野体育館（のみバス）",
        "operator": "能美市",
        "ref": "",
        "url": "",
        "url2": ""
      }
    },
    {
      "type": "Feature",
      "geometry": {
        "type": "Point",
        "coordinates": [
          136.48876,
          36.4232373
        ]
      },
      "properties": {
        "内容": "バス停: 小杉公民館（のみバス） (能美市)",
        "name": "小杉公民館（のみバス）",
        "operator": "能美市",
        "ref": "",
        "url": "",
        "url2": ""
      }
    },
    {
      "type": "Feature",
      "geometry": {
        "type": "Point",
        "coordinates": [
          136.4913528,
          36.4327196
        ]
      },
      "properties": {
        "内容": "バス停: 小長野（のみバス） (能美市)",
        "name": "小長野（のみバス）",
        "operator": "能美市",
        "ref": "",
        "url": "",
        "url2": ""
      }
    },
    {
      "type": "Feature",
      "geometry": {
        "type": "Point",
        "coordinates": [
          136.491305,
          36.4311233
        ]
      },
      "properties": {
        "内容": "バス停: 大傘末公園（のみバス） (能美市)",
        "name": "大傘末公園（のみバス）",
        "operator": "能美市",
        "ref": "",
        "url": "",
        "url2": ""
      }
    },
    {
      "type": "Feature",
      "geometry": {
        "type": "Point",
        "coordinates": [
          136.4957964,
          36.437172
        ]
      },
      "properties": {
        "内容": "バス停: 寺井中央（のみバス） (能美市)",
        "name": "寺井中央（のみバス）",
        "operator": "能美市",
        "ref": "",
        "url": "",
        "url2": ""
      }
    },
    {
      "type": "Feature",
      "geometry": {
        "type": "Point",
        "coordinates": [
          136.4958032,
          36.4370862
        ]
      },
      "properties": {
        "内容": "バス停: 寺井中央（のみバス） (能美市)",
        "name": "寺井中央（のみバス）",
        "operator": "能美市",
        "ref": "",
        "url": "",
        "url2": ""
      }
    },
    {
      "type": "Feature",
      "geometry": {
        "type": "Point",
        "coordinates": [
          136.5004654,
          36.4407617
        ]
      },
      "properties": {
        "内容": "バス停: 能美市健康福祉センター（のみバス） (能美市)",
        "name": "能美市健康福祉センター（のみバス）",
        "operator": "能美市",
        "ref": "",
        "url": "",
        "url2": ""
      }
    },
    {
      "type": "Feature",
      "geometry": {
        "type": "Point",
        "coordinates": [
          136.5106105,
          36.4379202
        ]
      },
      "properties": {
        "内容": "バス停: 石子（のみバス） (能美市)",
        "name": "石子（のみバス）",
        "operator": "能美市",
        "ref": "",
        "url": "",
        "url2": ""
      }
    },
    {
      "type": "Feature",
      "geometry": {
        "type": "Point",
        "coordinates": [
          136.5131417,
          36.4370561
        ]
      },
      "properties": {
        "内容": "バス停: 石子農村公園（のみバス） (能美市)",
        "name": "石子農村公園（のみバス）",
        "operator": "能美市",
        "ref": "",
        "url": "",
        "url2": ""
      }
    },
    {
      "type": "Feature",
      "geometry": {
        "type": "Point",
        "coordinates": [
          136.5172746,
          36.4353316
        ]
      },
      "properties": {
        "内容": "バス停: 湯谷（のみバス） (能美市)",
        "name": "湯谷（のみバス）",
        "operator": "能美市",
        "ref": "",
        "url": "",
        "url2": ""
      }
    },
    {
      "type": "Feature",
      "geometry": {
        "type": "Point",
        "coordinates": [
          136.5116606,
          36.4448123
        ]
      },
      "properties": {
        "内容": "バス停: 末寺（のみバス） (能美市)",
        "name": "末寺（のみバス）",
        "operator": "能美市",
        "ref": "",
        "url": "",
        "url2": ""
      }
    },
    {
      "type": "Feature",
      "geometry": {
        "type": "Point",
        "coordinates": [
          136.5088309,
          36.4531236
        ]
      },
      "properties": {
        "内容": "バス停: 粟生東（のみバス） (能美市)",
        "name": "粟生東（のみバス）",
        "operator": "能美市",
        "ref": "",
        "url": "",
        "url2": ""
      }
    },
    {
      "type": "Feature",
      "geometry": {
        "type": "Point",
        "coordinates": [
          136.4990895,
          36.4507947
        ]
      },
      "properties": {
        "内容": "バス停: 吉光（のみバス） (能美市)",
        "name": "吉光（のみバス）",
        "operator": "能美市",
        "ref": "",
        "url": "",
        "url2": ""
      }
    },
    {
      "type": "Feature",
      "geometry": {
        "type": "Point",
        "coordinates": [
          136.4949862,
          36.4485695
        ]
      },
      "properties": {
        "内容": "バス停: 東任田（のみバス） (能美市)",
        "name": "東任田（のみバス）",
        "operator": "能美市",
        "ref": "",
        "url": "",
        "url2": ""
      }
    },
    {
      "type": "Feature",
      "geometry": {
        "type": "Point",
        "coordinates": [
          136.4954044,
          36.4449417
        ]
      },
      "properties": {
        "内容": "バス停: 緑町（のみバス） (能美市)",
        "name": "緑町（のみバス）",
        "operator": "能美市",
        "ref": "",
        "url": "",
        "url2": ""
      }
    },
    {
      "type": "Feature",
      "geometry": {
        "type": "Point",
        "coordinates": [
          136.5020013,
          36.4457749
        ]
      },
      "properties": {
        "内容": "バス停: 九谷町（のみバス） (能美市)",
        "name": "九谷町（のみバス）",
        "operator": "能美市",
        "ref": "",
        "url": "",
        "url2": ""
      }
    },
    {
      "type": "Feature",
      "geometry": {
        "type": "Point",
        "coordinates": [
          136.5061724,
          36.4466971
        ]
      },
      "properties": {
        "内容": "バス停: 三道山（のみバス） (能美市)",
        "name": "三道山（のみバス）",
        "operator": "能美市",
        "ref": "",
        "url": "",
        "url2": ""
      }
    },
    {
      "type": "Feature",
      "geometry": {
        "type": "Point",
        "coordinates": [
          136.4932925,
          36.4396453
        ]
      },
      "properties": {
        "内容": "バス停: 北國銀行寺井支店前（のみバス） (能美市)",
        "name": "北國銀行寺井支店前（のみバス）",
        "operator": "能美市",
        "ref": "",
        "url": "",
        "url2": ""
      }
    },
    {
      "type": "Feature",
      "geometry": {
        "type": "Point",
        "coordinates": [
          136.4870883,
          36.4497758
        ]
      },
      "properties": {
        "内容": "バス停: 西任田（のみバス） (能美市)",
        "name": "西任田（のみバス）",
        "operator": "能美市",
        "ref": "",
        "url": "",
        "url2": ""
      }
    },
    {
      "type": "Feature",
      "geometry": {
        "type": "Point",
        "coordinates": [
          136.4847591,
          36.4550594
        ]
      },
      "properties": {
        "内容": "バス停: 赤井（のみバス） (能美市)",
        "name": "赤井（のみバス）",
        "operator": "能美市",
        "ref": "",
        "url": "",
        "url2": ""
      }
    },
    {
      "type": "Feature",
      "geometry": {
        "type": "Point",
        "coordinates": [
          136.4744375,
          36.4645353
        ]
      },
      "properties": {
        "内容": "バス停: 吉原作業場（のみバス） (能美市)",
        "name": "吉原作業場（のみバス）",
        "operator": "能美市",
        "ref": "",
        "url": "",
        "url2": ""
      }
    },
    {
      "type": "Feature",
      "geometry": {
        "type": "Point",
        "coordinates": [
          136.4723419,
          36.464115
        ]
      },
      "properties": {
        "内容": "バス停: 吉原熊田神社（のみバス） (能美市)",
        "name": "吉原熊田神社（のみバス）",
        "operator": "能美市",
        "ref": "",
        "url": "",
        "url2": ""
      }
    },
    {
      "type": "Feature",
      "geometry": {
        "type": "Point",
        "coordinates": [
          136.4689258,
          36.4604047
        ]
      },
      "properties": {
        "内容": "バス停: 福島北（のみバス） (能美市)",
        "name": "福島北（のみバス）",
        "operator": "能美市",
        "ref": "",
        "url": "",
        "url2": ""
      }
    },
    {
      "type": "Feature",
      "geometry": {
        "type": "Point",
        "coordinates": [
          136.4661671,
          36.4574092
        ]
      },
      "properties": {
        "内容": "バス停: 福島中部（のみバス） (能美市)",
        "name": "福島中部（のみバス）",
        "operator": "能美市",
        "ref": "",
        "url": "",
        "url2": ""
      }
    },
    {
      "type": "Feature",
      "geometry": {
        "type": "Point",
        "coordinates": [
          136.4634259,
          36.4532714
        ]
      },
      "properties": {
        "内容": "バス停: 法林寺前（のみバス） (能美市)",
        "name": "法林寺前（のみバス）",
        "operator": "能美市",
        "ref": "",
        "url": "",
        "url2": ""
      }
    },
    {
      "type": "Feature",
      "geometry": {
        "type": "Point",
        "coordinates": [
          136.4644934,
          36.4543674
        ]
      },
      "properties": {
        "内容": "バス停: 福島南（のみバス） (能美市)",
        "name": "福島南（のみバス）",
        "operator": "能美市",
        "ref": "",
        "url": "",
        "url2": ""
      }
    },
    {
      "type": "Feature",
      "geometry": {
        "type": "Point",
        "coordinates": [
          136.463104,
          36.4476015
        ]
      },
      "properties": {
        "内容": "バス停: 文化会館（のみバス） (能美市)",
        "name": "文化会館（のみバス）",
        "operator": "能美市",
        "ref": "",
        "url": "",
        "url2": ""
      }
    },
    {
      "type": "Feature",
      "geometry": {
        "type": "Point",
        "coordinates": [
          136.4641984,
          36.4469931
        ]
      },
      "properties": {
        "内容": "バス停: 学習センター（のみバス） (能美市)",
        "name": "学習センター（のみバス）",
        "operator": "能美市",
        "ref": "",
        "url": "",
        "url2": ""
      }
    },
    {
      "type": "Feature",
      "geometry": {
        "type": "Point",
        "coordinates": [
          136.4696419,
          36.4462897
        ]
      },
      "properties": {
        "内容": "バス停: 西二口（のみバス） (能美市)",
        "name": "西二口（のみバス）",
        "operator": "能美市",
        "ref": "",
        "url": "",
        "url2": ""
      }
    },
    {
      "type": "Feature",
      "geometry": {
        "type": "Point",
        "coordinates": [
          136.4730325,
          36.4460511
        ]
      },
      "properties": {
        "内容": "バス停: 福岡南（のみバス） (能美市)",
        "name": "福岡南（のみバス）",
        "operator": "能美市",
        "ref": "",
        "url": "",
        "url2": ""
      }
    },
    {
      "type": "Feature",
      "geometry": {
        "type": "Point",
        "coordinates": [
          136.4781096,
          36.4450152
        ]
      },
      "properties": {
        "内容": "バス停: 中庄公民館（のみバス） (能美市)",
        "name": "中庄公民館（のみバス）",
        "operator": "能美市",
        "ref": "",
        "url": "",
        "url2": ""
      }
    },
    {
      "type": "Feature",
      "geometry": {
        "type": "Point",
        "coordinates": [
          136.4606374,
          36.4497535
        ]
      },
      "properties": {
        "内容": "バス停: 大成商店街（のみバス） (能美市)",
        "name": "大成商店街（のみバス）",
        "operator": "能美市",
        "ref": "",
        "url": "",
        "url2": ""
      }
    },
    {
      "type": "Feature",
      "geometry": {
        "type": "Point",
        "coordinates": [
          136.4575709,
          36.4490907
        ]
      },
      "properties": {
        "内容": "バス停: 浜小学校前（のみバス） (能美市)",
        "name": "浜小学校前（のみバス）",
        "operator": "能美市",
        "ref": "",
        "url": "",
        "url2": ""
      }
    },
    {
      "type": "Feature",
      "geometry": {
        "type": "Point",
        "coordinates": [
          136.4543358,
          36.4464135
        ]
      },
      "properties": {
        "内容": "バス停: 浜町公民館（のみバス） (能美市)",
        "name": "浜町公民館（のみバス）",
        "operator": "能美市",
        "ref": "",
        "url": "",
        "url2": ""
      }
    },
    {
      "type": "Feature",
      "geometry": {
        "type": "Point",
        "coordinates": [
          136.4543143,
          36.4465775
        ]
      },
      "properties": {
        "内容": "バス停: 浜町公民館（のみバス） (能美市)",
        "name": "浜町公民館（のみバス）",
        "operator": "能美市",
        "ref": "",
        "url": "",
        "url2": ""
      }
    },
    {
      "type": "Feature",
      "geometry": {
        "type": "Point",
        "coordinates": [
          136.4525655,
          36.4483597
        ]
      },
      "properties": {
        "内容": "バス停: 浜町春日神社前（のみバス） (能美市)",
        "name": "浜町春日神社前（のみバス）",
        "operator": "能美市",
        "ref": "",
        "url": "",
        "url2": ""
      }
    },
    {
      "type": "Feature",
      "geometry": {
        "type": "Point",
        "coordinates": [
          136.4502642,
          36.4444674
        ]
      },
      "properties": {
        "内容": "バス停: 浜町南（のみバス） (能美市)",
        "name": "浜町南（のみバス）",
        "operator": "能美市",
        "ref": "",
        "url": "",
        "url2": ""
      }
    },
    {
      "type": "Feature",
      "geometry": {
        "type": "Point",
        "coordinates": [
          136.4461228,
          36.4417746
        ]
      },
      "properties": {
        "内容": "バス停: 道林（のみバス） (能美市)",
        "name": "道林（のみバス）",
        "operator": "能美市",
        "ref": "",
        "url": "",
        "url2": ""
      }
    },
    {
      "type": "Feature",
      "geometry": {
        "type": "Point",
        "coordinates": [
          136.4427173,
          36.440624
        ]
      },
      "properties": {
        "内容": "バス停: パークゴルフ場前（のみバス） (能美市)",
        "name": "パークゴルフ場前（のみバス）",
        "operator": "能美市",
        "ref": "",
        "url": "",
        "url2": ""
      }
    },
    {
      "type": "Feature",
      "geometry": {
        "type": "Point",
        "coordinates": [
          136.4370086,
          36.434434
        ]
      },
      "properties": {
        "内容": "バス停: 翠ヶ丘運動公園前（のみバス） (能美市)",
        "name": "翠ヶ丘運動公園前（のみバス）",
        "operator": "能美市",
        "ref": "",
        "url": "",
        "url2": ""
      }
    },
    {
      "type": "Feature",
      "geometry": {
        "type": "Point",
        "coordinates": [
          136.4360561,
          36.4306667
        ]
      },
      "properties": {
        "内容": "バス停: 松井秀喜ミュージアム（のみバス） (能美市)",
        "name": "松井秀喜ミュージアム（のみバス）",
        "operator": "能美市",
        "ref": "",
        "url": "",
        "url2": ""
      }
    },
    {
      "type": "Feature",
      "geometry": {
        "type": "Point",
        "coordinates": [
          136.4392265,
          36.4345684
        ]
      },
      "properties": {
        "内容": "バス停: 山口（のみバス） (能美市)",
        "name": "山口（のみバス）",
        "operator": "能美市",
        "ref": "",
        "url": "",
        "url2": ""
      }
    },
    {
      "type": "Feature",
      "geometry": {
        "type": "Point",
        "coordinates": [
          136.4453763,
          36.4370546
        ]
      },
      "properties": {
        "内容": "バス停: 根上台（のみバス） (能美市)",
        "name": "根上台（のみバス）",
        "operator": "能美市",
        "ref": "",
        "url": "",
        "url2": ""
      }
    },
    {
      "type": "Feature",
      "geometry": {
        "type": "Point",
        "coordinates": [
          136.4491105,
          36.4385567
        ]
      },
      "properties": {
        "内容": "バス停: 高坂公園前（のみバス） (能美市)",
        "name": "高坂公園前（のみバス）",
        "operator": "能美市",
        "ref": "",
        "url": "",
        "url2": ""
      }
    },
    {
      "type": "Feature",
      "geometry": {
        "type": "Point",
        "coordinates": [
          136.4524984,
          36.4375793
        ]
      },
      "properties": {
        "内容": "バス停: 高坂（のみバス） (能美市)",
        "name": "高坂（のみバス）",
        "operator": "能美市",
        "ref": "",
        "url": "",
        "url2": ""
      }
    },
    {
      "type": "Feature",
      "geometry": {
        "type": "Point",
        "coordinates": [
          136.4546856,
          36.4353421
        ]
      },
      "properties": {
        "内容": "バス停: サンタウン南（のみバス） (能美市)",
        "name": "サンタウン南（のみバス）",
        "operator": "能美市",
        "ref": "",
        "url": "",
        "url2": ""
      }
    },
    {
      "type": "Feature",
      "geometry": {
        "type": "Point",
        "coordinates": [
          136.4691993,
          36.4371083
        ]
      },
      "properties": {
        "内容": "バス停: 中ノ江（のみバス） (能美市)",
        "name": "中ノ江（のみバス）",
        "operator": "能美市",
        "ref": "",
        "url": "",
        "url2": ""
      }
    },
    {
      "type": "Feature",
      "geometry": {
        "type": "Point",
        "coordinates": [
          136.4540824,
          36.4411908
        ]
      },
      "properties": {
        "内容": "バス停: 下ノ江作業場前（のみバス） (能美市)",
        "name": "下ノ江作業場前（のみバス）",
        "operator": "能美市",
        "ref": "",
        "url": "",
        "url2": ""
      }
    },
    {
      "type": "Feature",
      "geometry": {
        "type": "Point",
        "coordinates": [
          136.4573514,
          36.4451804
        ]
      },
      "properties": {
        "内容": "バス停: 浜開発（のみバス） (能美市)",
        "name": "浜開発（のみバス）",
        "operator": "能美市",
        "ref": "",
        "url": "",
        "url2": ""
      }
    },
    {
      "type": "Feature",
      "geometry": {
        "type": "Point",
        "coordinates": [
          136.4593034,
          36.4476147
        ]
      },
      "properties": {
        "内容": "バス停: 浜小学校前（のみバス） (能美市)",
        "name": "浜小学校前（のみバス）",
        "operator": "能美市",
        "ref": "",
        "url": "",
        "url2": ""
      }
    },
    {
      "type": "Feature",
      "geometry": {
        "type": "Point",
        "coordinates": [
          136.6825389,
          36.5536852
        ]
      },
      "properties": {
        "内容": "バス停: 旭町",
        "name": "旭町",
        "operator": "事業者不明",
        "ref": "",
        "url": "",
        "url2": ""
      }
    },
    {
      "type": "Feature",
      "geometry": {
        "type": "Point",
        "coordinates": [
          136.6827319,
          36.5531096
        ]
      },
      "properties": {
        "内容": "バス停: 旭町",
        "name": "旭町",
        "operator": "事業者不明",
        "ref": "",
        "url": "",
        "url2": ""
      }
    },
    {
      "type": "Feature",
      "geometry": {
        "type": "Point",
        "coordinates": [
          136.6799951,
          36.5571141
        ]
      },
      "properties": {
        "内容": "バス停: 旭町口",
        "name": "旭町口",
        "operator": "事業者不明",
        "ref": "",
        "url": "",
        "url2": ""
      }
    },
    {
      "type": "Feature",
      "geometry": {
        "type": "Point",
        "coordinates": [
          136.6805555,
          36.5565326
        ]
      },
      "properties": {
        "内容": "バス停: 旭町口",
        "name": "旭町口",
        "operator": "事業者不明",
        "ref": "",
        "url": "",
        "url2": ""
      }
    },
    {
      "type": "Feature",
      "geometry": {
        "type": "Point",
        "coordinates": [
          136.6783703,
          36.5594664
        ]
      },
      "properties": {
        "内容": "バス停: 田井町",
        "name": "田井町",
        "operator": "事業者不明",
        "ref": "",
        "url": "",
        "url2": ""
      }
    },
    {
      "type": "Feature",
      "geometry": {
        "type": "Point",
        "coordinates": [
          136.678926,
          36.5589206
        ]
      },
      "properties": {
        "内容": "バス停: 田井町",
        "name": "田井町",
        "operator": "事業者不明",
        "ref": "",
        "url": "",
        "url2": ""
      }
    },
    {
      "type": "Feature",
      "geometry": {
        "type": "Point",
        "coordinates": [
          136.6765204,
          36.5613209
        ]
      },
      "properties": {
        "内容": "バス停: 桜町",
        "name": "桜町",
        "operator": "事業者不明",
        "ref": "",
        "url": "",
        "url2": ""
      }
    },
    {
      "type": "Feature",
      "geometry": {
        "type": "Point",
        "coordinates": [
          136.6756635,
          36.5615325
        ]
      },
      "properties": {
        "内容": "バス停: 桜町",
        "name": "桜町",
        "operator": "事業者不明",
        "ref": "",
        "url": "",
        "url2": ""
      }
    },
    {
      "type": "Feature",
      "geometry": {
        "type": "Point",
        "coordinates": [
          136.6740388,
          36.562449
        ]
      },
      "properties": {
        "内容": "バス停: 暁町 (北陸鉄道)",
        "name": "暁町",
        "operator": "北陸鉄道",
        "ref": "A",
        "url": "",
        "url2": ""
      }
    },
    {
      "type": "Feature",
      "geometry": {
        "type": "Point",
        "coordinates": [
          136.669726,
          36.5634465
        ]
      },
      "properties": {
        "内容": "バス停: 横山町",
        "name": "横山町",
        "operator": "事業者不明",
        "ref": "",
        "url": "",
        "url2": ""
      }
    },
    {
      "type": "Feature",
      "geometry": {
        "type": "Point",
        "coordinates": [
          136.6703124,
          36.5635082
        ]
      },
      "properties": {
        "内容": "バス停: 横山町",
        "name": "横山町",
        "operator": "事業者不明",
        "ref": "",
        "url": "",
        "url2": ""
      }
    },
    {
      "type": "Feature",
      "geometry": {
        "type": "Point",
        "coordinates": [
          136.6666599,
          36.5644458
        ]
      },
      "properties": {
        "内容": "バス停: 小将町",
        "name": "小将町",
        "operator": "事業者不明",
        "ref": "",
        "url": "",
        "url2": ""
      }
    },
    {
      "type": "Feature",
      "geometry": {
        "type": "Point",
        "coordinates": [
          136.662621,
          36.5652661
        ]
      },
      "properties": {
        "内容": "バス停: 兼六園下・金沢城 (北陸鉄道)",
        "name": "兼六園下・金沢城",
        "operator": "北陸鉄道",
        "ref": "RL6",
        "url": "",
        "url2": ""
      }
    },
    {
      "type": "Feature",
      "geometry": {
        "type": "Point",
        "coordinates": [
          136.6634344,
          36.5648356
        ]
      },
      "properties": {
        "内容": "バス停: 兼六園下・金沢城 (北陸鉄道)",
        "name": "兼六園下・金沢城",
        "operator": "北陸鉄道",
        "ref": "",
        "url": "",
        "url2": ""
      }
    },
    {
      "type": "Feature",
      "geometry": {
        "type": "Point",
        "coordinates": [
          136.6557616,
          36.5619522
        ]
      },
      "properties": {
        "内容": "バス停: 香林坊 (北陸鉄道グループ)",
        "name": "香林坊",
        "operator": "北陸鉄道グループ",
        "ref": "",
        "url": "",
        "url2": ""
      }
    },
    {
      "type": "Feature",
      "geometry": {
        "type": "Point",
        "coordinates": [
          136.6536197,
          36.564095
        ]
      },
      "properties": {
        "内容": "バス停: 香林坊 (北陸鉄道グループ)",
        "name": "香林坊",
        "operator": "北陸鉄道グループ",
        "ref": "",
        "url": "",
        "url2": ""
      }
    },
    {
      "type": "Feature",
      "geometry": {
        "type": "Point",
        "coordinates": [
          136.653609,
          36.5644656
        ]
      },
      "properties": {
        "内容": "バス停: 香林坊 (北陸鉄道グループ)",
        "name": "香林坊",
        "operator": "北陸鉄道グループ",
        "ref": "",
        "url": "",
        "url2": ""
      }
    },
    {
      "type": "Feature",
      "geometry": {
        "type": "Point",
        "coordinates": [
          136.6516107,
          36.5592304
        ]
      },
      "properties": {
        "内容": "バス停: 片町 (北陸鉄道)",
        "name": "片町",
        "operator": "北陸鉄道",
        "ref": "LL4",
        "url": "",
        "url2": ""
      }
    },
    {
      "type": "Feature",
      "geometry": {
        "type": "Point",
        "coordinates": [
          136.6582314,
          36.5619704
        ]
      },
      "properties": {
        "内容": "バス停: 広坂・21世紀美術館 (北陸鉄道)",
        "name": "広坂・21世紀美術館",
        "operator": "北陸鉄道",
        "ref": "",
        "url": "",
        "url2": ""
      }
    },
    {
      "type": "Feature",
      "geometry": {
        "type": "Point",
        "coordinates": [
          136.6640614,
          36.5706314
        ]
      },
      "properties": {
        "内容": "バス停: 橋場町 (北陸鉄道グループ)",
        "name": "橋場町",
        "operator": "北陸鉄道グループ",
        "ref": "RL5",
        "url": "",
        "url2": ""
      }
    },
    {
      "type": "Feature",
      "geometry": {
        "type": "Point",
        "coordinates": [
          136.6638905,
          36.570584
        ]
      },
      "properties": {
        "内容": "バス停: 橋場町 (北陸鉄道グループ)",
        "name": "橋場町",
        "operator": "北陸鉄道グループ",
        "ref": "LL10",
        "url": "",
        "url2": ""
      }
    },
    {
      "type": "Feature",
      "geometry": {
        "type": "Point",
        "coordinates": [
          136.6554393,
          36.5728644
        ]
      },
      "properties": {
        "内容": "バス停: 武蔵ヶ辻・近江町市場 (北陸鉄道グループ)",
        "name": "武蔵ヶ辻・近江町市場",
        "operator": "北陸鉄道グループ",
        "ref": "",
        "url": "",
        "url2": ""
      }
    },
    {
      "type": "Feature",
      "geometry": {
        "type": "Point",
        "coordinates": [
          136.6553252,
          36.5725353
        ]
      },
      "properties": {
        "内容": "バス停: 武蔵ヶ辻・近江町市場 (北陸鉄道グループ)",
        "name": "武蔵ヶ辻・近江町市場",
        "operator": "北陸鉄道グループ",
        "ref": "",
        "url": "",
        "url2": ""
      }
    },
    {
      "type": "Feature",
      "geometry": {
        "type": "Point",
        "coordinates": [
          136.6568756,
          36.5720162
        ]
      },
      "properties": {
        "内容": "バス停: 武蔵ヶ辻・近江町市場 (北陸鉄道グループ)",
        "name": "武蔵ヶ辻・近江町市場",
        "operator": "北陸鉄道グループ",
        "ref": "",
        "url": "",
        "url2": ""
      }
    },
    {
      "type": "Feature",
      "geometry": {
        "type": "Point",
        "coordinates": [
          136.6551048,
          36.5713707
        ]
      },
      "properties": {
        "内容": "バス停: 武蔵ヶ辻・近江町市場 (北陸鉄道)",
        "name": "武蔵ヶ辻・近江町市場",
        "operator": "北陸鉄道",
        "ref": "",
        "url": "",
        "url2": ""
      }
    },
    {
      "type": "Feature",
      "geometry": {
        "type": "Point",
        "coordinates": [
          136.6555278,
          36.571469
        ]
      },
      "properties": {
        "内容": "バス停: 武蔵ヶ辻・近江町市場 (北陸鉄道)",
        "name": "武蔵ヶ辻・近江町市場",
        "operator": "北陸鉄道",
        "ref": "LL1",
        "url": "",
        "url2": ""
      }
    },
    {
      "type": "Feature",
      "geometry": {
        "type": "Point",
        "coordinates": [
          136.6487948,
          36.5781665
        ]
      },
      "properties": {
        "内容": "バス停: 金沢駅 (北陸鉄道グループ)",
        "name": "金沢駅",
        "operator": "北陸鉄道グループ",
        "ref": "",
        "url": "",
        "url2": ""
      }
    },
    {
      "type": "Feature",
      "geometry": {
        "type": "Point",
        "coordinates": [
          136.6501238,
          36.5736694
        ]
      },
      "properties": {
        "内容": "バス停: 六枚町 (北陸鉄道グループ)",
        "name": "六枚町",
        "operator": "北陸鉄道グループ",
        "ref": "",
        "url": "",
        "url2": ""
      }
    },
    {
      "type": "Feature",
      "geometry": {
        "type": "Point",
        "coordinates": [
          136.6476861,
          36.5746361
        ]
      },
      "properties": {
        "内容": "バス停: 六枚町 (北陸鉄道グループ)",
        "name": "六枚町",
        "operator": "北陸鉄道グループ",
        "ref": "",
        "url": "",
        "url2": ""
      }
    },
    {
      "type": "Feature",
      "geometry": {
        "type": "Point",
        "coordinates": [
          136.6570487,
          36.5721788
        ]
      },
      "properties": {
        "内容": "バス停: 武蔵ヶ辻・近江町市場 (北陸鉄道グループ)",
        "name": "武蔵ヶ辻・近江町市場",
        "operator": "北陸鉄道グループ",
        "ref": "",
        "url": "",
        "url2": ""
      }
    },
    {
      "type": "Feature",
      "geometry": {
        "type": "Point",
        "coordinates": [
          136.5703537,
          36.452362
        ]
      },
      "properties": {
        "内容": "バス停: 莇生(のみバス)",
        "name": "莇生(のみバス)",
        "operator": "事業者不明",
        "ref": "",
        "url": "",
        "url2": ""
      }
    },
    {
      "type": "Feature",
      "geometry": {
        "type": "Point",
        "coordinates": [
          136.6728184,
          36.5569163
        ]
      },
      "properties": {
        "内容": "バス停: 金沢大学附属病院 (北陸鉄道グループ)",
        "name": "金沢大学附属病院",
        "operator": "北陸鉄道グループ",
        "ref": "",
        "url": "",
        "url2": ""
      }
    },
    {
      "type": "Feature",
      "geometry": {
        "type": "Point",
        "coordinates": [
          136.4327658,
          36.4218506
        ]
      },
      "properties": {
        "内容": "バス停: 北陸小松",
        "name": "北陸小松",
        "operator": "事業者不明",
        "ref": "",
        "url": "",
        "url2": ""
      }
    },
    {
      "type": "Feature",
      "geometry": {
        "type": "Point",
        "coordinates": [
          137.1482026,
          37.3098671
        ]
      },
      "properties": {
        "内容": "バス停: 能登町役場前 (北鉄奥能登バス)",
        "name": "能登町役場前",
        "operator": "北鉄奥能登バス",
        "ref": "",
        "url": "",
        "url2": ""
      }
    },
    {
      "type": "Feature",
      "geometry": {
        "type": "Point",
        "coordinates": [
          136.6717694,
          36.5542424
        ]
      },
      "properties": {
        "内容": "バス停: 上石引 (北陸鉄道株式会社)",
        "name": "上石引",
        "operator": "北陸鉄道株式会社",
        "ref": "17",
        "url": "",
        "url2": ""
      }
    },
    {
      "type": "Feature",
      "geometry": {
        "type": "Point",
        "coordinates": [
          136.674613,
          36.55347
        ]
      },
      "properties": {
        "内容": "バス停: 小立野下馬 (北陸鉄道株式会社)",
        "name": "小立野下馬",
        "operator": "北陸鉄道株式会社",
        "ref": "16",
        "url": "",
        "url2": ""
      }
    },
    {
      "type": "Feature",
      "geometry": {
        "type": "Point",
        "coordinates": [
          136.6728663,
          36.5568865
        ]
      },
      "properties": {
        "内容": "バス停: 大学病院 (北陸鉄道株式会社)",
        "name": "大学病院",
        "operator": "北陸鉄道株式会社",
        "ref": "15",
        "url": "",
        "url2": ""
      }
    },
    {
      "type": "Feature",
      "geometry": {
        "type": "Point",
        "coordinates": [
          136.671327,
          36.555691
        ]
      },
      "properties": {
        "内容": "バス停: 石引広見 (北陸鉄道株式会社)",
        "name": "石引広見",
        "operator": "北陸鉄道株式会社",
        "ref": "14",
        "url": "",
        "url2": ""
      }
    },
    {
      "type": "Feature",
      "geometry": {
        "type": "Point",
        "coordinates": [
          136.668597,
          36.554258
        ]
      },
      "properties": {
        "内容": "バス停: 一本松陸橋 (北陸鉄道株式会社)",
        "name": "一本松陸橋",
        "operator": "北陸鉄道株式会社",
        "ref": "13",
        "url": "",
        "url2": ""
      }
    },
    {
      "type": "Feature",
      "geometry": {
        "type": "Point",
        "coordinates": [
          136.667615,
          36.553749
        ]
      },
      "properties": {
        "内容": "バス停: 二十人坂 (北陸鉄道株式会社)",
        "name": "二十人坂",
        "operator": "北陸鉄道株式会社",
        "ref": "12",
        "url": "",
        "url2": ""
      }
    },
    {
      "type": "Feature",
      "geometry": {
        "type": "Point",
        "coordinates": [
          136.664515,
          36.553064
        ]
      },
      "properties": {
        "内容": "バス停: 猿丸児童公園 (北陸鉄道株式会社)",
        "name": "猿丸児童公園",
        "operator": "北陸鉄道株式会社",
        "ref": "11",
        "url": "",
        "url2": ""
      }
    },
    {
      "type": "Feature",
      "geometry": {
        "type": "Point",
        "coordinates": [
          136.66327,
          36.552405
        ]
      },
      "properties": {
        "内容": "バス停: 犀川大通り (北陸鉄道株式会社)",
        "name": "犀川大通り",
        "operator": "北陸鉄道株式会社",
        "ref": "10",
        "url": "",
        "url2": ""
      }
    },
    {
      "type": "Feature",
      "geometry": {
        "type": "Point",
        "coordinates": [
          136.662219,
          36.551733
        ]
      },
      "properties": {
        "内容": "バス停: 川上広見 (北陸鉄道株式会社)",
        "name": "川上広見",
        "operator": "北陸鉄道株式会社",
        "ref": "9",
        "url": "",
        "url2": ""
      }
    },
    {
      "type": "Feature",
      "geometry": {
        "type": "Point",
        "coordinates": [
          136.660159,
          36.551392
        ]
      },
      "properties": {
        "内容": "バス停: 菊川町公民館 (北陸鉄道株式会社)",
        "name": "菊川町公民館",
        "operator": "北陸鉄道株式会社",
        "ref": "8",
        "url": "",
        "url2": ""
      }
    },
    {
      "type": "Feature",
      "geometry": {
        "type": "Point",
        "coordinates": [
          136.658563,
          36.55247
        ]
      },
      "properties": {
        "内容": "バス停: 上川除 (北陸鉄道株式会社)",
        "name": "上川除",
        "operator": "北陸鉄道株式会社",
        "ref": "7",
        "url": "",
        "url2": ""
      }
    },
    {
      "type": "Feature",
      "geometry": {
        "type": "Point",
        "coordinates": [
          136.65691,
          36.553583
        ]
      },
      "properties": {
        "内容": "バス停: 桜橋 (北陸鉄道株式会社)",
        "name": "桜橋",
        "operator": "北陸鉄道株式会社",
        "ref": "6",
        "url": "",
        "url2": ""
      }
    },
    {
      "type": "Feature",
      "geometry": {
        "type": "Point",
        "coordinates": [
          136.655894,
          36.555956
        ]
      },
      "properties": {
        "内容": "バス停: 新竪町 (北陸鉄道株式会社)",
        "name": "新竪町",
        "operator": "北陸鉄道株式会社",
        "ref": "5",
        "url": "",
        "url2": ""
      }
    },
    {
      "type": "Feature",
      "geometry": {
        "type": "Point",
        "coordinates": [
          136.6550251,
          36.5575475
        ]
      },
      "properties": {
        "内容": "バス停: タテマチ (北陸鉄道株式会社)",
        "name": "タテマチ",
        "operator": "北陸鉄道株式会社",
        "ref": "4",
        "url": "",
        "url2": ""
      }
    },
    {
      "type": "Feature",
      "geometry": {
        "type": "Point",
        "coordinates": [
          136.653271,
          36.558696
        ]
      },
      "properties": {
        "内容": "バス停: 大工町 (北陸鉄道株式会社)",
        "name": "大工町",
        "operator": "北陸鉄道株式会社",
        "ref": "3",
        "url": "",
        "url2": ""
      }
    },
    {
      "type": "Feature",
      "geometry": {
        "type": "Point",
        "coordinates": [
          136.653174,
          36.560618
        ]
      },
      "properties": {
        "内容": "バス停: 片町 (北陸鉄道株式会社)",
        "name": "片町",
        "operator": "北陸鉄道株式会社",
        "ref": "2",
        "url": "",
        "url2": ""
      }
    },
    {
      "type": "Feature",
      "geometry": {
        "type": "Point",
        "coordinates": [
          136.654805,
          36.561984
        ]
      },
      "properties": {
        "内容": "バス停: 香林坊 (北陸鉄道株式会社)",
        "name": "香林坊",
        "operator": "北陸鉄道株式会社",
        "ref": "1",
        "url": "",
        "url2": ""
      }
    },
    {
      "type": "Feature",
      "geometry": {
        "type": "Point",
        "coordinates": [
          136.656994,
          36.560864
        ]
      },
      "properties": {
        "内容": "バス停: 市役所・柿木畠 (北陸鉄道株式会社)",
        "name": "市役所・柿木畠",
        "operator": "北陸鉄道株式会社",
        "ref": "24",
        "url": "",
        "url2": ""
      }
    },
    {
      "type": "Feature",
      "geometry": {
        "type": "Point",
        "coordinates": [
          136.657911,
          36.559364
        ]
      },
      "properties": {
        "内容": "バス停: ふるさと偉人館 (北陸鉄道株式会社)",
        "name": "ふるさと偉人館",
        "operator": "北陸鉄道株式会社",
        "ref": "23",
        "url": "",
        "url2": ""
      }
    },
    {
      "type": "Feature",
      "geometry": {
        "type": "Point",
        "coordinates": [
          136.659375,
          36.561088
        ]
      },
      "properties": {
        "内容": "バス停: 21世紀美術館 (北陸鉄道株式会社)",
        "name": "21世紀美術館",
        "operator": "北陸鉄道株式会社",
        "ref": "22",
        "url": "",
        "url2": ""
      }
    },
    {
      "type": "Feature",
      "geometry": {
        "type": "Point",
        "coordinates": [
          136.662025,
          36.560325
        ]
      },
      "properties": {
        "内容": "バス停: 国立工芸館・県立美術館 (北陸鉄道株式会社)",
        "name": "国立工芸館・県立美術館",
        "operator": "北陸鉄道株式会社",
        "ref": "21",
        "url": "",
        "url2": ""
      }
    },
    {
      "type": "Feature",
      "geometry": {
        "type": "Point",
        "coordinates": [
          136.6647177,
          36.5579302
        ]
      },
      "properties": {
        "内容": "バス停: 本多の森ホール (北陸鉄道株式会社)",
        "name": "本多の森ホール",
        "operator": "北陸鉄道株式会社",
        "ref": "20",
        "url": "",
        "url2": ""
      }
    },
    {
      "type": "Feature",
      "geometry": {
        "type": "Point",
        "coordinates": [
          136.666929,
          36.558423
        ]
      },
      "properties": {
        "内容": "バス停: 飛梅町 (北陸鉄道株式会社)",
        "name": "飛梅町",
        "operator": "北陸鉄道株式会社",
        "ref": "19",
        "url": "",
        "url2": ""
      }
    },
    {
      "type": "Feature",
      "geometry": {
        "type": "Point",
        "coordinates": [
          136.650483,
          36.562595
        ]
      },
      "properties": {
        "内容": "バス停: 老舗記念館 (西日本ジェイアールバス株式会社)",
        "name": "老舗記念館",
        "operator": "西日本ジェイアールバス株式会社",
        "ref": "18",
        "url": "",
        "url2": ""
      }
    },
    {
      "type": "Feature",
      "geometry": {
        "type": "Point",
        "coordinates": [
          136.64575,
          36.569653
        ]
      },
      "properties": {
        "内容": "バス停: 女性センター (西日本ジェイアールバス株式会社)",
        "name": "女性センター",
        "operator": "西日本ジェイアールバス株式会社",
        "ref": "5",
        "url": "",
        "url2": ""
      }
    },
    {
      "type": "Feature",
      "geometry": {
        "type": "Point",
        "coordinates": [
          136.647145,
          36.560793
        ]
      },
      "properties": {
        "内容": "バス停: 千日町 (西日本ジェイアールバス株式会社)",
        "name": "千日町",
        "operator": "西日本ジェイアールバス株式会社",
        "ref": "12",
        "url": "",
        "url2": ""
      }
    },
    {
      "type": "Feature",
      "geometry": {
        "type": "Point",
        "coordinates": [
          136.649411,
          36.565413
        ]
      },
      "properties": {
        "内容": "バス停: 聖霊病院・聖堂 (西日本ジェイアールバス株式会社)",
        "name": "聖霊病院・聖堂",
        "operator": "西日本ジェイアールバス株式会社",
        "ref": "20",
        "url": "",
        "url2": ""
      }
    },
    {
      "type": "Feature",
      "geometry": {
        "type": "Point",
        "coordinates": [
          136.6517507,
          36.5752705
        ]
      },
      "properties": {
        "内容": "バス停: リファーレ・西門通り (西日本ジェイアールバス株式会社)",
        "name": "リファーレ・西門通り",
        "operator": "西日本ジェイアールバス株式会社",
        "ref": "24",
        "url": "",
        "url2": ""
      }
    },
    {
      "type": "Feature",
      "geometry": {
        "type": "Point",
        "coordinates": [
          136.645098,
          36.566635
        ]
      },
      "properties": {
        "内容": "バス停: 中央市民体育館 (西日本ジェイアールバス株式会社)",
        "name": "中央市民体育館",
        "operator": "西日本ジェイアールバス株式会社",
        "ref": "7",
        "url": "",
        "url2": ""
      }
    },
    {
      "type": "Feature",
      "geometry": {
        "type": "Point",
        "coordinates": [
          136.647448,
          36.557656
        ]
      },
      "properties": {
        "内容": "バス停: にし茶屋街 (西日本ジェイアールバス株式会社)",
        "name": "にし茶屋街",
        "operator": "西日本ジェイアールバス株式会社",
        "ref": "14",
        "url": "",
        "url2": ""
      }
    },
    {
      "type": "Feature",
      "geometry": {
        "type": "Point",
        "coordinates": [
          136.649988,
          36.56877
        ]
      },
      "properties": {
        "内容": "バス停: 玉川公園 (西日本ジェイアールバス株式会社)",
        "name": "玉川公園",
        "operator": "西日本ジェイアールバス株式会社",
        "ref": "22",
        "url": "",
        "url2": ""
      }
    },
    {
      "type": "Feature",
      "geometry": {
        "type": "Point",
        "coordinates": [
          136.6509149,
          36.5723428
        ]
      },
      "properties": {
        "内容": "バス停: 玉川町 (西日本ジェイアールバス株式会社)",
        "name": "玉川町",
        "operator": "西日本ジェイアールバス株式会社",
        "ref": "23",
        "url": "",
        "url2": ""
      }
    },
    {
      "type": "Feature",
      "geometry": {
        "type": "Point",
        "coordinates": [
          136.642614,
          36.563044
        ]
      },
      "properties": {
        "内容": "バス停: 御影大橋南 (西日本ジェイアールバス株式会社)",
        "name": "御影大橋南",
        "operator": "西日本ジェイアールバス株式会社",
        "ref": "9",
        "url": "",
        "url2": ""
      }
    },
    {
      "type": "Feature",
      "geometry": {
        "type": "Point",
        "coordinates": [
          136.651254,
          36.559175
        ]
      },
      "properties": {
        "内容": "バス停: 片町・犀川大橋北 (西日本ジェイアールバス株式会社)",
        "name": "片町・犀川大橋北",
        "operator": "西日本ジェイアールバス株式会社",
        "ref": "16",
        "url": "",
        "url2": ""
      }
    },
    {
      "type": "Feature",
      "geometry": {
        "type": "Point",
        "coordinates": [
          136.6534032,
          36.5701024
        ]
      },
      "properties": {
        "内容": "バス停: 松ヶ枝緑地 (西日本ジェイアールバス株式会社)",
        "name": "松ヶ枝緑地",
        "operator": "西日本ジェイアールバス株式会社",
        "ref": "2",
        "url": "",
        "url2": ""
      }
    },
    {
      "type": "Feature",
      "geometry": {
        "type": "Point",
        "coordinates": [
          136.647863,
          36.570205
        ]
      },
      "properties": {
        "内容": "バス停: 芳斉1丁目 (西日本ジェイアールバス株式会社)",
        "name": "芳斉1丁目",
        "operator": "西日本ジェイアールバス株式会社",
        "ref": "4",
        "url": "",
        "url2": ""
      }
    },
    {
      "type": "Feature",
      "geometry": {
        "type": "Point",
        "coordinates": [
          136.644393,
          36.560506
        ]
      },
      "properties": {
        "内容": "バス停: 中村神社 (西日本ジェイアールバス株式会社)",
        "name": "中村神社",
        "operator": "西日本ジェイアールバス株式会社",
        "ref": "11",
        "url": "",
        "url2": ""
      }
    },
    {
      "type": "Feature",
      "geometry": {
        "type": "Point",
        "coordinates": [
          136.649815,
          36.563989
        ]
      },
      "properties": {
        "内容": "バス停: 長町武家屋敷跡 (西日本ジェイアールバス株式会社)",
        "name": "長町武家屋敷跡",
        "operator": "西日本ジェイアールバス株式会社",
        "ref": "19",
        "url": "",
        "url2": ""
      }
    },
    {
      "type": "Feature",
      "geometry": {
        "type": "Point",
        "coordinates": [
          136.645229,
          36.568205
        ]
      },
      "properties": {
        "内容": "バス停: 長土塀 (西日本ジェイアールバス株式会社)",
        "name": "長土塀",
        "operator": "西日本ジェイアールバス株式会社",
        "ref": "6",
        "url": "",
        "url2": ""
      }
    },
    {
      "type": "Feature",
      "geometry": {
        "type": "Point",
        "coordinates": [
          136.647182,
          36.559377
        ]
      },
      "properties": {
        "内容": "バス停: 白菊町 (西日本ジェイアールバス株式会社)",
        "name": "白菊町",
        "operator": "西日本ジェイアールバス株式会社",
        "ref": "13",
        "url": "",
        "url2": "Q11580332"
      }
    },
    {
      "type": "Feature",
      "geometry": {
        "type": "Point",
        "coordinates": [
          136.649843,
          36.567445
        ]
      },
      "properties": {
        "内容": "バス停: 旧中央小学校 (西日本ジェイアールバス株式会社)",
        "name": "旧中央小学校",
        "operator": "西日本ジェイアールバス株式会社",
        "ref": "21",
        "url": "",
        "url2": ""
      }
    },
    {
      "type": "Feature",
      "geometry": {
        "type": "Point",
        "coordinates": [
          136.644677,
          36.564948
        ]
      },
      "properties": {
        "内容": "バス停: 富本町 (西日本ジェイアールバス株式会社)",
        "name": "富本町",
        "operator": "西日本ジェイアールバス株式会社",
        "ref": "8",
        "url": "",
        "url2": ""
      }
    },
    {
      "type": "Feature",
      "geometry": {
        "type": "Point",
        "coordinates": [
          136.649314,
          36.557617
        ]
      },
      "properties": {
        "内容": "バス停: 野町広小路 (西日本ジェイアールバス株式会社)",
        "name": "野町広小路",
        "operator": "西日本ジェイアールバス株式会社",
        "ref": "15",
        "url": "",
        "url2": ""
      }
    },
    {
      "type": "Feature",
      "geometry": {
        "type": "Point",
        "coordinates": [
          136.650717,
          36.57036
        ]
      },
      "properties": {
        "内容": "バス停: 玉川図書館 (西日本ジェイアールバス株式会社)",
        "name": "玉川図書館",
        "operator": "西日本ジェイアールバス株式会社",
        "ref": "3",
        "url": "",
        "url2": ""
      }
    },
    {
      "type": "Feature",
      "geometry": {
        "type": "Point",
        "coordinates": [
          136.64296,
          36.561475
        ]
      },
      "properties": {
        "内容": "バス停: 中村町小学校 (西日本ジェイアールバス株式会社)",
        "name": "中村町小学校",
        "operator": "西日本ジェイアールバス株式会社",
        "ref": "10",
        "url": "",
        "url2": ""
      }
    },
    {
      "type": "Feature",
      "geometry": {
        "type": "Point",
        "coordinates": [
          136.6510312,
          36.56054
        ]
      },
      "properties": {
        "内容": "バス停: 片町中央通り (西日本ジェイアールバス株式会社)",
        "name": "片町中央通り",
        "operator": "西日本ジェイアールバス株式会社",
        "ref": "17",
        "url": "",
        "url2": ""
      }
    },
    {
      "type": "Feature",
      "geometry": {
        "type": "Point",
        "coordinates": [
          136.6730373,
          36.5627562
        ]
      },
      "properties": {
        "内容": "バス停: 暁町 (北陸鉄道)",
        "name": "暁町",
        "operator": "北陸鉄道",
        "ref": "B",
        "url": "",
        "url2": ""
      }
    },
    {
      "type": "Feature",
      "geometry": {
        "type": "Point",
        "coordinates": [
          136.6717517,
          36.5542568
        ]
      },
      "properties": {
        "内容": "バス停: 小立野 (北陸鉄道グループ)",
        "name": "小立野",
        "operator": "北陸鉄道グループ",
        "ref": "",
        "url": "",
        "url2": ""
      }
    },
    {
      "type": "Feature",
      "geometry": {
        "type": "Point",
        "coordinates": [
          136.6716347,
          36.5545506
        ]
      },
      "properties": {
        "内容": "バス停: 小立野 (北陸鉄道グループ)",
        "name": "小立野",
        "operator": "北陸鉄道グループ",
        "ref": "",
        "url": "",
        "url2": ""
      }
    },
    {
      "type": "Feature",
      "geometry": {
        "type": "Point",
        "coordinates": [
          136.6947318,
          36.5138467
        ]
      },
      "properties": {
        "内容": "バス停: 東部車庫 (北陸鉄道グループ)",
        "name": "東部車庫",
        "operator": "北陸鉄道グループ",
        "ref": "",
        "url": "",
        "url2": ""
      }
    },
    {
      "type": "Feature",
      "geometry": {
        "type": "Point",
        "coordinates": [
          136.6948141,
          36.5139601
        ]
      },
      "properties": {
        "内容": "バス停: 東部車庫 (北陸鉄道グループ)",
        "name": "東部車庫",
        "operator": "北陸鉄道グループ",
        "ref": "",
        "url": "",
        "url2": ""
      }
    },
    {
      "type": "Feature",
      "geometry": {
        "type": "Point",
        "coordinates": [
          136.6897323,
          36.532304
        ]
      },
      "properties": {
        "内容": "バス停: 土清水 (北陸鉄道グループ)",
        "name": "土清水",
        "operator": "北陸鉄道グループ",
        "ref": "",
        "url": "",
        "url2": ""
      }
    },
    {
      "type": "Feature",
      "geometry": {
        "type": "Point",
        "coordinates": [
          136.6898011,
          36.5330612
        ]
      },
      "properties": {
        "内容": "バス停: 土清水 (北陸鉄道グループ)",
        "name": "土清水",
        "operator": "北陸鉄道グループ",
        "ref": "",
        "url": "",
        "url2": ""
      }
    },
    {
      "type": "Feature",
      "geometry": {
        "type": "Point",
        "coordinates": [
          136.6894621,
          36.5287984
        ]
      },
      "properties": {
        "内容": "バス停: 大道割口 (北陸鉄道グループ)",
        "name": "大道割口",
        "operator": "北陸鉄道グループ",
        "ref": "",
        "url": "",
        "url2": ""
      }
    },
    {
      "type": "Feature",
      "geometry": {
        "type": "Point",
        "coordinates": [
          136.6891848,
          36.5279069
        ]
      },
      "properties": {
        "内容": "バス停: 大道割口 (北陸鉄道グループ)",
        "name": "大道割口",
        "operator": "北陸鉄道グループ",
        "ref": "",
        "url": "",
        "url2": ""
      }
    },
    {
      "type": "Feature",
      "geometry": {
        "type": "Point",
        "coordinates": [
          136.6870629,
          36.5220067
        ]
      },
      "properties": {
        "内容": "バス停: 永安町 (北陸鉄道グループ)",
        "name": "永安町",
        "operator": "北陸鉄道グループ",
        "ref": "",
        "url": "",
        "url2": ""
      }
    },
    {
      "type": "Feature",
      "geometry": {
        "type": "Point",
        "coordinates": [
          136.6868866,
          36.5229033
        ]
      },
      "properties": {
        "内容": "バス停: 永安町 (北陸鉄道グループ)",
        "name": "永安町",
        "operator": "北陸鉄道グループ",
        "ref": "",
        "url": "",
        "url2": ""
      }
    },
    {
      "type": "Feature",
      "geometry": {
        "type": "Point",
        "coordinates": [
          136.687492,
          36.5171517
        ]
      },
      "properties": {
        "内容": "バス停: 末 (北陸鉄道グループ)",
        "name": "末",
        "operator": "北陸鉄道グループ",
        "ref": "",
        "url": "",
        "url2": ""
      }
    },
    {
      "type": "Feature",
      "geometry": {
        "type": "Point",
        "coordinates": [
          136.690947,
          36.5153926
        ]
      },
      "properties": {
        "内容": "バス停: 都雅野住宅 (北陸鉄道グループ)",
        "name": "都雅野住宅",
        "operator": "北陸鉄道グループ",
        "ref": "",
        "url": "",
        "url2": ""
      }
    },
    {
      "type": "Feature",
      "geometry": {
        "type": "Point",
        "coordinates": [
          136.6915981,
          36.5153705
        ]
      },
      "properties": {
        "内容": "バス停: 都雅野住宅 (北陸鉄道グループ)",
        "name": "都雅野住宅",
        "operator": "北陸鉄道グループ",
        "ref": "",
        "url": "",
        "url2": ""
      }
    },
    {
      "type": "Feature",
      "geometry": {
        "type": "Point",
        "coordinates": [
          136.6750333,
          36.551292
        ]
      },
      "properties": {
        "内容": "バス停: 天徳院前 (北陸鉄道グループ)",
        "name": "天徳院前",
        "operator": "北陸鉄道グループ",
        "ref": "",
        "url": "",
        "url2": ""
      }
    },
    {
      "type": "Feature",
      "geometry": {
        "type": "Point",
        "coordinates": [
          136.6772503,
          36.5493512
        ]
      },
      "properties": {
        "内容": "バス停: 小立野三丁目 (北陸鉄道グループ)",
        "name": "小立野三丁目",
        "operator": "北陸鉄道グループ",
        "ref": "",
        "url": "",
        "url2": ""
      }
    },
    {
      "type": "Feature",
      "geometry": {
        "type": "Point",
        "coordinates": [
          136.6802953,
          36.5465623
        ]
      },
      "properties": {
        "内容": "バス停: 崎浦・県立図書館口 (北陸鉄道グループ)",
        "name": "崎浦・県立図書館口",
        "operator": "北陸鉄道グループ",
        "ref": "B",
        "url": "",
        "url2": ""
      }
    },
    {
      "type": "Feature",
      "geometry": {
        "type": "Point",
        "coordinates": [
          136.6822121,
          36.544769
        ]
      },
      "properties": {
        "内容": "バス停: 小立野一丁目 (北陸鉄道グループ)",
        "name": "小立野一丁目",
        "operator": "北陸鉄道グループ",
        "ref": "",
        "url": "",
        "url2": ""
      }
    },
    {
      "type": "Feature",
      "geometry": {
        "type": "Point",
        "coordinates": [
          136.6821281,
          36.5446911
        ]
      },
      "properties": {
        "内容": "バス停: 小立野一丁目 (北陸鉄道グループ)",
        "name": "小立野一丁目",
        "operator": "北陸鉄道グループ",
        "ref": "",
        "url": "",
        "url2": ""
      }
    },
    {
      "type": "Feature",
      "geometry": {
        "type": "Point",
        "coordinates": [
          136.6844356,
          36.5422577
        ]
      },
      "properties": {
        "内容": "バス停: 錦町 (北陸鉄道グループ)",
        "name": "錦町",
        "operator": "北陸鉄道グループ",
        "ref": "",
        "url": "",
        "url2": ""
      }
    },
    {
      "type": "Feature",
      "geometry": {
        "type": "Point",
        "coordinates": [
          136.6877934,
          36.5363155
        ]
      },
      "properties": {
        "内容": "バス停: 土清水口 (北陸鉄道グループ)",
        "name": "土清水口",
        "operator": "北陸鉄道グループ",
        "ref": "",
        "url": "",
        "url2": ""
      }
    },
    {
      "type": "Feature",
      "geometry": {
        "type": "Point",
        "coordinates": [
          136.6878712,
          36.5364564
        ]
      },
      "properties": {
        "内容": "バス停: 土清水口 (北陸鉄道グループ)",
        "name": "土清水口",
        "operator": "北陸鉄道グループ",
        "ref": "",
        "url": "",
        "url2": ""
      }
    },
    {
      "type": "Feature",
      "geometry": {
        "type": "Point",
        "coordinates": [
          136.6657004,
          36.5597794
        ]
      },
      "properties": {
        "内容": "バス停: 出羽町 (北陸鉄道グループ)",
        "name": "出羽町",
        "operator": "北陸鉄道グループ",
        "ref": "",
        "url": "",
        "url2": ""
      }
    },
    {
      "type": "Feature",
      "geometry": {
        "type": "Point",
        "coordinates": [
          136.6654148,
          36.5598621
        ]
      },
      "properties": {
        "内容": "バス停: 出羽町 (北陸鉄道グループ)",
        "name": "出羽町",
        "operator": "北陸鉄道グループ",
        "ref": "",
        "url": "",
        "url2": ""
      }
    },
    {
      "type": "Feature",
      "geometry": {
        "type": "Point",
        "coordinates": [
          136.6680061,
          36.557644
        ]
      },
      "properties": {
        "内容": "バス停: 石引町 (北陸鉄道グループ)",
        "name": "石引町",
        "operator": "北陸鉄道グループ",
        "ref": "",
        "url": "",
        "url2": ""
      }
    },
    {
      "type": "Feature",
      "geometry": {
        "type": "Point",
        "coordinates": [
          136.6683327,
          36.5571636
        ]
      },
      "properties": {
        "内容": "バス停: 石引町 (北陸鉄道グループ)",
        "name": "石引町",
        "operator": "北陸鉄道グループ",
        "ref": "",
        "url": "",
        "url2": ""
      }
    },
    {
      "type": "Feature",
      "geometry": {
        "type": "Point",
        "coordinates": [
          136.671845,
          36.5557084
        ]
      },
      "properties": {
        "内容": "バス停: 石引広見 (北陸鉄道グループ)",
        "name": "石引広見",
        "operator": "北陸鉄道グループ",
        "ref": "",
        "url": "",
        "url2": ""
      }
    },
    {
      "type": "Feature",
      "geometry": {
        "type": "Point",
        "coordinates": [
          136.6715392,
          36.5558296
        ]
      },
      "properties": {
        "内容": "バス停: 石引広見 (北陸鉄道グループ)",
        "name": "石引広見",
        "operator": "北陸鉄道グループ",
        "ref": "",
        "url": "",
        "url2": ""
      }
    },
    {
      "type": "Feature",
      "geometry": {
        "type": "Point",
        "coordinates": [
          136.6493319,
          36.5774207
        ]
      },
      "properties": {
        "内容": "バス停: 金沢駅",
        "name": "金沢駅",
        "operator": "事業者不明",
        "ref": "",
        "url": "",
        "url2": ""
      }
    },
    {
      "type": "Feature",
      "geometry": {
        "type": "Point",
        "coordinates": [
          136.6612275,
          36.5712246
        ]
      },
      "properties": {
        "内容": "バス停: 尾張町 (北陸鉄道グループ)",
        "name": "尾張町",
        "operator": "北陸鉄道グループ",
        "ref": "",
        "url": "",
        "url2": ""
      }
    },
    {
      "type": "Feature",
      "geometry": {
        "type": "Point",
        "coordinates": [
          136.5911571,
          36.4953165
        ]
      },
      "properties": {
        "内容": "バス停: 南部車庫 (北陸鉄道)",
        "name": "南部車庫",
        "operator": "北陸鉄道",
        "ref": "",
        "url": "",
        "url2": ""
      }
    },
    {
      "type": "Feature",
      "geometry": {
        "type": "Point",
        "coordinates": [
          136.590536,
          36.4956689
        ]
      },
      "properties": {
        "内容": "バス停: 南部車庫",
        "name": "南部車庫",
        "operator": "事業者不明",
        "ref": "",
        "url": "",
        "url2": ""
      }
    },
    {
      "type": "Feature",
      "geometry": {
        "type": "Point",
        "coordinates": [
          136.6869353,
          36.522209
        ]
      },
      "properties": {
        "内容": "バス停: 永安町 (北陸鉄道グループ)",
        "name": "永安町",
        "operator": "北陸鉄道グループ",
        "ref": "",
        "url": "",
        "url2": ""
      }
    },
    {
      "type": "Feature",
      "geometry": {
        "type": "Point",
        "coordinates": [
          136.6877923,
          36.516973
        ]
      },
      "properties": {
        "内容": "バス停: 末 (北陸鉄道グループ)",
        "name": "末",
        "operator": "北陸鉄道グループ",
        "ref": "",
        "url": "",
        "url2": ""
      }
    },
    {
      "type": "Feature",
      "geometry": {
        "type": "Point",
        "coordinates": [
          136.7557526,
          36.4880688
        ]
      },
      "properties": {
        "内容": "バス停: 湯涌温泉",
        "name": "湯涌温泉",
        "operator": "事業者不明",
        "ref": "",
        "url": "",
        "url2": ""
      }
    },
    {
      "type": "Feature",
      "geometry": {
        "type": "Point",
        "coordinates": [
          136.6953902,
          36.719266
        ]
      },
      "properties": {
        "内容": "バス停: 名称不明バス停",
        "name": "名称不明バス停",
        "operator": "事業者不明",
        "ref": "",
        "url": "",
        "url2": ""
      }
    },
    {
      "type": "Feature",
      "geometry": {
        "type": "Point",
        "coordinates": [
          136.7051687,
          36.6315501
        ]
      },
      "properties": {
        "内容": "バス停: 名称不明バス停",
        "name": "名称不明バス停",
        "operator": "事業者不明",
        "ref": "",
        "url": "",
        "url2": ""
      }
    },
    {
      "type": "Feature",
      "geometry": {
        "type": "Point",
        "coordinates": [
          136.705272,
          36.631534
        ]
      },
      "properties": {
        "内容": "バス停: 名称不明バス停",
        "name": "名称不明バス停",
        "operator": "事業者不明",
        "ref": "",
        "url": "",
        "url2": ""
      }
    },
    {
      "type": "Feature",
      "geometry": {
        "type": "Point",
        "coordinates": [
          136.7216047,
          36.6542469
        ]
      },
      "properties": {
        "内容": "バス停: 名称不明バス停",
        "name": "名称不明バス停",
        "operator": "事業者不明",
        "ref": "",
        "url": "",
        "url2": ""
      }
    },
    {
      "type": "Feature",
      "geometry": {
        "type": "Point",
        "coordinates": [
          136.5935003,
          36.5289979
        ]
      },
      "properties": {
        "内容": "バス停: 蓮花寺",
        "name": "蓮花寺",
        "operator": "事業者不明",
        "ref": "",
        "url": "",
        "url2": ""
      }
    },
    {
      "type": "Feature",
      "geometry": {
        "type": "Point",
        "coordinates": [
          137.2354035,
          37.4023777
        ]
      },
      "properties": {
        "内容": "バス停: 名称不明バス停",
        "name": "名称不明バス停",
        "operator": "事業者不明",
        "ref": "",
        "url": "",
        "url2": ""
      }
    },
    {
      "type": "Feature",
      "geometry": {
        "type": "Point",
        "coordinates": [
          137.2339661,
          37.4035335
        ]
      },
      "properties": {
        "内容": "バス停: 珠洲鵜飼 (北鉄奥能登バス)",
        "name": "珠洲鵜飼",
        "operator": "北鉄奥能登バス",
        "ref": "",
        "url": "",
        "url2": ""
      }
    },
    {
      "type": "Feature",
      "geometry": {
        "type": "Point",
        "coordinates": [
          137.2474058,
          37.4265141
        ]
      },
      "properties": {
        "内容": "バス停: 上戸 (北鉄奥能登バス)",
        "name": "上戸",
        "operator": "北鉄奥能登バス",
        "ref": "",
        "url": "",
        "url2": ""
      }
    },
    {
      "type": "Feature",
      "geometry": {
        "type": "Point",
        "coordinates": [
          137.2479187,
          37.4200926
        ]
      },
      "properties": {
        "内容": "バス停: 名称不明バス停",
        "name": "名称不明バス停",
        "operator": "事業者不明",
        "ref": "",
        "url": "",
        "url2": ""
      }
    },
    {
      "type": "Feature",
      "geometry": {
        "type": "Point",
        "coordinates": [
          137.2579632,
          37.4326006
        ]
      },
      "properties": {
        "内容": "バス停: 名称不明バス停",
        "name": "名称不明バス停",
        "operator": "事業者不明",
        "ref": "",
        "url": "",
        "url2": ""
      }
    },
    {
      "type": "Feature",
      "geometry": {
        "type": "Point",
        "coordinates": [
          137.2561917,
          37.4312264
        ]
      },
      "properties": {
        "内容": "バス停: 北方 (北鉄奥能登バス)",
        "name": "北方",
        "operator": "北鉄奥能登バス",
        "ref": "",
        "url": "",
        "url2": ""
      }
    },
    {
      "type": "Feature",
      "geometry": {
        "type": "Point",
        "coordinates": [
          137.2598012,
          37.4362065
        ]
      },
      "properties": {
        "内容": "バス停: 珠洲市役所前 (北鉄奥能登バス)",
        "name": "珠洲市役所前",
        "operator": "北鉄奥能登バス",
        "ref": "",
        "url": "",
        "url2": ""
      }
    },
    {
      "type": "Feature",
      "geometry": {
        "type": "Point",
        "coordinates": [
          137.2597557,
          37.4362888
        ]
      },
      "properties": {
        "内容": "バス停: 市役所前 (珠洲市)",
        "name": "市役所前",
        "operator": "珠洲市",
        "ref": "",
        "url": "",
        "url2": ""
      }
    },
    {
      "type": "Feature",
      "geometry": {
        "type": "Point",
        "coordinates": [
          137.2612445,
          37.4360991
        ]
      },
      "properties": {
        "内容": "バス停: 名称不明バス停",
        "name": "名称不明バス停",
        "operator": "事業者不明",
        "ref": "",
        "url": "",
        "url2": ""
      }
    },
    {
      "type": "Feature",
      "geometry": {
        "type": "Point",
        "coordinates": [
          137.2626293,
          37.4354026
        ]
      },
      "properties": {
        "内容": "バス停: 能登飯田 (北鉄奥能登バス)",
        "name": "能登飯田",
        "operator": "北鉄奥能登バス",
        "ref": "",
        "url": "",
        "url2": ""
      }
    },
    {
      "type": "Feature",
      "geometry": {
        "type": "Point",
        "coordinates": [
          137.2632102,
          37.4348123
        ]
      },
      "properties": {
        "内容": "バス停: 名称不明バス停",
        "name": "名称不明バス停",
        "operator": "事業者不明",
        "ref": "",
        "url": "",
        "url2": ""
      }
    },
    {
      "type": "Feature",
      "geometry": {
        "type": "Point",
        "coordinates": [
          137.2633304,
          37.434712
        ]
      },
      "properties": {
        "内容": "バス停: 名称不明バス停",
        "name": "名称不明バス停",
        "operator": "事業者不明",
        "ref": "",
        "url": "",
        "url2": ""
      }
    },
    {
      "type": "Feature",
      "geometry": {
        "type": "Point",
        "coordinates": [
          137.2635892,
          37.4358423
        ]
      },
      "properties": {
        "内容": "バス停: 名称不明バス停",
        "name": "名称不明バス停",
        "operator": "事業者不明",
        "ref": "",
        "url": "",
        "url2": ""
      }
    },
    {
      "type": "Feature",
      "geometry": {
        "type": "Point",
        "coordinates": [
          137.26107,
          37.4345474
        ]
      },
      "properties": {
        "内容": "バス停: 南町 (北鉄奥能登バス)",
        "name": "南町",
        "operator": "北鉄奥能登バス",
        "ref": "",
        "url": "",
        "url2": ""
      }
    },
    {
      "type": "Feature",
      "geometry": {
        "type": "Point",
        "coordinates": [
          137.3262694,
          37.522923
        ]
      },
      "properties": {
        "内容": "バス停: 狼煙口",
        "name": "狼煙口",
        "operator": "事業者不明",
        "ref": "",
        "url": "",
        "url2": ""
      }
    },
    {
      "type": "Feature",
      "geometry": {
        "type": "Point",
        "coordinates": [
          137.1475733,
          37.3063567
        ]
      },
      "properties": {
        "内容": "バス停: 能登田町 (北鉄奥能登バス)",
        "name": "能登田町",
        "operator": "北鉄奥能登バス",
        "ref": "",
        "url": "",
        "url2": ""
      }
    },
    {
      "type": "Feature",
      "geometry": {
        "type": "Point",
        "coordinates": [
          137.1481541,
          37.3068407
        ]
      },
      "properties": {
        "内容": "バス停: 能登田町 (北鉄奥能登バス)",
        "name": "能登田町",
        "operator": "北鉄奥能登バス",
        "ref": "",
        "url": "",
        "url2": ""
      }
    },
    {
      "type": "Feature",
      "geometry": {
        "type": "Point",
        "coordinates": [
          136.625341,
          36.1762189
        ]
      },
      "properties": {
        "内容": "バス停: 白峰北口",
        "name": "白峰北口",
        "operator": "事業者不明",
        "ref": "",
        "url": "",
        "url2": ""
      }
    },
    {
      "type": "Feature",
      "geometry": {
        "type": "Point",
        "coordinates": [
          136.6809774,
          36.5488111
        ]
      },
      "properties": {
        "内容": "バス停: 石川県立図書館 (北陸鉄道グループ)",
        "name": "石川県立図書館",
        "operator": "北陸鉄道グループ",
        "ref": "",
        "url": "",
        "url2": ""
      }
    },
    {
      "type": "Feature",
      "geometry": {
        "type": "Point",
        "coordinates": [
          137.2696778,
          37.4415638
        ]
      },
      "properties": {
        "内容": "バス停: すずなり館前 (北鉄奥能登バス)",
        "name": "すずなり館前",
        "operator": "北鉄奥能登バス",
        "ref": "",
        "url": "",
        "url2": ""
      }
    },
    {
      "type": "Feature",
      "geometry": {
        "type": "Point",
        "coordinates": [
          137.2696719,
          37.4415625
        ]
      },
      "properties": {
        "内容": "バス停: すずなり館前 (珠洲市)",
        "name": "すずなり館前",
        "operator": "珠洲市",
        "ref": "",
        "url": "",
        "url2": ""
      }
    },
    {
      "type": "Feature",
      "geometry": {
        "type": "Point",
        "coordinates": [
          137.2698732,
          37.4413871
        ]
      },
      "properties": {
        "内容": "バス停: すずなり館前 (北鉄奥能登バス)",
        "name": "すずなり館前",
        "operator": "北鉄奥能登バス",
        "ref": "",
        "url": "",
        "url2": ""
      }
    },
    {
      "type": "Feature",
      "geometry": {
        "type": "Point",
        "coordinates": [
          137.270417,
          37.4431509
        ]
      },
      "properties": {
        "内容": "バス停: 総合病院 (珠洲市)",
        "name": "総合病院",
        "operator": "珠洲市",
        "ref": "",
        "url": "",
        "url2": ""
      }
    },
    {
      "type": "Feature",
      "geometry": {
        "type": "Point",
        "coordinates": [
          137.2704196,
          37.4431539
        ]
      },
      "properties": {
        "内容": "バス停: 珠洲市総合病院前 (北鉄奥能登バス)",
        "name": "珠洲市総合病院前",
        "operator": "北鉄奥能登バス",
        "ref": "",
        "url": "",
        "url2": ""
      }
    },
    {
      "type": "Feature",
      "geometry": {
        "type": "Point",
        "coordinates": [
          137.2734392,
          37.4414325
        ]
      },
      "properties": {
        "内容": "バス停: 島田 (北鉄奥能登バス)",
        "name": "島田",
        "operator": "北鉄奥能登バス",
        "ref": "",
        "url": "",
        "url2": ""
      }
    },
    {
      "type": "Feature",
      "geometry": {
        "type": "Point",
        "coordinates": [
          137.2784615,
          37.4416945
        ]
      },
      "properties": {
        "内容": "バス停: 勝楽寺前 (北鉄奥能登バス)",
        "name": "勝楽寺前",
        "operator": "北鉄奥能登バス",
        "ref": "",
        "url": "",
        "url2": ""
      }
    },
    {
      "type": "Feature",
      "geometry": {
        "type": "Point",
        "coordinates": [
          137.2810889,
          37.4422412
        ]
      },
      "properties": {
        "内容": "バス停: 野々江 (北鉄奥能登バス)",
        "name": "野々江",
        "operator": "北鉄奥能登バス",
        "ref": "",
        "url": "",
        "url2": ""
      }
    },
    {
      "type": "Feature",
      "geometry": {
        "type": "Point",
        "coordinates": [
          137.2812996,
          37.4424372
        ]
      },
      "properties": {
        "内容": "バス停: 野々江 (北鉄奥能登バス)",
        "name": "野々江",
        "operator": "北鉄奥能登バス",
        "ref": "",
        "url": "",
        "url2": ""
      }
    },
    {
      "type": "Feature",
      "geometry": {
        "type": "Point",
        "coordinates": [
          137.2853673,
          37.4433448
        ]
      },
      "properties": {
        "内容": "バス停: 熊谷 (北鉄奥能登バス)",
        "name": "熊谷",
        "operator": "北鉄奥能登バス",
        "ref": "",
        "url": "",
        "url2": ""
      }
    },
    {
      "type": "Feature",
      "geometry": {
        "type": "Point",
        "coordinates": [
          137.2886872,
          37.4446611
        ]
      },
      "properties": {
        "内容": "バス停: 正院西口 (北鉄奥能登バス)",
        "name": "正院西口",
        "operator": "北鉄奥能登バス",
        "ref": "",
        "url": "",
        "url2": ""
      }
    },
    {
      "type": "Feature",
      "geometry": {
        "type": "Point",
        "coordinates": [
          137.2926034,
          37.4447081
        ]
      },
      "properties": {
        "内容": "バス停: 正院 (北鉄奥能登バス)",
        "name": "正院",
        "operator": "北鉄奥能登バス",
        "ref": "",
        "url": "",
        "url2": ""
      }
    },
    {
      "type": "Feature",
      "geometry": {
        "type": "Point",
        "coordinates": [
          137.2934335,
          37.4446668
        ]
      },
      "properties": {
        "内容": "バス停: 正院 (北鉄奥能登バス)",
        "name": "正院",
        "operator": "北鉄奥能登バス",
        "ref": "",
        "url": "",
        "url2": ""
      }
    },
    {
      "type": "Feature",
      "geometry": {
        "type": "Point",
        "coordinates": [
          137.2970854,
          37.4441387
        ]
      },
      "properties": {
        "内容": "バス停: 前浜 (北鉄奥能登バス)",
        "name": "前浜",
        "operator": "北鉄奥能登バス",
        "ref": "",
        "url": "",
        "url2": ""
      }
    },
    {
      "type": "Feature",
      "geometry": {
        "type": "Point",
        "coordinates": [
          137.3007907,
          37.442951
        ]
      },
      "properties": {
        "内容": "バス停: 珠洲川尻 (北鉄奥能登バス)",
        "name": "珠洲川尻",
        "operator": "北鉄奥能登バス",
        "ref": "",
        "url": "",
        "url2": ""
      }
    },
    {
      "type": "Feature",
      "geometry": {
        "type": "Point",
        "coordinates": [
          137.3008464,
          37.4428862
        ]
      },
      "properties": {
        "内容": "バス停: 珠洲川尻 (北鉄奥能登バス)",
        "name": "珠洲川尻",
        "operator": "北鉄奥能登バス",
        "ref": "",
        "url": "",
        "url2": ""
      }
    },
    {
      "type": "Feature",
      "geometry": {
        "type": "Point",
        "coordinates": [
          137.3081527,
          37.4423897
        ]
      },
      "properties": {
        "内容": "バス停: 弁天公園前 (北鉄奥能登バス)",
        "name": "弁天公園前",
        "operator": "北鉄奥能登バス",
        "ref": "",
        "url": "",
        "url2": ""
      }
    },
    {
      "type": "Feature",
      "geometry": {
        "type": "Point",
        "coordinates": [
          137.3088003,
          37.4422782
        ]
      },
      "properties": {
        "内容": "バス停: 弁天公園前 (北鉄奥能登バス)",
        "name": "弁天公園前",
        "operator": "北鉄奥能登バス",
        "ref": "",
        "url": "",
        "url2": ""
      }
    },
    {
      "type": "Feature",
      "geometry": {
        "type": "Point",
        "coordinates": [
          137.3130295,
          37.4420605
        ]
      },
      "properties": {
        "内容": "バス停: 本蛸島 (北鉄奥能登バス)",
        "name": "本蛸島",
        "operator": "北鉄奥能登バス",
        "ref": "",
        "url": "",
        "url2": ""
      }
    },
    {
      "type": "Feature",
      "geometry": {
        "type": "Point",
        "coordinates": [
          137.3135316,
          37.4419813
        ]
      },
      "properties": {
        "内容": "バス停: 本蛸島 (北鉄奥能登バス)",
        "name": "本蛸島",
        "operator": "北鉄奥能登バス",
        "ref": "",
        "url": "",
        "url2": ""
      }
    },
    {
      "type": "Feature",
      "geometry": {
        "type": "Point",
        "coordinates": [
          137.3194635,
          37.4406353
        ]
      },
      "properties": {
        "内容": "バス停: 蛸島本町 (北鉄奥能登バス)",
        "name": "蛸島本町",
        "operator": "北鉄奥能登バス",
        "ref": "",
        "url": "",
        "url2": ""
      }
    },
    {
      "type": "Feature",
      "geometry": {
        "type": "Point",
        "coordinates": [
          137.3245236,
          37.4409123
        ]
      },
      "properties": {
        "内容": "バス停: 旭町 (北鉄奥能登バス)",
        "name": "旭町",
        "operator": "北鉄奥能登バス",
        "ref": "",
        "url": "",
        "url2": ""
      }
    },
    {
      "type": "Feature",
      "geometry": {
        "type": "Point",
        "coordinates": [
          137.3243054,
          37.4408412
        ]
      },
      "properties": {
        "内容": "バス停: 旭町 (北鉄奥能登バス)",
        "name": "旭町",
        "operator": "北鉄奥能登バス",
        "ref": "",
        "url": "",
        "url2": ""
      }
    },
    {
      "type": "Feature",
      "geometry": {
        "type": "Point",
        "coordinates": [
          137.3266752,
          37.4407416
        ]
      },
      "properties": {
        "内容": "バス停: 珠洲鉢ケ崎 (北鉄奥能登バス)",
        "name": "珠洲鉢ケ崎",
        "operator": "北鉄奥能登バス",
        "ref": "",
        "url": "",
        "url2": ""
      }
    },
    {
      "type": "Feature",
      "geometry": {
        "type": "Point",
        "coordinates": [
          137.326676,
          37.4407358
        ]
      },
      "properties": {
        "内容": "バス停: 鉢ヶ崎 (珠洲市)",
        "name": "鉢ヶ崎",
        "operator": "珠洲市",
        "ref": "",
        "url": "",
        "url2": ""
      }
    },
    {
      "type": "Feature",
      "geometry": {
        "type": "Point",
        "coordinates": [
          137.3263505,
          37.4422955
        ]
      },
      "properties": {
        "内容": "バス停: りふれっしゅ村 (北鉄奥能登バス)",
        "name": "りふれっしゅ村",
        "operator": "北鉄奥能登バス",
        "ref": "",
        "url": "",
        "url2": ""
      }
    },
    {
      "type": "Feature",
      "geometry": {
        "type": "Point",
        "coordinates": [
          137.2659436,
          37.4399951
        ]
      },
      "properties": {
        "内容": "バス停: 昭和橋 (北鉄奥能登バス)",
        "name": "昭和橋",
        "operator": "北鉄奥能登バス",
        "ref": "",
        "url": "",
        "url2": ""
      }
    },
    {
      "type": "Feature",
      "geometry": {
        "type": "Point",
        "coordinates": [
          137.2659983,
          37.4399007
        ]
      },
      "properties": {
        "内容": "バス停: 昭和橋 (北鉄奥能登バス)",
        "name": "昭和橋",
        "operator": "北鉄奥能登バス",
        "ref": "",
        "url": "",
        "url2": ""
      }
    },
    {
      "type": "Feature",
      "geometry": {
        "type": "Point",
        "coordinates": [
          137.2692824,
          37.4451859
        ]
      },
      "properties": {
        "内容": "バス停: 飯田高校下 (北鉄奥能登バス)",
        "name": "飯田高校下",
        "operator": "北鉄奥能登バス",
        "ref": "",
        "url": "",
        "url2": ""
      }
    },
    {
      "type": "Feature",
      "geometry": {
        "type": "Point",
        "coordinates": [
          137.265273,
          37.4439706
        ]
      },
      "properties": {
        "内容": "バス停: 飯田栄町北 (北鉄奥能登バス)",
        "name": "飯田栄町北",
        "operator": "北鉄奥能登バス",
        "ref": "",
        "url": "",
        "url2": ""
      }
    },
    {
      "type": "Feature",
      "geometry": {
        "type": "Point",
        "coordinates": [
          137.2652665,
          37.4439699
        ]
      },
      "properties": {
        "内容": "バス停: 健康増進センター前 (珠洲市)",
        "name": "健康増進センター前",
        "operator": "珠洲市",
        "ref": "",
        "url": "",
        "url2": ""
      }
    },
    {
      "type": "Feature",
      "geometry": {
        "type": "Point",
        "coordinates": [
          137.2651888,
          37.4438785
        ]
      },
      "properties": {
        "内容": "バス停: 飯田栄町北 (北鉄奥能登バス)",
        "name": "飯田栄町北",
        "operator": "北鉄奥能登バス",
        "ref": "",
        "url": "",
        "url2": ""
      }
    },
    {
      "type": "Feature",
      "geometry": {
        "type": "Point",
        "coordinates": [
          137.264947,
          37.4405354
        ]
      },
      "properties": {
        "内容": "バス停: サンユー前 (珠洲市)",
        "name": "サンユー前",
        "operator": "珠洲市",
        "ref": "",
        "url": "",
        "url2": ""
      }
    },
    {
      "type": "Feature",
      "geometry": {
        "type": "Point",
        "coordinates": [
          137.2649481,
          37.4405298
        ]
      },
      "properties": {
        "内容": "バス停: 飯田栄町 (北鉄奥能登バス)",
        "name": "飯田栄町",
        "operator": "北鉄奥能登バス",
        "ref": "",
        "url": "",
        "url2": ""
      }
    },
    {
      "type": "Feature",
      "geometry": {
        "type": "Point",
        "coordinates": [
          137.2655615,
          37.437657
        ]
      },
      "properties": {
        "内容": "バス停: 吾妻橋 (北鉄奥能登バス)",
        "name": "吾妻橋",
        "operator": "北鉄奥能登バス",
        "ref": "",
        "url": "",
        "url2": ""
      }
    },
    {
      "type": "Feature",
      "geometry": {
        "type": "Point",
        "coordinates": [
          137.2654089,
          37.4377546
        ]
      },
      "properties": {
        "内容": "バス停: 吾妻橋 (北鉄奥能登バス)",
        "name": "吾妻橋",
        "operator": "北鉄奥能登バス",
        "ref": "",
        "url": "",
        "url2": ""
      }
    },
    {
      "type": "Feature",
      "geometry": {
        "type": "Point",
        "coordinates": [
          137.2626329,
          37.4354048
        ]
      },
      "properties": {
        "内容": "バス停: 能登飯田 (珠洲市)",
        "name": "能登飯田",
        "operator": "珠洲市",
        "ref": "",
        "url": "",
        "url2": ""
      }
    },
    {
      "type": "Feature",
      "geometry": {
        "type": "Point",
        "coordinates": [
          137.261092,
          37.4345635
        ]
      },
      "properties": {
        "内容": "バス停: 大貫眼科前 (珠洲市)",
        "name": "大貫眼科前",
        "operator": "珠洲市",
        "ref": "",
        "url": "",
        "url2": ""
      }
    },
    {
      "type": "Feature",
      "geometry": {
        "type": "Point",
        "coordinates": [
          137.2536697,
          37.4289601
        ]
      },
      "properties": {
        "内容": "バス停: 善慶寺前 (北鉄奥能登バス)",
        "name": "善慶寺前",
        "operator": "北鉄奥能登バス",
        "ref": "",
        "url": "",
        "url2": ""
      }
    },
    {
      "type": "Feature",
      "geometry": {
        "type": "Point",
        "coordinates": [
          137.2502415,
          37.4246643
        ]
      },
      "properties": {
        "内容": "バス停: 上戸農協前 (北鉄奥能登バス)",
        "name": "上戸農協前",
        "operator": "北鉄奥能登バス",
        "ref": "",
        "url": "",
        "url2": ""
      }
    },
    {
      "type": "Feature",
      "geometry": {
        "type": "Point",
        "coordinates": [
          137.2465026,
          37.4177621
        ]
      },
      "properties": {
        "内容": "バス停: 竹中橋 (北鉄奥能登バス)",
        "name": "竹中橋",
        "operator": "北鉄奥能登バス",
        "ref": "",
        "url": "",
        "url2": ""
      }
    },
    {
      "type": "Feature",
      "geometry": {
        "type": "Point",
        "coordinates": [
          137.2454483,
          37.4118567
        ]
      },
      "properties": {
        "内容": "バス停: 谷崎 (北鉄奥能登バス)",
        "name": "谷崎",
        "operator": "北鉄奥能登バス",
        "ref": "",
        "url": "",
        "url2": ""
      }
    },
    {
      "type": "Feature",
      "geometry": {
        "type": "Point",
        "coordinates": [
          137.2426766,
          37.4095507
        ]
      },
      "properties": {
        "内容": "バス停: 般若橋 (北鉄奥能登バス)",
        "name": "般若橋",
        "operator": "北鉄奥能登バス",
        "ref": "",
        "url": "",
        "url2": ""
      }
    },
    {
      "type": "Feature",
      "geometry": {
        "type": "Point",
        "coordinates": [
          137.2427717,
          37.4095263
        ]
      },
      "properties": {
        "内容": "バス停: 般若橋 (北鉄奥能登バス)",
        "name": "般若橋",
        "operator": "北鉄奥能登バス",
        "ref": "",
        "url": "",
        "url2": ""
      }
    },
    {
      "type": "Feature",
      "geometry": {
        "type": "Point",
        "coordinates": [
          137.2419303,
          37.4077596
        ]
      },
      "properties": {
        "内容": "バス停: 春日野 (北鉄奥能登バス)",
        "name": "春日野",
        "operator": "北鉄奥能登バス",
        "ref": "",
        "url": "",
        "url2": ""
      }
    },
    {
      "type": "Feature",
      "geometry": {
        "type": "Point",
        "coordinates": [
          137.2418547,
          37.4042911
        ]
      },
      "properties": {
        "内容": "バス停: 鵜飼本町 (北鉄奥能登バス)",
        "name": "鵜飼本町",
        "operator": "北鉄奥能登バス",
        "ref": "",
        "url": "",
        "url2": ""
      }
    },
    {
      "type": "Feature",
      "geometry": {
        "type": "Point",
        "coordinates": [
          137.2377328,
          37.4020077
        ]
      },
      "properties": {
        "内容": "バス停: 鵜飼駅前 (北鉄奥能登バス)",
        "name": "鵜飼駅前",
        "operator": "北鉄奥能登バス",
        "ref": "",
        "url": "",
        "url2": ""
      }
    },
    {
      "type": "Feature",
      "geometry": {
        "type": "Point",
        "coordinates": [
          137.2377338,
          37.4020016
        ]
      },
      "properties": {
        "内容": "バス停: 鵜飼駅前 (珠洲市)",
        "name": "鵜飼駅前",
        "operator": "珠洲市",
        "ref": "",
        "url": "",
        "url2": ""
      }
    },
    {
      "type": "Feature",
      "geometry": {
        "type": "Point",
        "coordinates": [
          137.2408024,
          37.4015981
        ]
      },
      "properties": {
        "内容": "バス停: 南鵜飼 (北鉄奥能登バス)",
        "name": "南鵜飼",
        "operator": "北鉄奥能登バス",
        "ref": "",
        "url": "",
        "url2": ""
      }
    },
    {
      "type": "Feature",
      "geometry": {
        "type": "Point",
        "coordinates": [
          137.2398273,
          37.3974597
        ]
      },
      "properties": {
        "内容": "バス停: 見附島口 (北鉄奥能登バス)",
        "name": "見附島口",
        "operator": "北鉄奥能登バス",
        "ref": "",
        "url": "",
        "url2": ""
      }
    },
    {
      "type": "Feature",
      "geometry": {
        "type": "Point",
        "coordinates": [
          137.2372224,
          37.3922892
        ]
      },
      "properties": {
        "内容": "バス停: 黒丸 (北鉄奥能登バス)",
        "name": "黒丸",
        "operator": "北鉄奥能登バス",
        "ref": "",
        "url": "",
        "url2": ""
      }
    },
    {
      "type": "Feature",
      "geometry": {
        "type": "Point",
        "coordinates": [
          137.2360865,
          37.3867386
        ]
      },
      "properties": {
        "内容": "バス停: 船橋 (北鉄奥能登バス)",
        "name": "船橋",
        "operator": "北鉄奥能登バス",
        "ref": "",
        "url": "",
        "url2": ""
      }
    },
    {
      "type": "Feature",
      "geometry": {
        "type": "Point",
        "coordinates": [
          137.2362512,
          37.3813372
        ]
      },
      "properties": {
        "内容": "バス停: 本鵜島 (北鉄奥能登バス)",
        "name": "本鵜島",
        "operator": "北鉄奥能登バス",
        "ref": "",
        "url": "",
        "url2": ""
      }
    },
    {
      "type": "Feature",
      "geometry": {
        "type": "Point",
        "coordinates": [
          137.2371913,
          37.3763241
        ]
      },
      "properties": {
        "内容": "バス停: 宗玄 (北鉄奥能登バス)",
        "name": "宗玄",
        "operator": "北鉄奥能登バス",
        "ref": "",
        "url": "",
        "url2": ""
      }
    },
    {
      "type": "Feature",
      "geometry": {
        "type": "Point",
        "coordinates": [
          137.2406392,
          37.3698323
        ]
      },
      "properties": {
        "内容": "バス停: 恋路浜 (北鉄奥能登バス)",
        "name": "恋路浜",
        "operator": "北鉄奥能登バス",
        "ref": "",
        "url": "",
        "url2": ""
      }
    },
    {
      "type": "Feature",
      "geometry": {
        "type": "Point",
        "coordinates": [
          137.2408631,
          37.3698283
        ]
      },
      "properties": {
        "内容": "バス停: 恋路浜 (北鉄奥能登バス)",
        "name": "恋路浜",
        "operator": "北鉄奥能登バス",
        "ref": "",
        "url": "",
        "url2": ""
      }
    },
    {
      "type": "Feature",
      "geometry": {
        "type": "Point",
        "coordinates": [
          137.2421208,
          37.3662476
        ]
      },
      "properties": {
        "内容": "バス停: 南恋路 (北鉄奥能登バス)",
        "name": "南恋路",
        "operator": "北鉄奥能登バス",
        "ref": "",
        "url": "",
        "url2": ""
      }
    },
    {
      "type": "Feature",
      "geometry": {
        "type": "Point",
        "coordinates": [
          137.2422331,
          37.3655873
        ]
      },
      "properties": {
        "内容": "バス停: 南恋路 (北鉄奥能登バス)",
        "name": "南恋路",
        "operator": "北鉄奥能登バス",
        "ref": "",
        "url": "",
        "url2": ""
      }
    },
    {
      "type": "Feature",
      "geometry": {
        "type": "Point",
        "coordinates": [
          137.2412324,
          37.3594148
        ]
      },
      "properties": {
        "内容": "バス停: 技術専門校前 (北鉄奥能登バス)",
        "name": "技術専門校前",
        "operator": "北鉄奥能登バス",
        "ref": "",
        "url": "",
        "url2": ""
      }
    },
    {
      "type": "Feature",
      "geometry": {
        "type": "Point",
        "coordinates": [
          137.2403707,
          37.3593041
        ]
      },
      "properties": {
        "内容": "バス停: 技術専門校前 (北鉄奥能登バス)",
        "name": "技術専門校前",
        "operator": "北鉄奥能登バス",
        "ref": "",
        "url": "",
        "url2": ""
      }
    },
    {
      "type": "Feature",
      "geometry": {
        "type": "Point",
        "coordinates": [
          137.2422309,
          37.3558279
        ]
      },
      "properties": {
        "内容": "バス停: 松波本町 (北鉄奥能登バス;)",
        "name": "松波本町",
        "operator": "北鉄奥能登バス;",
        "ref": "",
        "url": "",
        "url2": ""
      }
    },
    {
      "type": "Feature",
      "geometry": {
        "type": "Point",
        "coordinates": [
          137.2422279,
          37.3558295
        ]
      },
      "properties": {
        "内容": "バス停: 松波本町 (能登町)",
        "name": "松波本町",
        "operator": "能登町",
        "ref": "",
        "url": "",
        "url2": ""
      }
    },
    {
      "type": "Feature",
      "geometry": {
        "type": "Point",
        "coordinates": [
          137.2420538,
          37.3558311
        ]
      },
      "properties": {
        "内容": "バス停: 松波本町 (北鉄奥能登バス)",
        "name": "松波本町",
        "operator": "北鉄奥能登バス",
        "ref": "",
        "url": "",
        "url2": ""
      }
    },
    {
      "type": "Feature",
      "geometry": {
        "type": "Point",
        "coordinates": [
          137.2403306,
          37.3570248
        ]
      },
      "properties": {
        "内容": "バス停: 松波城址公園口 (北鉄奥能登バス)",
        "name": "松波城址公園口",
        "operator": "北鉄奥能登バス",
        "ref": "",
        "url": "",
        "url2": ""
      }
    },
    {
      "type": "Feature",
      "geometry": {
        "type": "Point",
        "coordinates": [
          137.2403284,
          37.3570351
        ]
      },
      "properties": {
        "内容": "バス停: 松波城址公園口 (能登町)",
        "name": "松波城址公園口",
        "operator": "能登町",
        "ref": "",
        "url": "",
        "url2": ""
      }
    },
    {
      "type": "Feature",
      "geometry": {
        "type": "Point",
        "coordinates": [
          137.2409518,
          37.3536324
        ]
      },
      "properties": {
        "内容": "バス停: 西松波 (北鉄奥能登バス)",
        "name": "西松波",
        "operator": "北鉄奥能登バス",
        "ref": "",
        "url": "",
        "url2": ""
      }
    },
    {
      "type": "Feature",
      "geometry": {
        "type": "Point",
        "coordinates": [
          137.2409732,
          37.3535264
        ]
      },
      "properties": {
        "内容": "バス停: 西松波 (能登町)",
        "name": "西松波",
        "operator": "能登町",
        "ref": "",
        "url": "",
        "url2": ""
      }
    },
    {
      "type": "Feature",
      "geometry": {
        "type": "Point",
        "coordinates": [
          137.2301269,
          37.3475192
        ]
      },
      "properties": {
        "内容": "バス停: 能登上 (北鉄奥能登バス)",
        "name": "能登上",
        "operator": "北鉄奥能登バス",
        "ref": "",
        "url": "",
        "url2": ""
      }
    },
    {
      "type": "Feature",
      "geometry": {
        "type": "Point",
        "coordinates": [
          137.228225,
          37.3439707
        ]
      },
      "properties": {
        "内容": "バス停: 内浦サンケン前 (北鉄奥能登バス)",
        "name": "内浦サンケン前",
        "operator": "北鉄奥能登バス",
        "ref": "",
        "url": "",
        "url2": ""
      }
    },
    {
      "type": "Feature",
      "geometry": {
        "type": "Point",
        "coordinates": [
          137.2253555,
          37.3403511
        ]
      },
      "properties": {
        "内容": "バス停: 宮犬 (北鉄奥能登バス)",
        "name": "宮犬",
        "operator": "北鉄奥能登バス",
        "ref": "",
        "url": "",
        "url2": ""
      }
    },
    {
      "type": "Feature",
      "geometry": {
        "type": "Point",
        "coordinates": [
          137.2254505,
          37.3405187
        ]
      },
      "properties": {
        "内容": "バス停: 宮犬 (北鉄奥能登バス)",
        "name": "宮犬",
        "operator": "北鉄奥能登バス",
        "ref": "",
        "url": "",
        "url2": ""
      }
    },
    {
      "type": "Feature",
      "geometry": {
        "type": "Point",
        "coordinates": [
          137.2106487,
          37.3369386
        ]
      },
      "properties": {
        "内容": "バス停: 能登不動寺 (北鉄奥能登バス)",
        "name": "能登不動寺",
        "operator": "北鉄奥能登バス",
        "ref": "",
        "url": "",
        "url2": ""
      }
    },
    {
      "type": "Feature",
      "geometry": {
        "type": "Point",
        "coordinates": [
          137.21072,
          37.3368725
        ]
      },
      "properties": {
        "内容": "バス停: 能登不動寺 (北鉄奥能登バス)",
        "name": "能登不動寺",
        "operator": "北鉄奥能登バス",
        "ref": "",
        "url": "",
        "url2": ""
      }
    },
    {
      "type": "Feature",
      "geometry": {
        "type": "Point",
        "coordinates": [
          137.200472,
          37.32708
        ]
      },
      "properties": {
        "内容": "バス停: 時長 (北鉄奥能登バス)",
        "name": "時長",
        "operator": "北鉄奥能登バス",
        "ref": "",
        "url": "",
        "url2": ""
      }
    },
    {
      "type": "Feature",
      "geometry": {
        "type": "Point",
        "coordinates": [
          137.1909833,
          37.3234329
        ]
      },
      "properties": {
        "内容": "バス停: 能登山中 (北鉄奥能登バス)",
        "name": "能登山中",
        "operator": "北鉄奥能登バス",
        "ref": "",
        "url": "",
        "url2": ""
      }
    },
    {
      "type": "Feature",
      "geometry": {
        "type": "Point",
        "coordinates": [
          137.19099,
          37.3232913
        ]
      },
      "properties": {
        "内容": "バス停: 能登山中 (北鉄奥能登バス)",
        "name": "能登山中",
        "operator": "北鉄奥能登バス",
        "ref": "",
        "url": "",
        "url2": ""
      }
    },
    {
      "type": "Feature",
      "geometry": {
        "type": "Point",
        "coordinates": [
          137.1531381,
          37.3106054
        ]
      },
      "properties": {
        "内容": "バス停: 山分 (北鉄奥能登バス)",
        "name": "山分",
        "operator": "北鉄奥能登バス",
        "ref": "",
        "url": "",
        "url2": ""
      }
    },
    {
      "type": "Feature",
      "geometry": {
        "type": "Point",
        "coordinates": [
          137.1789958,
          37.3220396
        ]
      },
      "properties": {
        "内容": "バス停: 十八束 (北鉄奥能登バス)",
        "name": "十八束",
        "operator": "北鉄奥能登バス",
        "ref": "",
        "url": "",
        "url2": ""
      }
    },
    {
      "type": "Feature",
      "geometry": {
        "type": "Point",
        "coordinates": [
          137.1475584,
          37.3088653
        ]
      },
      "properties": {
        "内容": "バス停: 宇出津病院前 (北鉄奥能登バス)",
        "name": "宇出津病院前",
        "operator": "北鉄奥能登バス",
        "ref": "",
        "url": "",
        "url2": ""
      }
    },
    {
      "type": "Feature",
      "geometry": {
        "type": "Point",
        "coordinates": [
          137.1484772,
          37.3083114
        ]
      },
      "properties": {
        "内容": "バス停: 宇出津病院前 (北鉄奥能登バス)",
        "name": "宇出津病院前",
        "operator": "北鉄奥能登バス",
        "ref": "",
        "url": "",
        "url2": ""
      }
    },
    {
      "type": "Feature",
      "geometry": {
        "type": "Point",
        "coordinates": [
          137.14487,
          37.3000928
        ]
      },
      "properties": {
        "内容": "バス停: 辺田の浜 (北鉄奥能登バス)",
        "name": "辺田の浜",
        "operator": "北鉄奥能登バス",
        "ref": "",
        "url": "",
        "url2": ""
      }
    },
    {
      "type": "Feature",
      "geometry": {
        "type": "Point",
        "coordinates": [
          137.1496097,
          37.2987441
        ]
      },
      "properties": {
        "内容": "バス停: 能登高校南 (北鉄奥能登バス)",
        "name": "能登高校南",
        "operator": "北鉄奥能登バス",
        "ref": "",
        "url": "",
        "url2": ""
      }
    },
    {
      "type": "Feature",
      "geometry": {
        "type": "Point",
        "coordinates": [
          137.1480853,
          37.3023692
        ]
      },
      "properties": {
        "内容": "バス停: 崎山 (北鉄奥能登バス)",
        "name": "崎山",
        "operator": "北鉄奥能登バス",
        "ref": "",
        "url": "",
        "url2": ""
      }
    },
    {
      "type": "Feature",
      "geometry": {
        "type": "Point",
        "coordinates": [
          137.1479711,
          37.3022551
        ]
      },
      "properties": {
        "内容": "バス停: 崎山 (北鉄奥能登バス)",
        "name": "崎山",
        "operator": "北鉄奥能登バス",
        "ref": "",
        "url": "",
        "url2": ""
      }
    },
    {
      "type": "Feature",
      "geometry": {
        "type": "Point",
        "coordinates": [
          137.150406,
          37.3070265
        ]
      },
      "properties": {
        "内容": "バス停: いやさか広場前 (北鉄奥能登バス)",
        "name": "いやさか広場前",
        "operator": "北鉄奥能登バス",
        "ref": "",
        "url": "",
        "url2": ""
      }
    },
    {
      "type": "Feature",
      "geometry": {
        "type": "Point",
        "coordinates": [
          137.1517272,
          37.307311
        ]
      },
      "properties": {
        "内容": "バス停: 新村浜 (北鉄奥能登バス)",
        "name": "新村浜",
        "operator": "北鉄奥能登バス",
        "ref": "",
        "url": "",
        "url2": ""
      }
    },
    {
      "type": "Feature",
      "geometry": {
        "type": "Point",
        "coordinates": [
          137.1571074,
          37.3056025
        ]
      },
      "properties": {
        "内容": "バス停: 遠島山公園下 (北鉄奥能登バス)",
        "name": "遠島山公園下",
        "operator": "北鉄奥能登バス",
        "ref": "",
        "url": "",
        "url2": ""
      }
    },
    {
      "type": "Feature",
      "geometry": {
        "type": "Point",
        "coordinates": [
          137.1602264,
          37.3047488
        ]
      },
      "properties": {
        "内容": "バス停: 田の浦 (北鉄奥能登バス)",
        "name": "田の浦",
        "operator": "北鉄奥能登バス",
        "ref": "",
        "url": "",
        "url2": ""
      }
    },
    {
      "type": "Feature",
      "geometry": {
        "type": "Point",
        "coordinates": [
          137.1731904,
          37.3000975
        ]
      },
      "properties": {
        "内容": "バス停: 羽根漁港 (北鉄奥能登バス)",
        "name": "羽根漁港",
        "operator": "北鉄奥能登バス",
        "ref": "",
        "url": "",
        "url2": ""
      }
    },
    {
      "type": "Feature",
      "geometry": {
        "type": "Point",
        "coordinates": [
          137.1911654,
          37.301093
        ]
      },
      "properties": {
        "内容": "バス停: 本小浦 (北鉄奥能登バス)",
        "name": "本小浦",
        "operator": "北鉄奥能登バス",
        "ref": "",
        "url": "",
        "url2": ""
      }
    },
    {
      "type": "Feature",
      "geometry": {
        "type": "Point",
        "coordinates": [
          137.2047002,
          37.3015526
        ]
      },
      "properties": {
        "内容": "バス停: 真浦 (北鉄奥能登バス)",
        "name": "真浦",
        "operator": "北鉄奥能登バス",
        "ref": "",
        "url": "",
        "url2": ""
      }
    },
    {
      "type": "Feature",
      "geometry": {
        "type": "Point",
        "coordinates": [
          137.2078708,
          37.3021469
        ]
      },
      "properties": {
        "内容": "バス停: 縄文真脇温泉口 (北鉄奥能登バス)",
        "name": "縄文真脇温泉口",
        "operator": "北鉄奥能登バス",
        "ref": "",
        "url": "",
        "url2": ""
      }
    },
    {
      "type": "Feature",
      "geometry": {
        "type": "Point",
        "coordinates": [
          137.2123221,
          37.2980154
        ]
      },
      "properties": {
        "内容": "バス停: 姫上野台 (北鉄奥能登バス)",
        "name": "姫上野台",
        "operator": "北鉄奥能登バス",
        "ref": "",
        "url": "",
        "url2": ""
      }
    },
    {
      "type": "Feature",
      "geometry": {
        "type": "Point",
        "coordinates": [
          137.2098213,
          37.2965984
        ]
      },
      "properties": {
        "内容": "バス停: 姫中組 (北鉄奥能登バス)",
        "name": "姫中組",
        "operator": "北鉄奥能登バス",
        "ref": "",
        "url": "",
        "url2": ""
      }
    },
    {
      "type": "Feature",
      "geometry": {
        "type": "Point",
        "coordinates": [
          137.2161374,
          37.2991761
        ]
      },
      "properties": {
        "内容": "バス停: 姫幸港口 (北鉄奥能登バス)",
        "name": "姫幸港口",
        "operator": "北鉄奥能登バス",
        "ref": "",
        "url": "",
        "url2": ""
      }
    },
    {
      "type": "Feature",
      "geometry": {
        "type": "Point",
        "coordinates": [
          137.2189661,
          37.302504
        ]
      },
      "properties": {
        "内容": "バス停: 高瀬口 (北鉄奥能登バス)",
        "name": "高瀬口",
        "operator": "北鉄奥能登バス",
        "ref": "",
        "url": "",
        "url2": ""
      }
    },
    {
      "type": "Feature",
      "geometry": {
        "type": "Point",
        "coordinates": [
          137.226811,
          37.2995022
        ]
      },
      "properties": {
        "内容": "バス停: 小木町 (北鉄奥能登バス)",
        "name": "小木町",
        "operator": "北鉄奥能登バス",
        "ref": "",
        "url": "",
        "url2": ""
      }
    },
    {
      "type": "Feature",
      "geometry": {
        "type": "Point",
        "coordinates": [
          137.2282038,
          37.3008342
        ]
      },
      "properties": {
        "内容": "バス停: 小木港 (北鉄奥能登バス)",
        "name": "小木港",
        "operator": "北鉄奥能登バス",
        "ref": "",
        "url": "",
        "url2": ""
      }
    },
    {
      "type": "Feature",
      "geometry": {
        "type": "Point",
        "coordinates": [
          137.2283829,
          37.3106502
        ]
      },
      "properties": {
        "内容": "バス停: 九十九湾 (北鉄奥能登バス)",
        "name": "九十九湾",
        "operator": "北鉄奥能登バス",
        "ref": "",
        "url": "",
        "url2": ""
      }
    },
    {
      "type": "Feature",
      "geometry": {
        "type": "Point",
        "coordinates": [
          137.2386851,
          37.3104551
        ]
      },
      "properties": {
        "内容": "バス停: 越坂口 (北鉄奥能登バス)",
        "name": "越坂口",
        "operator": "北鉄奥能登バス",
        "ref": "",
        "url": "",
        "url2": ""
      }
    },
    {
      "type": "Feature",
      "geometry": {
        "type": "Point",
        "coordinates": [
          137.2348294,
          37.3137612
        ]
      },
      "properties": {
        "内容": "バス停: ホテルのときんぷら前 (北鉄奥能登バス)",
        "name": "ホテルのときんぷら前",
        "operator": "北鉄奥能登バス",
        "ref": "",
        "url": "",
        "url2": ""
      }
    },
    {
      "type": "Feature",
      "geometry": {
        "type": "Point",
        "coordinates": [
          137.2415262,
          37.3075441
        ]
      },
      "properties": {
        "内容": "バス停: 越坂 (北鉄奥能登バス)",
        "name": "越坂",
        "operator": "北鉄奥能登バス",
        "ref": "",
        "url": "",
        "url2": ""
      }
    },
    {
      "type": "Feature",
      "geometry": {
        "type": "Point",
        "coordinates": [
          137.2478764,
          37.3113567
        ]
      },
      "properties": {
        "内容": "バス停: 能登新保 (北鉄奥能登バス)",
        "name": "能登新保",
        "operator": "北鉄奥能登バス",
        "ref": "",
        "url": "",
        "url2": ""
      }
    },
    {
      "type": "Feature",
      "geometry": {
        "type": "Point",
        "coordinates": [
          137.2492224,
          37.3148723
        ]
      },
      "properties": {
        "内容": "バス停: 五色ケ浜 (北鉄奥能登バス)",
        "name": "五色ケ浜",
        "operator": "北鉄奥能登バス",
        "ref": "",
        "url": "",
        "url2": ""
      }
    },
    {
      "type": "Feature",
      "geometry": {
        "type": "Point",
        "coordinates": [
          137.2570955,
          37.320926
        ]
      },
      "properties": {
        "内容": "バス停: 長尾 (北鉄奥能登バス)",
        "name": "長尾",
        "operator": "北鉄奥能登バス",
        "ref": "",
        "url": "",
        "url2": ""
      }
    },
    {
      "type": "Feature",
      "geometry": {
        "type": "Point",
        "coordinates": [
          137.2628278,
          37.3256313
        ]
      },
      "properties": {
        "内容": "バス停: 新村 (北鉄奥能登バス)",
        "name": "新村",
        "operator": "北鉄奥能登バス",
        "ref": "",
        "url": "",
        "url2": ""
      }
    },
    {
      "type": "Feature",
      "geometry": {
        "type": "Point",
        "coordinates": [
          137.2599244,
          37.3289838
        ]
      },
      "properties": {
        "内容": "バス停: 能登宮崎 (北鉄奥能登バス)",
        "name": "能登宮崎",
        "operator": "北鉄奥能登バス",
        "ref": "",
        "url": "",
        "url2": ""
      }
    },
    {
      "type": "Feature",
      "geometry": {
        "type": "Point",
        "coordinates": [
          137.2466273,
          37.3401197
        ]
      },
      "properties": {
        "内容": "バス停: 九里川尻 (北鉄奥能登バス)",
        "name": "九里川尻",
        "operator": "北鉄奥能登バス",
        "ref": "",
        "url": "",
        "url2": ""
      }
    },
    {
      "type": "Feature",
      "geometry": {
        "type": "Point",
        "coordinates": [
          137.2522311,
          37.3337703
        ]
      },
      "properties": {
        "内容": "バス停: 立壁口 (北鉄奥能登バス)",
        "name": "立壁口",
        "operator": "北鉄奥能登バス",
        "ref": "",
        "url": "",
        "url2": ""
      }
    },
    {
      "type": "Feature",
      "geometry": {
        "type": "Point",
        "coordinates": [
          137.2483677,
          37.3432021
        ]
      },
      "properties": {
        "内容": "バス停: 九ノ里薬師寺前 (北鉄奥能登バス)",
        "name": "九ノ里薬師寺前",
        "operator": "北鉄奥能登バス",
        "ref": "",
        "url": "",
        "url2": ""
      }
    },
    {
      "type": "Feature",
      "geometry": {
        "type": "Point",
        "coordinates": [
          137.2454312,
          37.3479895
        ]
      },
      "properties": {
        "内容": "バス停: 松波中学校前 (北鉄奥能登バス)",
        "name": "松波中学校前",
        "operator": "北鉄奥能登バス",
        "ref": "",
        "url": "",
        "url2": ""
      }
    },
    {
      "type": "Feature",
      "geometry": {
        "type": "Point",
        "coordinates": [
          137.2442798,
          37.3534395
        ]
      },
      "properties": {
        "内容": "バス停: 内浦総合庁舎前 (北鉄奥能登バス)",
        "name": "内浦総合庁舎前",
        "operator": "北鉄奥能登バス",
        "ref": "",
        "url": "",
        "url2": ""
      }
    },
    {
      "type": "Feature",
      "geometry": {
        "type": "Point",
        "coordinates": [
          136.7918644,
          37.1097296
        ]
      },
      "properties": {
        "内容": "バス停: 外原バス停",
        "name": "外原バス停",
        "operator": "事業者不明",
        "ref": "",
        "url": "",
        "url2": ""
      }
    },
    {
      "type": "Feature",
      "geometry": {
        "type": "Point",
        "coordinates": [
          136.6304739,
          36.6336862
        ]
      },
      "properties": {
        "内容": "バス停: 緑台中央(バス停)",
        "name": "緑台中央(バス停)",
        "operator": "事業者不明",
        "ref": "",
        "url": "",
        "url2": ""
      }
    },
    {
      "type": "Feature",
      "geometry": {
        "type": "Point",
        "coordinates": [
          136.7811621,
          37.1031293
        ]
      },
      "properties": {
        "内容": "バス停: 町居",
        "name": "町居",
        "operator": "事業者不明",
        "ref": "",
        "url": "",
        "url2": ""
      }
    },
    {
      "type": "Feature",
      "geometry": {
        "type": "Point",
        "coordinates": [
          136.7245084,
          36.7852736
        ]
      },
      "properties": {
        "内容": "バス停: 名称不明バス停",
        "name": "名称不明バス停",
        "operator": "事業者不明",
        "ref": "",
        "url": "",
        "url2": ""
      }
    },
    {
      "type": "Feature",
      "geometry": {
        "type": "Point",
        "coordinates": [
          136.7284966,
          36.768253
        ]
      },
      "properties": {
        "内容": "バス停: 名称不明バス停",
        "name": "名称不明バス停",
        "operator": "事業者不明",
        "ref": "",
        "url": "",
        "url2": ""
      }
    },
    {
      "type": "Feature",
      "geometry": {
        "type": "Point",
        "coordinates": [
          137.2349831,
          37.3325982
        ]
      },
      "properties": {
        "内容": "バス停: 秋吉 (北鉄奥能登バス)",
        "name": "秋吉",
        "operator": "北鉄奥能登バス",
        "ref": "",
        "url": "",
        "url2": ""
      }
    },
    {
      "type": "Feature",
      "geometry": {
        "type": "Point",
        "coordinates": [
          137.1432572,
          37.3126437
        ]
      },
      "properties": {
        "内容": "バス停: 梅の木 (北鉄奥能登バス)",
        "name": "梅の木",
        "operator": "北鉄奥能登バス",
        "ref": "",
        "url": "",
        "url2": ""
      }
    },
    {
      "type": "Feature",
      "geometry": {
        "type": "Point",
        "coordinates": [
          136.3133378,
          36.3026609
        ]
      },
      "properties": {
        "内容": "バス停: 南町",
        "name": "南町",
        "operator": "事業者不明",
        "ref": "",
        "url": "",
        "url2": ""
      }
    },
    {
      "type": "Feature",
      "geometry": {
        "type": "Point",
        "coordinates": [
          136.313521,
          36.3025172
        ]
      },
      "properties": {
        "内容": "バス停: 南町",
        "name": "南町",
        "operator": "事業者不明",
        "ref": "",
        "url": "",
        "url2": ""
      }
    },
    {
      "type": "Feature",
      "geometry": {
        "type": "Point",
        "coordinates": [
          136.4496124,
          36.4244824
        ]
      },
      "properties": {
        "内容": "バス停: 大島町南",
        "name": "大島町南",
        "operator": "事業者不明",
        "ref": "",
        "url": "",
        "url2": ""
      }
    },
    {
      "type": "Feature",
      "geometry": {
        "type": "Point",
        "coordinates": [
          136.535736,
          36.5075984
        ]
      },
      "properties": {
        "内容": "バス停: トレインパーク白山 (白山市立高速鉄道ビジターセンター)",
        "name": "トレインパーク白山 (白山市立高速鉄道ビジターセンター)",
        "operator": "事業者不明",
        "ref": "",
        "url": "",
        "url2": ""
      }
    },
    {
      "type": "Feature",
      "geometry": {
        "type": "Point",
        "coordinates": [
          136.3635345,
          36.2606924
        ]
      },
      "properties": {
        "内容": "バス停: 上原 (北鉄加賀バス)",
        "name": "上原",
        "operator": "北鉄加賀バス",
        "ref": "",
        "url": "",
        "url2": ""
      }
    },
    {
      "type": "Feature",
      "geometry": {
        "type": "Point",
        "coordinates": [
          136.907097,
          37.2267512
        ]
      },
      "properties": {
        "内容": "バス停: 穴水小学校前 (北鉄奥能登バス)",
        "name": "穴水小学校前",
        "operator": "北鉄奥能登バス",
        "ref": "",
        "url": "",
        "url2": ""
      }
    },
    {
      "type": "Feature",
      "geometry": {
        "type": "Point",
        "coordinates": [
          136.9068939,
          37.2268828
        ]
      },
      "properties": {
        "内容": "バス停: 穴水小学校前 (北鉄奥能登バス)",
        "name": "穴水小学校前",
        "operator": "北鉄奥能登バス",
        "ref": "",
        "url": "",
        "url2": ""
      }
    },
    {
      "type": "Feature",
      "geometry": {
        "type": "Point",
        "coordinates": [
          136.9053026,
          37.2342868
        ]
      },
      "properties": {
        "内容": "バス停: 栄町 (北鉄奥能登バス)",
        "name": "栄町",
        "operator": "北鉄奥能登バス",
        "ref": "",
        "url": "",
        "url2": ""
      }
    },
    {
      "type": "Feature",
      "geometry": {
        "type": "Point",
        "coordinates": [
          136.9125399,
          37.2303622
        ]
      },
      "properties": {
        "内容": "バス停: 穴水町役場",
        "name": "穴水町役場",
        "operator": "事業者不明",
        "ref": "",
        "url": "",
        "url2": ""
      }
    },
    {
      "type": "Feature",
      "geometry": {
        "type": "Point",
        "coordinates": [
          136.9098163,
          37.2293505
        ]
      },
      "properties": {
        "内容": "バス停: 東町 (北鉄奥能登バス)",
        "name": "東町",
        "operator": "北鉄奥能登バス",
        "ref": "",
        "url": "",
        "url2": ""
      }
    },
    {
      "type": "Feature",
      "geometry": {
        "type": "Point",
        "coordinates": [
          136.9098753,
          37.2292977
        ]
      },
      "properties": {
        "内容": "バス停: 東町 (北鉄奥能登バス)",
        "name": "東町",
        "operator": "北鉄奥能登バス",
        "ref": "",
        "url": "",
        "url2": ""
      }
    },
    {
      "type": "Feature",
      "geometry": {
        "type": "Point",
        "coordinates": [
          136.9054832,
          37.2339349
        ]
      },
      "properties": {
        "内容": "バス停: 栄町 (北鉄奥能登バス)",
        "name": "栄町",
        "operator": "北鉄奥能登バス",
        "ref": "",
        "url": "",
        "url2": ""
      }
    },
    {
      "type": "Feature",
      "geometry": {
        "type": "Point",
        "coordinates": [
          136.9050901,
          37.2279084
        ]
      },
      "properties": {
        "内容": "バス停: 名称不明バス停",
        "name": "名称不明バス停",
        "operator": "事業者不明",
        "ref": "",
        "url": "",
        "url2": ""
      }
    },
    {
      "type": "Feature",
      "geometry": {
        "type": "Point",
        "coordinates": [
          136.9026883,
          37.2331445
        ]
      },
      "properties": {
        "内容": "バス停: 西川島",
        "name": "西川島",
        "operator": "事業者不明",
        "ref": "",
        "url": "",
        "url2": ""
      }
    },
    {
      "type": "Feature",
      "geometry": {
        "type": "Point",
        "coordinates": [
          136.902928,
          37.231393
        ]
      },
      "properties": {
        "内容": "バス停: 臨時停留所 (北鉄奥能登バス)",
        "name": "臨時停留所",
        "operator": "北鉄奥能登バス",
        "ref": "",
        "url": "",
        "url2": ""
      }
    },
    {
      "type": "Feature",
      "geometry": {
        "type": "Point",
        "coordinates": [
          137.1478042,
          37.4463082
        ]
      },
      "properties": {
        "内容": "バス停: かみやま",
        "name": "かみやま",
        "operator": "事業者不明",
        "ref": "",
        "url": "",
        "url2": ""
      }
    },
    {
      "type": "Feature",
      "geometry": {
        "type": "Point",
        "coordinates": [
          137.0903301,
          37.4251985
        ]
      },
      "properties": {
        "内容": "バス停: 町野",
        "name": "町野",
        "operator": "事業者不明",
        "ref": "",
        "url": "",
        "url2": ""
      }
    },
    {
      "type": "Feature",
      "geometry": {
        "type": "Point",
        "coordinates": [
          137.0901484,
          37.4251012
        ]
      },
      "properties": {
        "内容": "バス停: 町野",
        "name": "町野",
        "operator": "事業者不明",
        "ref": "",
        "url": "",
        "url2": ""
      }
    },
    {
      "type": "Feature",
      "geometry": {
        "type": "Point",
        "coordinates": [
          136.96481,
          37.0423709
        ]
      },
      "properties": {
        "内容": "バス停: 名称不明バス停",
        "name": "名称不明バス停",
        "operator": "事業者不明",
        "ref": "",
        "url": "",
        "url2": ""
      }
    },
    {
      "type": "Feature",
      "geometry": {
        "type": "Point",
        "coordinates": [
          136.9648053,
          37.0424588
        ]
      },
      "properties": {
        "内容": "バス停: 名称不明バス停",
        "name": "名称不明バス停",
        "operator": "事業者不明",
        "ref": "6",
        "url": "",
        "url2": ""
      }
    },
    {
      "type": "Feature",
      "geometry": {
        "type": "Point",
        "coordinates": [
          136.9648151,
          37.042569
        ]
      },
      "properties": {
        "内容": "バス停: 名称不明バス停",
        "name": "名称不明バス停",
        "operator": "事業者不明",
        "ref": "5",
        "url": "",
        "url2": ""
      }
    },
    {
      "type": "Feature",
      "geometry": {
        "type": "Point",
        "coordinates": [
          136.964755,
          37.0426624
        ]
      },
      "properties": {
        "内容": "バス停: 名称不明バス停",
        "name": "名称不明バス停",
        "operator": "事業者不明",
        "ref": "4",
        "url": "",
        "url2": ""
      }
    },
    {
      "type": "Feature",
      "geometry": {
        "type": "Point",
        "coordinates": [
          136.9646179,
          37.0427083
        ]
      },
      "properties": {
        "内容": "バス停: 名称不明バス停",
        "name": "名称不明バス停",
        "operator": "事業者不明",
        "ref": "3",
        "url": "",
        "url2": ""
      }
    },
    {
      "type": "Feature",
      "geometry": {
        "type": "Point",
        "coordinates": [
          136.9644816,
          37.0427097
        ]
      },
      "properties": {
        "内容": "バス停: 名称不明バス停",
        "name": "名称不明バス停",
        "operator": "事業者不明",
        "ref": "2",
        "url": "",
        "url2": ""
      }
    },
    {
      "type": "Feature",
      "geometry": {
        "type": "Point",
        "coordinates": [
          136.9643333,
          37.0427131
        ]
      },
      "properties": {
        "内容": "バス停: 名称不明バス停",
        "name": "名称不明バス停",
        "operator": "事業者不明",
        "ref": "1",
        "url": "",
        "url2": ""
      }
    },
    {
      "type": "Feature",
      "geometry": {
        "type": "Point",
        "coordinates": [
          136.636238,
          36.5796978
        ]
      },
      "properties": {
        "内容": "バス停: 中央市場口 (北鉄バス)",
        "name": "中央市場口",
        "operator": "北鉄バス",
        "ref": "",
        "url": "",
        "url2": ""
      }
    },
    {
      "type": "Feature",
      "geometry": {
        "type": "Point",
        "coordinates": [
          136.7008506,
          36.5239353
        ]
      },
      "properties": {
        "内容": "バス停: 銚子口 (北陸鉄道グループ)",
        "name": "銚子口",
        "operator": "北陸鉄道グループ",
        "ref": "",
        "url": "",
        "url2": ""
      }
    },
    {
      "type": "Feature",
      "geometry": {
        "type": "Point",
        "coordinates": [
          136.6989011,
          36.527455
        ]
      },
      "properties": {
        "内容": "バス停: 舘町 (北陸鉄道グループ)",
        "name": "舘町",
        "operator": "北陸鉄道グループ",
        "ref": "",
        "url": "",
        "url2": ""
      }
    },
    {
      "type": "Feature",
      "geometry": {
        "type": "Point",
        "coordinates": [
          136.698557,
          36.5277024
        ]
      },
      "properties": {
        "内容": "バス停: 舘町 (北陸鉄道グループ)",
        "name": "舘町",
        "operator": "北陸鉄道グループ",
        "ref": "",
        "url": "",
        "url2": ""
      }
    },
    {
      "type": "Feature",
      "geometry": {
        "type": "Point",
        "coordinates": [
          136.6934617,
          36.530887
        ]
      },
      "properties": {
        "内容": "バス停: 田上口 (北陸鉄道グループ)",
        "name": "田上口",
        "operator": "北陸鉄道グループ",
        "ref": "",
        "url": "",
        "url2": ""
      }
    },
    {
      "type": "Feature",
      "geometry": {
        "type": "Point",
        "coordinates": [
          136.6930134,
          36.5308992
        ]
      },
      "properties": {
        "内容": "バス停: 田上口 (北陸鉄道グループ)",
        "name": "田上口",
        "operator": "北陸鉄道グループ",
        "ref": "",
        "url": "",
        "url2": ""
      }
    },
    {
      "type": "Feature",
      "geometry": {
        "type": "Point",
        "coordinates": [
          136.7833299,
          36.8960408
        ]
      },
      "properties": {
        "内容": "バス停: 名称不明バス停",
        "name": "名称不明バス停",
        "operator": "事業者不明",
        "ref": "",
        "url": "",
        "url2": ""
      }
    },
    {
      "type": "Feature",
      "geometry": {
        "type": "Point",
        "coordinates": [
          136.7831577,
          36.8962333
        ]
      },
      "properties": {
        "内容": "バス停: 名称不明バス停",
        "name": "名称不明バス停",
        "operator": "事業者不明",
        "ref": "",
        "url": "",
        "url2": ""
      }
    },
    {
      "type": "Feature",
      "geometry": {
        "type": "Point",
        "coordinates": [
          136.7029578,
          36.7224449
        ]
      },
      "properties": {
        "内容": "バス停: 名称不明バス停",
        "name": "名称不明バス停",
        "operator": "事業者不明",
        "ref": "",
        "url": "",
        "url2": ""
      }
    },
    {
      "type": "Feature",
      "geometry": {
        "type": "Point",
        "coordinates": [
          136.7284861,
          36.768331
        ]
      },
      "properties": {
        "内容": "バス停: 高松駅",
        "name": "高松駅",
        "operator": "事業者不明",
        "ref": "",
        "url": "",
        "url2": ""
      }
    },
    {
      "type": "Feature",
      "geometry": {
        "type": "Point",
        "coordinates": [
          136.7302281,
          36.6577856
        ]
      },
      "properties": {
        "内容": "バス停: 津幡駅",
        "name": "津幡駅",
        "operator": "事業者不明",
        "ref": "",
        "url": "",
        "url2": ""
      }
    },
    {
      "type": "Feature",
      "geometry": {
        "type": "Point",
        "coordinates": [
          136.7303851,
          36.6579859
        ]
      },
      "properties": {
        "内容": "バス停: 名称不明バス停",
        "name": "名称不明バス停",
        "operator": "事業者不明",
        "ref": "",
        "url": "",
        "url2": ""
      }
    },
    {
      "type": "Feature",
      "geometry": {
        "type": "Point",
        "coordinates": [
          136.7296078,
          36.6579194
        ]
      },
      "properties": {
        "内容": "バス停: 津幡駅前 (北陸鉄道)",
        "name": "津幡駅前",
        "operator": "北陸鉄道",
        "ref": "",
        "url": "",
        "url2": ""
      }
    },
    {
      "type": "Feature",
      "geometry": {
        "type": "Point",
        "coordinates": [
          136.7290471,
          36.657113
        ]
      },
      "properties": {
        "内容": "バス停: 津幡駅前 (北陸鉄道)",
        "name": "津幡駅前",
        "operator": "北陸鉄道",
        "ref": "",
        "url": "",
        "url2": ""
      }
    },
    {
      "type": "Feature",
      "geometry": {
        "type": "Point",
        "coordinates": [
          136.5980279,
          36.5420252
        ]
      },
      "properties": {
        "内容": "バス停: 野々市駅北口 (野々市市建設部都市整備課)",
        "name": "野々市駅北口",
        "operator": "野々市市建設部都市整備課",
        "ref": "20/27",
        "url": "",
        "url2": ""
      }
    },
    {
      "type": "Feature",
      "geometry": {
        "type": "Point",
        "coordinates": [
          136.5980351,
          36.5420298
        ]
      },
      "properties": {
        "内容": "バス停: 野々市駅北口 (白山市企画振興部交通政策課)",
        "name": "野々市駅北口",
        "operator": "白山市企画振興部交通政策課",
        "ref": "",
        "url": "",
        "url2": ""
      }
    },
    {
      "type": "Feature",
      "geometry": {
        "type": "Point",
        "coordinates": [
          136.5980193,
          36.5420213
        ]
      },
      "properties": {
        "内容": "バス停: 野々市駅 (北鉄金沢バス)",
        "name": "野々市駅",
        "operator": "北鉄金沢バス",
        "ref": "",
        "url": "",
        "url2": ""
      }
    },
    {
      "type": "Feature",
      "geometry": {
        "type": "Point",
        "coordinates": [
          136.6469079,
          36.5785801
        ]
      },
      "properties": {
        "内容": "バス停: 金沢駅西口",
        "name": "金沢駅西口",
        "operator": "事業者不明",
        "ref": "",
        "url": "",
        "url2": ""
      }
    },
    {
      "type": "Feature",
      "geometry": {
        "type": "Point",
        "coordinates": [
          136.9015367,
          37.3910139
        ]
      },
      "properties": {
        "内容": "バス停: 県土木事務所 (のらんけバス)",
        "name": "県土木事務所",
        "operator": "のらんけバス",
        "ref": "",
        "url": "",
        "url2": ""
      }
    },
    {
      "type": "Feature",
      "geometry": {
        "type": "Point",
        "coordinates": [
          136.9041699,
          37.3910491
        ]
      },
      "properties": {
        "内容": "バス停: 輪島高校前 (北鉄奥能登バス)",
        "name": "輪島高校前",
        "operator": "北鉄奥能登バス",
        "ref": "",
        "url": "",
        "url2": ""
      }
    },
    {
      "type": "Feature",
      "geometry": {
        "type": "Point",
        "coordinates": [
          136.9015175,
          37.39374
        ]
      },
      "properties": {
        "内容": "バス停: 中央通りB (のらんけ+)",
        "name": "中央通りB",
        "operator": "のらんけ+",
        "ref": "034",
        "url": "",
        "url2": ""
      }
    },
    {
      "type": "Feature",
      "geometry": {
        "type": "Point",
        "coordinates": [
          136.9058048,
          37.3948975
        ]
      },
      "properties": {
        "内容": "バス停: 工房長屋 (のらんけ+)",
        "name": "工房長屋",
        "operator": "のらんけ+",
        "ref": "024",
        "url": "",
        "url2": ""
      }
    },
    {
      "type": "Feature",
      "geometry": {
        "type": "Point",
        "coordinates": [
          136.9013057,
          37.395424
        ]
      },
      "properties": {
        "内容": "バス停: 大町朝市口 (のらんけ)",
        "name": "大町朝市口",
        "operator": "のらんけ",
        "ref": "",
        "url": "",
        "url2": ""
      }
    },
    {
      "type": "Feature",
      "geometry": {
        "type": "Point",
        "coordinates": [
          136.9012208,
          37.3955825
        ]
      },
      "properties": {
        "内容": "バス停: 大町朝市口 (のらんけ)",
        "name": "大町朝市口",
        "operator": "のらんけ",
        "ref": "",
        "url": "",
        "url2": ""
      }
    },
    {
      "type": "Feature",
      "geometry": {
        "type": "Point",
        "coordinates": [
          136.7760785,
          37.004691
        ]
      },
      "properties": {
        "内容": "バス停: 名称不明バス停",
        "name": "名称不明バス停",
        "operator": "事業者不明",
        "ref": "",
        "url": "",
        "url2": ""
      }
    },
    {
      "type": "Feature",
      "geometry": {
        "type": "Point",
        "coordinates": [
          136.646816,
          36.5787249
        ]
      },
      "properties": {
        "内容": "バス停: 金沢駅西口",
        "name": "金沢駅西口",
        "operator": "事業者不明",
        "ref": "バスおりば",
        "url": "",
        "url2": ""
      }
    },
    {
      "type": "Feature",
      "geometry": {
        "type": "Point",
        "coordinates": [
          136.6460448,
          36.5785698
        ]
      },
      "properties": {
        "内容": "バス停: 金沢駅西口",
        "name": "金沢駅西口",
        "operator": "事業者不明",
        "ref": "",
        "url": "",
        "url2": ""
      }
    },
    {
      "type": "Feature",
      "geometry": {
        "type": "Point",
        "coordinates": [
          136.6461119,
          36.5784417
        ]
      },
      "properties": {
        "内容": "バス停: 金沢駅西口",
        "name": "金沢駅西口",
        "operator": "事業者不明",
        "ref": "",
        "url": "",
        "url2": ""
      }
    },
    {
      "type": "Feature",
      "geometry": {
        "type": "Point",
        "coordinates": [
          136.6462326,
          36.5783285
        ]
      },
      "properties": {
        "内容": "バス停: 金沢駅西口",
        "name": "金沢駅西口",
        "operator": "事業者不明",
        "ref": "",
        "url": "",
        "url2": ""
      }
    },
    {
      "type": "Feature",
      "geometry": {
        "type": "Point",
        "coordinates": [
          136.646415,
          36.5782359
        ]
      },
      "properties": {
        "内容": "バス停: 金沢駅西口",
        "name": "金沢駅西口",
        "operator": "事業者不明",
        "ref": "",
        "url": "",
        "url2": ""
      }
    },
    {
      "type": "Feature",
      "geometry": {
        "type": "Point",
        "coordinates": [
          136.6466081,
          36.5782219
        ]
      },
      "properties": {
        "内容": "バス停: 金沢駅西口",
        "name": "金沢駅西口",
        "operator": "事業者不明",
        "ref": "",
        "url": "",
        "url2": ""
      }
    },
    {
      "type": "Feature",
      "geometry": {
        "type": "Point",
        "coordinates": [
          136.6467892,
          36.5782898
        ]
      },
      "properties": {
        "内容": "バス停: 金沢駅西口",
        "name": "金沢駅西口",
        "operator": "事業者不明",
        "ref": "",
        "url": "",
        "url2": ""
      }
    },
    {
      "type": "Feature",
      "geometry": {
        "type": "Point",
        "coordinates": [
          136.6468924,
          36.5784228
        ]
      },
      "properties": {
        "内容": "バス停: 金沢駅西口",
        "name": "金沢駅西口",
        "operator": "事業者不明",
        "ref": "",
        "url": "",
        "url2": ""
      }
    },
    {
      "type": "Feature",
      "geometry": {
        "type": "Point",
        "coordinates": [
          136.6342103,
          36.588587
        ]
      },
      "properties": {
        "内容": "バス停: 駅西合庁前",
        "name": "駅西合庁前",
        "operator": "事業者不明",
        "ref": "",
        "url": "",
        "url2": ""
      }
    },
    {
      "type": "Feature",
      "geometry": {
        "type": "Point",
        "coordinates": [
          136.6642494,
          36.5718605
        ]
      },
      "properties": {
        "内容": "バス停: 橋場町 (北陸鉄道)",
        "name": "橋場町",
        "operator": "北陸鉄道",
        "ref": "",
        "url": "",
        "url2": ""
      }
    },
    {
      "type": "Feature",
      "geometry": {
        "type": "Point",
        "coordinates": [
          136.6209733,
          36.5533691
        ]
      },
      "properties": {
        "内容": "バス停: 名称不明バス停",
        "name": "名称不明バス停",
        "operator": "事業者不明",
        "ref": "",
        "url": "",
        "url2": ""
      }
    },
    {
      "type": "Feature",
      "geometry": {
        "type": "Point",
        "coordinates": [
          136.6219504,
          36.5527196
        ]
      },
      "properties": {
        "内容": "バス停: 名称不明バス停",
        "name": "名称不明バス停",
        "operator": "事業者不明",
        "ref": "",
        "url": "",
        "url2": ""
      }
    },
    {
      "type": "Feature",
      "geometry": {
        "type": "Point",
        "coordinates": [
          136.6216044,
          36.5527153
        ]
      },
      "properties": {
        "内容": "バス停: 名称不明バス停",
        "name": "名称不明バス停",
        "operator": "事業者不明",
        "ref": "",
        "url": "",
        "url2": ""
      }
    },
    {
      "type": "Feature",
      "geometry": {
        "type": "Point",
        "coordinates": [
          136.5881441,
          36.5656309
        ]
      },
      "properties": {
        "内容": "バス停: 金沢龍谷高校 (なかしま眼科クリニック前) (北鉄バス)",
        "name": "金沢龍谷高校 (なかしま眼科クリニック前)",
        "operator": "北鉄バス",
        "ref": "",
        "url": "",
        "url2": ""
      }
    },
    {
      "type": "Feature",
      "geometry": {
        "type": "Point",
        "coordinates": [
          136.5952948,
          36.5474695
        ]
      },
      "properties": {
        "内容": "バス停: 御経塚西 (野々市市)",
        "name": "御経塚西",
        "operator": "野々市市",
        "ref": "22",
        "url": "",
        "url2": ""
      }
    },
    {
      "type": "Feature",
      "geometry": {
        "type": "Point",
        "coordinates": [
          136.5961236,
          36.5501748
        ]
      },
      "properties": {
        "内容": "バス停: あやめ (野々市市)",
        "name": "あやめ",
        "operator": "野々市市",
        "ref": "23",
        "url": "",
        "url2": ""
      }
    },
    {
      "type": "Feature",
      "geometry": {
        "type": "Point",
        "coordinates": [
          136.5961507,
          36.5428794
        ]
      },
      "properties": {
        "内容": "バス停: 長池 (野々市市)",
        "name": "長池",
        "operator": "野々市市",
        "ref": "21",
        "url": "",
        "url2": ""
      }
    },
    {
      "type": "Feature",
      "geometry": {
        "type": "Point",
        "coordinates": [
          136.5687684,
          36.514755
        ]
      },
      "properties": {
        "内容": "バス停: 倉光",
        "name": "倉光",
        "operator": "事業者不明",
        "ref": "",
        "url": "",
        "url2": ""
      }
    },
    {
      "type": "Feature",
      "geometry": {
        "type": "Point",
        "coordinates": [
          136.6594421,
          36.596961
        ]
      },
      "properties": {
        "内容": "バス停: 城北市民運動公園 金沢プール前 (西日本JRバス)",
        "name": "城北市民運動公園 金沢プール前",
        "operator": "西日本JRバス",
        "ref": "",
        "url": "",
        "url2": ""
      }
    },
    {
      "type": "Feature",
      "geometry": {
        "type": "Point",
        "coordinates": [
          136.6625921,
          36.5960262
        ]
      },
      "properties": {
        "内容": "バス停: 田中口 (北鉄バス)",
        "name": "田中口",
        "operator": "北鉄バス",
        "ref": "",
        "url": "",
        "url2": ""
      }
    },
    {
      "type": "Feature",
      "geometry": {
        "type": "Point",
        "coordinates": [
          136.5980655,
          36.5410878
        ]
      },
      "properties": {
        "内容": "バス停: 野々市駅南口前 (野々市市)",
        "name": "野々市駅南口前",
        "operator": "野々市市",
        "ref": "19",
        "url": "",
        "url2": ""
      }
    },
    {
      "type": "Feature",
      "geometry": {
        "type": "Point",
        "coordinates": [
          136.601602,
          36.5431415
        ]
      },
      "properties": {
        "内容": "バス停: あすなろ団地口 (野々市市)",
        "name": "あすなろ団地口",
        "operator": "野々市市",
        "ref": "29",
        "url": "",
        "url2": ""
      }
    },
    {
      "type": "Feature",
      "geometry": {
        "type": "Point",
        "coordinates": [
          136.6016194,
          36.5431517
        ]
      },
      "properties": {
        "内容": "バス停: 御経塚 (北鉄バス)",
        "name": "御経塚",
        "operator": "北鉄バス",
        "ref": "",
        "url": "",
        "url2": ""
      }
    },
    {
      "type": "Feature",
      "geometry": {
        "type": "Point",
        "coordinates": [
          136.6044304,
          36.5437934
        ]
      },
      "properties": {
        "内容": "バス停: 野代 (北鉄バス)",
        "name": "野代",
        "operator": "北鉄バス",
        "ref": "",
        "url": "",
        "url2": ""
      }
    },
    {
      "type": "Feature",
      "geometry": {
        "type": "Point",
        "coordinates": [
          136.603725,
          36.5437012
        ]
      },
      "properties": {
        "内容": "バス停: 野代 (北鉄バス)",
        "name": "野代",
        "operator": "北鉄バス",
        "ref": "",
        "url": "",
        "url2": ""
      }
    },
    {
      "type": "Feature",
      "geometry": {
        "type": "Point",
        "coordinates": [
          136.6071468,
          36.5444099
        ]
      },
      "properties": {
        "内容": "バス停: 八日市住宅 (北鉄バス)",
        "name": "八日市住宅",
        "operator": "北鉄バス",
        "ref": "",
        "url": "",
        "url2": ""
      }
    },
    {
      "type": "Feature",
      "geometry": {
        "type": "Point",
        "coordinates": [
          136.6188828,
          36.5291845
        ]
      },
      "properties": {
        "内容": "バス停: 住吉町 (北鉄バス)",
        "name": "住吉町",
        "operator": "北鉄バス",
        "ref": "",
        "url": "",
        "url2": ""
      }
    },
    {
      "type": "Feature",
      "geometry": {
        "type": "Point",
        "coordinates": [
          136.6190625,
          36.5299512
        ]
      },
      "properties": {
        "内容": "バス停: 住吉町 (北鉄バス)",
        "name": "住吉町",
        "operator": "北鉄バス",
        "ref": "",
        "url": "",
        "url2": ""
      }
    }
  ]
}