{
"type": "FeatureCollection",
"name": "geo_17_2",
"crs": { "type": "name", "properties": { "name": "urn:ogc:def:crs:OGC:1.3:CRS84" } },
"features": [
{ "type": "Feature", "properties": { "ID": 1720122563, "正式名称": "いりたに内科かかりつけクリニック", "機関区分": 2, "都道府県コード": 17, "市区町村コード": 201, "所在地": "石川県金沢市上安原２丁目１９６", "緯度": 36.565513, "経度": 136.589305, "url": "https://www.iryou.teikyouseido.mhlw.go.jp/znk-web/juminkanja/S2430/initialize?prefCd=17&kikanCd=0122563&kikanKbn=2", "url2": "https://iritani-naika.clinic", "内容": "いりたに内科かかりつけクリニック【2:診療所】【診療科目:内科_循環器内科_外科】石川県金沢市上安原２丁目１９６" }, "geometry": { "type": "Point", "coordinates": [ 136.589305, 36.565513 ] } },
{ "type": "Feature", "properties": { "ID": 1721122005, "正式名称": "岡本小児科クリニック", "機関区分": 2, "都道府県コード": 17, "市区町村コード": 203, "所在地": "石川県小松市沖町ツ１６", "緯度": 36.39851, "経度": 136.467472, "url": "https://www.iryou.teikyouseido.mhlw.go.jp/znk-web/juminkanja/S2430/initialize?prefCd=17&kikanCd=1122005&kikanKbn=2", "url2": null, "内容": "岡本小児科クリニック【2:診療所】【診療科目:小児科】石川県小松市沖町ツ１６" }, "geometry": { "type": "Point", "coordinates": [ 136.467472, 36.39851 ] } },
{ "type": "Feature", "properties": { "ID": 1721122006, "正式名称": "おかやま眼科医院", "機関区分": 2, "都道府県コード": 17, "市区町村コード": 203, "所在地": "石川県小松市沖町", "緯度": 36.397922, "経度": 136.468177, "url": "https://www.iryou.teikyouseido.mhlw.go.jp/znk-web/juminkanja/S2430/initialize?prefCd=17&kikanCd=1122006&kikanKbn=2", "url2": "https://www.okayama-ganka.com/", "内容": "おかやま眼科医院【2:診療所】【診療科目:眼科】石川県小松市沖町" }, "geometry": { "type": "Point", "coordinates": [ 136.468177, 36.397922 ] } },
{ "type": "Feature", "properties": { "ID": 1721122007, "正式名称": "奥山眼科クリニック", "機関区分": 2, "都道府県コード": 17, "市区町村コード": 203, "所在地": "石川県小松市末広町５０－４", "緯度": 36.400869, "経度": 136.445198, "url": "https://www.iryou.teikyouseido.mhlw.go.jp/znk-web/juminkanja/S2430/initialize?prefCd=17&kikanCd=1122007&kikanKbn=2", "url2": null, "内容": "奥山眼科クリニック【2:診療所】【診療科目:眼科】石川県小松市末広町５０－４" }, "geometry": { "type": "Point", "coordinates": [ 136.445198, 36.400869 ] } },
{ "type": "Feature", "properties": { "ID": 1721122008, "正式名称": "医療法人社団　小野江医院", "機関区分": 2, "都道府県コード": 17, "市区町村コード": 203, "所在地": "石川県小松市長田町甲１", "緯度": 36.427485, "経度": 136.465377, "url": "https://www.iryou.teikyouseido.mhlw.go.jp/znk-web/juminkanja/S2430/initialize?prefCd=17&kikanCd=1122008&kikanKbn=2", "url2": "https://onoeclinic.com", "内容": "医療法人社団　小野江医院【2:診療所】【診療科目:内科_腎臓内科_リウマチ・膠原病内科】石川県小松市長田町甲１" }, "geometry": { "type": "Point", "coordinates": [ 136.465377, 36.427485 ] } },
{ "type": "Feature", "properties": { "ID": 1721122009, "正式名称": "勝木医院", "機関区分": 2, "都道府県コード": 17, "市区町村コード": 203, "所在地": "石川県小松市竜助町１４", "緯度": 36.40398, "経度": 136.448393, "url": "https://www.iryou.teikyouseido.mhlw.go.jp/znk-web/juminkanja/S2430/initialize?prefCd=17&kikanCd=1122009&kikanKbn=2", "url2": null, "内容": "勝木医院【2:診療所】【診療科目:内科】石川県小松市竜助町１４" }, "geometry": { "type": "Point", "coordinates": [ 136.448393, 36.40398 ] } },
{ "type": "Feature", "properties": { "ID": 1721122016, "正式名称": "医療法人社団川北レイクサイドクリニック", "機関区分": 2, "都道府県コード": 17, "市区町村コード": 203, "所在地": "石川県小松市今江町に４１番地", "緯度": 36.377785, "経度": 136.450935, "url": "https://www.iryou.teikyouseido.mhlw.go.jp/znk-web/juminkanja/S2430/initialize?prefCd=17&kikanCd=1122016&kikanKbn=2", "url2": "www.kawakita-lakeside.com", "内容": "医療法人社団川北レイクサイドクリニック【2:診療所】【診療科目:産婦人科】石川県小松市今江町に４１番地" }, "geometry": { "type": "Point", "coordinates": [ 136.450935, 36.377785 ] } },
{ "type": "Feature", "properties": { "ID": 1721122017, "正式名称": "きたむら内科クリニック", "機関区分": 2, "都道府県コード": 17, "市区町村コード": 203, "所在地": "石川県小松市園町", "緯度": 36.408708, "経度": 136.45539, "url": "https://www.iryou.teikyouseido.mhlw.go.jp/znk-web/juminkanja/S2430/initialize?prefCd=17&kikanCd=1122017&kikanKbn=2", "url2": "https://www.kitamura-naika-clinic.com/", "内容": "きたむら内科クリニック【2:診療所】【診療科目:内科_呼吸器内科_循環器内科_消化器内科_放射線科】石川県小松市園町" }, "geometry": { "type": "Point", "coordinates": [ 136.45539, 36.408708 ] } },
{ "type": "Feature", "properties": { "ID": 1721122018, "正式名称": "串耳鼻咽喉科", "機関区分": 2, "都道府県コード": 17, "市区町村コード": 203, "所在地": "石川県小松市串町丙１０１－１", "緯度": 36.368334, "経度": 136.427672, "url": "https://www.iryou.teikyouseido.mhlw.go.jp/znk-web/juminkanja/S2430/initialize?prefCd=17&kikanCd=1122018&kikanKbn=2", "url2": null, "内容": "串耳鼻咽喉科【2:診療所】【診療科目:耳鼻いんこう科】石川県小松市串町丙１０１－１" }, "geometry": { "type": "Point", "coordinates": [ 136.427672, 36.368334 ] } },
{ "type": "Feature", "properties": { "ID": 1721122019, "正式名称": "楠野脳神経内科外科クリニック", "機関区分": 2, "都道府県コード": 17, "市区町村コード": 203, "所在地": "石川県小松市土居原町三百三番地", "緯度": 36.400828, "経度": 136.450796, "url": "https://www.iryou.teikyouseido.mhlw.go.jp/znk-web/juminkanja/S2430/initialize?prefCd=17&kikanCd=1122019&kikanKbn=2", "url2": "http://www3.nsknet.or.jp/kusuno/", "内容": "楠野脳神経内科外科クリニック【2:診療所】【診療科目:内科_脳神経内科_脳神経外科】石川県小松市土居原町三百三番地" }, "geometry": { "type": "Point", "coordinates": [ 136.450796, 36.400828 ] } },
{ "type": "Feature", "properties": { "ID": 1721122020, "正式名称": "医療法人社団惠仁会惠仁クリニック", "機関区分": 2, "都道府県コード": 17, "市区町村コード": 203, "所在地": "石川県小松市吉竹町と５１−１", "緯度": 36.387644, "経度": 136.475365, "url": "https://www.iryou.teikyouseido.mhlw.go.jp/znk-web/juminkanja/S2430/initialize?prefCd=17&kikanCd=1122020&kikanKbn=2", "url2": "keijin.com", "内容": "医療法人社団惠仁会惠仁クリニック【2:診療所】【診療科目:内科_漢方内科_老年内科_アレルギー科】石川県小松市吉竹町と５１−１" }, "geometry": { "type": "Point", "coordinates": [ 136.475365, 36.387644 ] } },
{ "type": "Feature", "properties": { "ID": 1721122021, "正式名称": "小泉医院", "機関区分": 2, "都道府県コード": 17, "市区町村コード": 203, "所在地": "石川県小松市大文字町", "緯度": 36.400836, "経度": 136.448283, "url": "https://www.iryou.teikyouseido.mhlw.go.jp/znk-web/juminkanja/S2430/initialize?prefCd=17&kikanCd=1122021&kikanKbn=2", "url2": null, "内容": "小泉医院【2:診療所】【診療科目:内科_胃腸内科_肛門内科_外科】石川県小松市大文字町" }, "geometry": { "type": "Point", "coordinates": [ 136.448283, 36.400836 ] } },
{ "type": "Feature", "properties": { "ID": 1721122027, "正式名称": "株式会社小松製作所本社健康増進センタ粟津健康管理室コマツクリニック", "機関区分": 2, "都道府県コード": 17, "市区町村コード": 203, "所在地": "石川県小松市符津町ツ２３", "緯度": 36.360665, "経度": 136.42135, "url": "https://www.iryou.teikyouseido.mhlw.go.jp/znk-web/juminkanja/S2430/initialize?prefCd=17&kikanCd=1122027&kikanKbn=2", "url2": null, "内容": "株式会社小松製作所本社健康増進センタ粟津健康管理室コマツクリニック【2:診療所】【診療科目:内科_外科】石川県小松市符津町ツ２３" }, "geometry": { "type": "Point", "coordinates": [ 136.42135, 36.360665 ] } },
{ "type": "Feature", "properties": { "ID": 1721122029, "正式名称": "公益社団法人石川勤労者医療協会　小松みなみ診療所", "機関区分": 2, "都道府県コード": 17, "市区町村コード": 203, "所在地": "石川県小松市下粟津町み１", "緯度": 36.345796, "経度": 136.433531, "url": "https://www.iryou.teikyouseido.mhlw.go.jp/znk-web/juminkanja/S2430/initialize?prefCd=17&kikanCd=1122029&kikanKbn=2", "url2": "http://ishikawa-kinikyo.jp/komatu/", "内容": "公益社団法人石川勤労者医療協会　小松みなみ診療所【2:診療所】【診療科目:内科_小児科】石川県小松市下粟津町み１" }, "geometry": { "type": "Point", "coordinates": [ 136.433531, 36.345796 ] } },
{ "type": "Feature", "properties": { "ID": 1721122030, "正式名称": "さたけ内科クリニック", "機関区分": 2, "都道府県コード": 17, "市区町村コード": 203, "所在地": "石川県小松市若杉町３丁目３０", "緯度": 36.396803, "経度": 136.478608, "url": "https://www.iryou.teikyouseido.mhlw.go.jp/znk-web/juminkanja/S2430/initialize?prefCd=17&kikanCd=1122030&kikanKbn=2", "url2": null, "内容": "さたけ内科クリニック【2:診療所】【診療科目:内科_脳神経内科】石川県小松市若杉町３丁目３０" }, "geometry": { "type": "Point", "coordinates": [ 136.478608, 36.396803 ] } },
{ "type": "Feature", "properties": { "ID": 1721122031, "正式名称": "坂下耳鼻咽喉科医院", "機関区分": 2, "都道府県コード": 17, "市区町村コード": 203, "所在地": "石川県小松市犬丸町乙８６番地", "緯度": 36.423235, "経度": 136.456945, "url": "https://www.iryou.teikyouseido.mhlw.go.jp/znk-web/juminkanja/S2430/initialize?prefCd=17&kikanCd=1122031&kikanKbn=2", "url2": null, "内容": "坂下耳鼻咽喉科医院【2:診療所】【診療科目:耳鼻いんこう科】石川県小松市犬丸町乙８６番地" }, "geometry": { "type": "Point", "coordinates": [ 136.456945, 36.423235 ] } },
{ "type": "Feature", "properties": { "ID": 1721122032, "正式名称": "老人ホーム自生園　付属診療所", "機関区分": 2, "都道府県コード": 17, "市区町村コード": 203, "所在地": "石川県小松市上荒屋町ソ４－１０", "緯度": 36.327867, "経度": 136.431495, "url": "https://www.iryou.teikyouseido.mhlw.go.jp/znk-web/juminkanja/S2430/initialize?prefCd=17&kikanCd=1122032&kikanKbn=2", "url2": null, "内容": "老人ホーム自生園　付属診療所【2:診療所】【診療科目:内科】石川県小松市上荒屋町ソ４－１０" }, "geometry": { "type": "Point", "coordinates": [ 136.431495, 36.327867 ] } },
{ "type": "Feature", "properties": { "ID": 1721122033, "正式名称": "十慈医院", "機関区分": 2, "都道府県コード": 17, "市区町村コード": 203, "所在地": "石川県小松市龍助町４２番地", "緯度": 36.401843, "経度": 136.448551, "url": "https://www.iryou.teikyouseido.mhlw.go.jp/znk-web/juminkanja/S2430/initialize?prefCd=17&kikanCd=1122033&kikanKbn=2", "url2": "http://www.jujiclinic.com", "内容": "十慈医院【2:診療所】【診療科目:内科_消化器内科_胃腸内科_内視鏡内科_外科_大腸外科_肛門外科】石川県小松市龍助町４２番地" }, "geometry": { "type": "Point", "coordinates": [ 136.448551, 36.401843 ] } },
{ "type": "Feature", "properties": { "ID": 1721122035, "正式名称": "社会福祉法人　松寿園診療所", "機関区分": 2, "都道府県コード": 17, "市区町村コード": 203, "所在地": "石川県小松市向本折町", "緯度": 36.396821, "経度": 136.439724, "url": "https://www.iryou.teikyouseido.mhlw.go.jp/znk-web/juminkanja/S2430/initialize?prefCd=17&kikanCd=1122035&kikanKbn=2", "url2": null, "内容": "社会福祉法人　松寿園診療所【2:診療所】【診療科目:内科】石川県小松市向本折町" }, "geometry": { "type": "Point", "coordinates": [ 136.439724, 36.396821 ] } },
{ "type": "Feature", "properties": { "ID": 1721122036, "正式名称": "しんたに医院", "機関区分": 2, "都道府県コード": 17, "市区町村コード": 203, "所在地": "石川県小松市園町二６７－１", "緯度": 36.403688, "経度": 136.466575, "url": "https://www.iryou.teikyouseido.mhlw.go.jp/znk-web/juminkanja/S2430/initialize?prefCd=17&kikanCd=1122036&kikanKbn=2", "url2": "https://www.shintani-iin-komatsushi.com", "内容": "しんたに医院【2:診療所】【診療科目:内科_呼吸器内科_アレルギー科】石川県小松市園町二６７－１" }, "geometry": { "type": "Point", "coordinates": [ 136.466575, 36.403688 ] } },
{ "type": "Feature", "properties": { "ID": 1721122038, "正式名称": "すずき心のクリニック", "機関区分": 2, "都道府県コード": 17, "市区町村コード": 203, "所在地": "石川県小松市打越町甲７４番地２", "緯度": 36.398077, "経度": 136.476038, "url": "https://www.iryou.teikyouseido.mhlw.go.jp/znk-web/juminkanja/S2430/initialize?prefCd=17&kikanCd=1122038&kikanKbn=2", "url2": "http://mental-suzuki.jp", "内容": "すずき心のクリニック【2:診療所】【診療科目:精神科_心療内科】石川県小松市打越町甲７４番地２" }, "geometry": { "type": "Point", "coordinates": [ 136.476038, 36.398077 ] } },
{ "type": "Feature", "properties": { "ID": 1721122042, "正式名称": "田谷泌尿器科医院", "機関区分": 2, "都道府県コード": 17, "市区町村コード": 203, "所在地": "石川県小松市園町ニ２９番地１", "緯度": 36.404703, "経度": 136.463735, "url": "https://www.iryou.teikyouseido.mhlw.go.jp/znk-web/juminkanja/S2430/initialize?prefCd=17&kikanCd=1122042&kikanKbn=2", "url2": "https://www.tayakai.or.jp/clinic/", "内容": "田谷泌尿器科医院【2:診療所】【診療科目:内科_泌尿器科】石川県小松市園町ニ２９番地１" }, "geometry": { "type": "Point", "coordinates": [ 136.463735, 36.404703 ] } },
{ "type": "Feature", "properties": { "ID": 1721122045, "正式名称": "医療法人社団康仁会永遠幸レディスクリニック", "機関区分": 2, "都道府県コード": 17, "市区町村コード": 203, "所在地": "石川県小松市小島町ル５０－１", "緯度": 36.41893, "経度": 136.432466, "url": "https://www.iryou.teikyouseido.mhlw.go.jp/znk-web/juminkanja/S2430/initialize?prefCd=17&kikanCd=1122045&kikanKbn=2", "url2": "http://www.towako.com/", "内容": "医療法人社団康仁会永遠幸レディスクリニック【2:診療所】【診療科目:産婦人科（生殖医療）】石川県小松市小島町ル５０－１" }, "geometry": { "type": "Point", "coordinates": [ 136.432466, 36.41893 ] } },
{ "type": "Feature", "properties": { "ID": 1721122047, "正式名称": "医療法人社団　中川外科医院", "機関区分": 2, "都道府県コード": 17, "市区町村コード": 203, "所在地": "石川県小松市向本折町マ５５", "緯度": 36.392986, "経度": 136.446738, "url": "https://www.iryou.teikyouseido.mhlw.go.jp/znk-web/juminkanja/S2430/initialize?prefCd=17&kikanCd=1122047&kikanKbn=2", "url2": null, "内容": "医療法人社団　中川外科医院【2:診療所】【診療科目:消化器内科_肛門内科_外科_肛門外科_整形外科】石川県小松市向本折町マ５５" }, "geometry": { "type": "Point", "coordinates": [ 136.446738, 36.392986 ] } },
{ "type": "Feature", "properties": { "ID": 1721122048, "正式名称": "西木医院", "機関区分": 2, "都道府県コード": 17, "市区町村コード": 203, "所在地": "石川県小松市河田町ヌ２８－１", "緯度": 36.416174, "経度": 136.509418, "url": "https://www.iryou.teikyouseido.mhlw.go.jp/znk-web/juminkanja/S2430/initialize?prefCd=17&kikanCd=1122048&kikanKbn=2", "url2": "http://komatsucity-nishikiiin.jp/", "内容": "西木医院【2:診療所】【診療科目:内科_呼吸器内科_アレルギー疾患内科_放射線科】石川県小松市河田町ヌ２８－１" }, "geometry": { "type": "Point", "coordinates": [ 136.509418, 36.416174 ] } },
{ "type": "Feature", "properties": { "ID": 1721122051, "正式名称": "医療法人社団　蓮井会　蓮井小児科医院", "機関区分": 2, "都道府県コード": 17, "市区町村コード": 203, "所在地": "石川県小松市龍助町", "緯度": 36.402535, "経度": 136.448884, "url": "https://www.iryou.teikyouseido.mhlw.go.jp/znk-web/juminkanja/S2430/initialize?prefCd=17&kikanCd=1122051&kikanKbn=2", "url2": null, "内容": "医療法人社団　蓮井会　蓮井小児科医院【2:診療所】【診療科目:小児科】石川県小松市龍助町" }, "geometry": { "type": "Point", "coordinates": [ 136.448884, 36.402535 ] } },
{ "type": "Feature", "properties": { "ID": 1721122053, "正式名称": "春木医院", "機関区分": 2, "都道府県コード": 17, "市区町村コード": 203, "所在地": "石川県小松市糸町４番地９号", "緯度": 36.404168, "経度": 136.470078, "url": "https://www.iryou.teikyouseido.mhlw.go.jp/znk-web/juminkanja/S2430/initialize?prefCd=17&kikanCd=1122053&kikanKbn=2", "url2": "https://haruki-clinic.com/", "内容": "春木医院【2:診療所】【診療科目:内科_皮膚科】石川県小松市糸町４番地９号" }, "geometry": { "type": "Point", "coordinates": [ 136.470078, 36.404168 ] } },
{ "type": "Feature", "properties": { "ID": 1721122055, "正式名称": "医療法人社団　Ｓ＆ＢＬＯＯＭ", "機関区分": 2, "都道府県コード": 17, "市区町村コード": 203, "所在地": "石川県小松市栄町１１番地１", "緯度": 36.399172, "経度": 136.446408, "url": "https://www.iryou.teikyouseido.mhlw.go.jp/znk-web/juminkanja/S2430/initialize?prefCd=17&kikanCd=1122055&kikanKbn=2", "url2": "https://www.clinic-sora.jp/", "内容": "医療法人社団　Ｓ＆ＢＬＯＯＭ【2:診療所】【診療科目:内科_消化器内科_内視鏡内科_肛門外科_美容皮膚科】石川県小松市栄町１１番地１" }, "geometry": { "type": "Point", "coordinates": [ 136.446408, 36.399172 ] } },
{ "type": "Feature", "properties": { "ID": 1721122058, "正式名称": "藤本皮膚科医院", "機関区分": 2, "都道府県コード": 17, "市区町村コード": 203, "所在地": "石川県小松市日の出町１－１３８", "緯度": 36.400405, "経度": 136.45424, "url": "https://www.iryou.teikyouseido.mhlw.go.jp/znk-web/juminkanja/S2430/initialize?prefCd=17&kikanCd=1122058&kikanKbn=2", "url2": "https://www.fujimoto-hifuka.jp", "内容": "藤本皮膚科医院【2:診療所】【診療科目:皮膚科】石川県小松市日の出町１－１３８" }, "geometry": { "type": "Point", "coordinates": [ 136.45424, 36.400405 ] } },
{ "type": "Feature", "properties": { "ID": 1721122061, "正式名称": "医療法人社団　牧野整形外科医院", "機関区分": 2, "都道府県コード": 17, "市区町村コード": 203, "所在地": "石川県小松市四丁町ろ３番地１", "緯度": 36.355908, "経度": 136.411909, "url": "https://www.iryou.teikyouseido.mhlw.go.jp/znk-web/juminkanja/S2430/initialize?prefCd=17&kikanCd=1122061&kikanKbn=2", "url2": "https://www.makino-seikei.com/", "内容": "医療法人社団　牧野整形外科医院【2:診療所】【診療科目:ペインクリニック外科_整形外科_リハビリテーション科】石川県小松市四丁町ろ３番地１" }, "geometry": { "type": "Point", "coordinates": [ 136.411909, 36.355908 ] } },
{ "type": "Feature", "properties": { "ID": 1721122065, "正式名称": "医療法人社団見郷会　見谷内科医院", "機関区分": 2, "都道府県コード": 17, "市区町村コード": 203, "所在地": "石川県小松市北浅井町ハ７７番地", "緯度": 36.388249, "経度": 136.459658, "url": "https://www.iryou.teikyouseido.mhlw.go.jp/znk-web/juminkanja/S2430/initialize?prefCd=17&kikanCd=1122065&kikanKbn=2", "url2": "https://drmitani.com", "内容": "医療法人社団見郷会　見谷内科医院【2:診療所】【診療科目:内科_呼吸器内科_循環器内科_消化器内科_放射線科】石川県小松市北浅井町ハ７７番地" }, "geometry": { "type": "Point", "coordinates": [ 136.459658, 36.388249 ] } },
{ "type": "Feature", "properties": { "ID": 1721122066, "正式名称": "医療法人社団　みなとクリニック", "機関区分": 2, "都道府県コード": 17, "市区町村コード": 203, "所在地": "石川県小松市幸町３－９２", "緯度": 36.392187, "経度": 136.451005, "url": "https://www.iryou.teikyouseido.mhlw.go.jp/znk-web/juminkanja/S2430/initialize?prefCd=17&kikanCd=1122066&kikanKbn=2", "url2": null, "内容": "医療法人社団　みなとクリニック【2:診療所】【診療科目:内科_消化器内科_肝臓内科_内視鏡内科】石川県小松市幸町３－９２" }, "geometry": { "type": "Point", "coordinates": [ 136.451005, 36.392187 ] } },
{ "type": "Feature", "properties": { "ID": 1721122068, "正式名称": "南加賀急病センター", "機関区分": 2, "都道府県コード": 17, "市区町村コード": 203, "所在地": "石川県小松市向本折町ホ６０番地南館１階", "緯度": 36.3983, "経度": 136.439308, "url": "https://www.iryou.teikyouseido.mhlw.go.jp/znk-web/juminkanja/S2430/initialize?prefCd=17&kikanCd=1122068&kikanKbn=2", "url2": null, "内容": "南加賀急病センター【2:診療所】【診療科目:内科_小児科】石川県小松市向本折町ホ６０番地南館１階" }, "geometry": { "type": "Point", "coordinates": [ 136.439308, 36.3983 ] } },
{ "type": "Feature", "properties": { "ID": 1721122069, "正式名称": "医療法人社団向出医院　むかいでファミリークリニック", "機関区分": 2, "都道府県コード": 17, "市区町村コード": 203, "所在地": "石川県小松市西軽海町", "緯度": 36.398099, "経度": 136.500556, "url": "https://www.iryou.teikyouseido.mhlw.go.jp/znk-web/juminkanja/S2430/initialize?prefCd=17&kikanCd=1122069&kikanKbn=2", "url2": "http://mukaide.jp/", "内容": "医療法人社団向出医院　むかいでファミリークリニック【2:診療所】【診療科目:内科_循環器内科_小児科】石川県小松市西軽海町" }, "geometry": { "type": "Point", "coordinates": [ 136.500556, 36.398099 ] } },
{ "type": "Feature", "properties": { "ID": 1721122072, "正式名称": "八木内科クリニック", "機関区分": 2, "都道府県コード": 17, "市区町村コード": 203, "所在地": "石川県小松市打越町う４５", "緯度": 36.398752, "経度": 136.472575, "url": "https://www.iryou.teikyouseido.mhlw.go.jp/znk-web/juminkanja/S2430/initialize?prefCd=17&kikanCd=1122072&kikanKbn=2", "url2": "https://komatsu-yaginaikaclinic.jp", "内容": "八木内科クリニック【2:診療所】【診療科目:内科_循環器内科】石川県小松市打越町う４５" }, "geometry": { "type": "Point", "coordinates": [ 136.472575, 36.398752 ] } },
{ "type": "Feature", "properties": { "ID": 1721122073, "正式名称": "医療法人社団　山上小児科クリニック", "機関区分": 2, "都道府県コード": 17, "市区町村コード": 203, "所在地": "石川県小松市日の出町１丁目１２８", "緯度": 36.400331, "経度": 136.455243, "url": "https://www.iryou.teikyouseido.mhlw.go.jp/znk-web/juminkanja/S2430/initialize?prefCd=17&kikanCd=1122073&kikanKbn=2", "url2": null, "内容": "医療法人社団　山上小児科クリニック【2:診療所】【診療科目:内科_小児科】石川県小松市日の出町１丁目１２８" }, "geometry": { "type": "Point", "coordinates": [ 136.455243, 36.400331 ] } },
{ "type": "Feature", "properties": { "ID": 1721122074, "正式名称": "湯浅医院", "機関区分": 2, "都道府県コード": 17, "市区町村コード": 203, "所在地": "石川県小松市旭町９５", "緯度": 36.397915, "経度": 136.449463, "url": "https://www.iryou.teikyouseido.mhlw.go.jp/znk-web/juminkanja/S2430/initialize?prefCd=17&kikanCd=1122074&kikanKbn=2", "url2": null, "内容": "湯浅医院【2:診療所】【診療科目:内科_循環器内科】石川県小松市旭町９５" }, "geometry": { "type": "Point", "coordinates": [ 136.449463, 36.397915 ] } },
{ "type": "Feature", "properties": { "ID": 1721122076, "正式名称": "医療法人社団　吉田耳鼻咽喉科医院", "機関区分": 2, "都道府県コード": 17, "市区町村コード": 203, "所在地": "石川県小松市打越町丁１４－１", "緯度": 36.397938, "経度": 136.472594, "url": "https://www.iryou.teikyouseido.mhlw.go.jp/znk-web/juminkanja/S2430/initialize?prefCd=17&kikanCd=1122076&kikanKbn=2", "url2": null, "内容": "医療法人社団　吉田耳鼻咽喉科医院【2:診療所】【診療科目:耳鼻いんこう科】石川県小松市打越町丁１４－１" }, "geometry": { "type": "Point", "coordinates": [ 136.472594, 36.397938 ] } },
{ "type": "Feature", "properties": { "ID": 1721122077, "正式名称": "特定医療法人社団勝木会　芦城クリニック", "機関区分": 2, "都道府県コード": 17, "市区町村コード": 203, "所在地": "石川県小松市土居原町１７５番地", "緯度": 36.402949, "経度": 136.451397, "url": "https://www.iryou.teikyouseido.mhlw.go.jp/znk-web/juminkanja/S2430/initialize?prefCd=17&kikanCd=1122077&kikanKbn=2", "url2": "http://www.rozyoclinic.com/", "内容": "特定医療法人社団勝木会　芦城クリニック【2:診療所】【診療科目:内科_整形外科_リハビリテーション科】石川県小松市土居原町１７５番地" }, "geometry": { "type": "Point", "coordinates": [ 136.451397, 36.402949 ] } },
{ "type": "Feature", "properties": { "ID": 1721122078, "正式名称": "眼科わじま医院", "機関区分": 2, "都道府県コード": 17, "市区町村コード": 203, "所在地": "石川県小松市幸町", "緯度": 36.392667, "経度": 136.451354, "url": "https://www.iryou.teikyouseido.mhlw.go.jp/znk-web/juminkanja/S2430/initialize?prefCd=17&kikanCd=1122078&kikanKbn=2", "url2": "https://wajima-eye-clinic.com/", "内容": "眼科わじま医院【2:診療所】【診療科目:眼科】石川県小松市幸町" }, "geometry": { "type": "Point", "coordinates": [ 136.451354, 36.392667 ] } },
{ "type": "Feature", "properties": { "ID": 1721123079, "正式名称": "医療法人社団　あさもとクリニック", "機関区分": 2, "都道府県コード": 17, "市区町村コード": 211, "所在地": "石川県能美市福島町タ３８－３", "緯度": 36.456592, "経度": 136.465415, "url": "https://www.iryou.teikyouseido.mhlw.go.jp/znk-web/juminkanja/S2430/initialize?prefCd=17&kikanCd=1123079&kikanKbn=2", "url2": null, "内容": "医療法人社団　あさもとクリニック【2:診療所】【診療科目:内科】石川県能美市福島町タ３８－３" }, "geometry": { "type": "Point", "coordinates": [ 136.465415, 36.456592 ] } },
{ "type": "Feature", "properties": { "ID": 1721123080, "正式名称": "医療法人社団　きだ整形外科クリニック", "機関区分": 2, "都道府県コード": 17, "市区町村コード": 211, "所在地": "石川県能美市西二口町丙３０－１", "緯度": 36.448282, "経度": 136.468599, "url": "https://www.iryou.teikyouseido.mhlw.go.jp/znk-web/juminkanja/S2430/initialize?prefCd=17&kikanCd=1123080&kikanKbn=2", "url2": "http://idagroupde.biz", "内容": "医療法人社団　きだ整形外科クリニック【2:診療所】【診療科目:内科_整形外科_リウマチ科_リハビリテーション科】石川県能美市西二口町丙３０－１" }, "geometry": { "type": "Point", "coordinates": [ 136.468599, 36.448282 ] } },
{ "type": "Feature", "properties": { "ID": 1721123082, "正式名称": "医療法人社団　まつだクリニック", "機関区分": 2, "都道府県コード": 17, "市区町村コード": 211, "所在地": "石川県能美市浜開発町町丁９７−３", "緯度": 36.446606, "経度": 136.458489, "url": "https://www.iryou.teikyouseido.mhlw.go.jp/znk-web/juminkanja/S2430/initialize?prefCd=17&kikanCd=1123082&kikanKbn=2", "url2": "https://www.matsuda-shonika-clinic.com", "内容": "医療法人社団　まつだクリニック【2:診療所】【診療科目:小児科】石川県能美市浜開発町町丁９７−３" }, "geometry": { "type": "Point", "coordinates": [ 136.458489, 36.446606 ] } },
{ "type": "Feature", "properties": { "ID": 1721123083, "正式名称": "村本クリニック", "機関区分": 2, "都道府県コード": 17, "市区町村コード": 211, "所在地": "石川県能美市大成町ワ５ー１", "緯度": 36.450863, "経度": 136.465189, "url": "https://www.iryou.teikyouseido.mhlw.go.jp/znk-web/juminkanja/S2430/initialize?prefCd=17&kikanCd=1123083&kikanKbn=2", "url2": "https://muramoto-cl.com", "内容": "村本クリニック【2:診療所】【診療科目:内科_胃腸内科_皮膚科_美容皮膚科_放射線科】石川県能美市大成町ワ５ー１" }, "geometry": { "type": "Point", "coordinates": [ 136.465189, 36.450863 ] } },
{ "type": "Feature", "properties": { "ID": 1721123086, "正式名称": "やなせ医院", "機関区分": 2, "都道府県コード": 17, "市区町村コード": 211, "所在地": "石川県能美市浜町カ１５７番地", "緯度": 36.447734, "経度": 136.458451, "url": "https://www.iryou.teikyouseido.mhlw.go.jp/znk-web/juminkanja/S2430/initialize?prefCd=17&kikanCd=1123086&kikanKbn=2", "url2": "https://yanase-cl.jp", "内容": "やなせ医院【2:診療所】【診療科目:内科_消化器内科_小児科】石川県能美市浜町カ１５７番地" }, "geometry": { "type": "Point", "coordinates": [ 136.458451, 36.447734 ] } },
{ "type": "Feature", "properties": { "ID": 1721123087, "正式名称": "医療法人社団　米島医院", "機関区分": 2, "都道府県コード": 17, "市区町村コード": 211, "所在地": "石川県能美市大成町ト１１８番地６", "緯度": 36.452166, "経度": 136.460533, "url": "https://www.iryou.teikyouseido.mhlw.go.jp/znk-web/juminkanja/S2430/initialize?prefCd=17&kikanCd=1123087&kikanKbn=2", "url2": "http://www.yonejimaiin.com", "内容": "医療法人社団　米島医院【2:診療所】【診療科目:内科_胃腸内科_小児科】石川県能美市大成町ト１１８番地６" }, "geometry": { "type": "Point", "coordinates": [ 136.460533, 36.452166 ] } },
{ "type": "Feature", "properties": { "ID": 1721123088, "正式名称": "秋山医院", "機関区分": 2, "都道府県コード": 17, "市区町村コード": 211, "所在地": "石川県能美市寺井町ま２０", "緯度": 36.444889, "経度": 136.504232, "url": "https://www.iryou.teikyouseido.mhlw.go.jp/znk-web/juminkanja/S2430/initialize?prefCd=17&kikanCd=1123088&kikanKbn=2", "url2": null, "内容": "秋山医院【2:診療所】【診療科目:内科_漢方内科_小児科】石川県能美市寺井町ま２０" }, "geometry": { "type": "Point", "coordinates": [ 136.504232, 36.444889 ] } },
{ "type": "Feature", "properties": { "ID": 1721123089, "正式名称": "医療法人社団　　上田眼科医院", "機関区分": 2, "都道府県コード": 17, "市区町村コード": 211, "所在地": "石川県能美市寺井町レ１０４番地４", "緯度": 36.437545, "経度": 136.491628, "url": "https://www.iryou.teikyouseido.mhlw.go.jp/znk-web/juminkanja/S2430/initialize?prefCd=17&kikanCd=1123089&kikanKbn=2", "url2": "http://www.ueda-eye-clinic.jp", "内容": "医療法人社団　　上田眼科医院【2:診療所】【診療科目:眼科】石川県能美市寺井町レ１０４番地４" }, "geometry": { "type": "Point", "coordinates": [ 136.491628, 36.437545 ] } },
{ "type": "Feature", "properties": { "ID": 1721123090, "正式名称": "さかの耳鼻咽喉科クリニック", "機関区分": 2, "都道府県コード": 17, "市区町村コード": 211, "所在地": "石川県能美市寺井町ロ４５－１", "緯度": 36.444048, "経度": 136.491014, "url": "https://www.iryou.teikyouseido.mhlw.go.jp/znk-web/juminkanja/S2430/initialize?prefCd=17&kikanCd=1123090&kikanKbn=2", "url2": null, "内容": "さかの耳鼻咽喉科クリニック【2:診療所】【診療科目:耳鼻いんこう科】石川県能美市寺井町ロ４５－１" }, "geometry": { "type": "Point", "coordinates": [ 136.491014, 36.444048 ] } },
{ "type": "Feature", "properties": { "ID": 1721123094, "正式名称": "にった皮膚科泌尿器科クリニック", "機関区分": 2, "都道府県コード": 17, "市区町村コード": 211, "所在地": "石川県能美市寺井町ロ８９－１", "緯度": 36.44338, "経度": 136.490418, "url": "https://www.iryou.teikyouseido.mhlw.go.jp/znk-web/juminkanja/S2430/initialize?prefCd=17&kikanCd=1123094&kikanKbn=2", "url2": null, "内容": "にった皮膚科泌尿器科クリニック【2:診療所】【診療科目:皮膚科_泌尿器科】石川県能美市寺井町ロ８９－１" }, "geometry": { "type": "Point", "coordinates": [ 136.490418, 36.44338 ] } },
{ "type": "Feature", "properties": { "ID": 1721123096, "正式名称": "医療法人社団　前田医院", "機関区分": 2, "都道府県コード": 17, "市区町村コード": 211, "所在地": "石川県能美市寺井町", "緯度": 36.437317, "経度": 136.495219, "url": "https://www.iryou.teikyouseido.mhlw.go.jp/znk-web/juminkanja/S2430/initialize?prefCd=17&kikanCd=1123096&kikanKbn=2", "url2": "https://maedaiin.com/", "内容": "医療法人社団　前田医院【2:診療所】【診療科目:内科_循環器内科_消化器内科】石川県能美市寺井町" }, "geometry": { "type": "Point", "coordinates": [ 136.495219, 36.437317 ] } },
{ "type": "Feature", "properties": { "ID": 1721123097, "正式名称": "水本整形外科医院", "機関区分": 2, "都道府県コード": 17, "市区町村コード": 211, "所在地": "石川県能美市寺井町や１２０番地", "緯度": 36.444033, "経度": 136.503632, "url": "https://www.iryou.teikyouseido.mhlw.go.jp/znk-web/juminkanja/S2430/initialize?prefCd=17&kikanCd=1123097&kikanKbn=2", "url2": null, "内容": "水本整形外科医院【2:診療所】【診療科目:整形外科_リハビリテーション科】石川県能美市寺井町や１２０番地" }, "geometry": { "type": "Point", "coordinates": [ 136.503632, 36.444033 ] } },
{ "type": "Feature", "properties": { "ID": 1721123100, "正式名称": "医療法人社団泉之杉会にしかわクリニック", "機関区分": 2, "都道府県コード": 17, "市区町村コード": 211, "所在地": "石川県能美市三ツ屋町イ１４－１", "緯度": 36.452271, "経度": 136.547906, "url": "https://www.iryou.teikyouseido.mhlw.go.jp/znk-web/juminkanja/S2430/initialize?prefCd=17&kikanCd=1123100&kikanKbn=2", "url2": "http://urologist-539.businenn.site/", "内容": "医療法人社団泉之杉会にしかわクリニック【2:診療所】【診療科目:内科_性感染症内科_外科_泌尿器科】石川県能美市三ツ屋町イ１４－１" }, "geometry": { "type": "Point", "coordinates": [ 136.547906, 36.452271 ] } },
{ "type": "Feature", "properties": { "ID": 1721123102, "正式名称": "松田内科クリニック", "機関区分": 2, "都道府県コード": 17, "市区町村コード": 211, "所在地": "石川県能美市三ツ屋町３８－３", "緯度": 36.454051, "経度": 136.546034, "url": "https://www.iryou.teikyouseido.mhlw.go.jp/znk-web/juminkanja/S2430/initialize?prefCd=17&kikanCd=1123102&kikanKbn=2", "url2": null, "内容": "松田内科クリニック【2:診療所】【診療科目:内科_循環器内科】石川県能美市三ツ屋町３８－３" }, "geometry": { "type": "Point", "coordinates": [ 136.546034, 36.454051 ] } },
{ "type": "Feature", "properties": { "ID": 1721123103, "正式名称": "医療法人社団　もりした整形外科クリニック", "機関区分": 2, "都道府県コード": 17, "市区町村コード": 211, "所在地": "石川県能美市辰口町６５４－１", "緯度": 36.442894, "経度": 136.544812, "url": "https://www.iryou.teikyouseido.mhlw.go.jp/znk-web/juminkanja/S2430/initialize?prefCd=17&kikanCd=1123103&kikanKbn=2", "url2": null, "内容": "医療法人社団　もりした整形外科クリニック【2:診療所】【診療科目:整形外科_リウマチ科_リハビリテーション科】石川県能美市辰口町６５４－１" }, "geometry": { "type": "Point", "coordinates": [ 136.544812, 36.442894 ] } },
{ "type": "Feature", "properties": { "ID": 1721124105, "正式名称": "医療法人社団洋和会川北温泉クリニック", "機関区分": 2, "都道府県コード": 17, "市区町村コード": 324, "所在地": "石川県能美郡川北町壱ツ屋１９５", "緯度": 36.467691, "経度": 136.543059, "url": "https://www.iryou.teikyouseido.mhlw.go.jp/znk-web/juminkanja/S2430/initialize?prefCd=17&kikanCd=1124105&kikanKbn=2", "url2": "https://yowakai.jp/kawakita/", "内容": "医療法人社団洋和会川北温泉クリニック【2:診療所】【診療科目:内科_消化器内科_老年内科_精神科_心療内科_老年精神科】石川県能美郡川北町壱ツ屋１９５" }, "geometry": { "type": "Point", "coordinates": [ 136.543059, 36.467691 ] } },
{ "type": "Feature", "properties": { "ID": 1721221001, "正式名称": "動橋診療所", "機関区分": 2, "都道府県コード": 17, "市区町村コード": 206, "所在地": "石川県加賀市動橋町", "緯度": 36.329084, "経度": 136.385363, "url": "https://www.iryou.teikyouseido.mhlw.go.jp/znk-web/juminkanja/S2430/initialize?prefCd=17&kikanCd=1221001&kikanKbn=2", "url2": null, "内容": "動橋診療所【2:診療所】【診療科目:内科_呼吸器内科_小児科_アレルギー科】石川県加賀市動橋町" }, "geometry": { "type": "Point", "coordinates": [ 136.385363, 36.329084 ] } },
{ "type": "Feature", "properties": { "ID": 1721221006, "正式名称": "竹下耳鼻咽喉科医院", "機関区分": 2, "都道府県コード": 17, "市区町村コード": 206, "所在地": "石川県加賀市大聖寺荒町６", "緯度": 36.304967, "経度": 136.313429, "url": "https://www.iryou.teikyouseido.mhlw.go.jp/znk-web/juminkanja/S2430/initialize?prefCd=17&kikanCd=1221006&kikanKbn=2", "url2": null, "内容": "竹下耳鼻咽喉科医院【2:診療所】【診療科目:耳鼻いんこう科】石川県加賀市大聖寺荒町６" }, "geometry": { "type": "Point", "coordinates": [ 136.313429, 36.304967 ] } },
{ "type": "Feature", "properties": { "ID": 1721221007, "正式名称": "医療法人社団河村医院", "機関区分": 2, "都道府県コード": 17, "市区町村コード": 206, "所在地": "石川県加賀市片山津温泉ア９－２", "緯度": 36.346366, "経度": 136.364697, "url": "https://www.iryou.teikyouseido.mhlw.go.jp/znk-web/juminkanja/S2430/initialize?prefCd=17&kikanCd=1221007&kikanKbn=2", "url2": null, "内容": "医療法人社団河村医院【2:診療所】【診療科目:内科_放射線科_放射線診断科】石川県加賀市片山津温泉ア９－２" }, "geometry": { "type": "Point", "coordinates": [ 136.364697, 36.346366 ] } },
{ "type": "Feature", "properties": { "ID": 1721221011, "正式名称": "医療法人社団　加賀白山会　板谷医院", "機関区分": 2, "都道府県コード": 17, "市区町村コード": 206, "所在地": "石川県加賀市山代温泉３５の１１番地の１", "緯度": 36.300929, "経度": 136.358427, "url": "https://www.iryou.teikyouseido.mhlw.go.jp/znk-web/juminkanja/S2430/initialize?prefCd=17&kikanCd=1221011&kikanKbn=2", "url2": "https://itaya.kagahaku.jp", "内容": "医療法人社団　加賀白山会　板谷医院【2:診療所】【診療科目:内科_整形外科_泌尿器科】石川県加賀市山代温泉３５の１１番地の１" }, "geometry": { "type": "Point", "coordinates": [ 136.358427, 36.300929 ] } },
{ "type": "Feature", "properties": { "ID": 1721221013, "正式名称": "医療法人社団青峰会山下医院", "機関区分": 2, "都道府県コード": 17, "市区町村コード": 206, "所在地": "石川県加賀市作見町ホ３９−１", "緯度": 36.316363, "経度": 136.358253, "url": "https://www.iryou.teikyouseido.mhlw.go.jp/znk-web/juminkanja/S2430/initialize?prefCd=17&kikanCd=1221013&kikanKbn=2", "url2": null, "内容": "医療法人社団青峰会山下医院【2:診療所】【診療科目:内科_循環器内科_外科】石川県加賀市作見町ホ３９−１" }, "geometry": { "type": "Point", "coordinates": [ 136.358253, 36.316363 ] } },
{ "type": "Feature", "properties": { "ID": 1721221015, "正式名称": "医療法人社団渋谷会　渋谷医院", "機関区分": 2, "都道府県コード": 17, "市区町村コード": 206, "所在地": "石川県加賀市松が丘１丁目７番地３１", "緯度": 36.324195, "経度": 136.345154, "url": "https://www.iryou.teikyouseido.mhlw.go.jp/znk-web/juminkanja/S2430/initialize?prefCd=17&kikanCd=1221015&kikanKbn=2", "url2": "http://www.shibuyagroup.jp", "内容": "医療法人社団渋谷会　渋谷医院【2:診療所】【診療科目:内科_外科_整形外科_リハビリテーション科】石川県加賀市松が丘１丁目７番地３１" }, "geometry": { "type": "Point", "coordinates": [ 136.345154, 36.324195 ] } },
{ "type": "Feature", "properties": { "ID": 1721221016, "正式名称": "医療法人社団　伊東会　鈴木医院", "機関区分": 2, "都道府県コード": 17, "市区町村コード": 206, "所在地": "石川県加賀市山中温泉本町１丁目ヤ７－２", "緯度": 36.24876, "経度": 136.374702, "url": "https://www.iryou.teikyouseido.mhlw.go.jp/znk-web/juminkanja/S2430/initialize?prefCd=17&kikanCd=1221016&kikanKbn=2", "url2": null, "内容": "医療法人社団　伊東会　鈴木医院【2:診療所】【診療科目:内科_呼吸器内科_循環器内科_消化器内科】石川県加賀市山中温泉本町１丁目ヤ７－２" }, "geometry": { "type": "Point", "coordinates": [ 136.374702, 36.24876 ] } },
{ "type": "Feature", "properties": { "ID": 1721221023, "正式名称": "医療法人社団友心会刈谷医院", "機関区分": 2, "都道府県コード": 17, "市区町村コード": 206, "所在地": "石川県加賀市山代温泉山背台１丁目６８番地", "緯度": 36.292016, "経度": 136.359115, "url": "https://www.iryou.teikyouseido.mhlw.go.jp/znk-web/juminkanja/S2430/initialize?prefCd=17&kikanCd=1221023&kikanKbn=2", "url2": null, "内容": "医療法人社団友心会刈谷医院【2:診療所】【診療科目:内科_小児科】石川県加賀市山代温泉山背台１丁目６８番地" }, "geometry": { "type": "Point", "coordinates": [ 136.359115, 36.292016 ] } },
{ "type": "Feature", "properties": { "ID": 1721221025, "正式名称": "社会福祉法人篤豊会特別養護老人ホーム加賀中央慈妙院診療所", "機関区分": 2, "都道府県コード": 17, "市区町村コード": 206, "所在地": "石川県加賀市山田町蛇谷１番地１６", "緯度": 36.326205, "経度": 136.335035, "url": "https://www.iryou.teikyouseido.mhlw.go.jp/znk-web/juminkanja/S2430/initialize?prefCd=17&kikanCd=1221025&kikanKbn=2", "url2": null, "内容": "社会福祉法人篤豊会特別養護老人ホーム加賀中央慈妙院診療所【2:診療所】【診療科目:内科_循環器内科】石川県加賀市山田町蛇谷１番地１６" }, "geometry": { "type": "Point", "coordinates": [ 136.335035, 36.326205 ] } },
{ "type": "Feature", "properties": { "ID": 1721221027, "正式名称": "塩浜医院", "機関区分": 2, "都道府県コード": 17, "市区町村コード": 206, "所在地": "石川県加賀市大菅波町ト２６番地１", "緯度": 36.318542, "経度": 136.335025, "url": "https://www.iryou.teikyouseido.mhlw.go.jp/znk-web/juminkanja/S2430/initialize?prefCd=17&kikanCd=1221027&kikanKbn=2", "url2": null, "内容": "塩浜医院【2:診療所】【診療科目:内科_神経内科_リハビリテーション科_麻酔科】石川県加賀市大菅波町ト２６番地１" }, "geometry": { "type": "Point", "coordinates": [ 136.335025, 36.318542 ] } },
{ "type": "Feature", "properties": { "ID": 1721221028, "正式名称": "山岸皮膚科医院", "機関区分": 2, "都道府県コード": 17, "市区町村コード": 206, "所在地": "石川県加賀市大菅波町", "緯度": 36.318574, "経度": 136.3353, "url": "https://www.iryou.teikyouseido.mhlw.go.jp/znk-web/juminkanja/S2430/initialize?prefCd=17&kikanCd=1221028&kikanKbn=2", "url2": null, "内容": "山岸皮膚科医院【2:診療所】【診療科目:皮膚科】石川県加賀市大菅波町" }, "geometry": { "type": "Point", "coordinates": [ 136.3353, 36.318574 ] } },
{ "type": "Feature", "properties": { "ID": 1721221030, "正式名称": "医療法人社団宮本医院", "機関区分": 2, "都道府県コード": 17, "市区町村コード": 206, "所在地": "石川県加賀市山代温泉桔梗丘２丁目１８番地", "緯度": 36.287819, "経度": 136.357058, "url": "https://www.iryou.teikyouseido.mhlw.go.jp/znk-web/juminkanja/S2430/initialize?prefCd=17&kikanCd=1221030&kikanKbn=2", "url2": null, "内容": "医療法人社団宮本医院【2:診療所】【診療科目:内科_循環器内科】石川県加賀市山代温泉桔梗丘２丁目１８番地" }, "geometry": { "type": "Point", "coordinates": [ 136.357058, 36.287819 ] } },
{ "type": "Feature", "properties": { "ID": 1721221031, "正式名称": "うわだな小児科医院", "機関区分": 2, "都道府県コード": 17, "市区町村コード": 206, "所在地": "石川県加賀市下河崎町へ１０１－１", "緯度": 36.307128, "経度": 136.332924, "url": "https://www.iryou.teikyouseido.mhlw.go.jp/znk-web/juminkanja/S2430/initialize?prefCd=17&kikanCd=1221031&kikanKbn=2", "url2": "http://www.uwadana.com", "内容": "うわだな小児科医院【2:診療所】【診療科目:小児科】石川県加賀市下河崎町へ１０１－１" }, "geometry": { "type": "Point", "coordinates": [ 136.332924, 36.307128 ] } },
{ "type": "Feature", "properties": { "ID": 1721221032, "正式名称": "岡部内科医院", "機関区分": 2, "都道府県コード": 17, "市区町村コード": 206, "所在地": "石川県加賀市湖城町１丁目２２番地", "緯度": 36.33866, "経度": 136.363732, "url": "https://www.iryou.teikyouseido.mhlw.go.jp/znk-web/juminkanja/S2430/initialize?prefCd=17&kikanCd=1221032&kikanKbn=2", "url2": null, "内容": "岡部内科医院【2:診療所】【診療科目:内科_呼吸器内科_消化器内科_アレルギー疾患内科_アレルギー科】石川県加賀市湖城町１丁目２２番地" }, "geometry": { "type": "Point", "coordinates": [ 136.363732, 36.33866 ] } },
{ "type": "Feature", "properties": { "ID": 1721221034, "正式名称": "竹谷小児科医院", "機関区分": 2, "都道府県コード": 17, "市区町村コード": 206, "所在地": "石川県加賀市大聖寺馬場町", "緯度": 36.306709, "経度": 136.308591, "url": "https://www.iryou.teikyouseido.mhlw.go.jp/znk-web/juminkanja/S2430/initialize?prefCd=17&kikanCd=1221034&kikanKbn=2", "url2": null, "内容": "竹谷小児科医院【2:診療所】【診療科目:小児科_アレルギー科】石川県加賀市大聖寺馬場町" }, "geometry": { "type": "Point", "coordinates": [ 136.308591, 36.306709 ] } },
{ "type": "Feature", "properties": { "ID": 1721221035, "正式名称": "松下内科クリニック", "機関区分": 2, "都道府県コード": 17, "市区町村コード": 206, "所在地": "石川県加賀市山代温泉北部４丁目８１－１", "緯度": 36.295839, "経度": 136.3623, "url": "https://www.iryou.teikyouseido.mhlw.go.jp/znk-web/juminkanja/S2430/initialize?prefCd=17&kikanCd=1221035&kikanKbn=2", "url2": null, "内容": "松下内科クリニック【2:診療所】【診療科目:内科_呼吸器内科_循環器内科】石川県加賀市山代温泉北部４丁目８１－１" }, "geometry": { "type": "Point", "coordinates": [ 136.3623, 36.295839 ] } },
{ "type": "Feature", "properties": { "ID": 1721221036, "正式名称": "加賀たちばな元気クリニック", "機関区分": 2, "都道府県コード": 17, "市区町村コード": 206, "所在地": "石川県加賀市小菅波町１－７０　加賀温泉駅前ビル３階", "緯度": 36.318618, "経度": 136.349527, "url": "https://www.iryou.teikyouseido.mhlw.go.jp/znk-web/juminkanja/S2430/initialize?prefCd=17&kikanCd=1221036&kikanKbn=2", "url2": "http://www.myclinic.ne.jp/tachi/pc/", "内容": "加賀たちばな元気クリニック【2:診療所】【診療科目:内科_呼吸器内科_アレルギー科】石川県加賀市小菅波町１－７０　加賀温泉駅前ビル３階" }, "geometry": { "type": "Point", "coordinates": [ 136.349527, 36.318618 ] } },
{ "type": "Feature", "properties": { "ID": 1721221037, "正式名称": "橋本医院", "機関区分": 2, "都道府県コード": 17, "市区町村コード": 206, "所在地": "石川県加賀市大聖寺南町", "緯度": 36.303255, "経度": 136.312126, "url": "https://www.iryou.teikyouseido.mhlw.go.jp/znk-web/juminkanja/S2430/initialize?prefCd=17&kikanCd=1221037&kikanKbn=2", "url2": null, "内容": "橋本医院【2:診療所】【診療科目:内科_循環器内科_リハビリテーション科_放射線科】石川県加賀市大聖寺南町" }, "geometry": { "type": "Point", "coordinates": [ 136.312126, 36.303255 ] } },
{ "type": "Feature", "properties": { "ID": 1721221040, "正式名称": "医療法人社団昂生会吉田医院", "機関区分": 2, "都道府県コード": 17, "市区町村コード": 206, "所在地": "石川県加賀市山中温泉西桂木町ト４－２", "緯度": 36.252024, "経度": 136.37489, "url": "https://www.iryou.teikyouseido.mhlw.go.jp/znk-web/juminkanja/S2430/initialize?prefCd=17&kikanCd=1221040&kikanKbn=2", "url2": null, "内容": "医療法人社団昂生会吉田医院【2:診療所】【診療科目:内科_呼吸器内科_循環器内科_消化器内科_アレルギー疾患内科_アレルギー科】石川県加賀市山中温泉西桂木町ト４－２" }, "geometry": { "type": "Point", "coordinates": [ 136.37489, 36.252024 ] } },
{ "type": "Feature", "properties": { "ID": 1721221042, "正式名称": "医療法人すのあ会加賀ぐっすりクリニック", "機関区分": 2, "都道府県コード": 17, "市区町村コード": 206, "所在地": "石川県加賀市作見町ニ４１－４", "緯度": 36.31927, "経度": 136.356087, "url": "https://www.iryou.teikyouseido.mhlw.go.jp/znk-web/juminkanja/S2430/initialize?prefCd=17&kikanCd=1221042&kikanKbn=2", "url2": "http://www.gussuri.jp/kaga-index.html", "内容": "医療法人すのあ会加賀ぐっすりクリニック【2:診療所】【診療科目:内科_呼吸器内科_耳鼻いんこう科_アレルギー科】石川県加賀市作見町ニ４１－４" }, "geometry": { "type": "Point", "coordinates": [ 136.356087, 36.31927 ] } },
{ "type": "Feature", "properties": { "ID": 1721221044, "正式名称": "の医療法人　社団　大有　のざきクリニック", "機関区分": 2, "都道府県コード": 17, "市区町村コード": 206, "所在地": "石川県加賀市作見町", "緯度": 36.318008, "経度": 136.355814, "url": "https://www.iryou.teikyouseido.mhlw.go.jp/znk-web/juminkanja/S2430/initialize?prefCd=17&kikanCd=1221044&kikanKbn=2", "url2": null, "内容": "の医療法人　社団　大有　のざきクリニック【2:診療所】【診療科目:神経内科_脳神経外科_整形外科】石川県加賀市作見町" }, "geometry": { "type": "Point", "coordinates": [ 136.355814, 36.318008 ] } },
{ "type": "Feature", "properties": { "ID": 1721221045, "正式名称": "医療法人社団純正会　箱宮クリニック", "機関区分": 2, "都道府県コード": 17, "市区町村コード": 206, "所在地": "石川県加賀市箱宮町タ１４―１", "緯度": 36.328339, "経度": 136.409534, "url": "https://www.iryou.teikyouseido.mhlw.go.jp/znk-web/juminkanja/S2430/initialize?prefCd=17&kikanCd=1221045&kikanKbn=2", "url2": null, "内容": "医療法人社団純正会　箱宮クリニック【2:診療所】【診療科目:内科_呼吸器内科_循環器内科】石川県加賀市箱宮町タ１４―１" }, "geometry": { "type": "Point", "coordinates": [ 136.409534, 36.328339 ] } },
{ "type": "Feature", "properties": { "ID": 1721221047, "正式名称": "もり眼科クリニック", "機関区分": 2, "都道府県コード": 17, "市区町村コード": 206, "所在地": "石川県加賀市作見町二４１−４お医者村ビル２階", "緯度": 36.31927, "経度": 136.356087, "url": "https://www.iryou.teikyouseido.mhlw.go.jp/znk-web/juminkanja/S2430/initialize?prefCd=17&kikanCd=1221047&kikanKbn=2", "url2": null, "内容": "もり眼科クリニック【2:診療所】【診療科目:眼科】石川県加賀市作見町二４１−４お医者村ビル２階" }, "geometry": { "type": "Point", "coordinates": [ 136.356087, 36.31927 ] } },
{ "type": "Feature", "properties": { "ID": 1722120001, "正式名称": "医療法人社団あさがお　あさがおクリニック", "機関区分": 2, "都道府県コード": 17, "市区町村コード": 210, "所在地": "石川県白山市倉光", "緯度": 36.516585, "経度": 136.564814, "url": "https://www.iryou.teikyouseido.mhlw.go.jp/znk-web/juminkanja/S2430/initialize?prefCd=17&kikanCd=2120001&kikanKbn=2", "url2": "http://www.asagao-clinic.jp", "内容": "医療法人社団あさがお　あさがおクリニック【2:診療所】【診療科目:内科_外科】石川県白山市倉光" }, "geometry": { "type": "Point", "coordinates": [ 136.564814, 36.516585 ] } },
{ "type": "Feature", "properties": { "ID": 1722120003, "正式名称": "医療法人社団　有川整形外科医院", "機関区分": 2, "都道府県コード": 17, "市区町村コード": 210, "所在地": "石川県白山市八ツ矢町２３２番地２", "緯度": 36.52589, "経度": 136.569489, "url": "https://www.iryou.teikyouseido.mhlw.go.jp/znk-web/juminkanja/S2430/initialize?prefCd=17&kikanCd=2120003&kikanKbn=2", "url2": "https://www.arikawaseikei.jp", "内容": "医療法人社団　有川整形外科医院【2:診療所】【診療科目:漢方内科_整形外科_皮膚科】石川県白山市八ツ矢町２３２番地２" }, "geometry": { "type": "Point", "coordinates": [ 136.569489, 36.52589 ] } },
{ "type": "Feature", "properties": { "ID": 1722120006, "正式名称": "医療法人社団　上田耳鼻咽喉科医院", "機関区分": 2, "都道府県コード": 17, "市区町村コード": 210, "所在地": "石川県白山市末広", "緯度": 36.518757, "経度": 136.56685, "url": "https://www.iryou.teikyouseido.mhlw.go.jp/znk-web/juminkanja/S2430/initialize?prefCd=17&kikanCd=2120006&kikanKbn=2", "url2": null, "内容": "医療法人社団　上田耳鼻咽喉科医院【2:診療所】【診療科目:耳鼻いんこう科】石川県白山市末広" }, "geometry": { "type": "Point", "coordinates": [ 136.56685, 36.518757 ] } },
{ "type": "Feature", "properties": { "ID": 1722120008, "正式名称": "かわい小児科医院", "機関区分": 2, "都道府県コード": 17, "市区町村コード": 210, "所在地": "石川県白山市安田町５番地", "緯度": 36.522372, "経度": 136.561834, "url": "https://www.iryou.teikyouseido.mhlw.go.jp/znk-web/juminkanja/S2430/initialize?prefCd=17&kikanCd=2120008&kikanKbn=2", "url2": null, "内容": "かわい小児科医院【2:診療所】【診療科目:内科_小児科】石川県白山市安田町５番地" }, "geometry": { "type": "Point", "coordinates": [ 136.561834, 36.522372 ] } },
{ "type": "Feature", "properties": { "ID": 1722120009, "正式名称": "医療法人社団　川北こどもクリニック", "機関区分": 2, "都道府県コード": 17, "市区町村コード": 210, "所在地": "石川県白山市山島台１丁目１－１", "緯度": 36.471529, "経度": 136.58121, "url": "https://www.iryou.teikyouseido.mhlw.go.jp/znk-web/juminkanja/S2430/initialize?prefCd=17&kikanCd=2120009&kikanKbn=2", "url2": "https://kawakita-clinic.jimdofree.com", "内容": "医療法人社団　川北こどもクリニック【2:診療所】【診療科目:小児科】石川県白山市山島台１丁目１－１" }, "geometry": { "type": "Point", "coordinates": [ 136.58121, 36.471529 ] } },
{ "type": "Feature", "properties": { "ID": 1722120010, "正式名称": "医療法人秀健会　石倉内科医院", "機関区分": 2, "都道府県コード": 17, "市区町村コード": 210, "所在地": "石川県白山市倉光７丁目４１番", "緯度": 36.515045, "経度": 136.570144, "url": "https://www.iryou.teikyouseido.mhlw.go.jp/znk-web/juminkanja/S2430/initialize?prefCd=17&kikanCd=2120010&kikanKbn=2", "url2": null, "内容": "医療法人秀健会　石倉内科医院【2:診療所】【診療科目:内科_糖尿病内科】石川県白山市倉光７丁目４１番" }, "geometry": { "type": "Point", "coordinates": [ 136.570144, 36.515045 ] } },
{ "type": "Feature", "properties": { "ID": 1722120012, "正式名称": "斉藤小児科医院", "機関区分": 2, "都道府県コード": 17, "市区町村コード": 210, "所在地": "石川県白山市馬場", "緯度": 36.520052, "経度": 136.563503, "url": "https://www.iryou.teikyouseido.mhlw.go.jp/znk-web/juminkanja/S2430/initialize?prefCd=17&kikanCd=2120012&kikanKbn=2", "url2": "http://www.myclinic.ne.jp/saitopediat/pc/", "内容": "斉藤小児科医院【2:診療所】【診療科目:内科_小児科_アレルギー科】石川県白山市馬場" }, "geometry": { "type": "Point", "coordinates": [ 136.563503, 36.520052 ] } },
{ "type": "Feature", "properties": { "ID": 1722120014, "正式名称": "嶋医院", "機関区分": 2, "都道府県コード": 17, "市区町村コード": 210, "所在地": "石川県白山市中町３２番地", "緯度": 36.522639, "経度": 136.56619, "url": "https://www.iryou.teikyouseido.mhlw.go.jp/znk-web/juminkanja/S2430/initialize?prefCd=17&kikanCd=2120014&kikanKbn=2", "url2": null, "内容": "嶋医院【2:診療所】【診療科目:内科_消化器内科_胃腸内科_外科_肛門外科_大腸・肛門外科】石川県白山市中町３２番地" }, "geometry": { "type": "Point", "coordinates": [ 136.56619, 36.522639 ] } },
{ "type": "Feature", "properties": { "ID": 1722120015, "正式名称": "下崎整形外科医院", "機関区分": 2, "都道府県コード": 17, "市区町村コード": 210, "所在地": "石川県白山市専福寺町１５８－３", "緯度": 36.522816, "経度": 136.587449, "url": "https://www.iryou.teikyouseido.mhlw.go.jp/znk-web/juminkanja/S2430/initialize?prefCd=17&kikanCd=2120015&kikanKbn=2", "url2": "http://shimozaki-ort.jp/", "内容": "下崎整形外科医院【2:診療所】【診療科目:整形外科_リウマチ科_リハビリテーション科】石川県白山市専福寺町１５８－３" }, "geometry": { "type": "Point", "coordinates": [ 136.587449, 36.522816 ] } },
{ "type": "Feature", "properties": { "ID": 1722120016, "正式名称": "しらお眼科", "機関区分": 2, "都道府県コード": 17, "市区町村コード": 210, "所在地": "石川県白山市四日市町２７－１", "緯度": 36.522956, "経度": 136.568567, "url": "https://www.iryou.teikyouseido.mhlw.go.jp/znk-web/juminkanja/S2430/initialize?prefCd=17&kikanCd=2120016&kikanKbn=2", "url2": null, "内容": "しらお眼科【2:診療所】【診療科目:眼科】石川県白山市四日市町２７－１" }, "geometry": { "type": "Point", "coordinates": [ 136.568567, 36.522956 ] } },
{ "type": "Feature", "properties": { "ID": 1722120018, "正式名称": "医療法人Ｈ＆Ｂ白山ひまわりクリニック", "機関区分": 2, "都道府県コード": 17, "市区町村コード": 210, "所在地": "石川県白山市新田町８６－２", "緯度": 36.535019, "経度": 136.570514, "url": "https://www.iryou.teikyouseido.mhlw.go.jp/znk-web/juminkanja/S2430/initialize?prefCd=17&kikanCd=2120018&kikanKbn=2", "url2": null, "内容": "医療法人Ｈ＆Ｂ白山ひまわりクリニック【2:診療所】【診療科目:内科_外科】石川県白山市新田町８６－２" }, "geometry": { "type": "Point", "coordinates": [ 136.570514, 36.535019 ] } },
{ "type": "Feature", "properties": { "ID": 1722120019, "正式名称": "ちくだ医院", "機関区分": 2, "都道府県コード": 17, "市区町村コード": 210, "所在地": "石川県白山市倉光", "緯度": 36.51672, "経度": 136.568111, "url": "https://www.iryou.teikyouseido.mhlw.go.jp/znk-web/juminkanja/S2430/initialize?prefCd=17&kikanCd=2120019&kikanKbn=2", "url2": null, "内容": "ちくだ医院【2:診療所】【診療科目:内科_循環器内科_消化器内科】石川県白山市倉光" }, "geometry": { "type": "Point", "coordinates": [ 136.568111, 36.51672 ] } },
{ "type": "Feature", "properties": { "ID": 1722120020, "正式名称": "医療法人社団　津田内科医院", "機関区分": 2, "都道府県コード": 17, "市区町村コード": 210, "所在地": "石川県白山市新成四丁目２３０番地", "緯度": 36.530541, "経度": 136.554725, "url": "https://www.iryou.teikyouseido.mhlw.go.jp/znk-web/juminkanja/S2430/initialize?prefCd=17&kikanCd=2120020&kikanKbn=2", "url2": "https://www.tsudanaika.or.jp/", "内容": "医療法人社団　津田内科医院【2:診療所】【診療科目:内科_胃腸内科】石川県白山市新成四丁目２３０番地" }, "geometry": { "type": "Point", "coordinates": [ 136.554725, 36.530541 ] } },
{ "type": "Feature", "properties": { "ID": 1722120021, "正式名称": "津田駒工業株式会社　松任工場診療所", "機関区分": 2, "都道府県コード": 17, "市区町村コード": 210, "所在地": "石川県白山市宮永市町", "緯度": 36.539299, "経度": 136.572566, "url": "https://www.iryou.teikyouseido.mhlw.go.jp/znk-web/juminkanja/S2430/initialize?prefCd=17&kikanCd=2120021&kikanKbn=2", "url2": null, "内容": "津田駒工業株式会社　松任工場診療所【2:診療所】【診療科目:内科】石川県白山市宮永市町" }, "geometry": { "type": "Point", "coordinates": [ 136.572566, 36.539299 ] } },
{ "type": "Feature", "properties": { "ID": 1722120022, "正式名称": "津山クリニック", "機関区分": 2, "都道府県コード": 17, "市区町村コード": 210, "所在地": "石川県白山市北安田町１２７０", "緯度": 36.521122, "経度": 136.550467, "url": "https://www.iryou.teikyouseido.mhlw.go.jp/znk-web/juminkanja/S2430/initialize?prefCd=17&kikanCd=2120022&kikanKbn=2", "url2": "http://www.tsuyamaclinic.jp/", "内容": "津山クリニック【2:診療所】【診療科目:内科_消化器内科_外科_肛門外科】石川県白山市北安田町１２７０" }, "geometry": { "type": "Point", "coordinates": [ 136.550467, 36.521122 ] } },
{ "type": "Feature", "properties": { "ID": 1722120023, "正式名称": "てらしま内科クリニック", "機関区分": 2, "都道府県コード": 17, "市区町村コード": 210, "所在地": "石川県白山市中奥町９１－３", "緯度": 36.516679, "経度": 136.581656, "url": "https://www.iryou.teikyouseido.mhlw.go.jp/znk-web/juminkanja/S2430/initialize?prefCd=17&kikanCd=2120023&kikanKbn=2", "url2": null, "内容": "てらしま内科クリニック【2:診療所】【診療科目:内科_循環器内科_リハビリテーション科】石川県白山市中奥町９１－３" }, "geometry": { "type": "Point", "coordinates": [ 136.581656, 36.516679 ] } },
{ "type": "Feature", "properties": { "ID": 1722120028, "正式名称": "株式会社トランテックス診療所", "機関区分": 2, "都道府県コード": 17, "市区町村コード": 210, "所在地": "石川県白山市徳丸町６７０番地", "緯度": 36.526109, "経度": 136.575635, "url": "https://www.iryou.teikyouseido.mhlw.go.jp/znk-web/juminkanja/S2430/initialize?prefCd=17&kikanCd=2120028&kikanKbn=2", "url2": null, "内容": "株式会社トランテックス診療所【2:診療所】【診療科目:内科】石川県白山市徳丸町６７０番地" }, "geometry": { "type": "Point", "coordinates": [ 136.575635, 36.526109 ] } },
{ "type": "Feature", "properties": { "ID": 1722120030, "正式名称": "医療法人社団　ながしまクリニック", "機関区分": 2, "都道府県コード": 17, "市区町村コード": 210, "所在地": "石川県白山市北安田町９７２－１", "緯度": 36.525753, "経度": 136.55332, "url": "https://www.iryou.teikyouseido.mhlw.go.jp/znk-web/juminkanja/S2430/initialize?prefCd=17&kikanCd=2120030&kikanKbn=2", "url2": "http://www.myclinic.ne.jp/nagacli/pc/", "内容": "医療法人社団　ながしまクリニック【2:診療所】【診療科目:内科_胃腸内科_外科】石川県白山市北安田町９７２－１" }, "geometry": { "type": "Point", "coordinates": [ 136.55332, 36.525753 ] } },
{ "type": "Feature", "properties": { "ID": 1722120034, "正式名称": "ばんどう内科・呼吸器クリニック", "機関区分": 2, "都道府県コード": 17, "市区町村コード": 210, "所在地": "石川県白山市布市１丁目１１３番地", "緯度": 36.522372, "経度": 136.570723, "url": "https://www.iryou.teikyouseido.mhlw.go.jp/znk-web/juminkanja/S2430/initialize?prefCd=17&kikanCd=2120034&kikanKbn=2", "url2": "https://www.bando-naika.com/", "内容": "ばんどう内科・呼吸器クリニック【2:診療所】【診療科目:内科_呼吸器内科_アレルギー科】石川県白山市布市１丁目１１３番地" }, "geometry": { "type": "Point", "coordinates": [ 136.570723, 36.522372 ] } },
{ "type": "Feature", "properties": { "ID": 1722120035, "正式名称": "べんクリニック", "機関区分": 2, "都道府県コード": 17, "市区町村コード": 210, "所在地": "石川県白山市相木町", "緯度": 36.534821, "経度": 136.565611, "url": "https://www.iryou.teikyouseido.mhlw.go.jp/znk-web/juminkanja/S2430/initialize?prefCd=17&kikanCd=2120035&kikanKbn=2", "url2": "http://www7b.biglobe.ne.jp/~ben-c", "内容": "べんクリニック【2:診療所】【診療科目:泌尿器科】石川県白山市相木町" }, "geometry": { "type": "Point", "coordinates": [ 136.565611, 36.534821 ] } },
{ "type": "Feature", "properties": { "ID": 1722120037, "正式名称": "三幸小児科医院", "機関区分": 2, "都道府県コード": 17, "市区町村コード": 210, "所在地": "石川県白山市三幸町３８番地", "緯度": 36.513799, "経度": 136.578206, "url": "https://www.iryou.teikyouseido.mhlw.go.jp/znk-web/juminkanja/S2430/initialize?prefCd=17&kikanCd=2120037&kikanKbn=2", "url2": null, "内容": "三幸小児科医院【2:診療所】【診療科目:小児科】石川県白山市三幸町３８番地" }, "geometry": { "type": "Point", "coordinates": [ 136.578206, 36.513799 ] } },
{ "type": "Feature", "properties": { "ID": 1722120038, "正式名称": "むとう小児科医院", "機関区分": 2, "都道府県コード": 17, "市区町村コード": 210, "所在地": "石川県白山市宮永市町６５－２", "緯度": 36.536171, "経度": 136.566358, "url": "https://www.iryou.teikyouseido.mhlw.go.jp/znk-web/juminkanja/S2430/initialize?prefCd=17&kikanCd=2120038&kikanKbn=2", "url2": "http://mutopchp.jp", "内容": "むとう小児科医院【2:診療所】【診療科目:小児科_小児皮膚科_アレルギー科】石川県白山市宮永市町６５－２" }, "geometry": { "type": "Point", "coordinates": [ 136.566358, 36.536171 ] } },
{ "type": "Feature", "properties": { "ID": 1722120039, "正式名称": "医療法人社団　矢ケ崎外科医院", "機関区分": 2, "都道府県コード": 17, "市区町村コード": 210, "所在地": "石川県白山市徳丸町５９７", "緯度": 36.516547, "経度": 136.574768, "url": "https://www.iryou.teikyouseido.mhlw.go.jp/znk-web/juminkanja/S2430/initialize?prefCd=17&kikanCd=2120039&kikanKbn=2", "url2": null, "内容": "医療法人社団　矢ケ崎外科医院【2:診療所】【診療科目:内科_胃腸内科_外科_整形外科_リハビリテーション科】石川県白山市徳丸町５９７" }, "geometry": { "type": "Point", "coordinates": [ 136.574768, 36.516547 ] } },
{ "type": "Feature", "properties": { "ID": 1722120040, "正式名称": "安原医院", "機関区分": 2, "都道府県コード": 17, "市区町村コード": 210, "所在地": "石川県白山市田中町２４２", "緯度": 36.532092, "経度": 136.589753, "url": "https://www.iryou.teikyouseido.mhlw.go.jp/znk-web/juminkanja/S2430/initialize?prefCd=17&kikanCd=2120040&kikanKbn=2", "url2": null, "内容": "安原医院【2:診療所】【診療科目:内科_胃腸内科】石川県白山市田中町２４２" }, "geometry": { "type": "Point", "coordinates": [ 136.589753, 36.532092 ] } },
{ "type": "Feature", "properties": { "ID": 1722120041, "正式名称": "やなぎ内科クリニック", "機関区分": 2, "都道府県コード": 17, "市区町村コード": 210, "所在地": "石川県白山市専福寺町１６１－１", "緯度": 36.523269, "経度": 136.587685, "url": "https://www.iryou.teikyouseido.mhlw.go.jp/znk-web/juminkanja/S2430/initialize?prefCd=17&kikanCd=2120041&kikanKbn=2", "url2": "http://www.myclinic.ne.jp/yanagiclinic/", "内容": "やなぎ内科クリニック【2:診療所】【診療科目:内科_消化器内科_胃腸内科】石川県白山市専福寺町１６１－１" }, "geometry": { "type": "Point", "coordinates": [ 136.587685, 36.523269 ] } },
{ "type": "Feature", "properties": { "ID": 1722120042, "正式名称": "医療法人社団　やまもと内科医院", "機関区分": 2, "都道府県コード": 17, "市区町村コード": 210, "所在地": "石川県白山市山島台３−９９", "緯度": 36.471644, "経度": 136.578178, "url": "https://www.iryou.teikyouseido.mhlw.go.jp/znk-web/juminkanja/S2430/initialize?prefCd=17&kikanCd=2120042&kikanKbn=2", "url2": null, "内容": "医療法人社団　やまもと内科医院【2:診療所】【診療科目:内科_糖尿病・内分泌内科_呼吸器内科_循環器内科_心臓内科_老年内科】石川県白山市山島台３−９９" }, "geometry": { "type": "Point", "coordinates": [ 136.578178, 36.471644 ] } },
{ "type": "Feature", "properties": { "ID": 1722120045, "正式名称": "浅井小児科医院", "機関区分": 2, "都道府県コード": 17, "市区町村コード": 212, "所在地": "石川県野々市市本町５−２−１８", "緯度": 36.531353, "経度": 136.610318, "url": "https://www.iryou.teikyouseido.mhlw.go.jp/znk-web/juminkanja/S2430/initialize?prefCd=17&kikanCd=2120045&kikanKbn=2", "url2": null, "内容": "浅井小児科医院【2:診療所】【診療科目:小児科】石川県野々市市本町５−２−１８" }, "geometry": { "type": "Point", "coordinates": [ 136.610318, 36.531353 ] } },
{ "type": "Feature", "properties": { "ID": 1722120055, "正式名称": "小野木医院", "機関区分": 2, "都道府県コード": 17, "市区町村コード": 212, "所在地": "石川県野々市市本町２丁目１８番２号", "緯度": 36.53139, "経度": 136.621143, "url": "https://www.iryou.teikyouseido.mhlw.go.jp/znk-web/juminkanja/S2430/initialize?prefCd=17&kikanCd=2120055&kikanKbn=2", "url2": null, "内容": "小野木医院【2:診療所】【診療科目:内科_小児科】石川県野々市市本町２丁目１８番２号" }, "geometry": { "type": "Point", "coordinates": [ 136.621143, 36.53139 ] } },
{ "type": "Feature", "properties": { "ID": 1722120056, "正式名称": "金沢南クリニック", "機関区分": 2, "都道府県コード": 17, "市区町村コード": 212, "所在地": "石川県野々市市蓮花寺町１番地１", "緯度": 36.530506, "経度": 136.591135, "url": "https://www.iryou.teikyouseido.mhlw.go.jp/znk-web/juminkanja/S2430/initialize?prefCd=17&kikanCd=2120056&kikanKbn=2", "url2": "http://www.jintikai.com", "内容": "金沢南クリニック【2:診療所】【診療科目:内科】石川県野々市市蓮花寺町１番地１" }, "geometry": { "type": "Point", "coordinates": [ 136.591135, 36.530506 ] } },
{ "type": "Feature", "properties": { "ID": 1722120057, "正式名称": "医療法人社団かわきた整形外科醫院", "機関区分": 2, "都道府県コード": 17, "市区町村コード": 212, "所在地": "石川県野々市市押野２－８８", "緯度": 36.539752, "経度": 136.611782, "url": "https://www.iryou.teikyouseido.mhlw.go.jp/znk-web/juminkanja/S2430/initialize?prefCd=17&kikanCd=2120057&kikanKbn=2", "url2": "http://www.kawakita-bjc.com", "内容": "医療法人社団かわきた整形外科醫院【2:診療所】【診療科目:整形外科_リウマチ科_リハビリテーション科】石川県野々市市押野２－８８" }, "geometry": { "type": "Point", "coordinates": [ 136.611782, 36.539752 ] } },
{ "type": "Feature", "properties": { "ID": 1722120058, "正式名称": "喜多内科医院", "機関区分": 2, "都道府県コード": 17, "市区町村コード": 212, "所在地": "石川県野々市市横宮町７－２０", "緯度": 36.535825, "経度": 136.618395, "url": "https://www.iryou.teikyouseido.mhlw.go.jp/znk-web/juminkanja/S2430/initialize?prefCd=17&kikanCd=2120058&kikanKbn=2", "url2": null, "内容": "喜多内科医院【2:診療所】【診療科目:内科_小児科】石川県野々市市横宮町７－２０" }, "geometry": { "type": "Point", "coordinates": [ 136.618395, 36.535825 ] } },
{ "type": "Feature", "properties": { "ID": 1722120063, "正式名称": "医療法人社団　だいもん内科・腎透析クリニック", "機関区分": 2, "都道府県コード": 17, "市区町村コード": 212, "所在地": "石川県野々市市押野", "緯度": 36.541842, "経度": 136.616793, "url": "https://www.iryou.teikyouseido.mhlw.go.jp/znk-web/juminkanja/S2430/initialize?prefCd=17&kikanCd=2120063&kikanKbn=2", "url2": "https://daimon-clinic.jp/", "内容": "医療法人社団　だいもん内科・腎透析クリニック【2:診療所】【診療科目:内科_腎臓内科_人工透析内科】石川県野々市市押野" }, "geometry": { "type": "Point", "coordinates": [ 136.616793, 36.541842 ] } },
{ "type": "Feature", "properties": { "ID": 1722120065, "正式名称": "医療法人社団辻󠄀川会つじ川内科クリニック", "機関区分": 2, "都道府県コード": 17, "市区町村コード": 212, "所在地": "石川県野々市市位川", "緯度": 36.523854, "経度": 136.60668, "url": "https://www.iryou.teikyouseido.mhlw.go.jp/znk-web/juminkanja/S2430/initialize?prefCd=17&kikanCd=2120065&kikanKbn=2", "url2": null, "内容": "医療法人社団辻󠄀川会つじ川内科クリニック【2:診療所】【診療科目:内科_呼吸器内科_循環器内科_消化器内科_腎臓内科】石川県野々市市位川" }, "geometry": { "type": "Point", "coordinates": [ 136.60668, 36.523854 ] } },
{ "type": "Feature", "properties": { "ID": 1722120066, "正式名称": "津田駒工業株式会社　野々市工場診療所", "機関区分": 2, "都道府県コード": 17, "市区町村コード": 212, "所在地": "石川県野々市市粟田５丁目１００番地", "緯度": 36.512561, "経度": 136.608096, "url": "https://www.iryou.teikyouseido.mhlw.go.jp/znk-web/juminkanja/S2430/initialize?prefCd=17&kikanCd=2120066&kikanKbn=2", "url2": null, "内容": "津田駒工業株式会社　野々市工場診療所【2:診療所】【診療科目:内科】石川県野々市市粟田５丁目１００番地" }, "geometry": { "type": "Point", "coordinates": [ 136.608096, 36.512561 ] } },
{ "type": "Feature", "properties": { "ID": 1722120068, "正式名称": "医療法人社団　とみたクリニック", "機関区分": 2, "都道府県コード": 17, "市区町村コード": 212, "所在地": "石川県野々市市粟田３丁目５５番地", "緯度": 36.513974, "経度": 136.613617, "url": "https://www.iryou.teikyouseido.mhlw.go.jp/znk-web/juminkanja/S2430/initialize?prefCd=17&kikanCd=2120068&kikanKbn=2", "url2": null, "内容": "医療法人社団　とみたクリニック【2:診療所】【診療科目:内科_消化器内科_外科】石川県野々市市粟田３丁目５５番地" }, "geometry": { "type": "Point", "coordinates": [ 136.613617, 36.513974 ] } },
{ "type": "Feature", "properties": { "ID": 1722120073, "正式名称": "医療法人社団宏治会　ののいち産婦人科クリニック", "機関区分": 2, "都道府県コード": 17, "市区町村コード": 212, "所在地": "石川県野々市市本町２丁目１８－２２", "緯度": 36.531595, "経度": 136.620859, "url": "https://www.iryou.teikyouseido.mhlw.go.jp/znk-web/juminkanja/S2430/initialize?prefCd=17&kikanCd=2120073&kikanKbn=2", "url2": "http://nonoichi-maternity.com/", "内容": "医療法人社団宏治会　ののいち産婦人科クリニック【2:診療所】【診療科目:産婦人科】石川県野々市市本町２丁目１８－２２" }, "geometry": { "type": "Point", "coordinates": [ 136.620859, 36.531595 ] } },
{ "type": "Feature", "properties": { "ID": 1722120074, "正式名称": "社会医療法人財団　松原愛育会　野々市こころのクリニック", "機関区分": 2, "都道府県コード": 17, "市区町村コード": 212, "所在地": "石川県野々市市二日市１ー５０", "緯度": 36.541922, "経度": 136.596515, "url": "https://www.iryou.teikyouseido.mhlw.go.jp/znk-web/juminkanja/S2430/initialize?prefCd=17&kikanCd=2120074&kikanKbn=2", "url2": "http://www.kokorono-cl.com/", "内容": "社会医療法人財団　松原愛育会　野々市こころのクリニック【2:診療所】【診療科目:精神科_心療内科】石川県野々市市二日市１ー５０" }, "geometry": { "type": "Point", "coordinates": [ 136.596515, 36.541922 ] } },
{ "type": "Feature", "properties": { "ID": 1722120075, "正式名称": "医療法人社団　ののいち白山醫院", "機関区分": 2, "都道府県コード": 17, "市区町村コード": 212, "所在地": "石川県野々市市太平寺", "緯度": 36.532222, "経度": 136.606824, "url": "https://www.iryou.teikyouseido.mhlw.go.jp/znk-web/juminkanja/S2430/initialize?prefCd=17&kikanCd=2120075&kikanKbn=2", "url2": "https://nonoichihakusaniin.blogspot.com/", "内容": "医療法人社団　ののいち白山醫院【2:診療所】【診療科目:内科_胃腸内科_外科_脳神経外科_整形外科】石川県野々市市太平寺" }, "geometry": { "type": "Point", "coordinates": [ 136.606824, 36.532222 ] } },
{ "type": "Feature", "properties": { "ID": 1722120076, "正式名称": "はしもと内科クリニック", "機関区分": 2, "都道府県コード": 17, "市区町村コード": 212, "所在地": "石川県野々市市上林４－６５１－１", "緯度": 36.504401, "経度": 136.606205, "url": "https://www.iryou.teikyouseido.mhlw.go.jp/znk-web/juminkanja/S2430/initialize?prefCd=17&kikanCd=2120076&kikanKbn=2", "url2": "https://hashimoto-naika-clinic.jp/", "内容": "はしもと内科クリニック【2:診療所】【診療科目:内科_呼吸器内科_循環器内科_消化器内科】石川県野々市市上林４－６５１－１" }, "geometry": { "type": "Point", "coordinates": [ 136.606205, 36.504401 ] } },
{ "type": "Feature", "properties": { "ID": 1722120078, "正式名称": "医療法人社団　ふるさわ内科クリニック", "機関区分": 2, "都道府県コード": 17, "市区町村コード": 212, "所在地": "石川県野々市市押野２－５４", "緯度": 36.540329, "経度": 136.61197, "url": "https://www.iryou.teikyouseido.mhlw.go.jp/znk-web/juminkanja/S2430/initialize?prefCd=17&kikanCd=2120078&kikanKbn=2", "url2": null, "内容": "医療法人社団　ふるさわ内科クリニック【2:診療所】【診療科目:内科_消化器内科】石川県野々市市押野２－５４" }, "geometry": { "type": "Point", "coordinates": [ 136.61197, 36.540329 ] } },
{ "type": "Feature", "properties": { "ID": 1722120079, "正式名称": "ほりかわクリニック", "機関区分": 2, "都道府県コード": 17, "市区町村コード": 212, "所在地": "石川県野々市市御経塚２－２７０", "緯度": 36.547591, "経度": 136.595668, "url": "https://www.iryou.teikyouseido.mhlw.go.jp/znk-web/juminkanja/S2430/initialize?prefCd=17&kikanCd=2120079&kikanKbn=2", "url2": "http://www2.spacelan.ne.jp/~horikawacl/", "内容": "ほりかわクリニック【2:診療所】【診療科目:眼科_耳鼻いんこう科_アレルギー科】石川県野々市市御経塚２－２７０" }, "geometry": { "type": "Point", "coordinates": [ 136.595668, 36.547591 ] } },
{ "type": "Feature", "properties": { "ID": 1722120081, "正式名称": "やまかわ内科クリニック", "機関区分": 2, "都道府県コード": 17, "市区町村コード": 212, "所在地": "石川県野々市市藤平田１丁目４７２", "緯度": 36.517049, "経度": 136.606691, "url": "https://www.iryou.teikyouseido.mhlw.go.jp/znk-web/juminkanja/S2430/initialize?prefCd=17&kikanCd=2120081&kikanKbn=2", "url2": "http://www.yamakawa-nc.com/", "内容": "やまかわ内科クリニック【2:診療所】【診療科目:内科_消化器内科_神経内科】石川県野々市市藤平田１丁目４７２" }, "geometry": { "type": "Point", "coordinates": [ 136.606691, 36.517049 ] } },
{ "type": "Feature", "properties": { "ID": 1722120083, "正式名称": "やまむら眼科医院", "機関区分": 2, "都道府県コード": 17, "市区町村コード": 212, "所在地": "石川県野々市市新庄５－１０６", "緯度": 36.506034, "経度": 136.609132, "url": "https://www.iryou.teikyouseido.mhlw.go.jp/znk-web/juminkanja/S2430/initialize?prefCd=17&kikanCd=2120083&kikanKbn=2", "url2": null, "内容": "やまむら眼科医院【2:診療所】【診療科目:眼科】石川県野々市市新庄５－１０６" }, "geometry": { "type": "Point", "coordinates": [ 136.609132, 36.506034 ] } },
{ "type": "Feature", "properties": { "ID": 1722120084, "正式名称": "医療法人社団　山本クリニック", "機関区分": 2, "都道府県コード": 17, "市区町村コード": 212, "所在地": "石川県野々市市新庄一丁目２７３番地", "緯度": 36.501883, "経度": 136.61135, "url": "https://www.iryou.teikyouseido.mhlw.go.jp/znk-web/juminkanja/S2430/initialize?prefCd=17&kikanCd=2120084&kikanKbn=2", "url2": "http://www.yama-clinic.jp", "内容": "医療法人社団　山本クリニック【2:診療所】【診療科目:内科_消化器内科_胃腸内科_外科_肛門外科_整形外科】石川県野々市市新庄一丁目２７３番地" }, "geometry": { "type": "Point", "coordinates": [ 136.61135, 36.501883 ] } },
{ "type": "Feature", "properties": { "ID": 1722120086, "正式名称": "吉光内科医院", "機関区分": 2, "都道府県コード": 17, "市区町村コード": 212, "所在地": "石川県野々市市田尻町２１街区１番", "緯度": 36.529615, "経度": 136.597404, "url": "https://www.iryou.teikyouseido.mhlw.go.jp/znk-web/juminkanja/S2430/initialize?prefCd=17&kikanCd=2120086&kikanKbn=2", "url2": "http://yoshimitsu-naika.com/", "内容": "吉光内科医院【2:診療所】【診療科目:内科_糖尿病・内分泌内科_消化器内科_内視鏡内科】石川県野々市市田尻町２１街区１番" }, "geometry": { "type": "Point", "coordinates": [ 136.597404, 36.529615 ] } },
{ "type": "Feature", "properties": { "ID": 1722120088, "正式名称": "医療法人社団　若林眼科", "機関区分": 2, "都道府県コード": 17, "市区町村コード": 212, "所在地": "石川県野々市市太平寺３丁目１６０番地", "緯度": 36.53245, "経度": 136.605796, "url": "https://www.iryou.teikyouseido.mhlw.go.jp/znk-web/juminkanja/S2430/initialize?prefCd=17&kikanCd=2120088&kikanKbn=2", "url2": "http://www.waka.or.jp", "内容": "医療法人社団　若林眼科【2:診療所】【診療科目:眼科】石川県野々市市太平寺３丁目１６０番地" }, "geometry": { "type": "Point", "coordinates": [ 136.605796, 36.53245 ] } },
{ "type": "Feature", "properties": { "ID": 1722120089, "正式名称": "医療法人社団仁生会　渡辺耳鼻咽喉科医院", "機関区分": 2, "都道府県コード": 17, "市区町村コード": 212, "所在地": "石川県野々市市本町４丁目９番１２号", "緯度": 36.531976, "経度": 136.610945, "url": "https://www.iryou.teikyouseido.mhlw.go.jp/znk-web/juminkanja/S2430/initialize?prefCd=17&kikanCd=2120089&kikanKbn=2", "url2": "https://www.w-nabe-ent1977.com", "内容": "医療法人社団仁生会　渡辺耳鼻咽喉科医院【2:診療所】【診療科目:耳鼻いんこう科】石川県野々市市本町４丁目９番１２号" }, "geometry": { "type": "Point", "coordinates": [ 136.610945, 36.531976 ] } },
{ "type": "Feature", "properties": { "ID": 1722120091, "正式名称": "井村内科・腎透析クリニック", "機関区分": 2, "都道府県コード": 17, "市区町村コード": 210, "所在地": "石川県白山市美川中町ル４０－１", "緯度": 36.486676, "経度": 136.484032, "url": "https://www.iryou.teikyouseido.mhlw.go.jp/znk-web/juminkanja/S2430/initialize?prefCd=17&kikanCd=2120091&kikanKbn=2", "url2": "http://imuranaika.net/", "内容": "井村内科・腎透析クリニック【2:診療所】【診療科目:内科_循環器内科_人工透析内科】石川県白山市美川中町ル４０－１" }, "geometry": { "type": "Point", "coordinates": [ 136.484032, 36.486676 ] } },
{ "type": "Feature", "properties": { "ID": 1722120092, "正式名称": "うしむら眼科クリニック", "機関区分": 2, "都道府県コード": 17, "市区町村コード": 210, "所在地": "石川県白山市井関町１１５－３", "緯度": 36.4924, "経度": 136.5019, "url": "https://www.iryou.teikyouseido.mhlw.go.jp/znk-web/juminkanja/S2430/initialize?prefCd=17&kikanCd=2120092&kikanKbn=2", "url2": "https://ushi1379shige.wixsite.com/website", "内容": "うしむら眼科クリニック【2:診療所】【診療科目:眼科】石川県白山市井関町１１５－３" }, "geometry": { "type": "Point", "coordinates": [ 136.5019, 36.4924 ] } },
{ "type": "Feature", "properties": { "ID": 1722120094, "正式名称": "医療法人社団聖来美クリニック　聖来美クリニック", "機関区分": 2, "都道府県コード": 17, "市区町村コード": 210, "所在地": "石川県白山市井関町１１５番地１", "緯度": 36.492625, "経度": 136.501302, "url": "https://www.iryou.teikyouseido.mhlw.go.jp/znk-web/juminkanja/S2430/initialize?prefCd=17&kikanCd=2120094&kikanKbn=2", "url2": "http://cavie-es.com", "内容": "医療法人社団聖来美クリニック　聖来美クリニック【2:診療所】【診療科目:整形外科_リウマチ科_リハビリテーション科】石川県白山市井関町１１５番地１" }, "geometry": { "type": "Point", "coordinates": [ 136.501302, 36.492625 ] } },
{ "type": "Feature", "properties": { "ID": 1722120098, "正式名称": "医療法人社団　長尾医院", "機関区分": 2, "都道府県コード": 17, "市区町村コード": 210, "所在地": "石川県白山市美川永代町", "緯度": 36.487229, "経度": 136.48662, "url": "https://www.iryou.teikyouseido.mhlw.go.jp/znk-web/juminkanja/S2430/initialize?prefCd=17&kikanCd=2120098&kikanKbn=2", "url2": null, "内容": "医療法人社団　長尾医院【2:診療所】【診療科目:内科_呼吸器内科_消化器内科_外科】石川県白山市美川永代町" }, "geometry": { "type": "Point", "coordinates": [ 136.48662, 36.487229 ] } },
{ "type": "Feature", "properties": { "ID": 1722120099, "正式名称": "なかでクリニック", "機関区分": 2, "都道府県コード": 17, "市区町村コード": 210, "所在地": "石川県白山市鹿島平１１番地６０", "緯度": 36.505868, "経度": 136.507938, "url": "https://www.iryou.teikyouseido.mhlw.go.jp/znk-web/juminkanja/S2430/initialize?prefCd=17&kikanCd=2120099&kikanKbn=2", "url2": "http://nakade-jabez.jp", "内容": "なかでクリニック【2:診療所】【診療科目:内科_皮膚科_泌尿器科】石川県白山市鹿島平１１番地６０" }, "geometry": { "type": "Point", "coordinates": [ 136.507938, 36.505868 ] } },
{ "type": "Feature", "properties": { "ID": 1722120102, "正式名称": "織田内科クリニック", "機関区分": 2, "都道府県コード": 17, "市区町村コード": 210, "所在地": "石川県白山市鶴来本町ヲ１１", "緯度": 36.449737, "経度": 136.626282, "url": "https://www.iryou.teikyouseido.mhlw.go.jp/znk-web/juminkanja/S2430/initialize?prefCd=17&kikanCd=2120102&kikanKbn=2", "url2": null, "内容": "織田内科クリニック【2:診療所】【診療科目:内科】石川県白山市鶴来本町ヲ１１" }, "geometry": { "type": "Point", "coordinates": [ 136.626282, 36.449737 ] } },
{ "type": "Feature", "properties": { "ID": 1722120103, "正式名称": "きむら耳鼻咽喉科クリニック", "機関区分": 2, "都道府県コード": 17, "市区町村コード": 210, "所在地": "石川県白山市井口町", "緯度": 36.476291, "経度": 136.602266, "url": "https://www.iryou.teikyouseido.mhlw.go.jp/znk-web/juminkanja/S2430/initialize?prefCd=17&kikanCd=2120103&kikanKbn=2", "url2": null, "内容": "きむら耳鼻咽喉科クリニック【2:診療所】【診療科目:耳鼻いんこう科_頭頸部・耳鼻いんこう科】石川県白山市井口町" }, "geometry": { "type": "Point", "coordinates": [ 136.602266, 36.476291 ] } },
{ "type": "Feature", "properties": { "ID": 1722120104, "正式名称": "さなだクリニック", "機関区分": 2, "都道府県コード": 17, "市区町村コード": 210, "所在地": "石川県白山市鶴来古町ワ７", "緯度": 36.448257, "経度": 136.625698, "url": "https://www.iryou.teikyouseido.mhlw.go.jp/znk-web/juminkanja/S2430/initialize?prefCd=17&kikanCd=2120104&kikanKbn=2", "url2": null, "内容": "さなだクリニック【2:診療所】【診療科目:内科_循環器内科】石川県白山市鶴来古町ワ７" }, "geometry": { "type": "Point", "coordinates": [ 136.625698, 36.448257 ] } },
{ "type": "Feature", "properties": { "ID": 1722120105, "正式名称": "せいだクリニック", "機関区分": 2, "都道府県コード": 17, "市区町村コード": 210, "所在地": "石川県白山市道法寺町ニ１０番地", "緯度": 36.486242, "経度": 136.612218, "url": "https://www.iryou.teikyouseido.mhlw.go.jp/znk-web/juminkanja/S2430/initialize?prefCd=17&kikanCd=2120105&kikanKbn=2", "url2": null, "内容": "せいだクリニック【2:診療所】【診療科目:内科_婦人科】石川県白山市道法寺町ニ１０番地" }, "geometry": { "type": "Point", "coordinates": [ 136.612218, 36.486242 ] } },
{ "type": "Feature", "properties": { "ID": 1722120106, "正式名称": "医療法人社団　輝秀会　ただなわ整形外科クリニック", "機関区分": 2, "都道府県コード": 17, "市区町村コード": 210, "所在地": "石川県白山市井口町に８０番１", "緯度": 36.471283, "経度": 136.601088, "url": "https://www.iryou.teikyouseido.mhlw.go.jp/znk-web/juminkanja/S2430/initialize?prefCd=17&kikanCd=2120106&kikanKbn=2", "url2": null, "内容": "医療法人社団　輝秀会　ただなわ整形外科クリニック【2:診療所】【診療科目:整形外科_リハビリテーション科】石川県白山市井口町に８０番１" }, "geometry": { "type": "Point", "coordinates": [ 136.601088, 36.471283 ] } },
{ "type": "Feature", "properties": { "ID": 1722120110, "正式名称": "白山石川医療企業団吉野谷診療所", "機関区分": 2, "都道府県コード": 17, "市区町村コード": 210, "所在地": "石川県白山市佐良ニ１２４番地", "緯度": 36.324142, "経度": 136.646834, "url": "https://www.iryou.teikyouseido.mhlw.go.jp/znk-web/juminkanja/S2430/initialize?prefCd=17&kikanCd=2120110&kikanKbn=2", "url2": null, "内容": "白山石川医療企業団吉野谷診療所【2:診療所】【診療科目:内科】石川県白山市佐良ニ１２４番地" }, "geometry": { "type": "Point", "coordinates": [ 136.646834, 36.324142 ] } },
{ "type": "Feature", "properties": { "ID": 1722120111, "正式名称": "白山石川医療企業団　中宮診療所", "機関区分": 2, "都道府県コード": 17, "市区町村コード": 210, "所在地": "石川県白山市中宮カ３番地", "緯度": 36.276805, "経度": 136.689448, "url": "https://www.iryou.teikyouseido.mhlw.go.jp/znk-web/juminkanja/S2430/initialize?prefCd=17&kikanCd=2120111&kikanKbn=2", "url2": null, "内容": "白山石川医療企業団　中宮診療所【2:診療所】【診療科目:内科】石川県白山市中宮カ３番地" }, "geometry": { "type": "Point", "coordinates": [ 136.689448, 36.276805 ] } },
{ "type": "Feature", "properties": { "ID": 1722120112, "正式名称": "白山石川医療企業団　白峰診療所", "機関区分": 2, "都道府県コード": 17, "市区町村コード": 210, "所在地": "石川県白山市白峰ハ１５７番１地", "緯度": 36.176374, "経度": 136.62434, "url": "https://www.iryou.teikyouseido.mhlw.go.jp/znk-web/juminkanja/S2430/initialize?prefCd=17&kikanCd=2120112&kikanKbn=2", "url2": null, "内容": "白山石川医療企業団　白峰診療所【2:診療所】【診療科目:内科_外科_整形外科_眼科_皮膚科】石川県白山市白峰ハ１５７番１地" }, "geometry": { "type": "Point", "coordinates": [ 136.62434, 36.176374 ] } },
{ "type": "Feature", "properties": { "ID": 1722120115, "正式名称": "福留クリニック", "機関区分": 2, "都道府県コード": 17, "市区町村コード": 210, "所在地": "石川県白山市福留町１７９番地１", "緯度": 36.490723, "経度": 136.526381, "url": "https://www.iryou.teikyouseido.mhlw.go.jp/znk-web/juminkanja/S2430/initialize?prefCd=17&kikanCd=2120115&kikanKbn=2", "url2": "https://fukudomeclinic.com", "内容": "福留クリニック【2:診療所】【診療科目:内科_脳神経外科_整形外科】石川県白山市福留町１７９番地１" }, "geometry": { "type": "Point", "coordinates": [ 136.526381, 36.490723 ] } },
{ "type": "Feature", "properties": { "ID": 172219, "正式名称": "東京ノーストクリニック", "機関区分": 2, "都道府県コード": 17, "市区町村コード": 201, "所在地": "石川県金沢市広岡１－２－１４コーワビル６Ｆ", "緯度": 36.580152, "経度": 136.64646, "url": "https://www.iryou.teikyouseido.mhlw.go.jp/znk-web/juminkanja/S2430/initialize?prefCd=17&kikanCd=219&kikanKbn=2", "url2": null, "内容": "東京ノーストクリニック【2:診療所】【診療科目:形成外科_泌尿器科】石川県金沢市広岡１－２－１４コーワビル６Ｆ" }, "geometry": { "type": "Point", "coordinates": [ 136.64646, 36.580152 ] } },
{ "type": "Feature", "properties": { "ID": 172222, "正式名称": "水野小児科医院", "機関区分": 2, "都道府県コード": 17, "市区町村コード": 201, "所在地": "石川県金沢市寺中町ホ４６", "緯度": 36.596792, "経度": 136.604077, "url": "https://www.iryou.teikyouseido.mhlw.go.jp/znk-web/juminkanja/S2430/initialize?prefCd=17&kikanCd=222&kikanKbn=2", "url2": null, "内容": "水野小児科医院【2:診療所】【診療科目:内科_小児科】石川県金沢市寺中町ホ４６" }, "geometry": { "type": "Point", "coordinates": [ 136.604077, 36.596792 ] } },
{ "type": "Feature", "properties": { "ID": 1722220002, "正式名称": "石倉クリニック", "機関区分": 2, "都道府県コード": 17, "市区町村コード": 361, "所在地": "石川県河北郡津幡町北中条６ー７３", "緯度": 36.660106, "経度": 136.727927, "url": "https://www.iryou.teikyouseido.mhlw.go.jp/znk-web/juminkanja/S2430/initialize?prefCd=17&kikanCd=2220002&kikanKbn=2", "url2": "http://www.ishikura-c.jp", "内容": "石倉クリニック【2:診療所】【診療科目:形成外科_皮膚科】石川県河北郡津幡町北中条６ー７３" }, "geometry": { "type": "Point", "coordinates": [ 136.727927, 36.660106 ] } },
{ "type": "Feature", "properties": { "ID": 1722220004, "正式名称": "医療法人社団　いこま眼科医院", "機関区分": 2, "都道府県コード": 17, "市区町村コード": 361, "所在地": "石川県河北郡津幡町津幡ニ５２２番地", "緯度": 36.672593, "経度": 136.736537, "url": "https://www.iryou.teikyouseido.mhlw.go.jp/znk-web/juminkanja/S2430/initialize?prefCd=17&kikanCd=2220004&kikanKbn=2", "url2": null, "内容": "医療法人社団　いこま眼科医院【2:診療所】【診療科目:眼科】石川県河北郡津幡町津幡ニ５２２番地" }, "geometry": { "type": "Point", "coordinates": [ 136.736537, 36.672593 ] } },
{ "type": "Feature", "properties": { "ID": 1722220006, "正式名称": "医療法人社団　かわむら整形外科クリニック", "機関区分": 2, "都道府県コード": 17, "市区町村コード": 361, "所在地": "石川県河北郡津幡町横浜", "緯度": 36.665195, "経度": 136.72849, "url": "https://www.iryou.teikyouseido.mhlw.go.jp/znk-web/juminkanja/S2430/initialize?prefCd=17&kikanCd=2220006&kikanKbn=2", "url2": "https://kawamura-orthopaedics.jp/", "内容": "医療法人社団　かわむら整形外科クリニック【2:診療所】【診療科目:整形外科_リウマチ科_リハビリテーション科】石川県河北郡津幡町横浜" }, "geometry": { "type": "Point", "coordinates": [ 136.72849, 36.665195 ] } },
{ "type": "Feature", "properties": { "ID": 1722220008, "正式名称": "医療法人社団　山崎外科胃腸科医院", "機関区分": 2, "都道府県コード": 17, "市区町村コード": 361, "所在地": "石川県河北郡津幡町加賀爪リ２０", "緯度": 36.667773, "経度": 136.73591, "url": "https://www.iryou.teikyouseido.mhlw.go.jp/znk-web/juminkanja/S2430/initialize?prefCd=17&kikanCd=2220008&kikanKbn=2", "url2": null, "内容": "医療法人社団　山崎外科胃腸科医院【2:診療所】【診療科目:胃腸内科_外科_整形外科】石川県河北郡津幡町加賀爪リ２０" }, "geometry": { "type": "Point", "coordinates": [ 136.73591, 36.667773 ] } },
{ "type": "Feature", "properties": { "ID": 1722220009, "正式名称": "うえしま整形外科・運動器クリニック", "機関区分": 2, "都道府県コード": 17, "市区町村コード": 361, "所在地": "石川県河北郡津幡町清水", "緯度": 36.675282, "経度": 136.734424, "url": "https://www.iryou.teikyouseido.mhlw.go.jp/znk-web/juminkanja/S2430/initialize?prefCd=17&kikanCd=2220009&kikanKbn=2", "url2": null, "内容": "うえしま整形外科・運動器クリニック【2:診療所】【診療科目:整形外科_リハビリテーション科】石川県河北郡津幡町清水" }, "geometry": { "type": "Point", "coordinates": [ 136.734424, 36.675282 ] } },
{ "type": "Feature", "properties": { "ID": 1722220010, "正式名称": "医療法人社団ブレイン・ヘルス　キジマ　あたまのクリニック", "機関区分": 2, "都道府県コード": 17, "市区町村コード": 361, "所在地": "石川県河北郡津幡町北中条２丁目３３番地", "緯度": 36.662655, "経度": 136.727329, "url": "https://www.iryou.teikyouseido.mhlw.go.jp/znk-web/juminkanja/S2430/initialize?prefCd=17&kikanCd=2220010&kikanKbn=2", "url2": "https://brain-health.or.jp/", "内容": "医療法人社団ブレイン・ヘルス　キジマ　あたまのクリニック【2:診療所】【診療科目:神経内科_脳神経外科】石川県河北郡津幡町北中条２丁目３３番地" }, "geometry": { "type": "Point", "coordinates": [ 136.727329, 36.662655 ] } },
{ "type": "Feature", "properties": { "ID": 1722220014, "正式名称": "たなべ眼科医院", "機関区分": 2, "都道府県コード": 17, "市区町村コード": 361, "所在地": "石川県河北郡津幡町北中条８－５７－１", "緯度": 36.659998, "経度": 136.726516, "url": "https://www.iryou.teikyouseido.mhlw.go.jp/znk-web/juminkanja/S2430/initialize?prefCd=17&kikanCd=2220014&kikanKbn=2", "url2": "https://tanabeganka.jp", "内容": "たなべ眼科医院【2:診療所】【診療科目:眼科】石川県河北郡津幡町北中条８－５７－１" }, "geometry": { "type": "Point", "coordinates": [ 136.726516, 36.659998 ] } },
{ "type": "Feature", "properties": { "ID": 1722220015, "正式名称": "医療法人社団　友夢会　たにぐち整形外科クリニック", "機関区分": 2, "都道府県コード": 17, "市区町村コード": 361, "所在地": "石川県河北郡津幡町太田", "緯度": 36.655342, "経度": 136.722343, "url": "https://www.iryou.teikyouseido.mhlw.go.jp/znk-web/juminkanja/S2430/initialize?prefCd=17&kikanCd=2220015&kikanKbn=2", "url2": null, "内容": "医療法人社団　友夢会　たにぐち整形外科クリニック【2:診療所】【診療科目:整形外科】石川県河北郡津幡町太田" }, "geometry": { "type": "Point", "coordinates": [ 136.722343, 36.655342 ] } },
{ "type": "Feature", "properties": { "ID": 1722220018, "正式名称": "松岡医院", "機関区分": 2, "都道府県コード": 17, "市区町村コード": 361, "所在地": "石川県河北郡津幡町越中坂", "緯度": 36.669795, "経度": 136.792391, "url": "https://www.iryou.teikyouseido.mhlw.go.jp/znk-web/juminkanja/S2430/initialize?prefCd=17&kikanCd=2220018&kikanKbn=2", "url2": null, "内容": "松岡医院【2:診療所】【診療科目:内科_小児科】石川県河北郡津幡町越中坂" }, "geometry": { "type": "Point", "coordinates": [ 136.792391, 36.669795 ] } },
{ "type": "Feature", "properties": { "ID": 1722220020, "正式名称": "山田耳鼻咽喉科医院", "機関区分": 2, "都道府県コード": 17, "市区町村コード": 361, "所在地": "石川県河北郡津幡町津幡ロ５ー１０", "緯度": 36.670002, "経度": 136.736022, "url": "https://www.iryou.teikyouseido.mhlw.go.jp/znk-web/juminkanja/S2430/initialize?prefCd=17&kikanCd=2220020&kikanKbn=2", "url2": "https://yamada-ent-since1963.jp/", "内容": "山田耳鼻咽喉科医院【2:診療所】【診療科目:耳鼻いんこう科】石川県河北郡津幡町津幡ロ５ー１０" }, "geometry": { "type": "Point", "coordinates": [ 136.736022, 36.670002 ] } },
{ "type": "Feature", "properties": { "ID": 1722220021, "正式名称": "由雄クリニック", "機関区分": 2, "都道府県コード": 17, "市区町村コード": 361, "所在地": "石川県河北郡津幡町横浜は５０ー６", "緯度": 36.668004, "経度": 136.729574, "url": "https://www.iryou.teikyouseido.mhlw.go.jp/znk-web/juminkanja/S2430/initialize?prefCd=17&kikanCd=2220021&kikanKbn=2", "url2": null, "内容": "由雄クリニック【2:診療所】【診療科目:内科_循環器内科】石川県河北郡津幡町横浜は５０ー６" }, "geometry": { "type": "Point", "coordinates": [ 136.729574, 36.668004 ] } },
{ "type": "Feature", "properties": { "ID": 1722220023, "正式名称": "社会福祉法人能登福祉会　特別養護老人ホーム　ふぃらーじゅ　医務室", "機関区分": 2, "都道府県コード": 17, "市区町村コード": 361, "所在地": "石川県河北郡津幡町東荒屋４１３番地", "緯度": 36.663477, "経度": 136.750994, "url": "https://www.iryou.teikyouseido.mhlw.go.jp/znk-web/juminkanja/S2430/initialize?prefCd=17&kikanCd=2220023&kikanKbn=2", "url2": "http://www.feuillage.gr.jp", "内容": "社会福祉法人能登福祉会　特別養護老人ホーム　ふぃらーじゅ　医務室【2:診療所】【診療科目:内科】石川県河北郡津幡町東荒屋４１３番地" }, "geometry": { "type": "Point", "coordinates": [ 136.750994, 36.663477 ] } },
{ "type": "Feature", "properties": { "ID": 1722220024, "正式名称": "医療法人社団　秋山クリニック", "機関区分": 2, "都道府県コード": 17, "市区町村コード": 365, "所在地": "石川県河北郡内灘町ハマナス１－８－１", "緯度": 36.654266, "経度": 136.64172, "url": "https://www.iryou.teikyouseido.mhlw.go.jp/znk-web/juminkanja/S2430/initialize?prefCd=17&kikanCd=2220024&kikanKbn=2", "url2": null, "内容": "医療法人社団　秋山クリニック【2:診療所】【診療科目:内科_消化器内科_胃腸内科_肛門外科】石川県河北郡内灘町ハマナス１－８－１" }, "geometry": { "type": "Point", "coordinates": [ 136.64172, 36.654266 ] } },
{ "type": "Feature", "properties": { "ID": 1722220025, "正式名称": "医療法人社団　金原皮膚科医院", "機関区分": 2, "都道府県コード": 17, "市区町村コード": 365, "所在地": "石川県河北郡内灘町アカシア１－４８", "緯度": 36.634032, "経度": 136.634704, "url": "https://www.iryou.teikyouseido.mhlw.go.jp/znk-web/juminkanja/S2430/initialize?prefCd=17&kikanCd=2220025&kikanKbn=2", "url2": "http://kinbara-hifuka.a.la9.jp/", "内容": "医療法人社団　金原皮膚科医院【2:診療所】【診療科目:皮膚科】石川県河北郡内灘町アカシア１－４８" }, "geometry": { "type": "Point", "coordinates": [ 136.634704, 36.634032 ] } },
{ "type": "Feature", "properties": { "ID": 1722220026, "正式名称": "医療法人社団　紺井医院", "機関区分": 2, "都道府県コード": 17, "市区町村コード": 365, "所在地": "石川県河北郡内灘町字緑台１－７", "緯度": 36.63529, "経度": 136.632107, "url": "https://www.iryou.teikyouseido.mhlw.go.jp/znk-web/juminkanja/S2430/initialize?prefCd=17&kikanCd=2220026&kikanKbn=2", "url2": "http://koni-clinic.jp", "内容": "医療法人社団　紺井医院【2:診療所】【診療科目:内科_小児科_リウマチ科】石川県河北郡内灘町字緑台１－７" }, "geometry": { "type": "Point", "coordinates": [ 136.632107, 36.63529 ] } },
{ "type": "Feature", "properties": { "ID": 1722220027, "正式名称": "医療法人社団　田中医院", "機関区分": 2, "都道府県コード": 17, "市区町村コード": 365, "所在地": "石川県河北郡内灘町向陽台１－１６３", "緯度": 36.63854, "経度": 136.633729, "url": "https://www.iryou.teikyouseido.mhlw.go.jp/znk-web/juminkanja/S2430/initialize?prefCd=17&kikanCd=2220027&kikanKbn=2", "url2": null, "内容": "医療法人社団　田中医院【2:診療所】【診療科目:耳鼻いんこう科_頭頸部・耳鼻いんこう科】石川県河北郡内灘町向陽台１－１６３" }, "geometry": { "type": "Point", "coordinates": [ 136.633729, 36.63854 ] } },
{ "type": "Feature", "properties": { "ID": 1722220028, "正式名称": "医療法人社団　政岡医院", "機関区分": 2, "都道府県コード": 17, "市区町村コード": 365, "所在地": "石川県河北郡内灘町鶴ケ丘", "緯度": 36.643691, "経度": 136.63861, "url": "https://www.iryou.teikyouseido.mhlw.go.jp/znk-web/juminkanja/S2430/initialize?prefCd=17&kikanCd=2220028&kikanKbn=2", "url2": null, "内容": "医療法人社団　政岡医院【2:診療所】【診療科目:内科_小児科】石川県河北郡内灘町鶴ケ丘" }, "geometry": { "type": "Point", "coordinates": [ 136.63861, 36.643691 ] } },
{ "type": "Feature", "properties": { "ID": 1722220029, "正式名称": "医療法人社団　村田医院", "機関区分": 2, "都道府県コード": 17, "市区町村コード": 365, "所在地": "石川県河北郡内灘町鶴ヶ丘２－８", "緯度": 36.641478, "経度": 136.64004, "url": "https://www.iryou.teikyouseido.mhlw.go.jp/znk-web/juminkanja/S2430/initialize?prefCd=17&kikanCd=2220029&kikanKbn=2", "url2": null, "内容": "医療法人社団　村田医院【2:診療所】【診療科目:内科_小児科_泌尿器科】石川県河北郡内灘町鶴ヶ丘２－８" }, "geometry": { "type": "Point", "coordinates": [ 136.64004, 36.641478 ] } },
{ "type": "Feature", "properties": { "ID": 1722220030, "正式名称": "医療法人社団　望月眼科医院", "機関区分": 2, "都道府県コード": 17, "市区町村コード": 365, "所在地": "石川県河北郡内灘町旭ケ丘１４２", "緯度": 36.630967, "経度": 136.633484, "url": "https://www.iryou.teikyouseido.mhlw.go.jp/znk-web/juminkanja/S2430/initialize?prefCd=17&kikanCd=2220030&kikanKbn=2", "url2": "https://mochieye.jp", "内容": "医療法人社団　望月眼科医院【2:診療所】【診療科目:眼科】石川県河北郡内灘町旭ケ丘１４２" }, "geometry": { "type": "Point", "coordinates": [ 136.633484, 36.630967 ] } },
{ "type": "Feature", "properties": { "ID": 1722220036, "正式名称": "医療法人社団　リロ　耳鼻咽喉科はまなすクリニック", "機関区分": 2, "都道府県コード": 17, "市区町村コード": 365, "所在地": "石川県河北郡内灘町ハマナス２－７", "緯度": 36.654507, "経度": 136.642078, "url": "https://www.iryou.teikyouseido.mhlw.go.jp/znk-web/juminkanja/S2430/initialize?prefCd=17&kikanCd=2220036&kikanKbn=2", "url2": "https://hamanasu-clinic.com/", "内容": "医療法人社団　リロ　耳鼻咽喉科はまなすクリニック【2:診療所】【診療科目:耳鼻いんこう科】石川県河北郡内灘町ハマナス２－７" }, "geometry": { "type": "Point", "coordinates": [ 136.642078, 36.654507 ] } },
{ "type": "Feature", "properties": { "ID": 1722220039, "正式名称": "おきの内科医院", "機関区分": 2, "都道府県コード": 17, "市区町村コード": 209, "所在地": "石川県かほく市遠塚ロ５４番地", "緯度": 36.735641, "経度": 136.701227, "url": "https://www.iryou.teikyouseido.mhlw.go.jp/znk-web/juminkanja/S2430/initialize?prefCd=17&kikanCd=2220039&kikanKbn=2", "url2": "http://www.okino-mc.com/", "内容": "おきの内科医院【2:診療所】【診療科目:内科_脳神経内科】石川県かほく市遠塚ロ５４番地" }, "geometry": { "type": "Point", "coordinates": [ 136.701227, 36.735641 ] } },
{ "type": "Feature", "properties": { "ID": 1722220040, "正式名称": "医療法人　沖野会　沖野クリニック", "機関区分": 2, "都道府県コード": 17, "市区町村コード": 209, "所在地": "石川県かほく市高松ノ１－１１", "緯度": 36.768188, "経度": 136.724628, "url": "https://www.iryou.teikyouseido.mhlw.go.jp/znk-web/juminkanja/S2430/initialize?prefCd=17&kikanCd=2220040&kikanKbn=2", "url2": null, "内容": "医療法人　沖野会　沖野クリニック【2:診療所】【診療科目:内科_小児科】石川県かほく市高松ノ１－１１" }, "geometry": { "type": "Point", "coordinates": [ 136.724628, 36.768188 ] } },
{ "type": "Feature", "properties": { "ID": 1722220041, "正式名称": "医療法人社団　宇野気医院", "機関区分": 2, "都道府県コード": 17, "市区町村コード": 209, "所在地": "石川県かほく市宇野気チ３３番地１６", "緯度": 36.720672, "経度": 136.70088, "url": "https://www.iryou.teikyouseido.mhlw.go.jp/znk-web/juminkanja/S2430/initialize?prefCd=17&kikanCd=2220041&kikanKbn=2", "url2": "https://www.unokeiin.jp/", "内容": "医療法人社団　宇野気医院【2:診療所】【診療科目:内科_小児科_皮膚科】石川県かほく市宇野気チ３３番地１６" }, "geometry": { "type": "Point", "coordinates": [ 136.70088, 36.720672 ] } },
{ "type": "Feature", "properties": { "ID": 1722220042, "正式名称": "医療法人社団　紺谷医院", "機関区分": 2, "都道府県コード": 17, "市区町村コード": 209, "所在地": "石川県かほく市木津へ１２の１", "緯度": 36.746338, "経度": 136.70405, "url": "https://www.iryou.teikyouseido.mhlw.go.jp/znk-web/juminkanja/S2430/initialize?prefCd=17&kikanCd=2220042&kikanKbn=2", "url2": "https://kontani-clinic.jp/", "内容": "医療法人社団　紺谷医院【2:診療所】【診療科目:内科_小児科】石川県かほく市木津へ１２の１" }, "geometry": { "type": "Point", "coordinates": [ 136.70405, 36.746338 ] } },
{ "type": "Feature", "properties": { "ID": 1722220044, "正式名称": "なかお医院", "機関区分": 2, "都道府県コード": 17, "市区町村コード": 209, "所在地": "石川県かほく市七窪ハ１７－６", "緯度": 36.724348, "経度": 136.708879, "url": "https://www.iryou.teikyouseido.mhlw.go.jp/znk-web/juminkanja/S2430/initialize?prefCd=17&kikanCd=2220044&kikanKbn=2", "url2": null, "内容": "なかお医院【2:診療所】【診療科目:内科_循環器内科_消化器内科_小児科】石川県かほく市七窪ハ１７－６" }, "geometry": { "type": "Point", "coordinates": [ 136.708879, 36.724348 ] } },
{ "type": "Feature", "properties": { "ID": 1722220045, "正式名称": "医療法人社団　山﨑耳鼻咽喉科クリニック", "機関区分": 2, "都道府県コード": 17, "市区町村コード": 202, "所在地": "石川県七尾市古府町り１番地３", "緯度": 36.721921, "経度": 136.698678, "url": "https://www.iryou.teikyouseido.mhlw.go.jp/znk-web/juminkanja/S2430/initialize?prefCd=17&kikanCd=2220045&kikanKbn=2", "url2": "https://www.yamazaki-entclinic.com/", "内容": "医療法人社団　山﨑耳鼻咽喉科クリニック【2:診療所】【診療科目:耳鼻いんこう科】石川県七尾市古府町り１番地３" }, "geometry": { "type": "Point", "coordinates": [ 136.698678, 36.721921 ] } },
{ "type": "Feature", "properties": { "ID": 1722220046, "正式名称": "医療法人社団　らいふクリニック", "機関区分": 2, "都道府県コード": 17, "市区町村コード": 209, "所在地": "石川県かほく市白尾ロ３２－１", "緯度": 36.720685, "経度": 136.699051, "url": "https://www.iryou.teikyouseido.mhlw.go.jp/znk-web/juminkanja/S2430/initialize?prefCd=17&kikanCd=2220046&kikanKbn=2", "url2": null, "内容": "医療法人社団　らいふクリニック【2:診療所】【診療科目:内科_腎臓内科_透析血管外科_リウマチ科】石川県かほく市白尾ロ３２－１" }, "geometry": { "type": "Point", "coordinates": [ 136.699051, 36.720685 ] } },
{ "type": "Feature", "properties": { "ID": 1722220047, "正式名称": "医療法人社団角田医院　かくだメディカルクリニック", "機関区分": 2, "都道府県コード": 17, "市区町村コード": 209, "所在地": "石川県かほく市高松ム６９番地２", "緯度": 36.770722, "経度": 136.725404, "url": "https://www.iryou.teikyouseido.mhlw.go.jp/znk-web/juminkanja/S2430/initialize?prefCd=17&kikanCd=2220047&kikanKbn=2", "url2": "https://www.kakuda-med.clinic/", "内容": "医療法人社団角田医院　かくだメディカルクリニック【2:診療所】【診療科目:内科_脂質代謝内科_糖尿病・内分泌内科_呼吸器内科_循環器内科_消化器内科_内視鏡内科_形成外科_皮膚科】石川県かほく市高松ム６９番地２" }, "geometry": { "type": "Point", "coordinates": [ 136.725404, 36.770722 ] } },
{ "type": "Feature", "properties": { "ID": 1722220050, "正式名称": "きた眼科クリニック", "機関区分": 2, "都道府県コード": 17, "市区町村コード": 209, "所在地": "石川県かほく市白尾イ５０－１", "緯度": 36.722925, "経度": 136.699839, "url": "https://www.iryou.teikyouseido.mhlw.go.jp/znk-web/juminkanja/S2430/initialize?prefCd=17&kikanCd=2220050&kikanKbn=2", "url2": null, "内容": "きた眼科クリニック【2:診療所】【診療科目:眼科】石川県かほく市白尾イ５０－１" }, "geometry": { "type": "Point", "coordinates": [ 136.699839, 36.722925 ] } },
{ "type": "Feature", "properties": { "ID": 1722220051, "正式名称": "北谷クリニック", "機関区分": 2, "都道府県コード": 17, "市区町村コード": 209, "所在地": "石川県かほく市高松ア１－１", "緯度": 36.763035, "経度": 136.717324, "url": "https://www.iryou.teikyouseido.mhlw.go.jp/znk-web/juminkanja/S2430/initialize?prefCd=17&kikanCd=2220051&kikanKbn=2", "url2": null, "内容": "北谷クリニック【2:診療所】【診療科目:内科_胃腸内科_外科_小児科】石川県かほく市高松ア１－１" }, "geometry": { "type": "Point", "coordinates": [ 136.717324, 36.763035 ] } },
{ "type": "Feature", "properties": { "ID": 1722220052, "正式名称": "医療法人　久保医院", "機関区分": 2, "都道府県コード": 17, "市区町村コード": 209, "所在地": "石川県かほく市宇野気", "緯度": 36.724782, "経度": 136.704817, "url": "https://www.iryou.teikyouseido.mhlw.go.jp/znk-web/juminkanja/S2430/initialize?prefCd=17&kikanCd=2220052&kikanKbn=2", "url2": null, "内容": "医療法人　久保医院【2:診療所】【診療科目:内科】石川県かほく市宇野気" }, "geometry": { "type": "Point", "coordinates": [ 136.704817, 36.724782 ] } },
{ "type": "Feature", "properties": { "ID": 172241, "正式名称": "医療法人社団ミロク町診療所", "機関区分": 2, "都道府県コード": 17, "市区町村コード": 201, "所在地": "石川県金沢市弥勒町ロ７０番地３", "緯度": 36.612564, "経度": 136.690662, "url": "https://www.iryou.teikyouseido.mhlw.go.jp/znk-web/juminkanja/S2430/initialize?prefCd=17&kikanCd=241&kikanKbn=2", "url2": "http://www8.ocn.ne.jp/~psymiro/", "内容": "医療法人社団ミロク町診療所【2:診療所】【診療科目:神経内科_皮膚科_精神科】石川県金沢市弥勒町ロ７０番地３" }, "geometry": { "type": "Point", "coordinates": [ 136.690662, 36.612564 ] } },
{ "type": "Feature", "properties": { "ID": 172248, "正式名称": "公益社団法人　石川勤労者医療協会　健生クリニック", "機関区分": 2, "都道府県コード": 17, "市区町村コード": 201, "所在地": "石川県金沢市平和町３－５－２", "緯度": 36.54115, "経度": 136.660908, "url": "https://www.iryou.teikyouseido.mhlw.go.jp/znk-web/juminkanja/S2430/initialize?prefCd=17&kikanCd=248&kikanKbn=2", "url2": "http://kensei-clinic.jp/", "内容": "公益社団法人　石川勤労者医療協会　健生クリニック【2:診療所】【診療科目:内科_消化器内科_小児科】石川県金沢市平和町３－５－２" }, "geometry": { "type": "Point", "coordinates": [ 136.660908, 36.54115 ] } },
{ "type": "Feature", "properties": { "ID": 172252, "正式名称": "池田内科クリニック", "機関区分": 2, "都道府県コード": 17, "市区町村コード": 201, "所在地": "石川県金沢市高尾台", "緯度": 36.523974, "経度": 136.634025, "url": "https://www.iryou.teikyouseido.mhlw.go.jp/znk-web/juminkanja/S2430/initialize?prefCd=17&kikanCd=252&kikanKbn=2", "url2": "https://ikedanaika-clinc.com/", "内容": "池田内科クリニック【2:診療所】【診療科目:内科_呼吸器内科_循環器内科】石川県金沢市高尾台" }, "geometry": { "type": "Point", "coordinates": [ 136.634025, 36.523974 ] } },
{ "type": "Feature", "properties": { "ID": 172267, "正式名称": "さとうクリニック", "機関区分": 2, "都道府県コード": 17, "市区町村コード": 365, "所在地": "石川県河北郡内灘町ハマナス２－３８　ノーブルハイツ２　１Ⅾ", "緯度": 36.655157, "経度": 136.642859, "url": "https://www.iryou.teikyouseido.mhlw.go.jp/znk-web/juminkanja/S2430/initialize?prefCd=17&kikanCd=267&kikanKbn=2", "url2": null, "内容": "さとうクリニック【2:診療所】【診療科目:内科_泌尿器科】石川県河北郡内灘町ハマナス２－３８　ノーブルハイツ２　１Ⅾ" }, "geometry": { "type": "Point", "coordinates": [ 136.642859, 36.655157 ] } },
{ "type": "Feature", "properties": { "ID": 172268, "正式名称": "ティーズ内科クリニック", "機関区分": 2, "都道府県コード": 17, "市区町村コード": 201, "所在地": "石川県金沢市松村４丁目３０８番地", "緯度": 36.583012, "経度": 136.611737, "url": "https://www.iryou.teikyouseido.mhlw.go.jp/znk-web/juminkanja/S2430/initialize?prefCd=17&kikanCd=268&kikanKbn=2", "url2": "http://www.t-s-naika-clinic.jp", "内容": "ティーズ内科クリニック【2:診療所】【診療科目:内科_糖尿病内科_代謝内科_糖尿病・内分泌内科_糖尿病・代謝内科_代謝・内分泌内科_消化器内科_肝臓内科】石川県金沢市松村４丁目３０８番地" }, "geometry": { "type": "Point", "coordinates": [ 136.611737, 36.583012 ] } },
{ "type": "Feature", "properties": { "ID": 172271, "正式名称": "白山室堂診療所", "機関区分": 2, "都道府県コード": 17, "市区町村コード": 210, "所在地": "石川県白山市白峰白山室堂平", "緯度": 36.160199, "経度": 136.762613, "url": "https://www.iryou.teikyouseido.mhlw.go.jp/znk-web/juminkanja/S2430/initialize?prefCd=17&kikanCd=271&kikanKbn=2", "url2": "www.kagahakusan.jp", "内容": "白山室堂診療所【2:診療所】【診療科目:内科】石川県白山市白峰白山室堂平" }, "geometry": { "type": "Point", "coordinates": [ 136.762613, 36.160199 ] } },
{ "type": "Feature", "properties": { "ID": 172272, "正式名称": "医療法人社団健巧会　江守クリニック", "機関区分": 2, "都道府県コード": 17, "市区町村コード": 201, "所在地": "石川県金沢市割出町７０９－１", "緯度": 36.602118, "経度": 136.636494, "url": "https://www.iryou.teikyouseido.mhlw.go.jp/znk-web/juminkanja/S2430/initialize?prefCd=17&kikanCd=272&kikanKbn=2", "url2": "http://emoriclinic.com/", "内容": "医療法人社団健巧会　江守クリニック【2:診療所】【診療科目:内科_神経内科_脳神経外科_リハビリテーション科】石川県金沢市割出町７０９－１" }, "geometry": { "type": "Point", "coordinates": [ 136.636494, 36.602118 ] } },
{ "type": "Feature", "properties": { "ID": 172277, "正式名称": "医療法人社団　金沢先進医学センター", "機関区分": 2, "都道府県コード": 17, "市区町村コード": 201, "所在地": "石川県金沢市宝町１３－１", "緯度": 36.556909, "経度": 136.672757, "url": "https://www.iryou.teikyouseido.mhlw.go.jp/znk-web/juminkanja/S2430/initialize?prefCd=17&kikanCd=277&kikanKbn=2", "url2": "http://kadmedic.jp/", "内容": "医療法人社団　金沢先進医学センター【2:診療所】【診療科目:外科_整形外科_放射線科】石川県金沢市宝町１３－１" }, "geometry": { "type": "Point", "coordinates": [ 136.672757, 36.556909 ] } },
{ "type": "Feature", "properties": { "ID": 172279, "正式名称": "特別養護老人ホーム金澤五番丁付属診療所", "機関区分": 2, "都道府県コード": 17, "市区町村コード": 201, "所在地": "石川県金沢市下本多町五番丁１４番地", "緯度": 36.556662, "経度": 136.657977, "url": "https://www.iryou.teikyouseido.mhlw.go.jp/znk-web/juminkanja/S2430/initialize?prefCd=17&kikanCd=279&kikanKbn=2", "url2": null, "内容": "特別養護老人ホーム金澤五番丁付属診療所【2:診療所】【診療科目:内科】石川県金沢市下本多町五番丁１４番地" }, "geometry": { "type": "Point", "coordinates": [ 136.657977, 36.556662 ] } },
{ "type": "Feature", "properties": { "ID": 172280, "正式名称": "芝クリニック太陽丘", "機関区分": 2, "都道府県コード": 17, "市区町村コード": 201, "所在地": "石川県金沢市太陽が丘３ー１ー１５", "緯度": 36.532157, "経度": 136.707854, "url": "https://www.iryou.teikyouseido.mhlw.go.jp/znk-web/juminkanja/S2430/initialize?prefCd=17&kikanCd=280&kikanKbn=2", "url2": "http://www.shiba-clinic.net/", "内容": "芝クリニック太陽丘【2:診療所】【診療科目:内科_泌尿器科】石川県金沢市太陽が丘３ー１ー１５" }, "geometry": { "type": "Point", "coordinates": [ 136.707854, 36.532157 ] } },
{ "type": "Feature", "properties": { "ID": 172281, "正式名称": "たけお皮膚科クリニック", "機関区分": 2, "都道府県コード": 17, "市区町村コード": 210, "所在地": "石川県白山市北安田町５００３番地", "緯度": 36.525267, "経度": 136.547243, "url": "https://www.iryou.teikyouseido.mhlw.go.jp/znk-web/juminkanja/S2430/initialize?prefCd=17&kikanCd=281&kikanKbn=2", "url2": "http://takeohifuka.jp", "内容": "たけお皮膚科クリニック【2:診療所】【診療科目:皮膚科】石川県白山市北安田町５００３番地" }, "geometry": { "type": "Point", "coordinates": [ 136.547243, 36.525267 ] } },
{ "type": "Feature", "properties": { "ID": 172283, "正式名称": "たがわ眼科クリニック", "機関区分": 2, "都道府県コード": 17, "市区町村コード": 201, "所在地": "石川県金沢市田上の里", "緯度": 36.545094, "経度": 136.69352, "url": "https://www.iryou.teikyouseido.mhlw.go.jp/znk-web/juminkanja/S2430/initialize?prefCd=17&kikanCd=283&kikanKbn=2", "url2": "http://tagawa-eye.com/", "内容": "たがわ眼科クリニック【2:診療所】【診療科目:眼科】石川県金沢市田上の里" }, "geometry": { "type": "Point", "coordinates": [ 136.69352, 36.545094 ] } },
{ "type": "Feature", "properties": { "ID": 172284, "正式名称": "田中内科クリニック", "機関区分": 2, "都道府県コード": 17, "市区町村コード": 202, "所在地": "石川県七尾市藤橋町戌１５番１", "緯度": 37.038993, "経度": 136.954516, "url": "https://www.iryou.teikyouseido.mhlw.go.jp/znk-web/juminkanja/S2430/initialize?prefCd=17&kikanCd=284&kikanKbn=2", "url2": "https://www.tanaka-medical.jp/", "内容": "田中内科クリニック【2:診療所】【診療科目:内科】石川県七尾市藤橋町戌１５番１" }, "geometry": { "type": "Point", "coordinates": [ 136.954516, 37.038993 ] } },
{ "type": "Feature", "properties": { "ID": 172287, "正式名称": "みやうち眼科", "機関区分": 2, "都道府県コード": 17, "市区町村コード": 201, "所在地": "石川県金沢市松村４ー３０５", "緯度": 36.582772, "経度": 136.612083, "url": "https://www.iryou.teikyouseido.mhlw.go.jp/znk-web/juminkanja/S2430/initialize?prefCd=17&kikanCd=287&kikanKbn=2", "url2": "http://www.miyauchiganka.com", "内容": "みやうち眼科【2:診療所】【診療科目:眼科_アレルギー科】石川県金沢市松村４ー３０５" }, "geometry": { "type": "Point", "coordinates": [ 136.612083, 36.582772 ] } },
{ "type": "Feature", "properties": { "ID": 172290, "正式名称": "なかざわ眼科クリニック", "機関区分": 2, "都道府県コード": 17, "市区町村コード": 201, "所在地": "石川県金沢市三口町火４８", "緯度": 36.608294, "経度": 136.642068, "url": "https://www.iryou.teikyouseido.mhlw.go.jp/znk-web/juminkanja/S2430/initialize?prefCd=17&kikanCd=290&kikanKbn=2", "url2": null, "内容": "なかざわ眼科クリニック【2:診療所】【診療科目:眼科】石川県金沢市三口町火４８" }, "geometry": { "type": "Point", "coordinates": [ 136.642068, 36.608294 ] } },
{ "type": "Feature", "properties": { "ID": 172291, "正式名称": "金沢ホームケアクリニック", "機関区分": 2, "都道府県コード": 17, "市区町村コード": 201, "所在地": "石川県金沢市大友１丁目１０２番地", "緯度": 36.600612, "経度": 136.626447, "url": "https://www.iryou.teikyouseido.mhlw.go.jp/znk-web/juminkanja/S2430/initialize?prefCd=17&kikanCd=291&kikanKbn=2", "url2": "http://khc1026.com/", "内容": "金沢ホームケアクリニック【2:診療所】【診療科目:内科_精神科】石川県金沢市大友１丁目１０２番地" }, "geometry": { "type": "Point", "coordinates": [ 136.626447, 36.600612 ] } },
{ "type": "Feature", "properties": { "ID": 172295, "正式名称": "医療法人社団仁志会　上小松クリニック", "機関区分": 2, "都道府県コード": 17, "市区町村コード": 203, "所在地": "石川県小松市上小松町丙４１－１", "緯度": 36.406975, "経度": 136.463511, "url": "https://www.iryou.teikyouseido.mhlw.go.jp/znk-web/juminkanja/S2430/initialize?prefCd=17&kikanCd=295&kikanKbn=2", "url2": "http://www.tyouju.co.jp/", "内容": "医療法人社団仁志会　上小松クリニック【2:診療所】【診療科目:内科_外科_脳神経外科_整形外科_リハビリテーション科】石川県小松市上小松町丙４１－１" }, "geometry": { "type": "Point", "coordinates": [ 136.463511, 36.406975 ] } },
{ "type": "Feature", "properties": { "ID": 172296, "正式名称": "本田内科クリニック", "機関区分": 2, "都道府県コード": 17, "市区町村コード": 203, "所在地": "石川県小松市若杉町一丁目５５番地", "緯度": 36.398553, "経度": 136.482519, "url": "https://www.iryou.teikyouseido.mhlw.go.jp/znk-web/juminkanja/S2430/initialize?prefCd=17&kikanCd=296&kikanKbn=2", "url2": null, "内容": "本田内科クリニック【2:診療所】【診療科目:内科_消化器内科_内視鏡内科】石川県小松市若杉町一丁目５５番地" }, "geometry": { "type": "Point", "coordinates": [ 136.482519, 36.398553 ] } },
{ "type": "Feature", "properties": { "ID": 172297, "正式名称": "東レ石川診療所", "機関区分": 2, "都道府県コード": 17, "市区町村コード": 211, "所在地": "石川県能美市北市町リ１番地", "緯度": 36.455639, "経度": 136.534124, "url": "https://www.iryou.teikyouseido.mhlw.go.jp/znk-web/juminkanja/S2430/initialize?prefCd=17&kikanCd=297&kikanKbn=2", "url2": null, "内容": "東レ石川診療所【2:診療所】【診療科目:内科】石川県能美市北市町リ１番地" }, "geometry": { "type": "Point", "coordinates": [ 136.534124, 36.455639 ] } },
{ "type": "Feature", "properties": { "ID": 172298, "正式名称": "ながた内科クリニック", "機関区分": 2, "都道府県コード": 17, "市区町村コード": 211, "所在地": "石川県能美市寺井町ロ８０ー１", "緯度": 36.442374, "経度": 136.490498, "url": "https://www.iryou.teikyouseido.mhlw.go.jp/znk-web/juminkanja/S2430/initialize?prefCd=17&kikanCd=298&kikanKbn=2", "url2": "http://www.m-nagataclinic.jp/", "内容": "ながた内科クリニック【2:診療所】【診療科目:内科_呼吸器内科_循環器内科】石川県能美市寺井町ロ８０ー１" }, "geometry": { "type": "Point", "coordinates": [ 136.490498, 36.442374 ] } },
{ "type": "Feature", "properties": { "ID": 172300, "正式名称": "医療法人社団希惺会ながたクリニック", "機関区分": 2, "都道府県コード": 17, "市区町村コード": 206, "所在地": "石川県加賀市山代温泉北部３－７２", "緯度": 36.296679, "経度": 136.359834, "url": "https://www.iryou.teikyouseido.mhlw.go.jp/znk-web/juminkanja/S2430/initialize?prefCd=17&kikanCd=300&kikanKbn=2", "url2": "https://www.blue-dolphin.net/", "内容": "医療法人社団希惺会ながたクリニック【2:診療所】【診療科目:内科_外科_頭頸部外科_小児科_耳鼻いんこう科】石川県加賀市山代温泉北部３－７２" }, "geometry": { "type": "Point", "coordinates": [ 136.359834, 36.296679 ] } },
{ "type": "Feature", "properties": { "ID": 172301, "正式名称": "加賀温泉駅前こころクリニック", "機関区分": 2, "都道府県コード": 17, "市区町村コード": 206, "所在地": "石川県加賀市作見町　ル２５－１　アビオシティ加賀　１階", "緯度": 36.31974, "経度": 136.352326, "url": "https://www.iryou.teikyouseido.mhlw.go.jp/znk-web/juminkanja/S2430/initialize?prefCd=17&kikanCd=301&kikanKbn=2", "url2": "https://556929.jp", "内容": "加賀温泉駅前こころクリニック【2:診療所】【診療科目:精神科_心療内科】石川県加賀市作見町　ル２５－１　アビオシティ加賀　１階" }, "geometry": { "type": "Point", "coordinates": [ 136.352326, 36.31974 ] } },
{ "type": "Feature", "properties": { "ID": 172305, "正式名称": "医療法人社団　松葉外科胃腸科クリニック", "機関区分": 2, "都道府県コード": 17, "市区町村コード": 210, "所在地": "石川県白山市美川中町イ１６－７２", "緯度": 36.488029, "経度": 136.493477, "url": "https://www.iryou.teikyouseido.mhlw.go.jp/znk-web/juminkanja/S2430/initialize?prefCd=17&kikanCd=305&kikanKbn=2", "url2": "http://www.matsuba-clinic.com/", "内容": "医療法人社団　松葉外科胃腸科クリニック【2:診療所】【診療科目:内科_消化器内科_胃腸内科_肛門内科_外科】石川県白山市美川中町イ１６－７２" }, "geometry": { "type": "Point", "coordinates": [ 136.493477, 36.488029 ] } },
{ "type": "Feature", "properties": { "ID": 1723120004, "正式名称": "荒井皮ふ科クリニック", "機関区分": 2, "都道府県コード": 17, "市区町村コード": 202, "所在地": "石川県七尾市神明町ロ部１３", "緯度": 37.042127, "経度": 136.965791, "url": "https://www.iryou.teikyouseido.mhlw.go.jp/znk-web/juminkanja/S2430/initialize?prefCd=17&kikanCd=3120004&kikanKbn=2", "url2": null, "内容": "荒井皮ふ科クリニック【2:診療所】【診療科目:皮膚科_美容皮膚科】石川県七尾市神明町ロ部１３" }, "geometry": { "type": "Point", "coordinates": [ 136.965791, 37.042127 ] } },
{ "type": "Feature", "properties": { "ID": 1723120009, "正式名称": "医療法人社団　生生会　えんやま健康クリニック", "機関区分": 2, "都道府県コード": 17, "市区町村コード": 202, "所在地": "石川県七尾市千野町に部１０番地", "緯度": 37.017181, "経度": 136.953169, "url": "https://www.iryou.teikyouseido.mhlw.go.jp/znk-web/juminkanja/S2430/initialize?prefCd=17&kikanCd=3120009&kikanKbn=2", "url2": "https://enyama.jp", "内容": "医療法人社団　生生会　えんやま健康クリニック【2:診療所】【診療科目:内科_整形外科_リハビリテーション科】石川県七尾市千野町に部１０番地" }, "geometry": { "type": "Point", "coordinates": [ 136.953169, 37.017181 ] } },
{ "type": "Feature", "properties": { "ID": 1723120012, "正式名称": "おくむら内科胃腸科医院", "機関区分": 2, "都道府県コード": 17, "市区町村コード": 202, "所在地": "石川県七尾市下町ニ１９番地１", "緯度": 37.010378, "経度": 136.94394, "url": "https://www.iryou.teikyouseido.mhlw.go.jp/znk-web/juminkanja/S2430/initialize?prefCd=17&kikanCd=3120012&kikanKbn=2", "url2": "https://www.okumu.jp/", "内容": "おくむら内科胃腸科医院【2:診療所】【診療科目:内科_胃腸内科】石川県七尾市下町ニ１９番地１" }, "geometry": { "type": "Point", "coordinates": [ 136.94394, 37.010378 ] } },
{ "type": "Feature", "properties": { "ID": 1723120013, "正式名称": "医療法人社団　真貴会　国下整形外科医院", "機関区分": 2, "都道府県コード": 17, "市区町村コード": 202, "所在地": "石川県七尾市大和町チ部１５番地の３", "緯度": 37.044277, "経度": 136.974401, "url": "https://www.iryou.teikyouseido.mhlw.go.jp/znk-web/juminkanja/S2430/initialize?prefCd=17&kikanCd=3120013&kikanKbn=2", "url2": null, "内容": "医療法人社団　真貴会　国下整形外科医院【2:診療所】【診療科目:整形外科_リウマチ科_リハビリテーション科】石川県七尾市大和町チ部１５番地の３" }, "geometry": { "type": "Point", "coordinates": [ 136.974401, 37.044277 ] } },
{ "type": "Feature", "properties": { "ID": 1723120014, "正式名称": "医療法人向陽会　桑原母と子クリニック", "機関区分": 2, "都道府県コード": 17, "市区町村コード": 202, "所在地": "石川県七尾市国分町　ラ部２番地１", "緯度": 37.036227, "経度": 136.953446, "url": "https://www.iryou.teikyouseido.mhlw.go.jp/znk-web/juminkanja/S2430/initialize?prefCd=17&kikanCd=3120014&kikanKbn=2", "url2": "http://www.kuwaharahahatoko.com/", "内容": "医療法人向陽会　桑原母と子クリニック【2:診療所】【診療科目:小児科_産婦人科】石川県七尾市国分町　ラ部２番地１" }, "geometry": { "type": "Point", "coordinates": [ 136.953446, 37.036227 ] } },
{ "type": "Feature", "properties": { "ID": 1723120017, "正式名称": "医療法人社団　和泉会　さはらファミリークリニック", "機関区分": 2, "都道府県コード": 17, "市区町村コード": 202, "所在地": "石川県七尾市石崎町タ部１３番地１", "緯度": 37.076241, "経度": 136.924785, "url": "https://www.iryou.teikyouseido.mhlw.go.jp/znk-web/juminkanja/S2430/initialize?prefCd=17&kikanCd=3120017&kikanKbn=2", "url2": "https://saharagroup.jp/", "内容": "医療法人社団　和泉会　さはらファミリークリニック【2:診療所】【診療科目:内科_胃腸内科_外科_小児科_リハビリテーション科_麻酔科】石川県七尾市石崎町タ部１３番地１" }, "geometry": { "type": "Point", "coordinates": [ 136.924785, 37.076241 ] } },
{ "type": "Feature", "properties": { "ID": 1723120019, "正式名称": "清水眼科医院", "機関区分": 2, "都道府県コード": 17, "市区町村コード": 202, "所在地": "石川県七尾市米町５６", "緯度": 37.047691, "経度": 136.964654, "url": "https://www.iryou.teikyouseido.mhlw.go.jp/znk-web/juminkanja/S2430/initialize?prefCd=17&kikanCd=3120019&kikanKbn=2", "url2": null, "内容": "清水眼科医院【2:診療所】【診療科目:眼科】石川県七尾市米町５６" }, "geometry": { "type": "Point", "coordinates": [ 136.964654, 37.047691 ] } },
{ "type": "Feature", "properties": { "ID": 1723120025, "正式名称": "社会医療法人財団　董仙会　田鶴浜診療所", "機関区分": 2, "都道府県コード": 17, "市区町村コード": 202, "所在地": "石川県七尾市田鶴浜町", "緯度": 37.064659, "経度": 136.887669, "url": "https://www.iryou.teikyouseido.mhlw.go.jp/znk-web/juminkanja/S2430/initialize?prefCd=17&kikanCd=3120025&kikanKbn=2", "url2": "http://www.keiju.co.jp", "内容": "社会医療法人財団　董仙会　田鶴浜診療所【2:診療所】【診療科目:内科_循環器内科】石川県七尾市田鶴浜町" }, "geometry": { "type": "Point", "coordinates": [ 136.887669, 37.064659 ] } },
{ "type": "Feature", "properties": { "ID": 1723120026, "正式名称": "医療法人社団豊玉会辻口医院", "機関区分": 2, "都道府県コード": 17, "市区町村コード": 202, "所在地": "石川県七尾市中島町浜田", "緯度": 37.113523, "経度": 136.853603, "url": "https://www.iryou.teikyouseido.mhlw.go.jp/znk-web/juminkanja/S2430/initialize?prefCd=17&kikanCd=3120026&kikanKbn=2", "url2": null, "内容": "医療法人社団豊玉会辻口医院【2:診療所】【診療科目:内科_循環器内科_外科】石川県七尾市中島町浜田" }, "geometry": { "type": "Point", "coordinates": [ 136.853603, 37.113523 ] } },
{ "type": "Feature", "properties": { "ID": 1723120029, "正式名称": "七尾市国民健康保険直営能登島診療所", "機関区分": 2, "都道府県コード": 17, "市区町村コード": 202, "所在地": "石川県七尾市能登島向田町ろ部８番地１", "緯度": 37.126103, "経度": 136.996551, "url": "https://www.iryou.teikyouseido.mhlw.go.jp/znk-web/juminkanja/S2430/initialize?prefCd=17&kikanCd=3120029&kikanKbn=2", "url2": "http://www.noto-hospital.nanao.ishikawa.jp/", "内容": "七尾市国民健康保険直営能登島診療所【2:診療所】【診療科目:内科】石川県七尾市能登島向田町ろ部８番地１" }, "geometry": { "type": "Point", "coordinates": [ 136.996551, 37.126103 ] } },
{ "type": "Feature", "properties": { "ID": 1723120030, "正式名称": "七尾市国民健康保険直営釶打診療所", "機関区分": 2, "都道府県コード": 17, "市区町村コード": 202, "所在地": "石川県七尾市中島町西谷内への９８番地", "緯度": 37.150474, "経度": 136.811607, "url": "https://www.iryou.teikyouseido.mhlw.go.jp/znk-web/juminkanja/S2430/initialize?prefCd=17&kikanCd=3120030&kikanKbn=2", "url2": "http://www.noto-hospital.nanao.ishikawa.jp/", "内容": "七尾市国民健康保険直営釶打診療所【2:診療所】【診療科目:内科】石川県七尾市中島町西谷内への９８番地" }, "geometry": { "type": "Point", "coordinates": [ 136.811607, 37.150474 ] } },
{ "type": "Feature", "properties": { "ID": 1723120033, "正式名称": "八野田整形外科医院", "機関区分": 2, "都道府県コード": 17, "市区町村コード": 202, "所在地": "石川県七尾市藤橋町巳部４５番地３", "緯度": 37.04017, "経度": 136.958206, "url": "https://www.iryou.teikyouseido.mhlw.go.jp/znk-web/juminkanja/S2430/initialize?prefCd=17&kikanCd=3120033&kikanKbn=2", "url2": null, "内容": "八野田整形外科医院【2:診療所】【診療科目:整形外科_リウマチ科_リハビリテーション科】石川県七尾市藤橋町巳部４５番地３" }, "geometry": { "type": "Point", "coordinates": [ 136.958206, 37.04017 ] } },
{ "type": "Feature", "properties": { "ID": 1723120034, "正式名称": "浜岡整形外科クリニック", "機関区分": 2, "都道府県コード": 17, "市区町村コード": 202, "所在地": "石川県七尾市石崎町香島１－１１５", "緯度": 37.079036, "経度": 136.926443, "url": "https://www.iryou.teikyouseido.mhlw.go.jp/znk-web/juminkanja/S2430/initialize?prefCd=17&kikanCd=3120034&kikanKbn=2", "url2": null, "内容": "浜岡整形外科クリニック【2:診療所】【診療科目:整形外科】石川県七尾市石崎町香島１－１１５" }, "geometry": { "type": "Point", "coordinates": [ 136.926443, 37.079036 ] } },
{ "type": "Feature", "properties": { "ID": 1723120035, "正式名称": "医療法人財団　愛生会　浜野クリニック", "機関区分": 2, "都道府県コード": 17, "市区町村コード": 202, "所在地": "石川県七尾市小島町二部５０番地１", "緯度": 37.048346, "経度": 136.959029, "url": "https://www.iryou.teikyouseido.mhlw.go.jp/znk-web/juminkanja/S2430/initialize?prefCd=17&kikanCd=3120035&kikanKbn=2", "url2": "http://www.hamano-hp.or.jp/", "内容": "医療法人財団　愛生会　浜野クリニック【2:診療所】【診療科目:内科_消化器内科_外科_心臓血管外科】石川県七尾市小島町二部５０番地１" }, "geometry": { "type": "Point", "coordinates": [ 136.959029, 37.048346 ] } },
{ "type": "Feature", "properties": { "ID": 1723120036, "正式名称": "ふき眼科クリニック", "機関区分": 2, "都道府県コード": 17, "市区町村コード": 202, "所在地": "石川県七尾市国分町ラ部１３ー９", "緯度": 37.036417, "経度": 136.952299, "url": "https://www.iryou.teikyouseido.mhlw.go.jp/znk-web/juminkanja/S2430/initialize?prefCd=17&kikanCd=3120036&kikanKbn=2", "url2": "http://fuki-eye-clinic.com", "内容": "ふき眼科クリニック【2:診療所】【診療科目:眼科】石川県七尾市国分町ラ部１３ー９" }, "geometry": { "type": "Point", "coordinates": [ 136.952299, 37.036417 ] } },
{ "type": "Feature", "properties": { "ID": 1723120037, "正式名称": "医療法人社団　恩寵会　三林内科・胃腸科医院", "機関区分": 2, "都道府県コード": 17, "市区町村コード": 202, "所在地": "石川県七尾市府中町２０９", "緯度": 37.047916, "経度": 136.967293, "url": "https://www.iryou.teikyouseido.mhlw.go.jp/znk-web/juminkanja/S2430/initialize?prefCd=17&kikanCd=3120037&kikanKbn=2", "url2": null, "内容": "医療法人社団　恩寵会　三林内科・胃腸科医院【2:診療所】【診療科目:内科_消化器内科_胃腸内科】石川県七尾市府中町２０９" }, "geometry": { "type": "Point", "coordinates": [ 136.967293, 37.047916 ] } },
{ "type": "Feature", "properties": { "ID": 1723120038, "正式名称": "村田眼科医院", "機関区分": 2, "都道府県コード": 17, "市区町村コード": 202, "所在地": "石川県七尾市中島町上町", "緯度": 37.124523, "経度": 136.848058, "url": "https://www.iryou.teikyouseido.mhlw.go.jp/znk-web/juminkanja/S2430/initialize?prefCd=17&kikanCd=3120038&kikanKbn=2", "url2": null, "内容": "村田眼科医院【2:診療所】【診療科目:眼科】石川県七尾市中島町上町" }, "geometry": { "type": "Point", "coordinates": [ 136.848058, 37.124523 ] } },
{ "type": "Feature", "properties": { "ID": 1723120039, "正式名称": "医療法人社団　森クリニック", "機関区分": 2, "都道府県コード": 17, "市区町村コード": 202, "所在地": "石川県七尾市国分町セ３２－３", "緯度": 37.035518, "経度": 136.93366, "url": "https://www.iryou.teikyouseido.mhlw.go.jp/znk-web/juminkanja/S2430/initialize?prefCd=17&kikanCd=3120039&kikanKbn=2", "url2": "http://www17.plala.or.jp/mori-clin/", "内容": "医療法人社団　森クリニック【2:診療所】【診療科目:内科_胃腸外科_肛門外科】石川県七尾市国分町セ３２－３" }, "geometry": { "type": "Point", "coordinates": [ 136.93366, 37.035518 ] } },
{ "type": "Feature", "properties": { "ID": 1723120043, "正式名称": "医療法人社団　山田産婦人科医院", "機関区分": 2, "都道府県コード": 17, "市区町村コード": 202, "所在地": "石川県七尾市御祓町ホ部６－１６", "緯度": 37.044253, "経度": 136.963415, "url": "https://www.iryou.teikyouseido.mhlw.go.jp/znk-web/juminkanja/S2430/initialize?prefCd=17&kikanCd=3120043&kikanKbn=2", "url2": "http://www.yamada-maternity.jp", "内容": "医療法人社団　山田産婦人科医院【2:診療所】【診療科目:産婦人科】石川県七尾市御祓町ホ部６－１６" }, "geometry": { "type": "Point", "coordinates": [ 136.963415, 37.044253 ] } },
{ "type": "Feature", "properties": { "ID": 1723120044, "正式名称": "やまもと眼科クリニック", "機関区分": 2, "都道府県コード": 17, "市区町村コード": 202, "所在地": "石川県七尾市藤野町イ部１８", "緯度": 37.031762, "経度": 136.968965, "url": "https://www.iryou.teikyouseido.mhlw.go.jp/znk-web/juminkanja/S2430/initialize?prefCd=17&kikanCd=3120044&kikanKbn=2", "url2": null, "内容": "やまもと眼科クリニック【2:診療所】【診療科目:眼科】石川県七尾市藤野町イ部１８" }, "geometry": { "type": "Point", "coordinates": [ 136.968965, 37.031762 ] } },
{ "type": "Feature", "properties": { "ID": 1723120046, "正式名称": "医療法人社団よこやま　横山内科医院", "機関区分": 2, "都道府県コード": 17, "市区町村コード": 202, "所在地": "石川県七尾市御祓町子部３番地４", "緯度": 37.044253, "経度": 136.963415, "url": "https://www.iryou.teikyouseido.mhlw.go.jp/znk-web/juminkanja/S2430/initialize?prefCd=17&kikanCd=3120046&kikanKbn=2", "url2": "http://www.yokoyama-cl.jp", "内容": "医療法人社団よこやま　横山内科医院【2:診療所】【診療科目:内科】石川県七尾市御祓町子部３番地４" }, "geometry": { "type": "Point", "coordinates": [ 136.963415, 37.044253 ] } },
{ "type": "Feature", "properties": { "ID": 1723120102, "正式名称": "医療法人社団　かじ内科クリニック", "機関区分": 2, "都道府県コード": 17, "市区町村コード": 407, "所在地": "石川県鹿島郡中能登町二宮ホ部２１０－１", "緯度": 36.976678, "経度": 136.926841, "url": "https://www.iryou.teikyouseido.mhlw.go.jp/znk-web/juminkanja/S2430/initialize?prefCd=17&kikanCd=3120102&kikanKbn=2", "url2": null, "内容": "医療法人社団　かじ内科クリニック【2:診療所】【診療科目:内科_消化器内科】石川県鹿島郡中能登町二宮ホ部２１０－１" }, "geometry": { "type": "Point", "coordinates": [ 136.926841, 36.976678 ] } },
{ "type": "Feature", "properties": { "ID": 1723120103, "正式名称": "社会医療法人財団　董仙会　鳥屋診療所", "機関区分": 2, "都道府県コード": 17, "市区町村コード": 407, "所在地": "石川県鹿島郡中能登町末坂２部６０番地１", "緯度": 36.991481, "経度": 136.902628, "url": "https://www.iryou.teikyouseido.mhlw.go.jp/znk-web/juminkanja/S2430/initialize?prefCd=17&kikanCd=3120103&kikanKbn=2", "url2": null, "内容": "社会医療法人財団　董仙会　鳥屋診療所【2:診療所】【診療科目:内科_循環器内科_小児科_精神科_心療内科】石川県鹿島郡中能登町末坂２部６０番地１" }, "geometry": { "type": "Point", "coordinates": [ 136.902628, 36.991481 ] } },
{ "type": "Feature", "properties": { "ID": 1723120104, "正式名称": "なかお内科医院", "機関区分": 2, "都道府県コード": 17, "市区町村コード": 407, "所在地": "石川県鹿島郡中能登町良川", "緯度": 36.973396, "経度": 136.884118, "url": "https://www.iryou.teikyouseido.mhlw.go.jp/znk-web/juminkanja/S2430/initialize?prefCd=17&kikanCd=3120104&kikanKbn=2", "url2": null, "内容": "なかお内科医院【2:診療所】【診療科目:内科】石川県鹿島郡中能登町良川" }, "geometry": { "type": "Point", "coordinates": [ 136.884118, 36.973396 ] } },
{ "type": "Feature", "properties": { "ID": 1723120108, "正式名称": "医療法人社団安田医院", "機関区分": 2, "都道府県コード": 17, "市区町村コード": 407, "所在地": "石川県鹿島郡中能登町能登部下", "緯度": 36.963427, "経度": 136.867026, "url": "https://www.iryou.teikyouseido.mhlw.go.jp/znk-web/juminkanja/S2430/initialize?prefCd=17&kikanCd=3120108&kikanKbn=2", "url2": null, "内容": "医療法人社団安田医院【2:診療所】【診療科目:内科】石川県鹿島郡中能登町能登部下" }, "geometry": { "type": "Point", "coordinates": [ 136.867026, 36.963427 ] } },
{ "type": "Feature", "properties": { "ID": 1723220001, "正式名称": "医療法人社団いがわ内科クリニック", "機関区分": 2, "都道府県コード": 17, "市区町村コード": 207, "所在地": "石川県羽咋市鶴多町亀田４－１", "緯度": 36.896257, "経度": 136.791986, "url": "https://www.iryou.teikyouseido.mhlw.go.jp/znk-web/juminkanja/S2430/initialize?prefCd=17&kikanCd=3220001&kikanKbn=2", "url2": null, "内容": "医療法人社団いがわ内科クリニック【2:診療所】【診療科目:内科_糖尿病・内分泌内科_呼吸器内科_循環器内科_消化器内科】石川県羽咋市鶴多町亀田４－１" }, "geometry": { "type": "Point", "coordinates": [ 136.791986, 36.896257 ] } },
{ "type": "Feature", "properties": { "ID": 1723220002, "正式名称": "ひきしまクリニック", "機関区分": 2, "都道府県コード": 17, "市区町村コード": 207, "所在地": "石川県羽咋市旭町ア４５", "緯度": 36.895898, "経度": 136.778829, "url": "https://www.iryou.teikyouseido.mhlw.go.jp/znk-web/juminkanja/S2430/initialize?prefCd=17&kikanCd=3220002&kikanKbn=2", "url2": "https://hikishima-clinic.com", "内容": "ひきしまクリニック【2:診療所】【診療科目:内科_緩和ケア内科_外科_整形外科_救急科】石川県羽咋市旭町ア４５" }, "geometry": { "type": "Point", "coordinates": [ 136.778829, 36.895898 ] } },
{ "type": "Feature", "properties": { "ID": 1723220003, "正式名称": "医療法人社団　田村眼科クリニック", "機関区分": 2, "都道府県コード": 17, "市区町村コード": 207, "所在地": "石川県羽咋市鶴多町亀田１０－１", "緯度": 36.896735, "経度": 136.791936, "url": "https://www.iryou.teikyouseido.mhlw.go.jp/znk-web/juminkanja/S2430/initialize?prefCd=17&kikanCd=3220003&kikanKbn=2", "url2": null, "内容": "医療法人社団　田村眼科クリニック【2:診療所】【診療科目:眼科】石川県羽咋市鶴多町亀田１０－１" }, "geometry": { "type": "Point", "coordinates": [ 136.791936, 36.896735 ] } },
{ "type": "Feature", "properties": { "ID": 1723220004, "正式名称": "岩脇医院", "機関区分": 2, "都道府県コード": 17, "市区町村コード": 207, "所在地": "石川県羽咋市的場町的場２番地", "緯度": 36.898095, "経度": 136.778986, "url": "https://www.iryou.teikyouseido.mhlw.go.jp/znk-web/juminkanja/S2430/initialize?prefCd=17&kikanCd=3220004&kikanKbn=2", "url2": "https://www.ient.or.jp/iwwk/", "内容": "岩脇医院【2:診療所】【診療科目:耳鼻いんこう科】石川県羽咋市的場町的場２番地" }, "geometry": { "type": "Point", "coordinates": [ 136.778986, 36.898095 ] } },
{ "type": "Feature", "properties": { "ID": 1723220008, "正式名称": "石川勤労者医療協会羽咋診療所", "機関区分": 2, "都道府県コード": 17, "市区町村コード": 207, "所在地": "石川県羽咋市柳橋町堂田５３－１", "緯度": 36.89289, "経度": 136.786383, "url": "https://www.iryou.teikyouseido.mhlw.go.jp/znk-web/juminkanja/S2430/initialize?prefCd=17&kikanCd=3220008&kikanKbn=2", "url2": "http://www.ishikawa-kinikyo.jp/hakui/", "内容": "石川勤労者医療協会羽咋診療所【2:診療所】【診療科目:内科_消化器内科_外科】石川県羽咋市柳橋町堂田５３－１" }, "geometry": { "type": "Point", "coordinates": [ 136.786383, 36.89289 ] } },
{ "type": "Feature", "properties": { "ID": 1723220010, "正式名称": "とどろき医院", "機関区分": 2, "都道府県コード": 17, "市区町村コード": 207, "所在地": "石川県羽咋市鶴多町切道８－４", "緯度": 36.900961, "経度": 136.790879, "url": "https://www.iryou.teikyouseido.mhlw.go.jp/znk-web/juminkanja/S2430/initialize?prefCd=17&kikanCd=3220010&kikanKbn=2", "url2": null, "内容": "とどろき医院【2:診療所】【診療科目:小児科】石川県羽咋市鶴多町切道８－４" }, "geometry": { "type": "Point", "coordinates": [ 136.790879, 36.900961 ] } },
{ "type": "Feature", "properties": { "ID": 1723220011, "正式名称": "いけの整形外科", "機関区分": 2, "都道府県コード": 17, "市区町村コード": 207, "所在地": "石川県羽咋市南中央町ユ３番地", "緯度": 36.891615, "経度": 136.778909, "url": "https://www.iryou.teikyouseido.mhlw.go.jp/znk-web/juminkanja/S2430/initialize?prefCd=17&kikanCd=3220011&kikanKbn=2", "url2": null, "内容": "いけの整形外科【2:診療所】【診療科目:整形外科】石川県羽咋市南中央町ユ３番地" }, "geometry": { "type": "Point", "coordinates": [ 136.778909, 36.891615 ] } },
{ "type": "Feature", "properties": { "ID": 1723220013, "正式名称": "平場内科クリニック", "機関区分": 2, "都道府県コード": 17, "市区町村コード": 207, "所在地": "石川県羽咋市中央町ア１６５－１", "緯度": 36.895298, "経度": 136.776899, "url": "https://www.iryou.teikyouseido.mhlw.go.jp/znk-web/juminkanja/S2430/initialize?prefCd=17&kikanCd=3220013&kikanKbn=2", "url2": null, "内容": "平場内科クリニック【2:診療所】【診療科目:内科】石川県羽咋市中央町ア１６５－１" }, "geometry": { "type": "Point", "coordinates": [ 136.776899, 36.895298 ] } },
{ "type": "Feature", "properties": { "ID": 1723220018, "正式名称": "前川医院", "機関区分": 2, "都道府県コード": 17, "市区町村コード": 207, "所在地": "石川県羽咋市酒井町わ５３番地", "緯度": 36.922473, "経度": 136.848042, "url": "https://www.iryou.teikyouseido.mhlw.go.jp/znk-web/juminkanja/S2430/initialize?prefCd=17&kikanCd=3220018&kikanKbn=2", "url2": null, "内容": "前川医院【2:診療所】【診療科目:内科】石川県羽咋市酒井町わ５３番地" }, "geometry": { "type": "Point", "coordinates": [ 136.848042, 36.922473 ] } },
{ "type": "Feature", "properties": { "ID": 1723220019, "正式名称": "松江クリニック", "機関区分": 2, "都道府県コード": 17, "市区町村コード": 207, "所在地": "石川県羽咋市松ケ下町松ケ下６－１", "緯度": 36.892201, "経度": 136.78596, "url": "https://www.iryou.teikyouseido.mhlw.go.jp/znk-web/juminkanja/S2430/initialize?prefCd=17&kikanCd=3220019&kikanKbn=2", "url2": null, "内容": "松江クリニック【2:診療所】【診療科目:内科_肛門外科_小児科】石川県羽咋市松ケ下町松ケ下６－１" }, "geometry": { "type": "Point", "coordinates": [ 136.78596, 36.892201 ] } },
{ "type": "Feature", "properties": { "ID": 1723220025, "正式名称": "池野整形外科・耳鼻咽喉科医院", "機関区分": 2, "都道府県コード": 17, "市区町村コード": 384, "所在地": "石川県羽咋郡志賀町高浜町ソ９－１", "緯度": 37.00504, "経度": 136.772638, "url": "https://www.iryou.teikyouseido.mhlw.go.jp/znk-web/juminkanja/S2430/initialize?prefCd=17&kikanCd=3220025&kikanKbn=2", "url2": null, "内容": "池野整形外科・耳鼻咽喉科医院【2:診療所】【診療科目:整形外科_耳鼻いんこう科】石川県羽咋郡志賀町高浜町ソ９－１" }, "geometry": { "type": "Point", "coordinates": [ 136.772638, 37.00504 ] } },
{ "type": "Feature", "properties": { "ID": 1723220027, "正式名称": "河﨑医院", "機関区分": 2, "都道府県コード": 17, "市区町村コード": 384, "所在地": "石川県羽咋郡志賀町高浜町　トー１", "緯度": 37.004798, "経度": 136.771886, "url": "https://www.iryou.teikyouseido.mhlw.go.jp/znk-web/juminkanja/S2430/initialize?prefCd=17&kikanCd=3220027&kikanKbn=2", "url2": null, "内容": "河﨑医院【2:診療所】【診療科目:内科_胃腸内科_漢方内科_外科】石川県羽咋郡志賀町高浜町　トー１" }, "geometry": { "type": "Point", "coordinates": [ 136.771886, 37.004798 ] } },
{ "type": "Feature", "properties": { "ID": 1723220030, "正式名称": "医療法人社団ひめき会　ひよりクリニック", "機関区分": 2, "都道府県コード": 17, "市区町村コード": 384, "所在地": "石川県羽咋郡志賀町富来地頭町８－１６８－２", "緯度": 37.138651, "経度": 136.731672, "url": "https://www.iryou.teikyouseido.mhlw.go.jp/znk-web/juminkanja/S2430/initialize?prefCd=17&kikanCd=3220030&kikanKbn=2", "url2": null, "内容": "医療法人社団ひめき会　ひよりクリニック【2:診療所】【診療科目:内科_循環器内科_外科】石川県羽咋郡志賀町富来地頭町８－１６８－２" }, "geometry": { "type": "Point", "coordinates": [ 136.731672, 37.138651 ] } },
{ "type": "Feature", "properties": { "ID": 1723220031, "正式名称": "特別養護老人ホームはまなす園附属診療所", "機関区分": 2, "都道府県コード": 17, "市区町村コード": 384, "所在地": "石川県羽咋郡志賀町赤住ハの４番地１", "緯度": 37.049822, "経度": 136.740475, "url": "https://www.iryou.teikyouseido.mhlw.go.jp/znk-web/juminkanja/S2430/initialize?prefCd=17&kikanCd=3220031&kikanKbn=2", "url2": "http://www.hamanasuen.jp/", "内容": "特別養護老人ホームはまなす園附属診療所【2:診療所】【診療科目:内科】石川県羽咋郡志賀町赤住ハの４番地１" }, "geometry": { "type": "Point", "coordinates": [ 136.740475, 37.049822 ] } },
{ "type": "Feature", "properties": { "ID": 1723220034, "正式名称": "医療法人社団西村内科胃腸科クリニック", "機関区分": 2, "都道府県コード": 17, "市区町村コード": 386, "所在地": "石川県羽咋郡宝達志水町今浜ト１６９", "緯度": 36.825247, "経度": 136.75733, "url": "https://www.iryou.teikyouseido.mhlw.go.jp/znk-web/juminkanja/S2430/initialize?prefCd=17&kikanCd=3220034&kikanKbn=2", "url2": null, "内容": "医療法人社団西村内科胃腸科クリニック【2:診療所】【診療科目:内科_感染症内科_血液内科_糖尿病内科_代謝内科_内分泌内科_脂質代謝内科_糖尿病・内分泌内科_糖尿病・代謝内科_代謝・内分泌内科_脳神経内科_呼吸器内科_老年・呼吸器内科_気管食道内科_循環器内科_心臓内科_心臓血管内科_消化器内科_胃腸内科_腎臓内科_肝臓内科_神経内科_腫瘍内科_漢方内科_老年内科_内視鏡内科_アレルギー疾患内科_小児科_リハビリテーション科_放射線科】石川県羽咋郡宝達志水町今浜ト１６９" }, "geometry": { "type": "Point", "coordinates": [ 136.75733, 36.825247 ] } },
{ "type": "Feature", "properties": { "ID": 1723220037, "正式名称": "特別養護老人ホームちどり園医務室", "機関区分": 2, "都道府県コード": 17, "市区町村コード": 386, "所在地": "石川県羽咋郡宝達志水町宿五号１０－２", "緯度": 36.844075, "経度": 136.775657, "url": "https://www.iryou.teikyouseido.mhlw.go.jp/znk-web/juminkanja/S2430/initialize?prefCd=17&kikanCd=3220037&kikanKbn=2", "url2": null, "内容": "特別養護老人ホームちどり園医務室【2:診療所】【診療科目:内科】石川県羽咋郡宝達志水町宿五号１０－２" }, "geometry": { "type": "Point", "coordinates": [ 136.775657, 36.844075 ] } },
{ "type": "Feature", "properties": { "ID": 1723220039, "正式名称": "石川県能登中部保健福祉センター羽咋地域センター", "機関区分": 2, "都道府県コード": 17, "市区町村コード": 207, "所在地": "石川県羽咋市石野町ヘ３１", "緯度": 36.896823, "経度": 136.793481, "url": "https://www.iryou.teikyouseido.mhlw.go.jp/znk-web/juminkanja/S2430/initialize?prefCd=17&kikanCd=3220039&kikanKbn=2", "url2": null, "内容": "石川県能登中部保健福祉センター羽咋地域センター【2:診療所】【診療科目:その他】石川県羽咋市石野町ヘ３１" }, "geometry": { "type": "Point", "coordinates": [ 136.793481, 36.896823 ] } },
{ "type": "Feature", "properties": { "ID": 172324, "正式名称": "岡村内科医院", "機関区分": 2, "都道府県コード": 17, "市区町村コード": 210, "所在地": "石川県白山市千代野東５丁目５－４", "緯度": 36.524066, "経度": 136.542952, "url": "https://www.iryou.teikyouseido.mhlw.go.jp/znk-web/juminkanja/S2430/initialize?prefCd=17&kikanCd=324&kikanKbn=2", "url2": null, "内容": "岡村内科医院【2:診療所】【診療科目:内科_小児科】石川県白山市千代野東５丁目５－４" }, "geometry": { "type": "Point", "coordinates": [ 136.542952, 36.524066 ] } },
{ "type": "Feature", "properties": { "ID": 172330, "正式名称": "耳鼻咽喉科なかいずみクリニック", "機関区分": 2, "都道府県コード": 17, "市区町村コード": 201, "所在地": "石川県金沢市田上の里二丁目１４５番地", "緯度": 36.548095, "経度": 136.6913, "url": "https://www.iryou.teikyouseido.mhlw.go.jp/znk-web/juminkanja/S2430/initialize?prefCd=17&kikanCd=330&kikanKbn=2", "url2": "http://nakaizumi.atat.jp", "内容": "耳鼻咽喉科なかいずみクリニック【2:診療所】【診療科目:耳鼻いんこう科】石川県金沢市田上の里二丁目１４５番地" }, "geometry": { "type": "Point", "coordinates": [ 136.6913, 36.548095 ] } },
{ "type": "Feature", "properties": { "ID": 172332, "正式名称": "なかがわ皮膚科クリニック", "機関区分": 2, "都道府県コード": 17, "市区町村コード": 201, "所在地": "石川県金沢市畝田西３丁目５６７番地", "緯度": 36.59658, "経度": 136.607437, "url": "https://www.iryou.teikyouseido.mhlw.go.jp/znk-web/juminkanja/S2430/initialize?prefCd=17&kikanCd=332&kikanKbn=2", "url2": "http://www.n-hifu.com/", "内容": "なかがわ皮膚科クリニック【2:診療所】【診療科目:皮膚科】石川県金沢市畝田西３丁目５６７番地" }, "geometry": { "type": "Point", "coordinates": [ 136.607437, 36.59658 ] } },
{ "type": "Feature", "properties": { "ID": 172335, "正式名称": "はまだクリニック", "機関区分": 2, "都道府県コード": 17, "市区町村コード": 201, "所在地": "石川県金沢市三池栄町７１番地", "緯度": 36.596887, "経度": 136.670803, "url": "https://www.iryou.teikyouseido.mhlw.go.jp/znk-web/juminkanja/S2430/initialize?prefCd=17&kikanCd=335&kikanKbn=2", "url2": "http://hamada-naika.jp", "内容": "はまだクリニック【2:診療所】【診療科目:内科_消化器内科】石川県金沢市三池栄町７１番地" }, "geometry": { "type": "Point", "coordinates": [ 136.670803, 36.596887 ] } },
{ "type": "Feature", "properties": { "ID": 172338, "正式名称": "小坂内科クリニック", "機関区分": 2, "都道府県コード": 17, "市区町村コード": 201, "所在地": "石川県金沢市石引", "緯度": 36.55608, "経度": 136.671424, "url": "https://www.iryou.teikyouseido.mhlw.go.jp/znk-web/juminkanja/S2430/initialize?prefCd=17&kikanCd=338&kikanKbn=2", "url2": "http://www.kosaka-naika.com", "内容": "小坂内科クリニック【2:診療所】【診療科目:内科_消化器内科】石川県金沢市石引" }, "geometry": { "type": "Point", "coordinates": [ 136.671424, 36.55608 ] } },
{ "type": "Feature", "properties": { "ID": 172339, "正式名称": "タケダスキンクリニック", "機関区分": 2, "都道府県コード": 17, "市区町村コード": 201, "所在地": "石川県金沢市入江１－１３０", "緯度": 36.564891, "経度": 136.63014, "url": "https://www.iryou.teikyouseido.mhlw.go.jp/znk-web/juminkanja/S2430/initialize?prefCd=17&kikanCd=339&kikanKbn=2", "url2": "www.takeda-skin-clinic.com", "内容": "タケダスキンクリニック【2:診療所】【診療科目:皮膚科_美容皮膚科】石川県金沢市入江１－１３０" }, "geometry": { "type": "Point", "coordinates": [ 136.63014, 36.564891 ] } },
{ "type": "Feature", "properties": { "ID": 172340, "正式名称": "医療法人社団　藤田整形外科クリニック", "機関区分": 2, "都道府県コード": 17, "市区町村コード": 209, "所在地": "石川県かほく市内日角４丁目１番地", "緯度": 36.712846, "経度": 136.700683, "url": "https://www.iryou.teikyouseido.mhlw.go.jp/znk-web/juminkanja/S2430/initialize?prefCd=17&kikanCd=340&kikanKbn=2", "url2": "http://fujitaseikei.jp/", "内容": "医療法人社団　藤田整形外科クリニック【2:診療所】【診療科目:整形外科_リハビリテーション科】石川県かほく市内日角４丁目１番地" }, "geometry": { "type": "Point", "coordinates": [ 136.700683, 36.712846 ] } },
{ "type": "Feature", "properties": { "ID": 172342, "正式名称": "水口内科クリニック", "機関区分": 2, "都道府県コード": 17, "市区町村コード": 201, "所在地": "石川県金沢市鞍月五丁目２１９", "緯度": 36.597832, "経度": 136.62665, "url": "https://www.iryou.teikyouseido.mhlw.go.jp/znk-web/juminkanja/S2430/initialize?prefCd=17&kikanCd=342&kikanKbn=2", "url2": "https://www.mizuguchinaika.com/", "内容": "水口内科クリニック【2:診療所】【診療科目:内科_呼吸器内科_アレルギー科】石川県金沢市鞍月五丁目２１９" }, "geometry": { "type": "Point", "coordinates": [ 136.62665, 36.597832 ] } },
{ "type": "Feature", "properties": { "ID": 172343, "正式名称": "上野医院", "機関区分": 2, "都道府県コード": 17, "市区町村コード": 201, "所在地": "石川県金沢市小立野３丁目１４－５", "緯度": 36.550824, "経度": 136.674788, "url": "https://www.iryou.teikyouseido.mhlw.go.jp/znk-web/juminkanja/S2430/initialize?prefCd=17&kikanCd=343&kikanKbn=2", "url2": "http://ueno-clinic.co.jp", "内容": "上野医院【2:診療所】【診療科目:内科_消化器内科_外科_肛門外科】石川県金沢市小立野３丁目１４－５" }, "geometry": { "type": "Point", "coordinates": [ 136.674788, 36.550824 ] } },
{ "type": "Feature", "properties": { "ID": 172344, "正式名称": "医療法人社団博友会　金沢西みなとクリニック", "機関区分": 2, "都道府県コード": 17, "市区町村コード": 201, "所在地": "石川県金沢市金石東１丁目４番１１号", "緯度": 36.603989, "経度": 136.599422, "url": "https://www.iryou.teikyouseido.mhlw.go.jp/znk-web/juminkanja/S2430/initialize?prefCd=17&kikanCd=344&kikanKbn=2", "url2": "https://sites.google.com/view/knm-clinic/", "内容": "医療法人社団博友会　金沢西みなとクリニック【2:診療所】【診療科目:内科_外科】石川県金沢市金石東１丁目４番１１号" }, "geometry": { "type": "Point", "coordinates": [ 136.599422, 36.603989 ] } },
{ "type": "Feature", "properties": { "ID": 172346, "正式名称": "あかまる整形外科・脊椎クリニック", "機関区分": 2, "都道府県コード": 17, "市区町村コード": 201, "所在地": "石川県金沢市松村４丁目４１７", "緯度": 36.584005, "経度": 136.611674, "url": "https://www.iryou.teikyouseido.mhlw.go.jp/znk-web/juminkanja/S2430/initialize?prefCd=17&kikanCd=346&kikanKbn=2", "url2": "https://www.akamaru-clinic.jp", "内容": "あかまる整形外科・脊椎クリニック【2:診療所】【診療科目:整形外科_リハビリテーション科】石川県金沢市松村４丁目４１７" }, "geometry": { "type": "Point", "coordinates": [ 136.611674, 36.584005 ] } },
{ "type": "Feature", "properties": { "ID": 172350, "正式名称": "はせがわクリニック", "機関区分": 2, "都道府県コード": 17, "市区町村コード": 209, "所在地": "石川県かほく市内日角４丁目１２番", "緯度": 36.71226, "経度": 136.700636, "url": "https://www.iryou.teikyouseido.mhlw.go.jp/znk-web/juminkanja/S2430/initialize?prefCd=17&kikanCd=350&kikanKbn=2", "url2": "http://hasecli.com", "内容": "はせがわクリニック【2:診療所】【診療科目:内科_消化器内科_内視鏡内科_外科_肛門外科_泌尿器科】石川県かほく市内日角４丁目１２番" }, "geometry": { "type": "Point", "coordinates": [ 136.700636, 36.71226 ] } },
{ "type": "Feature", "properties": { "ID": 172352, "正式名称": "さいとう眼科", "機関区分": 2, "都道府県コード": 17, "市区町村コード": 201, "所在地": "石川県金沢市長土塀２丁目７－２７", "緯度": 36.568372, "経度": 136.644861, "url": "https://www.iryou.teikyouseido.mhlw.go.jp/znk-web/juminkanja/S2430/initialize?prefCd=17&kikanCd=352&kikanKbn=2", "url2": "https://www.saito-eyeclinic.jp", "内容": "さいとう眼科【2:診療所】【診療科目:眼科】石川県金沢市長土塀２丁目７－２７" }, "geometry": { "type": "Point", "coordinates": [ 136.644861, 36.568372 ] } },
{ "type": "Feature", "properties": { "ID": 172357, "正式名称": "村田キッズクリニック", "機関区分": 2, "都道府県コード": 17, "市区町村コード": 201, "所在地": "石川県金沢市高尾南", "緯度": 36.518549, "経度": 136.626958, "url": "https://www.iryou.teikyouseido.mhlw.go.jp/znk-web/juminkanja/S2430/initialize?prefCd=17&kikanCd=357&kikanKbn=2", "url2": "http://muratakids.com/", "内容": "村田キッズクリニック【2:診療所】【診療科目:小児科】石川県金沢市高尾南" }, "geometry": { "type": "Point", "coordinates": [ 136.626958, 36.518549 ] } },
{ "type": "Feature", "properties": { "ID": 172358, "正式名称": "ひろせクリニック", "機関区分": 2, "都道府県コード": 17, "市区町村コード": 201, "所在地": "石川県金沢市戸板", "緯度": 36.578041, "経度": 136.619732, "url": "https://www.iryou.teikyouseido.mhlw.go.jp/znk-web/juminkanja/S2430/initialize?prefCd=17&kikanCd=358&kikanKbn=2", "url2": "http://www.hirose-clinic.org/", "内容": "ひろせクリニック【2:診療所】【診療科目:内科_呼吸器内科_耳鼻いんこう科_アレルギー科】石川県金沢市戸板" }, "geometry": { "type": "Point", "coordinates": [ 136.619732, 36.578041 ] } },
{ "type": "Feature", "properties": { "ID": 172361, "正式名称": "医療法人社団悠輝会　野々市よこみやクリニック", "機関区分": 2, "都道府県コード": 17, "市区町村コード": 212, "所在地": "石川県野々市市郷二丁目２２０番地", "緯度": 36.535124, "経度": 136.586688, "url": "https://www.iryou.teikyouseido.mhlw.go.jp/znk-web/juminkanja/S2430/initialize?prefCd=17&kikanCd=361&kikanKbn=2", "url2": "https://yuki-kai.com/", "内容": "医療法人社団悠輝会　野々市よこみやクリニック【2:診療所】【診療科目:内科】石川県野々市市郷二丁目２２０番地" }, "geometry": { "type": "Point", "coordinates": [ 136.586688, 36.535124 ] } },
{ "type": "Feature", "properties": { "ID": 172363, "正式名称": "医療法人社団伏見さくら会さかもと内科クリニック", "機関区分": 2, "都道府県コード": 17, "市区町村コード": 201, "所在地": "石川県金沢市古府２丁目５２番地", "緯度": 36.567454, "経度": 136.607705, "url": "https://www.iryou.teikyouseido.mhlw.go.jp/znk-web/juminkanja/S2430/initialize?prefCd=17&kikanCd=363&kikanKbn=2", "url2": "http://www.sakamoto-naika.jp/index.html", "内容": "医療法人社団伏見さくら会さかもと内科クリニック【2:診療所】【診療科目:内科_呼吸器内科_消化器内科_小児科】石川県金沢市古府２丁目５２番地" }, "geometry": { "type": "Point", "coordinates": [ 136.607705, 36.567454 ] } },
{ "type": "Feature", "properties": { "ID": 172364, "正式名称": "西村眼科クリニック", "機関区分": 2, "都道府県コード": 17, "市区町村コード": 201, "所在地": "石川県金沢市高尾台３丁目１２番地", "緯度": 36.521173, "経度": 136.627983, "url": "https://www.iryou.teikyouseido.mhlw.go.jp/znk-web/juminkanja/S2430/initialize?prefCd=17&kikanCd=364&kikanKbn=2", "url2": "https://www.isn-hp.com/nishimura/", "内容": "西村眼科クリニック【2:診療所】【診療科目:眼科】石川県金沢市高尾台３丁目１２番地" }, "geometry": { "type": "Point", "coordinates": [ 136.627983, 36.521173 ] } },
{ "type": "Feature", "properties": { "ID": 172365, "正式名称": "みずの小児科・みゆき皮ふ科クリニック", "機関区分": 2, "都道府県コード": 17, "市区町村コード": 201, "所在地": "石川県金沢市無量寺５－７２", "緯度": 36.602781, "経度": 136.612458, "url": "https://www.iryou.teikyouseido.mhlw.go.jp/znk-web/juminkanja/S2430/initialize?prefCd=17&kikanCd=365&kikanKbn=2", "url2": "http://mizu-miyu-clinic.com", "内容": "みずの小児科・みゆき皮ふ科クリニック【2:診療所】【診療科目:小児科_皮膚科】石川県金沢市無量寺５－７２" }, "geometry": { "type": "Point", "coordinates": [ 136.612458, 36.602781 ] } },
{ "type": "Feature", "properties": { "ID": 172371, "正式名称": "医療法人社団大斉会　さいとう内科医院", "機関区分": 2, "都道府県コード": 17, "市区町村コード": 201, "所在地": "石川県金沢市三馬", "緯度": 36.526305, "経度": 136.629712, "url": "https://www.iryou.teikyouseido.mhlw.go.jp/znk-web/juminkanja/S2430/initialize?prefCd=17&kikanCd=371&kikanKbn=2", "url2": null, "内容": "医療法人社団大斉会　さいとう内科医院【2:診療所】【診療科目:内科_呼吸器内科_気管食道・耳鼻いんこう科_アレルギー科】石川県金沢市三馬" }, "geometry": { "type": "Point", "coordinates": [ 136.629712, 36.526305 ] } },
{ "type": "Feature", "properties": { "ID": 172376, "正式名称": "こしの内科クリニック", "機関区分": 2, "都道府県コード": 17, "市区町村コード": 201, "所在地": "石川県金沢市朝霧台１丁目１７６番", "緯度": 36.577548, "経度": 136.668501, "url": "https://www.iryou.teikyouseido.mhlw.go.jp/znk-web/juminkanja/S2430/initialize?prefCd=17&kikanCd=376&kikanKbn=2", "url2": null, "内容": "こしの内科クリニック【2:診療所】【診療科目:内科_人工透析内科】石川県金沢市朝霧台１丁目１７６番" }, "geometry": { "type": "Point", "coordinates": [ 136.668501, 36.577548 ] } },
{ "type": "Feature", "properties": { "ID": 172386, "正式名称": "株式会社小松製作所本社健康増進センタ金沢健康管理室コマツクリニック", "機関区分": 2, "都道府県コード": 17, "市区町村コード": 201, "所在地": "石川県金沢市大野町新町１番地１", "緯度": 36.627398, "経度": 136.608564, "url": "https://www.iryou.teikyouseido.mhlw.go.jp/znk-web/juminkanja/S2430/initialize?prefCd=17&kikanCd=386&kikanKbn=2", "url2": null, "内容": "株式会社小松製作所本社健康増進センタ金沢健康管理室コマツクリニック【2:診療所】【診療科目:内科_外科】石川県金沢市大野町新町１番地１" }, "geometry": { "type": "Point", "coordinates": [ 136.608564, 36.627398 ] } },
{ "type": "Feature", "properties": { "ID": 172387, "正式名称": "金城クリニック", "機関区分": 2, "都道府県コード": 17, "市区町村コード": 201, "所在地": "石川県金沢市彦三町２ー１ー２７", "緯度": 36.574213, "経度": 136.656519, "url": "https://www.iryou.teikyouseido.mhlw.go.jp/znk-web/juminkanja/S2430/initialize?prefCd=17&kikanCd=387&kikanKbn=2", "url2": null, "内容": "金城クリニック【2:診療所】【診療科目:内科_循環器内科_消化器内科】石川県金沢市彦三町２ー１ー２７" }, "geometry": { "type": "Point", "coordinates": [ 136.656519, 36.574213 ] } },
{ "type": "Feature", "properties": { "ID": 172389, "正式名称": "小泉クリニック", "機関区分": 2, "都道府県コード": 17, "市区町村コード": 201, "所在地": "石川県金沢市富樫１丁目１０－１５", "緯度": 36.539704, "経度": 136.64546, "url": "https://www.iryou.teikyouseido.mhlw.go.jp/znk-web/juminkanja/S2430/initialize?prefCd=17&kikanCd=389&kikanKbn=2", "url2": null, "内容": "小泉クリニック【2:診療所】【診療科目:小児科_児童精神科_子どものこころの診療科】石川県金沢市富樫１丁目１０－１５" }, "geometry": { "type": "Point", "coordinates": [ 136.64546, 36.539704 ] } },
{ "type": "Feature", "properties": { "ID": 172395, "正式名称": "医療法人社団アイ・アンド・アイ　花咲く丘の診療所", "機関区分": 2, "都道府県コード": 17, "市区町村コード": 211, "所在地": "石川県能美市火釜町リ１－８", "緯度": 36.449727, "経度": 136.560416, "url": "https://www.iryou.teikyouseido.mhlw.go.jp/znk-web/juminkanja/S2430/initialize?prefCd=17&kikanCd=395&kikanKbn=2", "url2": null, "内容": "医療法人社団アイ・アンド・アイ　花咲く丘の診療所【2:診療所】【診療科目:内科_胃腸内科_外科_肛門外科】石川県能美市火釜町リ１－８" }, "geometry": { "type": "Point", "coordinates": [ 136.560416, 36.449727 ] } },
{ "type": "Feature", "properties": { "ID": 172396, "正式名称": "医療法人社団明輝太陽会あさい皮膚科クリニック", "機関区分": 2, "都道府県コード": 17, "市区町村コード": 203, "所在地": "石川県小松市吉竹町４丁目２２２番地", "緯度": 36.39528, "経度": 136.473214, "url": "https://www.iryou.teikyouseido.mhlw.go.jp/znk-web/juminkanja/S2430/initialize?prefCd=17&kikanCd=396&kikanKbn=2", "url2": "http://www.asai-dermatology-clinic.jp", "内容": "医療法人社団明輝太陽会あさい皮膚科クリニック【2:診療所】【診療科目:皮膚科】石川県小松市吉竹町４丁目２２２番地" }, "geometry": { "type": "Point", "coordinates": [ 136.473214, 36.39528 ] } },
{ "type": "Feature", "properties": { "ID": 172397, "正式名称": "藤華苑診療所", "機関区分": 2, "都道府県コード": 17, "市区町村コード": 206, "所在地": "石川県加賀市大聖寺東町一丁目２６番地３", "緯度": 36.305269, "経度": 136.318757, "url": "https://www.iryou.teikyouseido.mhlw.go.jp/znk-web/juminkanja/S2430/initialize?prefCd=17&kikanCd=397&kikanKbn=2", "url2": null, "内容": "藤華苑診療所【2:診療所】【診療科目:内科】石川県加賀市大聖寺東町一丁目２６番地３" }, "geometry": { "type": "Point", "coordinates": [ 136.318757, 36.305269 ] } },
{ "type": "Feature", "properties": { "ID": 172400, "正式名称": "堀口耳鼻いんこう科医院", "機関区分": 2, "都道府県コード": 17, "市区町村コード": 203, "所在地": "石川県小松市末広町２３８", "緯度": 36.401403, "経度": 136.444763, "url": "https://www.iryou.teikyouseido.mhlw.go.jp/znk-web/juminkanja/S2430/initialize?prefCd=17&kikanCd=400&kikanKbn=2", "url2": "http://www.horiguchi-clinic.jp/", "内容": "堀口耳鼻いんこう科医院【2:診療所】【診療科目:耳鼻いんこう科】石川県小松市末広町２３８" }, "geometry": { "type": "Point", "coordinates": [ 136.444763, 36.401403 ] } },
{ "type": "Feature", "properties": { "ID": 1724120002, "正式名称": "社会福祉法人輪島市福祉会　特別養護老人ホーム　あての木園", "機関区分": 2, "都道府県コード": 17, "市区町村コード": 204, "所在地": "石川県輪島市三井町小泉上野２番地", "緯度": 37.297047, "経度": 136.896445, "url": "https://www.iryou.teikyouseido.mhlw.go.jp/znk-web/juminkanja/S2430/initialize?prefCd=17&kikanCd=4120002&kikanKbn=2", "url2": null, "内容": "社会福祉法人輪島市福祉会　特別養護老人ホーム　あての木園【2:診療所】【診療科目:内科】石川県輪島市三井町小泉上野２番地" }, "geometry": { "type": "Point", "coordinates": [ 136.896445, 37.297047 ] } },
{ "type": "Feature", "properties": { "ID": 1724120003, "正式名称": "粟倉医院", "機関区分": 2, "都道府県コード": 17, "市区町村コード": 204, "所在地": "石川県輪島市町野町粟蔵７１－１", "緯度": 37.422253, "経度": 137.09031, "url": "https://www.iryou.teikyouseido.mhlw.go.jp/znk-web/juminkanja/S2430/initialize?prefCd=17&kikanCd=4120003&kikanKbn=2", "url2": null, "内容": "粟倉医院【2:診療所】【診療科目:内科_外科】石川県輪島市町野町粟蔵７１－１" }, "geometry": { "type": "Point", "coordinates": [ 137.09031, 37.422253 ] } },
{ "type": "Feature", "properties": { "ID": 1724120004, "正式名称": "医療法人社団　伊藤医院", "機関区分": 2, "都道府県コード": 17, "市区町村コード": 204, "所在地": "石川県輪島市水守町中の瀬４－８", "緯度": 37.387814, "経度": 136.890845, "url": "https://www.iryou.teikyouseido.mhlw.go.jp/znk-web/juminkanja/S2430/initialize?prefCd=17&kikanCd=4120004&kikanKbn=2", "url2": null, "内容": "医療法人社団　伊藤医院【2:診療所】【診療科目:内科_小児科】石川県輪島市水守町中の瀬４－８" }, "geometry": { "type": "Point", "coordinates": [ 136.890845, 37.387814 ] } },
{ "type": "Feature", "properties": { "ID": 1724120006, "正式名称": "医療法人社団　桶本眼科", "機関区分": 2, "都道府県コード": 17, "市区町村コード": 204, "所在地": "石川県輪島市釜屋谷町１－２－２", "緯度": 37.388683, "経度": 136.892315, "url": "https://www.iryou.teikyouseido.mhlw.go.jp/znk-web/juminkanja/S2430/initialize?prefCd=17&kikanCd=4120006&kikanKbn=2", "url2": null, "内容": "医療法人社団　桶本眼科【2:診療所】【診療科目:眼科】石川県輪島市釜屋谷町１－２－２" }, "geometry": { "type": "Point", "coordinates": [ 136.892315, 37.388683 ] } },
{ "type": "Feature", "properties": { "ID": 1724120010, "正式名称": "市立輪島病院　七浦診療所", "機関区分": 2, "都道府県コード": 17, "市区町村コード": 204, "所在地": "石川県輪島市門前町鵜山鵜山１２の５０番地", "緯度": 37.345382, "経度": 136.752941, "url": "https://www.iryou.teikyouseido.mhlw.go.jp/znk-web/juminkanja/S2430/initialize?prefCd=17&kikanCd=4120010&kikanKbn=2", "url2": null, "内容": "市立輪島病院　七浦診療所【2:診療所】【診療科目:内科】石川県輪島市門前町鵜山鵜山１２の５０番地" }, "geometry": { "type": "Point", "coordinates": [ 136.752941, 37.345382 ] } },
{ "type": "Feature", "properties": { "ID": 1724120014, "正式名称": "市立輪島病院　南志見診療所", "機関区分": 2, "都道府県コード": 17, "市区町村コード": 204, "所在地": "石川県輪島市小田屋町ロ部４番地", "緯度": 37.431454, "経度": 137.029611, "url": "https://www.iryou.teikyouseido.mhlw.go.jp/znk-web/juminkanja/S2430/initialize?prefCd=17&kikanCd=4120014&kikanKbn=2", "url2": null, "内容": "市立輪島病院　南志見診療所【2:診療所】【診療科目:内科】石川県輪島市小田屋町ロ部４番地" }, "geometry": { "type": "Point", "coordinates": [ 137.029611, 37.431454 ] } },
{ "type": "Feature", "properties": { "ID": 1724120015, "正式名称": "市立輪島病院　西保診療所", "機関区分": 2, "都道府県コード": 17, "市区町村コード": 204, "所在地": "石川県輪島市大沢町ホサソ２０１番地", "緯度": 37.375218, "経度": 136.802997, "url": "https://www.iryou.teikyouseido.mhlw.go.jp/znk-web/juminkanja/S2430/initialize?prefCd=17&kikanCd=4120015&kikanKbn=2", "url2": null, "内容": "市立輪島病院　西保診療所【2:診療所】【診療科目:内科】石川県輪島市大沢町ホサソ２０１番地" }, "geometry": { "type": "Point", "coordinates": [ 136.802997, 37.375218 ] } },
{ "type": "Feature", "properties": { "ID": 1724120017, "正式名称": "医療法人社団フナキ　舩木クリニック", "機関区分": 2, "都道府県コード": 17, "市区町村コード": 204, "所在地": "石川県輪島市釜屋谷町３－５", "緯度": 37.392172, "経度": 136.8935, "url": "https://www.iryou.teikyouseido.mhlw.go.jp/znk-web/juminkanja/S2430/initialize?prefCd=17&kikanCd=4120017&kikanKbn=2", "url2": null, "内容": "医療法人社団フナキ　舩木クリニック【2:診療所】【診療科目:内科_胃腸内科_外科_脳神経外科_整形外科】石川県輪島市釜屋谷町３－５" }, "geometry": { "type": "Point", "coordinates": [ 136.8935, 37.392172 ] } },
{ "type": "Feature", "properties": { "ID": 1724120019, "正式名称": "市立輪島病院　舳倉診療所", "機関区分": 2, "都道府県コード": 17, "市区町村コード": 204, "所在地": "石川県輪島市海士町所属舳倉島出邑山１番４", "緯度": 37.849866, "経度": 136.917994, "url": "https://www.iryou.teikyouseido.mhlw.go.jp/znk-web/juminkanja/S2430/initialize?prefCd=17&kikanCd=4120019&kikanKbn=2", "url2": null, "内容": "市立輪島病院　舳倉診療所【2:診療所】【診療科目:内科】石川県輪島市海士町所属舳倉島出邑山１番４" }, "geometry": { "type": "Point", "coordinates": [ 136.917994, 37.849866 ] } },
{ "type": "Feature", "properties": { "ID": 1724120023, "正式名称": "輪島市国民健康保険　門前診療所", "機関区分": 2, "都道府県コード": 17, "市区町村コード": 204, "所在地": "石川県輪島市門前町深田２１－１７－１", "緯度": 37.288279, "経度": 136.780327, "url": "https://www.iryou.teikyouseido.mhlw.go.jp/znk-web/juminkanja/S2430/initialize?prefCd=17&kikanCd=4120023&kikanKbn=2", "url2": null, "内容": "輪島市国民健康保険　門前診療所【2:診療所】【診療科目:眼科】石川県輪島市門前町深田２１－１７－１" }, "geometry": { "type": "Point", "coordinates": [ 136.780327, 37.288279 ] } },
{ "type": "Feature", "properties": { "ID": 1724120025, "正式名称": "医療法人社団　青雲会　大和医院", "機関区分": 2, "都道府県コード": 17, "市区町村コード": 204, "所在地": "石川県輪島市門前町道下７－６", "緯度": 37.289446, "経度": 136.742063, "url": "https://www.iryou.teikyouseido.mhlw.go.jp/znk-web/juminkanja/S2430/initialize?prefCd=17&kikanCd=4120025&kikanKbn=2", "url2": null, "内容": "医療法人社団　青雲会　大和医院【2:診療所】【診療科目:内科_循環器内科_消化器内科_精神科】石川県輪島市門前町道下７－６" }, "geometry": { "type": "Point", "coordinates": [ 136.742063, 37.289446 ] } },
{ "type": "Feature", "properties": { "ID": 1724120026, "正式名称": "特別養護老人ホームゆきわりそう附属診療所", "機関区分": 2, "都道府県コード": 17, "市区町村コード": 204, "所在地": "石川県輪島市門前町深田２２の４２番地", "緯度": 37.289292, "経度": 136.780581, "url": "https://www.iryou.teikyouseido.mhlw.go.jp/znk-web/juminkanja/S2430/initialize?prefCd=17&kikanCd=4120026&kikanKbn=2", "url2": "http://yukiwarisou.org", "内容": "特別養護老人ホームゆきわりそう附属診療所【2:診療所】【診療科目:循環器内科】石川県輪島市門前町深田２２の４２番地" }, "geometry": { "type": "Point", "coordinates": [ 136.780581, 37.289292 ] } },
{ "type": "Feature", "properties": { "ID": 1724120027, "正式名称": "公益社団法人石川勤労者医療協会　輪島診療所", "機関区分": 2, "都道府県コード": 17, "市区町村コード": 204, "所在地": "石川県輪島市堀町１－１３－２", "緯度": 37.389329, "経度": 136.89511, "url": "https://www.iryou.teikyouseido.mhlw.go.jp/znk-web/juminkanja/S2430/initialize?prefCd=17&kikanCd=4120027&kikanKbn=2", "url2": "http://www.ishikawa-kinikyo.jp/wajima/", "内容": "公益社団法人石川勤労者医療協会　輪島診療所【2:診療所】【診療科目:内科_整形外科_小児科_リウマチ科_リハビリテーション科】石川県輪島市堀町１－１３－２" }, "geometry": { "type": "Point", "coordinates": [ 136.89511, 37.389329 ] } },
{ "type": "Feature", "properties": { "ID": 1724120032, "正式名称": "医療法人社団　北川内科クリニック", "機関区分": 2, "都道府県コード": 17, "市区町村コード": 461, "所在地": "石川県鳳珠郡穴水町大町い１７番地", "緯度": 37.225165, "経度": 136.909575, "url": "https://www.iryou.teikyouseido.mhlw.go.jp/znk-web/juminkanja/S2430/initialize?prefCd=17&kikanCd=4120032&kikanKbn=2", "url2": "https://kitagawa-internal-medicine-clinic.com", "内容": "医療法人社団　北川内科クリニック【2:診療所】【診療科目:内科_消化器内科_小児科】石川県鳳珠郡穴水町大町い１７番地" }, "geometry": { "type": "Point", "coordinates": [ 136.909575, 37.225165 ] } },
{ "type": "Feature", "properties": { "ID": 1724120041, "正式名称": "千間内科クリニック", "機関区分": 2, "都道府県コード": 17, "市区町村コード": 463, "所在地": "石川県鳳珠郡能登町宇出津山分２－３２－２", "緯度": 37.307612, "経度": 137.152964, "url": "https://www.iryou.teikyouseido.mhlw.go.jp/znk-web/juminkanja/S2430/initialize?prefCd=17&kikanCd=4120041&kikanKbn=2", "url2": null, "内容": "千間内科クリニック【2:診療所】【診療科目:内科_循環器内科】石川県鳳珠郡能登町宇出津山分２－３２－２" }, "geometry": { "type": "Point", "coordinates": [ 137.152964, 37.307612 ] } },
{ "type": "Feature", "properties": { "ID": 1724120042, "正式名称": "特別養護老人ホーム　第二長寿園", "機関区分": 2, "都道府県コード": 17, "市区町村コード": 463, "所在地": "石川県鳳珠郡能登町布浦", "緯度": 37.344795, "経度": 137.253828, "url": "https://www.iryou.teikyouseido.mhlw.go.jp/znk-web/juminkanja/S2430/initialize?prefCd=17&kikanCd=4120042&kikanKbn=2", "url2": null, "内容": "特別養護老人ホーム　第二長寿園【2:診療所】【診療科目:内科_循環器内科】石川県鳳珠郡能登町布浦" }, "geometry": { "type": "Point", "coordinates": [ 137.253828, 37.344795 ] } },
{ "type": "Feature", "properties": { "ID": 1724120045, "正式名称": "医療法人社団　美能里会　はしもとクリニック", "機関区分": 2, "都道府県コード": 17, "市区町村コード": 463, "所在地": "石川県鳳珠郡能登町字崎山三丁目２０３番地", "緯度": 37.30345, "経度": 137.144941, "url": "https://www.iryou.teikyouseido.mhlw.go.jp/znk-web/juminkanja/S2430/initialize?prefCd=17&kikanCd=4120045&kikanKbn=2", "url2": null, "内容": "医療法人社団　美能里会　はしもとクリニック【2:診療所】【診療科目:内科_胃腸内科_外科_リハビリテーション科】石川県鳳珠郡能登町字崎山三丁目２０３番地" }, "geometry": { "type": "Point", "coordinates": [ 137.144941, 37.30345 ] } },
{ "type": "Feature", "properties": { "ID": 1724120047, "正式名称": "医療法人社団　升谷医院", "機関区分": 2, "都道府県コード": 17, "市区町村コード": 463, "所在地": "石川県鳳珠郡能登町松波", "緯度": 37.3572, "経度": 137.244591, "url": "https://www.iryou.teikyouseido.mhlw.go.jp/znk-web/juminkanja/S2430/initialize?prefCd=17&kikanCd=4120047&kikanKbn=2", "url2": null, "内容": "医療法人社団　升谷医院【2:診療所】【診療科目:内科_循環器内科_小児科】石川県鳳珠郡能登町松波" }, "geometry": { "type": "Point", "coordinates": [ 137.244591, 37.3572 ] } },
{ "type": "Feature", "properties": { "ID": 1724120048, "正式名称": "公立宇出津総合病院瑞穂診療所", "機関区分": 2, "都道府県コード": 17, "市区町村コード": 463, "所在地": "石川県鳳珠郡能登町瑞穂１０字１６６番地", "緯度": 37.280477, "経度": 137.040469, "url": "https://www.iryou.teikyouseido.mhlw.go.jp/znk-web/juminkanja/S2430/initialize?prefCd=17&kikanCd=4120048&kikanKbn=2", "url2": null, "内容": "公立宇出津総合病院瑞穂診療所【2:診療所】【診療科目:内科_外科】石川県鳳珠郡能登町瑞穂１０字１６６番地" }, "geometry": { "type": "Point", "coordinates": [ 137.040469, 37.280477 ] } },
{ "type": "Feature", "properties": { "ID": 1724120049, "正式名称": "医療法人社団持木会　持木メディカルクリニック", "機関区分": 2, "都道府県コード": 17, "市区町村コード": 463, "所在地": "石川県鳳珠郡能登町宇出津タ６１−２", "緯度": 37.308822, "経度": 137.148133, "url": "https://www.iryou.teikyouseido.mhlw.go.jp/znk-web/juminkanja/S2430/initialize?prefCd=17&kikanCd=4120049&kikanKbn=2", "url2": null, "内容": "医療法人社団持木会　持木メディカルクリニック【2:診療所】【診療科目:内科_外科_整形外科】石川県鳳珠郡能登町宇出津タ６１−２" }, "geometry": { "type": "Point", "coordinates": [ 137.148133, 37.308822 ] } },
{ "type": "Feature", "properties": { "ID": 1724220002, "正式名称": "なかたに医院", "機関区分": 2, "都道府県コード": 17, "市区町村コード": 205, "所在地": "石川県珠洲市上戸町北方五部１７５番地１", "緯度": 37.432036, "経度": 137.257583, "url": "https://www.iryou.teikyouseido.mhlw.go.jp/znk-web/juminkanja/S2430/initialize?prefCd=17&kikanCd=4220002&kikanKbn=2", "url2": null, "内容": "なかたに医院【2:診療所】【診療科目:内科_老年内科_小児科】石川県珠洲市上戸町北方五部１７５番地１" }, "geometry": { "type": "Point", "coordinates": [ 137.257583, 37.432036 ] } },
{ "type": "Feature", "properties": { "ID": 1724220004, "正式名称": "医療法人社団　恵仁会　小西医院", "機関区分": 2, "都道府県コード": 17, "市区町村コード": 205, "所在地": "石川県珠洲市正院町正院１丁目６１番地", "緯度": 37.44483, "経度": 137.288364, "url": "https://www.iryou.teikyouseido.mhlw.go.jp/znk-web/juminkanja/S2430/initialize?prefCd=17&kikanCd=4220004&kikanKbn=2", "url2": null, "内容": "医療法人社団　恵仁会　小西医院【2:診療所】【診療科目:内科_循環器内科_小児科】石川県珠洲市正院町正院１丁目６１番地" }, "geometry": { "type": "Point", "coordinates": [ 137.288364, 37.44483 ] } },
{ "type": "Feature", "properties": { "ID": 1724220006, "正式名称": "珠洲市総合病院附属　大谷診療所", "機関区分": 2, "都道府県コード": 17, "市区町村コード": 205, "所在地": "石川県珠洲市大谷町", "緯度": 37.501683, "経度": 137.174024, "url": "https://www.iryou.teikyouseido.mhlw.go.jp/znk-web/juminkanja/S2430/initialize?prefCd=17&kikanCd=4220006&kikanKbn=2", "url2": "http://www.city.suzu.ishikawa.jp/suzuhp/", "内容": "珠洲市総合病院附属　大谷診療所【2:診療所】【診療科目:内科】石川県珠洲市大谷町" }, "geometry": { "type": "Point", "coordinates": [ 137.174024, 37.501683 ] } },
{ "type": "Feature", "properties": { "ID": 1724220012, "正式名称": "田中クリニック", "機関区分": 2, "都道府県コード": 17, "市区町村コード": 205, "所在地": "石川県珠洲市野々江町シー７８－１", "緯度": 37.440896, "経度": 137.267974, "url": "https://www.iryou.teikyouseido.mhlw.go.jp/znk-web/juminkanja/S2430/initialize?prefCd=17&kikanCd=4220012&kikanKbn=2", "url2": null, "内容": "田中クリニック【2:診療所】【診療科目:整形外科_皮膚科_麻酔科】石川県珠洲市野々江町シー７８－１" }, "geometry": { "type": "Point", "coordinates": [ 137.267974, 37.440896 ] } },
{ "type": "Feature", "properties": { "ID": 172425, "正式名称": "医療法人社団小浦内科医院", "機関区分": 2, "都道府県コード": 17, "市区町村コード": 201, "所在地": "石川県金沢市畝田中１−５９", "緯度": 36.594704, "経度": 136.60977, "url": "https://www.iryou.teikyouseido.mhlw.go.jp/znk-web/juminkanja/S2430/initialize?prefCd=17&kikanCd=425&kikanKbn=2", "url2": "https://kouraclinic.jp", "内容": "医療法人社団小浦内科医院【2:診療所】【診療科目:内科_循環器内科_消化器内科】石川県金沢市畝田中１−５９" }, "geometry": { "type": "Point", "coordinates": [ 136.60977, 36.594704 ] } },
{ "type": "Feature", "properties": { "ID": 172427, "正式名称": "医療法人社団山崎眼科医院", "機関区分": 2, "都道府県コード": 17, "市区町村コード": 201, "所在地": "石川県金沢市彦三町１－８－１", "緯度": 36.572881, "経度": 136.661302, "url": "https://www.iryou.teikyouseido.mhlw.go.jp/znk-web/juminkanja/S2430/initialize?prefCd=17&kikanCd=427&kikanKbn=2", "url2": "https://yamazaki-eye.jp", "内容": "医療法人社団山崎眼科医院【2:診療所】【診療科目:眼科】石川県金沢市彦三町１－８－１" }, "geometry": { "type": "Point", "coordinates": [ 136.661302, 36.572881 ] } },
{ "type": "Feature", "properties": { "ID": 172432, "正式名称": "やすもと医院", "機関区分": 2, "都道府県コード": 17, "市区町村コード": 201, "所在地": "石川県金沢市兼六元町９−３７", "緯度": 36.566703, "経度": 136.666277, "url": "https://www.iryou.teikyouseido.mhlw.go.jp/znk-web/juminkanja/S2430/initialize?prefCd=17&kikanCd=432&kikanKbn=2", "url2": null, "内容": "やすもと医院【2:診療所】【診療科目:精神科_心療内科】石川県金沢市兼六元町９−３７" }, "geometry": { "type": "Point", "coordinates": [ 136.666277, 36.566703 ] } },
{ "type": "Feature", "properties": { "ID": 172433, "正式名称": "歯科　はぐくみの郷", "機関区分": 2, "都道府県コード": 17, "市区町村コード": 201, "所在地": "石川県金沢市田上さくら１丁目１５１番地", "緯度": 36.54715, "経度": 136.691942, "url": "https://www.iryou.teikyouseido.mhlw.go.jp/znk-web/juminkanja/S2430/initialize?prefCd=17&kikanCd=433&kikanKbn=2", "url2": "https://www.hagukuminosato.com", "内容": "歯科　はぐくみの郷【2:診療所】【診療科目:歯科_小児歯科】石川県金沢市田上さくら１丁目１５１番地" }, "geometry": { "type": "Point", "coordinates": [ 136.691942, 36.54715 ] } },
{ "type": "Feature", "properties": { "ID": 172439, "正式名称": "みもうクリニック", "機関区分": 2, "都道府県コード": 17, "市区町村コード": 211, "所在地": "石川県能美市佐野町ヲ３３", "緯度": 36.429351, "経度": 136.510171, "url": "https://www.iryou.teikyouseido.mhlw.go.jp/znk-web/juminkanja/S2430/initialize?prefCd=17&kikanCd=439&kikanKbn=2", "url2": null, "内容": "みもうクリニック【2:診療所】【診療科目:内科_循環器内科_消化器内科_小児科】石川県能美市佐野町ヲ３３" }, "geometry": { "type": "Point", "coordinates": [ 136.510171, 36.429351 ] } },
{ "type": "Feature", "properties": { "ID": 172441, "正式名称": "石川県職員診療所", "機関区分": 2, "都道府県コード": 17, "市区町村コード": 201, "所在地": "石川県金沢市鞍月１丁目１番地", "緯度": 36.594826, "経度": 136.625541, "url": "https://www.iryou.teikyouseido.mhlw.go.jp/znk-web/juminkanja/S2430/initialize?prefCd=17&kikanCd=441&kikanKbn=2", "url2": null, "内容": "石川県職員診療所【2:診療所】【診療科目:内科】石川県金沢市鞍月１丁目１番地" }, "geometry": { "type": "Point", "coordinates": [ 136.625541, 36.594826 ] } },
{ "type": "Feature", "properties": { "ID": 172443, "正式名称": "金沢工業大学扇が丘診療所", "機関区分": 2, "都道府県コード": 17, "市区町村コード": 212, "所在地": "石川県野々市市扇が丘７番１号", "緯度": 36.529176, "経度": 136.628264, "url": "https://www.iryou.teikyouseido.mhlw.go.jp/znk-web/juminkanja/S2430/initialize?prefCd=17&kikanCd=443&kikanKbn=2", "url2": null, "内容": "金沢工業大学扇が丘診療所【2:診療所】【診療科目:内科】石川県野々市市扇が丘７番１号" }, "geometry": { "type": "Point", "coordinates": [ 136.628264, 36.529176 ] } },
{ "type": "Feature", "properties": { "ID": 172448, "正式名称": "有松医科歯科クリニック", "機関区分": 2, "都道府県コード": 17, "市区町村コード": 201, "所在地": "石川県金沢市泉３丁目３－６", "緯度": 36.544597, "経度": 136.641193, "url": "https://www.iryou.teikyouseido.mhlw.go.jp/znk-web/juminkanja/S2430/initialize?prefCd=17&kikanCd=448&kikanKbn=2", "url2": null, "内容": "有松医科歯科クリニック【2:診療所】【診療科目:脳神経内科_神経内科_脳神経外科_心療内科_歯科_矯正歯科_歯科口腔外科】石川県金沢市泉３丁目３－６" }, "geometry": { "type": "Point", "coordinates": [ 136.641193, 36.544597 ] } },
{ "type": "Feature", "properties": { "ID": 172449, "正式名称": "医療法人社団　新　新くりにっく", "機関区分": 2, "都道府県コード": 17, "市区町村コード": 210, "所在地": "石川県白山市宮保新町１３０番地１", "緯度": 36.507149, "経度": 136.532328, "url": "https://www.iryou.teikyouseido.mhlw.go.jp/znk-web/juminkanja/S2430/initialize?prefCd=17&kikanCd=449&kikanKbn=2", "url2": "http://www.shinclinic.net", "内容": "医療法人社団　新　新くりにっく【2:診療所】【診療科目:内科_消化器内科_肝臓内科】石川県白山市宮保新町１３０番地１" }, "geometry": { "type": "Point", "coordinates": [ 136.532328, 36.507149 ] } },
{ "type": "Feature", "properties": { "ID": 172452, "正式名称": "アンジュレディースクリニック", "機関区分": 2, "都道府県コード": 17, "市区町村コード": 201, "所在地": "石川県金沢市三池栄町６６番地", "緯度": 36.596806, "経度": 136.670161, "url": "https://www.iryou.teikyouseido.mhlw.go.jp/znk-web/juminkanja/S2430/initialize?prefCd=17&kikanCd=452&kikanKbn=2", "url2": "http://ange-lc.jp/", "内容": "アンジュレディースクリニック【2:診療所】【診療科目:産婦人科_産科_婦人科】石川県金沢市三池栄町６６番地" }, "geometry": { "type": "Point", "coordinates": [ 136.670161, 36.596806 ] } },
{ "type": "Feature", "properties": { "ID": 172456, "正式名称": "おおくぼ眼科クリニック", "機関区分": 2, "都道府県コード": 17, "市区町村コード": 201, "所在地": "石川県金沢市小坂町西９７番１", "緯度": 36.591779, "経度": 136.671924, "url": "https://www.iryou.teikyouseido.mhlw.go.jp/znk-web/juminkanja/S2430/initialize?prefCd=17&kikanCd=456&kikanKbn=2", "url2": "http://ohkubo-eye.com/index.html", "内容": "おおくぼ眼科クリニック【2:診療所】【診療科目:眼科】石川県金沢市小坂町西９７番１" }, "geometry": { "type": "Point", "coordinates": [ 136.671924, 36.591779 ] } },
{ "type": "Feature", "properties": { "ID": 172466, "正式名称": "まえだ整形外科・骨・関節クリニック", "機関区分": 2, "都道府県コード": 17, "市区町村コード": 201, "所在地": "石川県金沢市直江東１丁目６０番地", "緯度": 36.612948, "経度": 136.636367, "url": "https://www.iryou.teikyouseido.mhlw.go.jp/znk-web/juminkanja/S2430/initialize?prefCd=17&kikanCd=466&kikanKbn=2", "url2": "http://maeda-seikei.net", "内容": "まえだ整形外科・骨・関節クリニック【2:診療所】【診療科目:整形外科_リハビリテーション科】石川県金沢市直江東１丁目６０番地" }, "geometry": { "type": "Point", "coordinates": [ 136.636367, 36.612948 ] } },
{ "type": "Feature", "properties": { "ID": 172467, "正式名称": "山中温泉ぬくもり診療所", "機関区分": 2, "都道府県コード": 17, "市区町村コード": 206, "所在地": "石川県加賀市山中温泉上野町ル１５番地１", "緯度": 36.253544, "経度": 136.369278, "url": "https://www.iryou.teikyouseido.mhlw.go.jp/znk-web/juminkanja/S2430/initialize?prefCd=17&kikanCd=467&kikanKbn=2", "url2": "http://nukumori.jadecom.or.jp/", "内容": "山中温泉ぬくもり診療所【2:診療所】【診療科目:内科_整形外科_小児科】石川県加賀市山中温泉上野町ル１５番地１" }, "geometry": { "type": "Point", "coordinates": [ 136.369278, 36.253544 ] } },
{ "type": "Feature", "properties": { "ID": 172468, "正式名称": "向陽台クリニック", "機関区分": 2, "都道府県コード": 17, "市区町村コード": 365, "所在地": "石川県河北郡内灘町向陽台１丁目２２５番地", "緯度": 36.639475, "経度": 136.636653, "url": "https://www.iryou.teikyouseido.mhlw.go.jp/znk-web/juminkanja/S2430/initialize?prefCd=17&kikanCd=468&kikanKbn=2", "url2": "http://koyodai-clinic.sakura.ne.jp", "内容": "向陽台クリニック【2:診療所】【診療科目:婦人科】石川県河北郡内灘町向陽台１丁目２２５番地" }, "geometry": { "type": "Point", "coordinates": [ 136.636653, 36.639475 ] } },
{ "type": "Feature", "properties": { "ID": 172469, "正式名称": "多賀クリニック", "機関区分": 2, "都道府県コード": 17, "市区町村コード": 210, "所在地": "石川県白山市美川和波町カ１２８番地１", "緯度": 36.490306, "経度": 136.489368, "url": "https://www.iryou.teikyouseido.mhlw.go.jp/znk-web/juminkanja/S2430/initialize?prefCd=17&kikanCd=469&kikanKbn=2", "url2": "http://taga-clinic.jp", "内容": "多賀クリニック【2:診療所】【診療科目:内科_小児科】石川県白山市美川和波町カ１２８番地１" }, "geometry": { "type": "Point", "coordinates": [ 136.489368, 36.490306 ] } },
{ "type": "Feature", "properties": { "ID": 172470, "正式名称": "ちょくし町クリニック", "機関区分": 2, "都道府県コード": 17, "市区町村コード": 206, "所在地": "石川県加賀市勅使町ハ２５－１", "緯度": 36.302637, "経度": 136.393718, "url": "https://www.iryou.teikyouseido.mhlw.go.jp/znk-web/juminkanja/S2430/initialize?prefCd=17&kikanCd=470&kikanKbn=2", "url2": "https://g.co/kgs/RTtPSNz", "内容": "ちょくし町クリニック【2:診療所】【診療科目:内科】石川県加賀市勅使町ハ２５－１" }, "geometry": { "type": "Point", "coordinates": [ 136.393718, 36.302637 ] } },
{ "type": "Feature", "properties": { "ID": 172471, "正式名称": "宙メンタルクリニック", "機関区分": 2, "都道府県コード": 17, "市区町村コード": 202, "所在地": "石川県七尾市神明町１番地　ミナ．クル１Ｆ", "緯度": 37.043466, "経度": 136.963385, "url": "https://www.iryou.teikyouseido.mhlw.go.jp/znk-web/juminkanja/S2430/initialize?prefCd=17&kikanCd=471&kikanKbn=2", "url2": null, "内容": "宙メンタルクリニック【2:診療所】【診療科目:精神科_心療内科】石川県七尾市神明町１番地　ミナ．クル１Ｆ" }, "geometry": { "type": "Point", "coordinates": [ 136.963385, 37.043466 ] } },
{ "type": "Feature", "properties": { "ID": 172481, "正式名称": "シーピーエル病理診断科クリニック", "機関区分": 2, "都道府県コード": 17, "市区町村コード": 201, "所在地": "石川県金沢市二宮町１５番３６号", "緯度": 36.587336, "経度": 136.626878, "url": "https://www.iryou.teikyouseido.mhlw.go.jp/znk-web/juminkanja/S2430/initialize?prefCd=17&kikanCd=481&kikanKbn=2", "url2": null, "内容": "シーピーエル病理診断科クリニック【2:診療所】【診療科目:病理診断科】石川県金沢市二宮町１５番３６号" }, "geometry": { "type": "Point", "coordinates": [ 136.626878, 36.587336 ] } },
{ "type": "Feature", "properties": { "ID": 172485, "正式名称": "小木クリニック", "機関区分": 2, "都道府県コード": 17, "市区町村コード": 463, "所在地": "石川県鳳珠郡能登町小木１５字２３番地３", "緯度": 37.300105, "経度": 137.225075, "url": "https://www.iryou.teikyouseido.mhlw.go.jp/znk-web/juminkanja/S2430/initialize?prefCd=17&kikanCd=485&kikanKbn=2", "url2": null, "内容": "小木クリニック【2:診療所】【診療科目:内科_消化器内科_外科】石川県鳳珠郡能登町小木１５字２３番地３" }, "geometry": { "type": "Point", "coordinates": [ 137.225075, 37.300105 ] } },
{ "type": "Feature", "properties": { "ID": 172487, "正式名称": "ゆうこ皮ふ科クリニック", "機関区分": 2, "都道府県コード": 17, "市区町村コード": 203, "所在地": "石川県小松市矢崎町ハ１６４番１", "緯度": 36.36566, "経度": 136.43219, "url": "https://www.iryou.teikyouseido.mhlw.go.jp/znk-web/juminkanja/S2430/initialize?prefCd=17&kikanCd=487&kikanKbn=2", "url2": "http://yuko-derma.jp/", "内容": "ゆうこ皮ふ科クリニック【2:診療所】【診療科目:皮膚科】石川県小松市矢崎町ハ１６４番１" }, "geometry": { "type": "Point", "coordinates": [ 136.43219, 36.36566 ] } },
{ "type": "Feature", "properties": { "ID": 172489, "正式名称": "みやた整形外科", "機関区分": 2, "都道府県コード": 17, "市区町村コード": 210, "所在地": "石川県白山市新田町２１７ー１", "緯度": 36.533527, "経度": 136.570831, "url": "https://www.iryou.teikyouseido.mhlw.go.jp/znk-web/juminkanja/S2430/initialize?prefCd=17&kikanCd=489&kikanKbn=2", "url2": "https://miyata-seikeigeka.com/", "内容": "みやた整形外科【2:診療所】【診療科目:整形外科_リウマチ科_リハビリテーション科】石川県白山市新田町２１７ー１" }, "geometry": { "type": "Point", "coordinates": [ 136.570831, 36.533527 ] } },
{ "type": "Feature", "properties": { "ID": 172490, "正式名称": "しみず眼科", "機関区分": 2, "都道府県コード": 17, "市区町村コード": 201, "所在地": "石川県金沢市直江南１丁目３３番", "緯度": 36.603544, "経度": 136.631961, "url": "https://www.iryou.teikyouseido.mhlw.go.jp/znk-web/juminkanja/S2430/initialize?prefCd=17&kikanCd=490&kikanKbn=2", "url2": "http://shimizu-eye-clinic.com", "内容": "しみず眼科【2:診療所】【診療科目:眼科】石川県金沢市直江南１丁目３３番" }, "geometry": { "type": "Point", "coordinates": [ 136.631961, 36.603544 ] } },
{ "type": "Feature", "properties": { "ID": 172492, "正式名称": "医療法人社団ＡＯＢＡｍｅｄｉｃａｌあおばウィメンズクリニック", "機関区分": 2, "都道府県コード": 17, "市区町村コード": 201, "所在地": "石川県金沢市畝田東３－５４０", "緯度": 36.596543, "経度": 136.614564, "url": "https://www.iryou.teikyouseido.mhlw.go.jp/znk-web/juminkanja/S2430/initialize?prefCd=17&kikanCd=492&kikanKbn=2", "url2": "http://aoba-womens.com/doctor/", "内容": "医療法人社団ＡＯＢＡｍｅｄｉｃａｌあおばウィメンズクリニック【2:診療所】【診療科目:婦人科】石川県金沢市畝田東３－５４０" }, "geometry": { "type": "Point", "coordinates": [ 136.614564, 36.596543 ] } },
{ "type": "Feature", "properties": { "ID": 172502, "正式名称": "医療法人社団イースト会　金沢イースト駅前クリニック", "機関区分": 2, "都道府県コード": 17, "市区町村コード": 201, "所在地": "石川県金沢市此花町５番６号　ライフ金沢第一ビル４階", "緯度": 36.5773, "経度": 136.6509, "url": "https://www.iryou.teikyouseido.mhlw.go.jp/znk-web/juminkanja/S2430/initialize?prefCd=17&kikanCd=502&kikanKbn=2", "url2": "https://www.eastcl.com/kanazawa/", "内容": "医療法人社団イースト会　金沢イースト駅前クリニック【2:診療所】【診療科目:内科_皮膚科_泌尿器科】石川県金沢市此花町５番６号　ライフ金沢第一ビル４階" }, "geometry": { "type": "Point", "coordinates": [ 136.6509, 36.5773 ] } },
{ "type": "Feature", "properties": { "ID": 172503, "正式名称": "北陸先端科学技術大学院大学保健管理センター", "機関区分": 2, "都道府県コード": 17, "市区町村コード": 211, "所在地": "石川県能美市旭台一丁目１番地", "緯度": 36.444621, "経度": 136.592642, "url": "https://www.iryou.teikyouseido.mhlw.go.jp/znk-web/juminkanja/S2430/initialize?prefCd=17&kikanCd=503&kikanKbn=2", "url2": null, "内容": "北陸先端科学技術大学院大学保健管理センター【2:診療所】【診療科目:内科】石川県能美市旭台一丁目１番地" }, "geometry": { "type": "Point", "coordinates": [ 136.592642, 36.444621 ] } },
{ "type": "Feature", "properties": { "ID": 172505, "正式名称": "いしざき皮ふ科クリニック", "機関区分": 2, "都道府県コード": 17, "市区町村コード": 209, "所在地": "石川県かほく市内日角", "緯度": 36.710609, "経度": 136.699031, "url": "https://www.iryou.teikyouseido.mhlw.go.jp/znk-web/juminkanja/S2430/initialize?prefCd=17&kikanCd=505&kikanKbn=2", "url2": "http://www.ishizaki-derm.jp", "内容": "いしざき皮ふ科クリニック【2:診療所】【診療科目:皮膚科】石川県かほく市内日角" }, "geometry": { "type": "Point", "coordinates": [ 136.699031, 36.710609 ] } },
{ "type": "Feature", "properties": { "ID": 172508, "正式名称": "なかそねひふ科クリニック", "機関区分": 2, "都道府県コード": 17, "市区町村コード": 212, "所在地": "石川県野々市市横宮町６７番１号　ヴィテンののいち１Ｆ", "緯度": 36.535241, "経度": 136.616511, "url": "https://www.iryou.teikyouseido.mhlw.go.jp/znk-web/juminkanja/S2430/initialize?prefCd=17&kikanCd=508&kikanKbn=2", "url2": "http://nakasone-hifuka.com/", "内容": "なかそねひふ科クリニック【2:診療所】【診療科目:小児皮膚科_皮膚科】石川県野々市市横宮町６７番１号　ヴィテンののいち１Ｆ" }, "geometry": { "type": "Point", "coordinates": [ 136.616511, 36.535241 ] } },
{ "type": "Feature", "properties": { "ID": 172509, "正式名称": "つねファミリークリニック", "機関区分": 2, "都道府県コード": 17, "市区町村コード": 365, "所在地": "石川県河北郡内灘町白帆台２丁目１番", "緯度": 36.67198, "経度": 136.658231, "url": "https://www.iryou.teikyouseido.mhlw.go.jp/znk-web/juminkanja/S2430/initialize?prefCd=17&kikanCd=509&kikanKbn=2", "url2": "https://www.tsunepedicardio.com/", "内容": "つねファミリークリニック【2:診療所】【診療科目:内科_循環器内科_小児科_産婦人科】石川県河北郡内灘町白帆台２丁目１番" }, "geometry": { "type": "Point", "coordinates": [ 136.658231, 36.67198 ] } },
{ "type": "Feature", "properties": { "ID": 172511, "正式名称": "いけだなおき内科医院", "機関区分": 2, "都道府県コード": 17, "市区町村コード": 201, "所在地": "石川県金沢市大額３丁目２６６", "緯度": 36.514852, "経度": 136.625431, "url": "https://www.iryou.teikyouseido.mhlw.go.jp/znk-web/juminkanja/S2430/initialize?prefCd=17&kikanCd=511&kikanKbn=2", "url2": null, "内容": "いけだなおき内科医院【2:診療所】【診療科目:内科_消化器内科】石川県金沢市大額３丁目２６６" }, "geometry": { "type": "Point", "coordinates": [ 136.625431, 36.514852 ] } },
{ "type": "Feature", "properties": { "ID": 1725120001, "正式名称": "つじクリニック皮フ科・形成外科", "機関区分": 2, "都道府県コード": 17, "市区町村コード": 201, "所在地": "石川県金沢市松村４丁目４１２番地", "緯度": 36.58433, "経度": 136.611997, "url": "https://www.iryou.teikyouseido.mhlw.go.jp/znk-web/juminkanja/S2430/initialize?prefCd=17&kikanCd=5120001&kikanKbn=2", "url2": "https://ssc6.doctorqube.com/tsuji.clinic/", "内容": "つじクリニック皮フ科・形成外科【2:診療所】【診療科目:形成外科_皮膚科】石川県金沢市松村４丁目４１２番地" }, "geometry": { "type": "Point", "coordinates": [ 136.611997, 36.58433 ] } },
{ "type": "Feature", "properties": { "ID": 1725120004, "正式名称": "医療法人社団あすなろ会北山こころのクリニック", "機関区分": 2, "都道府県コード": 17, "市区町村コード": 201, "所在地": "石川県金沢市此花町３－２金沢駅前第１ビル２階", "緯度": 36.576912, "経度": 136.651468, "url": "https://www.iryou.teikyouseido.mhlw.go.jp/znk-web/juminkanja/S2430/initialize?prefCd=17&kikanCd=5120004&kikanKbn=2", "url2": "https://kitayamakokoro-cl.jp/clinic.php", "内容": "医療法人社団あすなろ会北山こころのクリニック【2:診療所】【診療科目:皮膚科_精神科_心療内科】石川県金沢市此花町３－２金沢駅前第１ビル２階" }, "geometry": { "type": "Point", "coordinates": [ 136.651468, 36.576912 ] } },
{ "type": "Feature", "properties": { "ID": 1725120005, "正式名称": "医療法人社団　羽柴クリニック", "機関区分": 2, "都道府県コード": 17, "市区町村コード": 201, "所在地": "石川県金沢市泉野町１－１９－１６", "緯度": 36.544579, "経度": 136.653126, "url": "https://www.iryou.teikyouseido.mhlw.go.jp/znk-web/juminkanja/S2430/initialize?prefCd=17&kikanCd=5120005&kikanKbn=2", "url2": "http://www.hashibaclinic.jp/", "内容": "医療法人社団　羽柴クリニック【2:診療所】【診療科目:内科_消化器内科_外科_肛門外科】石川県金沢市泉野町１－１９－１６" }, "geometry": { "type": "Point", "coordinates": [ 136.653126, 36.544579 ] } },
{ "type": "Feature", "properties": { "ID": 1725120009, "正式名称": "医療法人社団加藤クリニック", "機関区分": 2, "都道府県コード": 17, "市区町村コード": 201, "所在地": "石川県金沢市疋田２丁目３９", "緯度": 36.604582, "経度": 136.674063, "url": "https://www.iryou.teikyouseido.mhlw.go.jp/znk-web/juminkanja/S2430/initialize?prefCd=17&kikanCd=5120009&kikanKbn=2", "url2": "https://kida-clinic-kanazawa-hikida2-39.webnode.jp", "内容": "医療法人社団加藤クリニック【2:診療所】【診療科目:神経内科_脳神経外科】石川県金沢市疋田２丁目３９" }, "geometry": { "type": "Point", "coordinates": [ 136.674063, 36.604582 ] } },
{ "type": "Feature", "properties": { "ID": 1725120010, "正式名称": "医療法人社団千授会　池野内科クリニック", "機関区分": 2, "都道府県コード": 17, "市区町村コード": 201, "所在地": "石川県金沢市高柳町", "緯度": 36.591763, "経度": 136.663023, "url": "https://www.iryou.teikyouseido.mhlw.go.jp/znk-web/juminkanja/S2430/initialize?prefCd=17&kikanCd=5120010&kikanKbn=2", "url2": "https://ikeno-naika.jp", "内容": "医療法人社団千授会　池野内科クリニック【2:診療所】【診療科目:内科_呼吸器内科_循環器内科_胃腸内科】石川県金沢市高柳町" }, "geometry": { "type": "Point", "coordinates": [ 136.663023, 36.591763 ] } },
{ "type": "Feature", "properties": { "ID": 1725120011, "正式名称": "なかのクリニック", "機関区分": 2, "都道府県コード": 17, "市区町村コード": 201, "所在地": "石川県金沢市松寺町丑９－１", "緯度": 36.604028, "経度": 136.65154, "url": "https://www.iryou.teikyouseido.mhlw.go.jp/znk-web/juminkanja/S2430/initialize?prefCd=17&kikanCd=5120011&kikanKbn=2", "url2": "http://www.nakanoclinic.com/", "内容": "なかのクリニック【2:診療所】【診療科目:内科_胃腸内科_外科_リハビリテーション科】石川県金沢市松寺町丑９－１" }, "geometry": { "type": "Point", "coordinates": [ 136.65154, 36.604028 ] } },
{ "type": "Feature", "properties": { "ID": 1725120012, "正式名称": "医療法人社団　三秋整形外科医院", "機関区分": 2, "都道府県コード": 17, "市区町村コード": 201, "所在地": "石川県金沢市諸江町上丁３２０番地", "緯度": 36.592801, "経度": 136.645291, "url": "https://www.iryou.teikyouseido.mhlw.go.jp/znk-web/juminkanja/S2430/initialize?prefCd=17&kikanCd=5120012&kikanKbn=2", "url2": "https://www.miaki-seikei.com", "内容": "医療法人社団　三秋整形外科医院【2:診療所】【診療科目:整形外科_リハビリテーション科】石川県金沢市諸江町上丁３２０番地" }, "geometry": { "type": "Point", "coordinates": [ 136.645291, 36.592801 ] } },
{ "type": "Feature", "properties": { "ID": 1725120013, "正式名称": "医療法人社団井沢内科医院", "機関区分": 2, "都道府県コード": 17, "市区町村コード": 201, "所在地": "石川県金沢市諸江町下丁２８８", "緯度": 36.603339, "経度": 136.646963, "url": "https://www.iryou.teikyouseido.mhlw.go.jp/znk-web/juminkanja/S2430/initialize?prefCd=17&kikanCd=5120013&kikanKbn=2", "url2": null, "内容": "医療法人社団井沢内科医院【2:診療所】【診療科目:内科_循環器内科_小児科】石川県金沢市諸江町下丁２８８" }, "geometry": { "type": "Point", "coordinates": [ 136.646963, 36.603339 ] } },
{ "type": "Feature", "properties": { "ID": 1725120016, "正式名称": "小松眼科クリニック", "機関区分": 2, "都道府県コード": 17, "市区町村コード": 201, "所在地": "石川県金沢市北安江４丁目１８番２０号", "緯度": 36.589167, "経度": 136.643937, "url": "https://www.iryou.teikyouseido.mhlw.go.jp/znk-web/juminkanja/S2430/initialize?prefCd=17&kikanCd=5120016&kikanKbn=2", "url2": null, "内容": "小松眼科クリニック【2:診療所】【診療科目:眼科】石川県金沢市北安江４丁目１８番２０号" }, "geometry": { "type": "Point", "coordinates": [ 136.643937, 36.589167 ] } },
{ "type": "Feature", "properties": { "ID": 1725120017, "正式名称": "宮森整形外科クリニック", "機関区分": 2, "都道府県コード": 17, "市区町村コード": 201, "所在地": "石川県金沢市北安江４丁目１７番２０号", "緯度": 36.589327, "経度": 136.644881, "url": "https://www.iryou.teikyouseido.mhlw.go.jp/znk-web/juminkanja/S2430/initialize?prefCd=17&kikanCd=5120017&kikanKbn=2", "url2": null, "内容": "宮森整形外科クリニック【2:診療所】【診療科目:整形外科_リハビリテーション科】石川県金沢市北安江４丁目１７番２０号" }, "geometry": { "type": "Point", "coordinates": [ 136.644881, 36.589327 ] } },
{ "type": "Feature", "properties": { "ID": 1725120019, "正式名称": "ひろメンタルクリニック", "機関区分": 2, "都道府県コード": 17, "市区町村コード": 201, "所在地": "石川県金沢市西念３－１－３２西清ビルＡ－１", "緯度": 36.586142, "経度": 136.637456, "url": "https://www.iryou.teikyouseido.mhlw.go.jp/znk-web/juminkanja/S2430/initialize?prefCd=17&kikanCd=5120019&kikanKbn=2", "url2": "http://www.hiromentalclinic.com", "内容": "ひろメンタルクリニック【2:診療所】【診療科目:精神科_心療内科】石川県金沢市西念３－１－３２西清ビルＡ－１" }, "geometry": { "type": "Point", "coordinates": [ 136.637456, 36.586142 ] } },
{ "type": "Feature", "properties": { "ID": 1725120021, "正式名称": "医療法人十全会Ｊクリニック", "機関区分": 2, "都道府県コード": 17, "市区町村コード": 201, "所在地": "石川県金沢市西念３丁目３０番１０号", "緯度": 36.590817, "経度": 136.637242, "url": "https://www.iryou.teikyouseido.mhlw.go.jp/znk-web/juminkanja/S2430/initialize?prefCd=17&kikanCd=5120021&kikanKbn=2", "url2": "http://jclinic-kanazawa.jp/", "内容": "医療法人十全会Ｊクリニック【2:診療所】【診療科目:精神科_心療内科】石川県金沢市西念３丁目３０番１０号" }, "geometry": { "type": "Point", "coordinates": [ 136.637242, 36.590817 ] } },
{ "type": "Feature", "properties": { "ID": 1725120022, "正式名称": "医療法人社団フォトメディカル林形成外科クリニック", "機関区分": 2, "都道府県コード": 17, "市区町村コード": 201, "所在地": "石川県金沢市西念２丁目３０番３号", "緯度": 36.587287, "経度": 136.640391, "url": "https://www.iryou.teikyouseido.mhlw.go.jp/znk-web/juminkanja/S2430/initialize?prefCd=17&kikanCd=5120022&kikanKbn=2", "url2": "http://www.kanazawa-med.ac.jp/~prs/hayasi.html", "内容": "医療法人社団フォトメディカル林形成外科クリニック【2:診療所】【診療科目:整形外科_形成外科_美容外科_皮膚科】石川県金沢市西念２丁目３０番３号" }, "geometry": { "type": "Point", "coordinates": [ 136.640391, 36.587287 ] } },
{ "type": "Feature", "properties": { "ID": 1725120026, "正式名称": "畷形成外科", "機関区分": 2, "都道府県コード": 17, "市区町村コード": 201, "所在地": "石川県金沢市藤江北１ー３９６", "緯度": 36.585644, "経度": 136.624823, "url": "https://www.iryou.teikyouseido.mhlw.go.jp/znk-web/juminkanja/S2430/initialize?prefCd=17&kikanCd=5120026&kikanKbn=2", "url2": "http://www.nawate-keiseigeka.com", "内容": "畷形成外科【2:診療所】【診療科目:形成外科_美容外科_皮膚科】石川県金沢市藤江北１ー３９６" }, "geometry": { "type": "Point", "coordinates": [ 136.624823, 36.585644 ] } },
{ "type": "Feature", "properties": { "ID": 1725120029, "正式名称": "洞庭医院", "機関区分": 2, "都道府県コード": 17, "市区町村コード": 201, "所在地": "石川県金沢市広岡", "緯度": 36.576419, "経度": 136.645758, "url": "https://www.iryou.teikyouseido.mhlw.go.jp/znk-web/juminkanja/S2430/initialize?prefCd=17&kikanCd=5120029&kikanKbn=2", "url2": "http://doniwaiin.web.fc2.com", "内容": "洞庭医院【2:診療所】【診療科目:内科_循環器内科_小児科】石川県金沢市広岡" }, "geometry": { "type": "Point", "coordinates": [ 136.645758, 36.576419 ] } },
{ "type": "Feature", "properties": { "ID": 1725120032, "正式名称": "中央金沢朱鷺の苑", "機関区分": 2, "都道府県コード": 17, "市区町村コード": 201, "所在地": "石川県金沢市広岡", "緯度": 36.577024, "経度": 136.643722, "url": "https://www.iryou.teikyouseido.mhlw.go.jp/znk-web/juminkanja/S2430/initialize?prefCd=17&kikanCd=5120032&kikanKbn=2", "url2": null, "内容": "中央金沢朱鷺の苑【2:診療所】【診療科目:内科】石川県金沢市広岡" }, "geometry": { "type": "Point", "coordinates": [ 136.643722, 36.577024 ] } },
{ "type": "Feature", "properties": { "ID": 1725120033, "正式名称": "医療法人社団翠光会　春藤医院", "機関区分": 2, "都道府県コード": 17, "市区町村コード": 201, "所在地": "石川県金沢市広岡１－１－８", "緯度": 36.577693, "経度": 136.645054, "url": "https://www.iryou.teikyouseido.mhlw.go.jp/znk-web/juminkanja/S2430/initialize?prefCd=17&kikanCd=5120033&kikanKbn=2", "url2": "https://syuntou-iin.com/index.html", "内容": "医療法人社団翠光会　春藤医院【2:診療所】【診療科目:内科_小児科】石川県金沢市広岡１－１－８" }, "geometry": { "type": "Point", "coordinates": [ 136.645054, 36.577693 ] } },
{ "type": "Feature", "properties": { "ID": 1725120037, "正式名称": "金沢こころクリニック", "機関区分": 2, "都道府県コード": 17, "市区町村コード": 201, "所在地": "石川県金沢市広岡", "緯度": 36.580023, "経度": 136.645177, "url": "https://www.iryou.teikyouseido.mhlw.go.jp/znk-web/juminkanja/S2430/initialize?prefCd=17&kikanCd=5120037&kikanKbn=2", "url2": "http://cocoro7.sakura.ne.jp", "内容": "金沢こころクリニック【2:診療所】【診療科目:精神科_心療内科】石川県金沢市広岡" }, "geometry": { "type": "Point", "coordinates": [ 136.645177, 36.580023 ] } },
{ "type": "Feature", "properties": { "ID": 1725120038, "正式名称": "金沢春日クリニック", "機関区分": 2, "都道府県コード": 17, "市区町村コード": 201, "所在地": "石川県金沢市元菊町２０番１号", "緯度": 36.573696, "経度": 136.642261, "url": "https://www.iryou.teikyouseido.mhlw.go.jp/znk-web/juminkanja/S2430/initialize?prefCd=17&kikanCd=5120038&kikanKbn=2", "url2": "http://www.jintikai.com", "内容": "金沢春日クリニック【2:診療所】【診療科目:内科】石川県金沢市元菊町２０番１号" }, "geometry": { "type": "Point", "coordinates": [ 136.642261, 36.573696 ] } },
{ "type": "Feature", "properties": { "ID": 1725120039, "正式名称": "医療法人社団　竹田内科クリニック", "機関区分": 2, "都道府県コード": 17, "市区町村コード": 201, "所在地": "石川県金沢市長田２－１－８", "緯度": 36.575065, "経度": 136.6396, "url": "https://www.iryou.teikyouseido.mhlw.go.jp/znk-web/juminkanja/S2430/initialize?prefCd=17&kikanCd=5120039&kikanKbn=2", "url2": "http://www.kma.jp/takeda/index.html", "内容": "医療法人社団　竹田内科クリニック【2:診療所】【診療科目:内科_糖尿病内科_呼吸器内科_循環器内科_消化器内科_内視鏡内科】石川県金沢市長田２－１－８" }, "geometry": { "type": "Point", "coordinates": [ 136.6396, 36.575065 ] } },
{ "type": "Feature", "properties": { "ID": 1725120041, "正式名称": "高倉内科クリニック", "機関区分": 2, "都道府県コード": 17, "市区町村コード": 201, "所在地": "石川県金沢市若宮２丁目２０５番地", "緯度": 36.575818, "経度": 136.629131, "url": "https://www.iryou.teikyouseido.mhlw.go.jp/znk-web/juminkanja/S2430/initialize?prefCd=17&kikanCd=5120041&kikanKbn=2", "url2": null, "内容": "高倉内科クリニック【2:診療所】【診療科目:内科_呼吸器内科_循環器内科_消化器内科】石川県金沢市若宮２丁目２０５番地" }, "geometry": { "type": "Point", "coordinates": [ 136.629131, 36.575818 ] } },
{ "type": "Feature", "properties": { "ID": 1725120044, "正式名称": "石川県こころの健康センター", "機関区分": 2, "都道府県コード": 17, "市区町村コード": 201, "所在地": "石川県金沢市鞍月東", "緯度": 36.595454, "経度": 136.631727, "url": "https://www.iryou.teikyouseido.mhlw.go.jp/znk-web/juminkanja/S2430/initialize?prefCd=17&kikanCd=5120044&kikanKbn=2", "url2": "http://www.pref.ishikawa.jp/fukusi/kokoro-home/kokoro/top.html", "内容": "石川県こころの健康センター【2:診療所】【診療科目:精神科】石川県金沢市鞍月東" }, "geometry": { "type": "Point", "coordinates": [ 136.631727, 36.595454 ] } },
{ "type": "Feature", "properties": { "ID": 1725120048, "正式名称": "額内科クリニック", "機関区分": 2, "都道府県コード": 17, "市区町村コード": 201, "所在地": "石川県金沢市今町ホ３９番地", "緯度": 36.629514, "経度": 136.702957, "url": "https://www.iryou.teikyouseido.mhlw.go.jp/znk-web/juminkanja/S2430/initialize?prefCd=17&kikanCd=5120048&kikanKbn=2", "url2": null, "内容": "額内科クリニック【2:診療所】【診療科目:内科】石川県金沢市今町ホ３９番地" }, "geometry": { "type": "Point", "coordinates": [ 136.702957, 36.629514 ] } },
{ "type": "Feature", "properties": { "ID": 1725120050, "正式名称": "前川医院", "機関区分": 2, "都道府県コード": 17, "市区町村コード": 201, "所在地": "石川県金沢市堅田町乙１３２番地１", "緯度": 36.608845, "経度": 136.703633, "url": "https://www.iryou.teikyouseido.mhlw.go.jp/znk-web/juminkanja/S2430/initialize?prefCd=17&kikanCd=5120050&kikanKbn=2", "url2": null, "内容": "前川医院【2:診療所】【診療科目:内科_小児科】石川県金沢市堅田町乙１３２番地１" }, "geometry": { "type": "Point", "coordinates": [ 136.703633, 36.608845 ] } },
{ "type": "Feature", "properties": { "ID": 1725120052, "正式名称": "医療法人社団近藤クリニック", "機関区分": 2, "都道府県コード": 17, "市区町村コード": 201, "所在地": "石川県金沢市木越町ト９－１", "緯度": 36.620005, "経度": 136.662456, "url": "https://www.iryou.teikyouseido.mhlw.go.jp/znk-web/juminkanja/S2430/initialize?prefCd=17&kikanCd=5120052&kikanKbn=2", "url2": null, "内容": "医療法人社団近藤クリニック【2:診療所】【診療科目:内科_小児科_歯科_矯正歯科_小児歯科】石川県金沢市木越町ト９－１" }, "geometry": { "type": "Point", "coordinates": [ 136.662456, 36.620005 ] } },
{ "type": "Feature", "properties": { "ID": 1725120055, "正式名称": "医療法人社団ママＢＢクリニック", "機関区分": 2, "都道府県コード": 17, "市区町村コード": 201, "所在地": "石川県金沢市木越町ト５－１", "緯度": 36.61908, "経度": 136.662396, "url": "https://www.iryou.teikyouseido.mhlw.go.jp/znk-web/juminkanja/S2430/initialize?prefCd=17&kikanCd=5120055&kikanKbn=2", "url2": "mamabb-clinic.com", "内容": "医療法人社団ママＢＢクリニック【2:診療所】【診療科目:産科_婦人科】石川県金沢市木越町ト５－１" }, "geometry": { "type": "Point", "coordinates": [ 136.662396, 36.61908 ] } },
{ "type": "Feature", "properties": { "ID": 1725120056, "正式名称": "医療法人社団皮フ科西尾クリニック", "機関区分": 2, "都道府県コード": 17, "市区町村コード": 201, "所在地": "石川県金沢市木越町　チ８０－５", "緯度": 36.619482, "経度": 136.663039, "url": "https://www.iryou.teikyouseido.mhlw.go.jp/znk-web/juminkanja/S2430/initialize?prefCd=17&kikanCd=5120056&kikanKbn=2", "url2": "http://www.nisioclinic.jp/", "内容": "医療法人社団皮フ科西尾クリニック【2:診療所】【診療科目:皮膚科_なし】石川県金沢市木越町　チ８０－５" }, "geometry": { "type": "Point", "coordinates": [ 136.663039, 36.619482 ] } },
{ "type": "Feature", "properties": { "ID": 1725120057, "正式名称": "医療法人社団内科高松医院", "機関区分": 2, "都道府県コード": 17, "市区町村コード": 201, "所在地": "石川県金沢市蚊爪町イ１２５番地５", "緯度": 36.625805, "経度": 136.642966, "url": "https://www.iryou.teikyouseido.mhlw.go.jp/znk-web/juminkanja/S2430/initialize?prefCd=17&kikanCd=5120057&kikanKbn=2", "url2": "https://takamatsuiin.simdif.com/", "内容": "医療法人社団内科高松医院【2:診療所】【診療科目:内科_呼吸器内科_消化器内科_小児科】石川県金沢市蚊爪町イ１２５番地５" }, "geometry": { "type": "Point", "coordinates": [ 136.642966, 36.625805 ] } },
{ "type": "Feature", "properties": { "ID": 1725120061, "正式名称": "まえだ大腸肛門クリニック", "機関区分": 2, "都道府県コード": 17, "市区町村コード": 201, "所在地": "石川県金沢市大友１－１０９", "緯度": 36.601014, "経度": 136.627268, "url": "https://www.iryou.teikyouseido.mhlw.go.jp/znk-web/juminkanja/S2430/initialize?prefCd=17&kikanCd=5120061&kikanKbn=2", "url2": null, "内容": "まえだ大腸肛門クリニック【2:診療所】【診療科目:胃腸内科_内視鏡内科_大腸・肛門外科】石川県金沢市大友１－１０９" }, "geometry": { "type": "Point", "coordinates": [ 136.627268, 36.601014 ] } },
{ "type": "Feature", "properties": { "ID": 1725120063, "正式名称": "医療法人ＨＩＲＯＨＩＳＡ会めぐみクリニック", "機関区分": 2, "都道府県コード": 17, "市区町村コード": 201, "所在地": "石川県金沢市近岡町３４５－１", "緯度": 36.61053, "経度": 136.63374, "url": "https://www.iryou.teikyouseido.mhlw.go.jp/znk-web/juminkanja/S2430/initialize?prefCd=17&kikanCd=5120063&kikanKbn=2", "url2": "https://www.megumi.or.jp/", "内容": "医療法人ＨＩＲＯＨＩＳＡ会めぐみクリニック【2:診療所】【診療科目:産婦人科】石川県金沢市近岡町３４５－１" }, "geometry": { "type": "Point", "coordinates": [ 136.63374, 36.61053 ] } },
{ "type": "Feature", "properties": { "ID": 1725120065, "正式名称": "医療法人社団博友会アカシアクリニック", "機関区分": 2, "都道府県コード": 17, "市区町村コード": 201, "所在地": "石川県金沢市粟崎町４丁目８０番２号", "緯度": 36.630218, "経度": 136.622339, "url": "https://www.iryou.teikyouseido.mhlw.go.jp/znk-web/juminkanja/S2430/initialize?prefCd=17&kikanCd=5120065&kikanKbn=2", "url2": "https://akashia-clinic.amebaownd.com/", "内容": "医療法人社団博友会アカシアクリニック【2:診療所】【診療科目:内科_外科_整形外科】石川県金沢市粟崎町４丁目８０番２号" }, "geometry": { "type": "Point", "coordinates": [ 136.622339, 36.630218 ] } },
{ "type": "Feature", "properties": { "ID": 1725120066, "正式名称": "医療法人社団　三治整形外科クリニック", "機関区分": 2, "都道府県コード": 17, "市区町村コード": 201, "所在地": "石川県金沢市粟崎町１丁目４２番地２", "緯度": 36.62859, "経度": 136.631234, "url": "https://www.iryou.teikyouseido.mhlw.go.jp/znk-web/juminkanja/S2430/initialize?prefCd=17&kikanCd=5120066&kikanKbn=2", "url2": null, "内容": "医療法人社団　三治整形外科クリニック【2:診療所】【診療科目:整形外科_リウマチ科_リハビリテーション科】石川県金沢市粟崎町１丁目４２番地２" }, "geometry": { "type": "Point", "coordinates": [ 136.631234, 36.62859 ] } },
{ "type": "Feature", "properties": { "ID": 1725120068, "正式名称": "なかがわら胃腸科クリニック", "機関区分": 2, "都道府県コード": 17, "市区町村コード": 201, "所在地": "石川県金沢市粟崎町", "緯度": 36.627415, "経度": 136.626809, "url": "https://www.iryou.teikyouseido.mhlw.go.jp/znk-web/juminkanja/S2430/initialize?prefCd=17&kikanCd=5120068&kikanKbn=2", "url2": "https://nakagawara-gas.clinic/", "内容": "なかがわら胃腸科クリニック【2:診療所】【診療科目:内科_消化器内科_胃腸内科_内視鏡内科_消化器外科_肛門外科】石川県金沢市粟崎町" }, "geometry": { "type": "Point", "coordinates": [ 136.626809, 36.627415 ] } },
{ "type": "Feature", "properties": { "ID": 1725120072, "正式名称": "医療法人社団翠琥　むらた小児科医院", "機関区分": 2, "都道府県コード": 17, "市区町村コード": 201, "所在地": "石川県金沢市寺中町ト５番地", "緯度": 36.599638, "経度": 136.600463, "url": "https://www.iryou.teikyouseido.mhlw.go.jp/znk-web/juminkanja/S2430/initialize?prefCd=17&kikanCd=5120072&kikanKbn=2", "url2": "https://muratasyounika.ciao.jp/", "内容": "医療法人社団翠琥　むらた小児科医院【2:診療所】【診療科目:小児科】石川県金沢市寺中町ト５番地" }, "geometry": { "type": "Point", "coordinates": [ 136.600463, 36.599638 ] } },
{ "type": "Feature", "properties": { "ID": 1725120074, "正式名称": "瀬川眼科", "機関区分": 2, "都道府県コード": 17, "市区町村コード": 201, "所在地": "石川県金沢市寺中町ホ６１番地９", "緯度": 36.5954, "経度": 136.604991, "url": "https://www.iryou.teikyouseido.mhlw.go.jp/znk-web/juminkanja/S2430/initialize?prefCd=17&kikanCd=5120074&kikanKbn=2", "url2": "http://www.segawa-g.jp", "内容": "瀬川眼科【2:診療所】【診療科目:眼科】石川県金沢市寺中町ホ６１番地９" }, "geometry": { "type": "Point", "coordinates": [ 136.604991, 36.5954 ] } },
{ "type": "Feature", "properties": { "ID": 1725120076, "正式名称": "さがら整形外科医院", "機関区分": 2, "都道府県コード": 17, "市区町村コード": 201, "所在地": "石川県金沢市畝田西３丁目２０３番地", "緯度": 36.597872, "経度": 136.608387, "url": "https://www.iryou.teikyouseido.mhlw.go.jp/znk-web/juminkanja/S2430/initialize?prefCd=17&kikanCd=5120076&kikanKbn=2", "url2": "www.sagara-seikeigeka.com", "内容": "さがら整形外科医院【2:診療所】【診療科目:整形外科_リウマチ科_リハビリテーション科】石川県金沢市畝田西３丁目２０３番地" }, "geometry": { "type": "Point", "coordinates": [ 136.608387, 36.597872 ] } },
{ "type": "Feature", "properties": { "ID": 1725120077, "正式名称": "あずきさわ内科クリニック", "機関区分": 2, "都道府県コード": 17, "市区町村コード": 201, "所在地": "石川県金沢市畝田西３丁目６２番地１", "緯度": 36.595546, "経度": 136.607217, "url": "https://www.iryou.teikyouseido.mhlw.go.jp/znk-web/juminkanja/S2430/initialize?prefCd=17&kikanCd=5120077&kikanKbn=2", "url2": null, "内容": "あずきさわ内科クリニック【2:診療所】【診療科目:内科_脂質代謝内科_糖尿病・代謝内科_代謝・内分泌内科_呼吸器内科_循環器内科_消化器内科】石川県金沢市畝田西３丁目６２番地１" }, "geometry": { "type": "Point", "coordinates": [ 136.607217, 36.595546 ] } },
{ "type": "Feature", "properties": { "ID": 1725120080, "正式名称": "ふじむらクリニック", "機関区分": 2, "都道府県コード": 17, "市区町村コード": 201, "所在地": "石川県金沢市藤江北", "緯度": 36.588949, "経度": 136.619893, "url": "https://www.iryou.teikyouseido.mhlw.go.jp/znk-web/juminkanja/S2430/initialize?prefCd=17&kikanCd=5120080&kikanKbn=2", "url2": "https://www.fujimura-clinic.net/", "内容": "ふじむらクリニック【2:診療所】【診療科目:内科_循環器内科_リハビリテーション科】石川県金沢市藤江北" }, "geometry": { "type": "Point", "coordinates": [ 136.619893, 36.588949 ] } },
{ "type": "Feature", "properties": { "ID": 1725120085, "正式名称": "医療法人社団長山耳鼻咽喉科医院", "機関区分": 2, "都道府県コード": 17, "市区町村コード": 201, "所在地": "石川県金沢市松村１丁目７番地", "緯度": 36.588465, "経度": 136.617082, "url": "https://www.iryou.teikyouseido.mhlw.go.jp/znk-web/juminkanja/S2430/initialize?prefCd=17&kikanCd=5120085&kikanKbn=2", "url2": null, "内容": "医療法人社団長山耳鼻咽喉科医院【2:診療所】【診療科目:耳鼻いんこう科_アレルギー科】石川県金沢市松村１丁目７番地" }, "geometry": { "type": "Point", "coordinates": [ 136.617082, 36.588465 ] } },
{ "type": "Feature", "properties": { "ID": 1725120086, "正式名称": "医療法人社団吉澤レディースクリニック", "機関区分": 2, "都道府県コード": 17, "市区町村コード": 201, "所在地": "石川県金沢市稚日野町北２９５―１", "緯度": 36.579572, "経度": 136.596665, "url": "https://www.iryou.teikyouseido.mhlw.go.jp/znk-web/juminkanja/S2430/initialize?prefCd=17&kikanCd=5120086&kikanKbn=2", "url2": "yoshizawa-l-c.com", "内容": "医療法人社団吉澤レディースクリニック【2:診療所】【診療科目:産科_婦人科_産婦人科（生殖医療）】石川県金沢市稚日野町北２９５―１" }, "geometry": { "type": "Point", "coordinates": [ 136.596665, 36.579572 ] } },
{ "type": "Feature", "properties": { "ID": 1725120089, "正式名称": "予防医学クリニック", "機関区分": 2, "都道府県コード": 17, "市区町村コード": 201, "所在地": "石川県金沢市神野町東１１５", "緯度": 36.565041, "経度": 136.600292, "url": "https://www.iryou.teikyouseido.mhlw.go.jp/znk-web/juminkanja/S2430/initialize?prefCd=17&kikanCd=5120089&kikanKbn=2", "url2": "https://www.yobouigaku.jp/", "内容": "予防医学クリニック【2:診療所】【診療科目:内科_糖尿病内科_循環器内科_消化器内科】石川県金沢市神野町東１１５" }, "geometry": { "type": "Point", "coordinates": [ 136.600292, 36.565041 ] } },
{ "type": "Feature", "properties": { "ID": 1725120093, "正式名称": "こじま内科クリニック", "機関区分": 2, "都道府県コード": 17, "市区町村コード": 201, "所在地": "石川県金沢市豊穂町", "緯度": 36.570416, "経度": 136.589338, "url": "https://www.iryou.teikyouseido.mhlw.go.jp/znk-web/juminkanja/S2430/initialize?prefCd=17&kikanCd=5120093&kikanKbn=2", "url2": null, "内容": "こじま内科クリニック【2:診療所】【診療科目:内科_呼吸器内科_アレルギー疾患内科】石川県金沢市豊穂町" }, "geometry": { "type": "Point", "coordinates": [ 136.589338, 36.570416 ] } },
{ "type": "Feature", "properties": { "ID": 1725120097, "正式名称": "フジイ内科クリニック", "機関区分": 2, "都道府県コード": 17, "市区町村コード": 201, "所在地": "石川県金沢市福増町北１３８５－２", "緯度": 36.564479, "経度": 136.58202, "url": "https://www.iryou.teikyouseido.mhlw.go.jp/znk-web/juminkanja/S2430/initialize?prefCd=17&kikanCd=5120097&kikanKbn=2", "url2": "https://www.hujii-naikaclinic.com", "内容": "フジイ内科クリニック【2:診療所】【診療科目:内科_循環器内科】石川県金沢市福増町北１３８５－２" }, "geometry": { "type": "Point", "coordinates": [ 136.58202, 36.564479 ] } },
{ "type": "Feature", "properties": { "ID": 1725120098, "正式名称": "野口内科クリニック", "機関区分": 2, "都道府県コード": 17, "市区町村コード": 201, "所在地": "石川県金沢市神谷内町ハ３７－７", "緯度": 36.597876, "経度": 136.677133, "url": "https://www.iryou.teikyouseido.mhlw.go.jp/znk-web/juminkanja/S2430/initialize?prefCd=17&kikanCd=5120098&kikanKbn=2", "url2": "http://www.kma.jp/noguchinaika/", "内容": "野口内科クリニック【2:診療所】【診療科目:内科_呼吸器内科_循環器内科_消化器内科】石川県金沢市神谷内町ハ３７－７" }, "geometry": { "type": "Point", "coordinates": [ 136.677133, 36.597876 ] } },
{ "type": "Feature", "properties": { "ID": 1725120100, "正式名称": "愛育産婦人科医院", "機関区分": 2, "都道府県コード": 17, "市区町村コード": 201, "所在地": "石川県金沢市鳴和１丁目１３番６号", "緯度": 36.585564, "経度": 136.673684, "url": "https://www.iryou.teikyouseido.mhlw.go.jp/znk-web/juminkanja/S2430/initialize?prefCd=17&kikanCd=5120100&kikanKbn=2", "url2": null, "内容": "愛育産婦人科医院【2:診療所】【診療科目:内科_産婦人科】石川県金沢市鳴和１丁目１３番６号" }, "geometry": { "type": "Point", "coordinates": [ 136.673684, 36.585564 ] } },
{ "type": "Feature", "properties": { "ID": 1725120104, "正式名称": "医療法人社団田丸小児科医院", "機関区分": 2, "都道府県コード": 17, "市区町村コード": 201, "所在地": "石川県金沢市小金町６－３", "緯度": 36.583735, "経度": 136.672448, "url": "https://www.iryou.teikyouseido.mhlw.go.jp/znk-web/juminkanja/S2430/initialize?prefCd=17&kikanCd=5120104&kikanKbn=2", "url2": "https://tamaru-kids.com", "内容": "医療法人社団田丸小児科医院【2:診療所】【診療科目:小児科】石川県金沢市小金町６－３" }, "geometry": { "type": "Point", "coordinates": [ 136.672448, 36.583735 ] } },
{ "type": "Feature", "properties": { "ID": 1725120107, "正式名称": "横浜外科整形外科医院", "機関区分": 2, "都道府県コード": 17, "市区町村コード": 201, "所在地": "石川県金沢市小坂町北１９５番地２", "緯度": 36.595591, "経度": 136.679555, "url": "https://www.iryou.teikyouseido.mhlw.go.jp/znk-web/juminkanja/S2430/initialize?prefCd=17&kikanCd=5120107&kikanKbn=2", "url2": null, "内容": "横浜外科整形外科医院【2:診療所】【診療科目:整形外科_リウマチ科_リハビリテーション科】石川県金沢市小坂町北１９５番地２" }, "geometry": { "type": "Point", "coordinates": [ 136.679555, 36.595591 ] } },
{ "type": "Feature", "properties": { "ID": 1725120109, "正式名称": "いよべクリニック", "機関区分": 2, "都道府県コード": 17, "市区町村コード": 201, "所在地": "石川県金沢市小坂町南６７５番地", "緯度": 36.587285, "経度": 136.679241, "url": "https://www.iryou.teikyouseido.mhlw.go.jp/znk-web/juminkanja/S2430/initialize?prefCd=17&kikanCd=5120109&kikanKbn=2", "url2": "http://iyobeclinic.jp", "内容": "いよべクリニック【2:診療所】【診療科目:内科_胃腸内科_外科_肛門外科】石川県金沢市小坂町南６７５番地" }, "geometry": { "type": "Point", "coordinates": [ 136.679241, 36.587285 ] } },
{ "type": "Feature", "properties": { "ID": 1725120110, "正式名称": "岡田内科クリニック", "機関区分": 2, "都道府県コード": 17, "市区町村コード": 201, "所在地": "石川県金沢市鳴和台１１３", "緯度": 36.579454, "経度": 136.680656, "url": "https://www.iryou.teikyouseido.mhlw.go.jp/znk-web/juminkanja/S2430/initialize?prefCd=17&kikanCd=5120110&kikanKbn=2", "url2": null, "内容": "岡田内科クリニック【2:診療所】【診療科目:内科_呼吸器内科_循環器内科_消化器内科】石川県金沢市鳴和台１１３" }, "geometry": { "type": "Point", "coordinates": [ 136.680656, 36.579454 ] } },
{ "type": "Feature", "properties": { "ID": 1725120111, "正式名称": "坂戸医院", "機関区分": 2, "都道府県コード": 17, "市区町村コード": 201, "所在地": "石川県金沢市山の上町５番３号", "緯度": 36.578213, "経度": 136.669868, "url": "https://www.iryou.teikyouseido.mhlw.go.jp/znk-web/juminkanja/S2430/initialize?prefCd=17&kikanCd=5120111&kikanKbn=2", "url2": null, "内容": "坂戸医院【2:診療所】【診療科目:内科_神経内科】石川県金沢市山の上町５番３号" }, "geometry": { "type": "Point", "coordinates": [ 136.669868, 36.578213 ] } },
{ "type": "Feature", "properties": { "ID": 1725120114, "正式名称": "土原医院", "機関区分": 2, "都道府県コード": 17, "市区町村コード": 201, "所在地": "石川県金沢市大樋町８番１号", "緯度": 36.58564, "経度": 136.675233, "url": "https://www.iryou.teikyouseido.mhlw.go.jp/znk-web/juminkanja/S2430/initialize?prefCd=17&kikanCd=5120114&kikanKbn=2", "url2": "http://www.tsuchihara.jp", "内容": "土原医院【2:診療所】【診療科目:内科_呼吸器内科_外科_胃腸外科】石川県金沢市大樋町８番１号" }, "geometry": { "type": "Point", "coordinates": [ 136.675233, 36.58564 ] } },
{ "type": "Feature", "properties": { "ID": 1725120115, "正式名称": "医療法人社団米島内科医院", "機関区分": 2, "都道府県コード": 17, "市区町村コード": 201, "所在地": "石川県金沢市東山", "緯度": 36.575697, "経度": 136.667513, "url": "https://www.iryou.teikyouseido.mhlw.go.jp/znk-web/juminkanja/S2430/initialize?prefCd=17&kikanCd=5120115&kikanKbn=2", "url2": null, "内容": "医療法人社団米島内科医院【2:診療所】【診療科目:内科】石川県金沢市東山" }, "geometry": { "type": "Point", "coordinates": [ 136.667513, 36.575697 ] } },
{ "type": "Feature", "properties": { "ID": 1725120119, "正式名称": "医療法人社団森田医院", "機関区分": 2, "都道府県コード": 17, "市区町村コード": 201, "所在地": "石川県金沢市森山１－１－２２", "緯度": 36.575535, "経度": 136.666873, "url": "https://www.iryou.teikyouseido.mhlw.go.jp/znk-web/juminkanja/S2430/initialize?prefCd=17&kikanCd=5120119&kikanKbn=2", "url2": "http://moritaiin.com/", "内容": "医療法人社団森田医院【2:診療所】【診療科目:内科_小児科_アレルギー科】石川県金沢市森山１－１－２２" }, "geometry": { "type": "Point", "coordinates": [ 136.666873, 36.575535 ] } },
{ "type": "Feature", "properties": { "ID": 1725120120, "正式名称": "斎藤皮フ科クリニック", "機関区分": 2, "都道府県コード": 17, "市区町村コード": 201, "所在地": "石川県金沢市森山２ー１１ー１１", "緯度": 36.579394, "経度": 136.668699, "url": "https://www.iryou.teikyouseido.mhlw.go.jp/znk-web/juminkanja/S2430/initialize?prefCd=17&kikanCd=5120120&kikanKbn=2", "url2": "http://www.saito-h.jp", "内容": "斎藤皮フ科クリニック【2:診療所】【診療科目:皮膚科】石川県金沢市森山２ー１１ー１１" }, "geometry": { "type": "Point", "coordinates": [ 136.668699, 36.579394 ] } },
{ "type": "Feature", "properties": { "ID": 1725120122, "正式名称": "医療法人社団耳順会ひょうたん町耳鼻咽喉科医院", "機関区分": 2, "都道府県コード": 17, "市区町村コード": 201, "所在地": "石川県金沢市瓢箪町２－１３", "緯度": 36.576249, "経度": 136.657079, "url": "https://www.iryou.teikyouseido.mhlw.go.jp/znk-web/juminkanja/S2430/initialize?prefCd=17&kikanCd=5120122&kikanKbn=2", "url2": "http://www.hyotan-machi.com/", "内容": "医療法人社団耳順会ひょうたん町耳鼻咽喉科医院【2:診療所】【診療科目:耳鼻いんこう科】石川県金沢市瓢箪町２－１３" }, "geometry": { "type": "Point", "coordinates": [ 136.657079, 36.576249 ] } },
{ "type": "Feature", "properties": { "ID": 1725120128, "正式名称": "此花診療所", "機関区分": 2, "都道府県コード": 17, "市区町村コード": 201, "所在地": "石川県金沢市此花町", "緯度": 36.576576, "経度": 136.653513, "url": "https://www.iryou.teikyouseido.mhlw.go.jp/znk-web/juminkanja/S2430/initialize?prefCd=17&kikanCd=5120128&kikanKbn=2", "url2": null, "内容": "此花診療所【2:診療所】【診療科目:内科_脳神経外科】石川県金沢市此花町" }, "geometry": { "type": "Point", "coordinates": [ 136.653513, 36.576576 ] } },
{ "type": "Feature", "properties": { "ID": 1725120130, "正式名称": "北山整形外科・手のクリニック", "機関区分": 2, "都道府県コード": 17, "市区町村コード": 201, "所在地": "石川県金沢市此花町３番２号", "緯度": 36.576908, "経度": 136.651468, "url": "https://www.iryou.teikyouseido.mhlw.go.jp/znk-web/juminkanja/S2430/initialize?prefCd=17&kikanCd=5120130&kikanKbn=2", "url2": "http://www.myclinic.ne.jp/kitayamakuri/pc/", "内容": "北山整形外科・手のクリニック【2:診療所】【診療科目:整形外科_形成外科_リハビリテーション科】石川県金沢市此花町３番２号" }, "geometry": { "type": "Point", "coordinates": [ 136.651468, 36.576908 ] } },
{ "type": "Feature", "properties": { "ID": 1725120133, "正式名称": "つなむらクリニック", "機関区分": 2, "都道府県コード": 17, "市区町村コード": 201, "所在地": "石川県金沢市本町１－３－３８", "緯度": 36.575, "経度": 136.652603, "url": "https://www.iryou.teikyouseido.mhlw.go.jp/znk-web/juminkanja/S2430/initialize?prefCd=17&kikanCd=5120133&kikanKbn=2", "url2": "https://tsunamura-cl.jimdofree.com/", "内容": "つなむらクリニック【2:診療所】【診療科目:内科】石川県金沢市本町１－３－３８" }, "geometry": { "type": "Point", "coordinates": [ 136.652603, 36.575 ] } },
{ "type": "Feature", "properties": { "ID": 1725120135, "正式名称": "医療法人すのあ会　金沢駅前ぐっすりクリニック", "機関区分": 2, "都道府県コード": 17, "市区町村コード": 201, "所在地": "石川県金沢市本町２－１２－１６", "緯度": 36.575697, "経度": 136.649593, "url": "https://www.iryou.teikyouseido.mhlw.go.jp/znk-web/juminkanja/S2430/initialize?prefCd=17&kikanCd=5120135&kikanKbn=2", "url2": "http://www.gussuri.jp/", "内容": "医療法人すのあ会　金沢駅前ぐっすりクリニック【2:診療所】【診療科目:内科_呼吸器内科_耳鼻いんこう科_頭頸部・耳鼻いんこう科】石川県金沢市本町２－１２－１６" }, "geometry": { "type": "Point", "coordinates": [ 136.649593, 36.575697 ] } },
{ "type": "Feature", "properties": { "ID": 1725120140, "正式名称": "かとうクリニック", "機関区分": 2, "都道府県コード": 17, "市区町村コード": 201, "所在地": "石川県金沢市武蔵町", "緯度": 36.57207, "経度": 136.654491, "url": "https://www.iryou.teikyouseido.mhlw.go.jp/znk-web/juminkanja/S2430/initialize?prefCd=17&kikanCd=5120140&kikanKbn=2", "url2": null, "内容": "かとうクリニック【2:診療所】【診療科目:精神科_心療内科】石川県金沢市武蔵町" }, "geometry": { "type": "Point", "coordinates": [ 136.654491, 36.57207 ] } },
{ "type": "Feature", "properties": { "ID": 1725120141, "正式名称": "大塚美容形成外科", "機関区分": 2, "都道府県コード": 17, "市区町村コード": 201, "所在地": "石川県金沢市昭和町", "緯度": 36.573744, "経度": 136.64704, "url": "https://www.iryou.teikyouseido.mhlw.go.jp/znk-web/juminkanja/S2430/initialize?prefCd=17&kikanCd=5120141&kikanKbn=2", "url2": "http://www.otsuka-biyo.co.jp", "内容": "大塚美容形成外科【2:診療所】【診療科目:形成外科_美容外科_皮膚科_美容皮膚科】石川県金沢市昭和町" }, "geometry": { "type": "Point", "coordinates": [ 136.64704, 36.573744 ] } },
{ "type": "Feature", "properties": { "ID": 1725120142, "正式名称": "医療法人社団藤聖会金沢メディカルステーションヴィーク", "機関区分": 2, "都道府県コード": 17, "市区町村コード": 201, "所在地": "石川県金沢市木ノ新保町１－１　金沢駅西口ビル４階", "緯度": 36.578498, "経度": 136.64782, "url": "https://www.iryou.teikyouseido.mhlw.go.jp/znk-web/juminkanja/S2430/initialize?prefCd=17&kikanCd=5120142&kikanKbn=2", "url2": "http://www.viec.jp", "内容": "医療法人社団藤聖会金沢メディカルステーションヴィーク【2:診療所】【診療科目:内科_呼吸器内科_循環器内科_消化器内科_神経内科_外科_脳神経外科_消化器外科_乳腺外科_内視鏡外科_整形外科_形成外科_美容外科_小児科_婦人科_眼科_皮膚科_放射線科】石川県金沢市木ノ新保町１－１　金沢駅西口ビル４階" }, "geometry": { "type": "Point", "coordinates": [ 136.64782, 36.578498 ] } },
{ "type": "Feature", "properties": { "ID": 1725120146, "正式名称": "医療法人社団五樹会　はしもと医院", "機関区分": 2, "都道府県コード": 17, "市区町村コード": 201, "所在地": "石川県金沢市玉川町１７－１０", "緯度": 36.570722, "経度": 136.650428, "url": "https://www.iryou.teikyouseido.mhlw.go.jp/znk-web/juminkanja/S2430/initialize?prefCd=17&kikanCd=5120146&kikanKbn=2", "url2": "http://spacelan.ne.jp/~hh1603/index.html", "内容": "医療法人社団五樹会　はしもと医院【2:診療所】【診療科目:呼吸器内科_循環器内科_消化器内科_漢方内科_外科_リハビリテーション科】石川県金沢市玉川町１７－１０" }, "geometry": { "type": "Point", "coordinates": [ 136.650428, 36.570722 ] } },
{ "type": "Feature", "properties": { "ID": 1725120147, "正式名称": "医療法人社団山本脳神経外科医院", "機関区分": 2, "都道府県コード": 17, "市区町村コード": 201, "所在地": "石川県金沢市玉川町", "緯度": 36.572828, "経度": 136.651562, "url": "https://www.iryou.teikyouseido.mhlw.go.jp/znk-web/juminkanja/S2430/initialize?prefCd=17&kikanCd=5120147&kikanKbn=2", "url2": null, "内容": "医療法人社団山本脳神経外科医院【2:診療所】【診療科目:外科_脳神経外科_整形外科】石川県金沢市玉川町" }, "geometry": { "type": "Point", "coordinates": [ 136.651562, 36.572828 ] } },
{ "type": "Feature", "properties": { "ID": 1725120148, "正式名称": "医療法人社団　佐藤耳鼻咽喉科医院", "機関区分": 2, "都道府県コード": 17, "市区町村コード": 201, "所在地": "石川県金沢市長町二丁１番１１号", "緯度": 36.562352, "経度": 136.650108, "url": "https://www.iryou.teikyouseido.mhlw.go.jp/znk-web/juminkanja/S2430/initialize?prefCd=17&kikanCd=5120148&kikanKbn=2", "url2": null, "内容": "医療法人社団　佐藤耳鼻咽喉科医院【2:診療所】【診療科目:耳鼻いんこう科】石川県金沢市長町二丁１番１１号" }, "geometry": { "type": "Point", "coordinates": [ 136.650108, 36.562352 ] } },
{ "type": "Feature", "properties": { "ID": 1725120149, "正式名称": "医療法人社団　創生会　大野内科医院", "機関区分": 2, "都道府県コード": 17, "市区町村コード": 201, "所在地": "石川県金沢市中央通町１１ー５", "緯度": 36.564005, "経度": 136.64782, "url": "https://www.iryou.teikyouseido.mhlw.go.jp/znk-web/juminkanja/S2430/initialize?prefCd=17&kikanCd=5120149&kikanKbn=2", "url2": "https://ohnoclinic1966.jp", "内容": "医療法人社団　創生会　大野内科医院【2:診療所】【診療科目:内科_呼吸器内科_循環器内科_消化器内科】石川県金沢市中央通町１１ー５" }, "geometry": { "type": "Point", "coordinates": [ 136.64782, 36.564005 ] } },
{ "type": "Feature", "properties": { "ID": 1725120152, "正式名称": "医療法人社団福寿会かばた医院", "機関区分": 2, "都道府県コード": 17, "市区町村コード": 201, "所在地": "石川県金沢市長土塀３丁目７番５号", "緯度": 36.565055, "経度": 136.643314, "url": "https://www.iryou.teikyouseido.mhlw.go.jp/znk-web/juminkanja/S2430/initialize?prefCd=17&kikanCd=5120152&kikanKbn=2", "url2": "https://kabata-cl.jp/", "内容": "医療法人社団福寿会かばた医院【2:診療所】【診療科目:小児科】石川県金沢市長土塀３丁目７番５号" }, "geometry": { "type": "Point", "coordinates": [ 136.643314, 36.565055 ] } },
{ "type": "Feature", "properties": { "ID": 1725120154, "正式名称": "オリベ内科医院", "機関区分": 2, "都道府県コード": 17, "市区町村コード": 201, "所在地": "石川県金沢市彦三町１－５－３３", "緯度": 36.573108, "経度": 136.659216, "url": "https://www.iryou.teikyouseido.mhlw.go.jp/znk-web/juminkanja/S2430/initialize?prefCd=17&kikanCd=5120154&kikanKbn=2", "url2": "http://oribe-clinic.com", "内容": "オリベ内科医院【2:診療所】【診療科目:内科_呼吸器内科_アレルギー疾患内科_アレルギー科】石川県金沢市彦三町１－５－３３" }, "geometry": { "type": "Point", "coordinates": [ 136.659216, 36.573108 ] } },
{ "type": "Feature", "properties": { "ID": 1725120156, "正式名称": "柴山クリニック", "機関区分": 2, "都道府県コード": 17, "市区町村コード": 201, "所在地": "石川県金沢市彦三町１ー７ー３４", "緯度": 36.572917, "経度": 136.660749, "url": "https://www.iryou.teikyouseido.mhlw.go.jp/znk-web/juminkanja/S2430/initialize?prefCd=17&kikanCd=5120156&kikanKbn=2", "url2": "https://shibayama-clinic.jp", "内容": "柴山クリニック【2:診療所】【診療科目:内科_循環器内科】石川県金沢市彦三町１ー７ー３４" }, "geometry": { "type": "Point", "coordinates": [ 136.660749, 36.572917 ] } },
{ "type": "Feature", "properties": { "ID": 1725120161, "正式名称": "沢田皮ふ科医院", "機関区分": 2, "都道府県コード": 17, "市区町村コード": 201, "所在地": "石川県金沢市下新町６番３０号", "緯度": 36.571721, "経度": 136.662166, "url": "https://www.iryou.teikyouseido.mhlw.go.jp/znk-web/juminkanja/S2430/initialize?prefCd=17&kikanCd=5120161&kikanKbn=2", "url2": null, "内容": "沢田皮ふ科医院【2:診療所】【診療科目:皮膚科】石川県金沢市下新町６番３０号" }, "geometry": { "type": "Point", "coordinates": [ 136.662166, 36.571721 ] } },
{ "type": "Feature", "properties": { "ID": 1725120165, "正式名称": "わせだクリニック", "機関区分": 2, "都道府県コード": 17, "市区町村コード": 201, "所在地": "石川県金沢市安江町", "緯度": 36.573711, "経度": 136.65414, "url": "https://www.iryou.teikyouseido.mhlw.go.jp/znk-web/juminkanja/S2430/initialize?prefCd=17&kikanCd=5120165&kikanKbn=2", "url2": null, "内容": "わせだクリニック【2:診療所】【診療科目:精神科_心療内科】石川県金沢市安江町" }, "geometry": { "type": "Point", "coordinates": [ 136.65414, 36.573711 ] } },
{ "type": "Feature", "properties": { "ID": 1725120167, "正式名称": "小森耳鼻咽喉科医院", "機関区分": 2, "都道府県コード": 17, "市区町村コード": 201, "所在地": "石川県金沢市橋場町３番９号", "緯度": 36.570708, "経度": 136.664365, "url": "https://www.iryou.teikyouseido.mhlw.go.jp/znk-web/juminkanja/S2430/initialize?prefCd=17&kikanCd=5120167&kikanKbn=2", "url2": "http://www.komori.or.jp/", "内容": "小森耳鼻咽喉科医院【2:診療所】【診療科目:小児耳鼻いんこう科_耳鼻いんこう科_頭頸部・耳鼻いんこう科】石川県金沢市橋場町３番９号" }, "geometry": { "type": "Point", "coordinates": [ 136.664365, 36.570708 ] } },
{ "type": "Feature", "properties": { "ID": 1725120169, "正式名称": "金沢市駅西福祉保健センター", "機関区分": 2, "都道府県コード": 17, "市区町村コード": 201, "所在地": "石川県金沢市西念３丁目４－２５", "緯度": 36.589871, "経度": 136.635531, "url": "https://www.iryou.teikyouseido.mhlw.go.jp/znk-web/juminkanja/S2430/initialize?prefCd=17&kikanCd=5120169&kikanKbn=2", "url2": "http://www.kanazawa-kouiki.jp/", "内容": "金沢市駅西福祉保健センター【2:診療所】【診療科目:内科_小児科】石川県金沢市西念３丁目４－２５" }, "geometry": { "type": "Point", "coordinates": [ 136.635531, 36.589871 ] } },
{ "type": "Feature", "properties": { "ID": 1725120173, "正式名称": "ヴィークリニック", "機関区分": 2, "都道府県コード": 17, "市区町村コード": 201, "所在地": "石川県金沢市南町５－１２", "緯度": 36.566791, "経度": 136.654202, "url": "https://www.iryou.teikyouseido.mhlw.go.jp/znk-web/juminkanja/S2430/initialize?prefCd=17&kikanCd=5120173&kikanKbn=2", "url2": "http://www.vie-clinic.jp", "内容": "ヴィークリニック【2:診療所】【診療科目:精神科_心療内科】石川県金沢市南町５－１２" }, "geometry": { "type": "Point", "coordinates": [ 136.654202, 36.566791 ] } },
{ "type": "Feature", "properties": { "ID": 1725120175, "正式名称": "石坂眼科医院", "機関区分": 2, "都道府県コード": 17, "市区町村コード": 201, "所在地": "石川県金沢市材木町２－１５", "緯度": 36.567133, "経度": 136.666811, "url": "https://www.iryou.teikyouseido.mhlw.go.jp/znk-web/juminkanja/S2430/initialize?prefCd=17&kikanCd=5120175&kikanKbn=2", "url2": null, "内容": "石坂眼科医院【2:診療所】【診療科目:眼科】石川県金沢市材木町２－１５" }, "geometry": { "type": "Point", "coordinates": [ 136.666811, 36.567133 ] } },
{ "type": "Feature", "properties": { "ID": 1725120176, "正式名称": "医療法人社団おおみぞ内科・皮ふ科クリニック", "機関区分": 2, "都道府県コード": 17, "市区町村コード": 201, "所在地": "石川県金沢市横山町８番４１号", "緯度": 36.56497, "経度": 136.669959, "url": "https://www.iryou.teikyouseido.mhlw.go.jp/znk-web/juminkanja/S2430/initialize?prefCd=17&kikanCd=5120176&kikanKbn=2", "url2": null, "内容": "医療法人社団おおみぞ内科・皮ふ科クリニック【2:診療所】【診療科目:内科_皮膚科】石川県金沢市横山町８番４１号" }, "geometry": { "type": "Point", "coordinates": [ 136.669959, 36.56497 ] } },
{ "type": "Feature", "properties": { "ID": 1725120178, "正式名称": "金沢桜町斉藤内科クリニック", "機関区分": 2, "都道府県コード": 17, "市区町村コード": 201, "所在地": "石川県金沢市桜町", "緯度": 36.561284, "経度": 136.677537, "url": "https://www.iryou.teikyouseido.mhlw.go.jp/znk-web/juminkanja/S2430/initialize?prefCd=17&kikanCd=5120178&kikanKbn=2", "url2": "https://www.saitonaikacl.jp", "内容": "金沢桜町斉藤内科クリニック【2:診療所】【診療科目:内科_循環器内科_消化器内科_腎臓内科】石川県金沢市桜町" }, "geometry": { "type": "Point", "coordinates": [ 136.677537, 36.561284 ] } },
{ "type": "Feature", "properties": { "ID": 1725120179, "正式名称": "医療法人社団　相良内科医院", "機関区分": 2, "都道府県コード": 17, "市区町村コード": 201, "所在地": "石川県金沢市小将町", "緯度": 36.564748, "経度": 136.665907, "url": "https://www.iryou.teikyouseido.mhlw.go.jp/znk-web/juminkanja/S2430/initialize?prefCd=17&kikanCd=5120179&kikanKbn=2", "url2": null, "内容": "医療法人社団　相良内科医院【2:診療所】【診療科目:内科_呼吸器内科_腎臓内科_リウマチ科】石川県金沢市小将町" }, "geometry": { "type": "Point", "coordinates": [ 136.665907, 36.564748 ] } },
{ "type": "Feature", "properties": { "ID": 1725120190, "正式名称": "医療法人社団半田内科医院", "機関区分": 2, "都道府県コード": 17, "市区町村コード": 201, "所在地": "石川県金沢市小立野３丁目２８番１７号", "緯度": 36.546352, "経度": 136.680179, "url": "https://www.iryou.teikyouseido.mhlw.go.jp/znk-web/juminkanja/S2430/initialize?prefCd=17&kikanCd=5120190&kikanKbn=2", "url2": "http://www.handanaika.jp", "内容": "医療法人社団半田内科医院【2:診療所】【診療科目:内科_循環器内科_消化器内科】石川県金沢市小立野３丁目２８番１７号" }, "geometry": { "type": "Point", "coordinates": [ 136.680179, 36.546352 ] } },
{ "type": "Feature", "properties": { "ID": 1725120194, "正式名称": "小林内科医院", "機関区分": 2, "都道府県コード": 17, "市区町村コード": 201, "所在地": "石川県金沢市三口新町２丁目３番１５号", "緯度": 36.539933, "経度": 136.681128, "url": "https://www.iryou.teikyouseido.mhlw.go.jp/znk-web/juminkanja/S2430/initialize?prefCd=17&kikanCd=5120194&kikanKbn=2", "url2": null, "内容": "小林内科医院【2:診療所】【診療科目:内科_循環器内科_胃腸内科】石川県金沢市三口新町２丁目３番１５号" }, "geometry": { "type": "Point", "coordinates": [ 136.681128, 36.539933 ] } },
{ "type": "Feature", "properties": { "ID": 1725120195, "正式名称": "医療法人社団細川整形外科医院", "機関区分": 2, "都道府県コード": 17, "市区町村コード": 201, "所在地": "石川県金沢市笠舞本町１－６－２３", "緯度": 36.546174, "経度": 136.673896, "url": "https://www.iryou.teikyouseido.mhlw.go.jp/znk-web/juminkanja/S2430/initialize?prefCd=17&kikanCd=5120195&kikanKbn=2", "url2": null, "内容": "医療法人社団細川整形外科医院【2:診療所】【診療科目:整形外科_リウマチ科_リハビリテーション科】石川県金沢市笠舞本町１－６－２３" }, "geometry": { "type": "Point", "coordinates": [ 136.673896, 36.546174 ] } },
{ "type": "Feature", "properties": { "ID": 1725120199, "正式名称": "医療法人社団　健祥会　たけうち内科クリニック", "機関区分": 2, "都道府県コード": 17, "市区町村コード": 201, "所在地": "石川県金沢市涌波１－７－１", "緯度": 36.53311, "経度": 136.685849, "url": "https://www.iryou.teikyouseido.mhlw.go.jp/znk-web/juminkanja/S2430/initialize?prefCd=17&kikanCd=5120199&kikanKbn=2", "url2": "http://www.myclinic.ne.jp/tnc_7822", "内容": "医療法人社団　健祥会　たけうち内科クリニック【2:診療所】【診療科目:内科_消化器内科】石川県金沢市涌波１－７－１" }, "geometry": { "type": "Point", "coordinates": [ 136.685849, 36.53311 ] } },
{ "type": "Feature", "properties": { "ID": 1725120202, "正式名称": "医療法人社団香林坊メディカルクリニック", "機関区分": 2, "都道府県コード": 17, "市区町村コード": 201, "所在地": "石川県金沢市香林坊２丁目９−１０", "緯度": 36.566228, "経度": 136.651916, "url": "https://www.iryou.teikyouseido.mhlw.go.jp/znk-web/juminkanja/S2430/initialize?prefCd=17&kikanCd=5120202&kikanKbn=2", "url2": null, "内容": "医療法人社団香林坊メディカルクリニック【2:診療所】【診療科目:内科_外科_整形外科】石川県金沢市香林坊２丁目９−１０" }, "geometry": { "type": "Point", "coordinates": [ 136.651916, 36.566228 ] } },
{ "type": "Feature", "properties": { "ID": 1725120203, "正式名称": "医療法人社団飛祥会　北國クリニック", "機関区分": 2, "都道府県コード": 17, "市区町村コード": 201, "所在地": "石川県金沢市南町", "緯度": 36.564945, "経度": 136.653212, "url": "https://www.iryou.teikyouseido.mhlw.go.jp/znk-web/juminkanja/S2430/initialize?prefCd=17&kikanCd=5120203&kikanKbn=2", "url2": "http://www.clinic.hokkoku.co.jp", "内容": "医療法人社団飛祥会　北國クリニック【2:診療所】【診療科目:内科_糖尿病・内分泌内科_循環器内科_消化器内科_腎臓内科_泌尿器科】石川県金沢市南町" }, "geometry": { "type": "Point", "coordinates": [ 136.653212, 36.564945 ] } },
{ "type": "Feature", "properties": { "ID": 1725120205, "正式名称": "国家公務員共済組合連合会北陸病院金沢広坂合同庁舎診療所", "機関区分": 2, "都道府県コード": 17, "市区町村コード": 201, "所在地": "石川県金沢市広坂２丁目２－６０", "緯度": 36.56475, "経度": 136.655749, "url": "https://www.iryou.teikyouseido.mhlw.go.jp/znk-web/juminkanja/S2430/initialize?prefCd=17&kikanCd=5120205&kikanKbn=2", "url2": null, "内容": "国家公務員共済組合連合会北陸病院金沢広坂合同庁舎診療所【2:診療所】【診療科目:内科】石川県金沢市広坂２丁目２－６０" }, "geometry": { "type": "Point", "coordinates": [ 136.655749, 36.56475 ] } },
{ "type": "Feature", "properties": { "ID": 1725120217, "正式名称": "金沢医療生活協同組合　けんろく診療所", "機関区分": 2, "都道府県コード": 17, "市区町村コード": 201, "所在地": "石川県金沢市天神町１丁目１８番３７号", "緯度": 36.557681, "経度": 136.679261, "url": "https://www.iryou.teikyouseido.mhlw.go.jp/znk-web/juminkanja/S2430/initialize?prefCd=17&kikanCd=5120217&kikanKbn=2", "url2": "http://www.imir.jp/kenroku.htm", "内容": "金沢医療生活協同組合　けんろく診療所【2:診療所】【診療科目:内科_循環器内科_消化器内科_外科】石川県金沢市天神町１丁目１８番３７号" }, "geometry": { "type": "Point", "coordinates": [ 136.679261, 36.557681 ] } },
{ "type": "Feature", "properties": { "ID": 1725120218, "正式名称": "医療法人社団小川医院", "機関区分": 2, "都道府県コード": 17, "市区町村コード": 201, "所在地": "石川県金沢市笠舞２－２８－１２", "緯度": 36.549885, "経度": 136.669769, "url": "https://www.iryou.teikyouseido.mhlw.go.jp/znk-web/juminkanja/S2430/initialize?prefCd=17&kikanCd=5120218&kikanKbn=2", "url2": "https://www.ogawaiin.jp/pc/", "内容": "医療法人社団小川医院【2:診療所】【診療科目:内科_循環器内科_消化器内科】石川県金沢市笠舞２－２８－１２" }, "geometry": { "type": "Point", "coordinates": [ 136.669769, 36.549885 ] } },
{ "type": "Feature", "properties": { "ID": 1725120219, "正式名称": "きたばやし医院", "機関区分": 2, "都道府県コード": 17, "市区町村コード": 201, "所在地": "石川県金沢市笠舞１－２３－４０", "緯度": 36.546536, "経度": 136.674952, "url": "https://www.iryou.teikyouseido.mhlw.go.jp/znk-web/juminkanja/S2430/initialize?prefCd=17&kikanCd=5120219&kikanKbn=2", "url2": "http://www.kitabayashi.net/", "内容": "きたばやし医院【2:診療所】【診療科目:内科_胃腸内科_外科】石川県金沢市笠舞１－２３－４０" }, "geometry": { "type": "Point", "coordinates": [ 136.674952, 36.546536 ] } },
{ "type": "Feature", "properties": { "ID": 1725120220, "正式名称": "みひらＲクリニック", "機関区分": 2, "都道府県コード": 17, "市区町村コード": 201, "所在地": "石川県金沢市笠舞３丁目２－３１", "緯度": 36.552681, "経度": 136.664815, "url": "https://www.iryou.teikyouseido.mhlw.go.jp/znk-web/juminkanja/S2430/initialize?prefCd=17&kikanCd=5120220&kikanKbn=2", "url2": "http://mihira-r.jp", "内容": "みひらＲクリニック【2:診療所】【診療科目:整形外科_リウマチ科_リハビリテーション科】石川県金沢市笠舞３丁目２－３１" }, "geometry": { "type": "Point", "coordinates": [ 136.664815, 36.552681 ] } },
{ "type": "Feature", "properties": { "ID": 1725120225, "正式名称": "横井小児科内科医院", "機関区分": 2, "都道府県コード": 17, "市区町村コード": 201, "所在地": "石川県金沢市菊川１丁目１０番３号", "緯度": 36.551142, "経度": 136.662111, "url": "https://www.iryou.teikyouseido.mhlw.go.jp/znk-web/juminkanja/S2430/initialize?prefCd=17&kikanCd=5120225&kikanKbn=2", "url2": "http://www3.nsknet.or.jp/~t-yokoi/", "内容": "横井小児科内科医院【2:診療所】【診療科目:内科_小児科】石川県金沢市菊川１丁目１０番３号" }, "geometry": { "type": "Point", "coordinates": [ 136.662111, 36.551142 ] } },
{ "type": "Feature", "properties": { "ID": 1725120226, "正式名称": "医療法人社団北野内科クリニック", "機関区分": 2, "都道府県コード": 17, "市区町村コード": 201, "所在地": "石川県金沢市幸町５番２７号", "緯度": 36.555094, "経度": 136.659611, "url": "https://www.iryou.teikyouseido.mhlw.go.jp/znk-web/juminkanja/S2430/initialize?prefCd=17&kikanCd=5120226&kikanKbn=2", "url2": null, "内容": "医療法人社団北野内科クリニック【2:診療所】【診療科目:内科_循環器内科_消化器内科】石川県金沢市幸町５番２７号" }, "geometry": { "type": "Point", "coordinates": [ 136.659611, 36.555094 ] } },
{ "type": "Feature", "properties": { "ID": 1725120233, "正式名称": "松田小児科・消化器ＩＢＤクリニック", "機関区分": 2, "都道府県コード": 17, "市区町村コード": 201, "所在地": "石川県金沢市片町２丁目１３番１３号", "緯度": 36.559037, "経度": 136.640284, "url": "https://www.iryou.teikyouseido.mhlw.go.jp/znk-web/juminkanja/S2430/initialize?prefCd=17&kikanCd=5120233&kikanKbn=2", "url2": "https://matsuda-pediatric-ibd.jp/", "内容": "松田小児科・消化器ＩＢＤクリニック【2:診療所】【診療科目:内科_消化器内科_小児科】石川県金沢市片町２丁目１３番１３号" }, "geometry": { "type": "Point", "coordinates": [ 136.640284, 36.559037 ] } },
{ "type": "Feature", "properties": { "ID": 1725120241, "正式名称": "早川浩之の内科医院", "機関区分": 2, "都道府県コード": 17, "市区町村コード": 201, "所在地": "石川県金沢市上柿木畠２－４", "緯度": 36.559387, "経度": 136.657183, "url": "https://www.iryou.teikyouseido.mhlw.go.jp/znk-web/juminkanja/S2430/initialize?prefCd=17&kikanCd=5120241&kikanKbn=2", "url2": "http://www.dr-hayakawa.com/", "内容": "早川浩之の内科医院【2:診療所】【診療科目:内科_糖尿病・内分泌内科】石川県金沢市上柿木畠２－４" }, "geometry": { "type": "Point", "coordinates": [ 136.657183, 36.559387 ] } },
{ "type": "Feature", "properties": { "ID": 1725120243, "正式名称": "医療法人社団　康仁会　金沢たまごクリニック", "機関区分": 2, "都道府県コード": 17, "市区町村コード": 201, "所在地": "石川県金沢市諸江町", "緯度": 36.599009, "経度": 136.642885, "url": "https://www.iryou.teikyouseido.mhlw.go.jp/znk-web/juminkanja/S2430/initialize?prefCd=17&kikanCd=5120243&kikanKbn=2", "url2": "http://tamagoclinic.com/", "内容": "医療法人社団　康仁会　金沢たまごクリニック【2:診療所】【診療科目:産婦人科（生殖医療）_美容皮膚科】石川県金沢市諸江町" }, "geometry": { "type": "Point", "coordinates": [ 136.642885, 36.599009 ] } },
{ "type": "Feature", "properties": { "ID": 1725120244, "正式名称": "特別養護老人ホーム戸室和楽ホーム付属診療所", "機関区分": 2, "都道府県コード": 17, "市区町村コード": 201, "所在地": "石川県金沢市俵町コ１番地１", "緯度": 36.53339, "経度": 136.717247, "url": "https://www.iryou.teikyouseido.mhlw.go.jp/znk-web/juminkanja/S2430/initialize?prefCd=17&kikanCd=5120244&kikanKbn=2", "url2": null, "内容": "特別養護老人ホーム戸室和楽ホーム付属診療所【2:診療所】【診療科目:内科_整形外科】石川県金沢市俵町コ１番地１" }, "geometry": { "type": "Point", "coordinates": [ 136.717247, 36.53339 ] } },
{ "type": "Feature", "properties": { "ID": 1725120246, "正式名称": "医療法人社団　なからい小児科クリニック", "機関区分": 2, "都道府県コード": 17, "市区町村コード": 201, "所在地": "石川県金沢市田上の里２－６８", "緯度": 36.547576, "経度": 136.691071, "url": "https://www.iryou.teikyouseido.mhlw.go.jp/znk-web/juminkanja/S2430/initialize?prefCd=17&kikanCd=5120246&kikanKbn=2", "url2": "http://www.nakarai-ped.sakura.ne.jp", "内容": "医療法人社団　なからい小児科クリニック【2:診療所】【診療科目:小児科】石川県金沢市田上の里２－６８" }, "geometry": { "type": "Point", "coordinates": [ 136.691071, 36.547576 ] } },
{ "type": "Feature", "properties": { "ID": 1725120249, "正式名称": "医療法人社団やまぐち内科クリニック", "機関区分": 2, "都道府県コード": 17, "市区町村コード": 201, "所在地": "石川県金沢市田上本町３丁目２０５番地１", "緯度": 36.540053, "経度": 136.696111, "url": "https://www.iryou.teikyouseido.mhlw.go.jp/znk-web/juminkanja/S2430/initialize?prefCd=17&kikanCd=5120249&kikanKbn=2", "url2": "https://yamatagami.jp/", "内容": "医療法人社団やまぐち内科クリニック【2:診療所】【診療科目:内科_消化器内科】石川県金沢市田上本町３丁目２０５番地１" }, "geometry": { "type": "Point", "coordinates": [ 136.696111, 36.540053 ] } },
{ "type": "Feature", "properties": { "ID": 1725120250, "正式名称": "ナガサト太陽クリニック", "機関区分": 2, "都道府県コード": 17, "市区町村コード": 201, "所在地": "石川県金沢市田上の里２ー６６", "緯度": 36.547988, "経度": 136.691288, "url": "https://www.iryou.teikyouseido.mhlw.go.jp/znk-web/juminkanja/S2430/initialize?prefCd=17&kikanCd=5120250&kikanKbn=2", "url2": "http://www.nagasato-taiyo.clinic/index.html", "内容": "ナガサト太陽クリニック【2:診療所】【診療科目:内科_消化器内科_外科】石川県金沢市田上の里２ー６６" }, "geometry": { "type": "Point", "coordinates": [ 136.691288, 36.547988 ] } },
{ "type": "Feature", "properties": { "ID": 1725120252, "正式名称": "クリニック杜の里", "機関区分": 2, "都道府県コード": 17, "市区町村コード": 201, "所在地": "石川県金沢市もりの里", "緯度": 36.554393, "経度": 136.68622, "url": "https://www.iryou.teikyouseido.mhlw.go.jp/znk-web/juminkanja/S2430/initialize?prefCd=17&kikanCd=5120252&kikanKbn=2", "url2": null, "内容": "クリニック杜の里【2:診療所】【診療科目:胃腸内科_外科_肛門外科】石川県金沢市もりの里" }, "geometry": { "type": "Point", "coordinates": [ 136.68622, 36.554393 ] } },
{ "type": "Feature", "properties": { "ID": 1725120253, "正式名称": "内田マタニティクリニック", "機関区分": 2, "都道府県コード": 17, "市区町村コード": 201, "所在地": "石川県金沢市もりの里１丁目２１２番地", "緯度": 36.549285, "経度": 136.689578, "url": "https://www.iryou.teikyouseido.mhlw.go.jp/znk-web/juminkanja/S2430/initialize?prefCd=17&kikanCd=5120253&kikanKbn=2", "url2": "http://www.uchidamaternity.com/", "内容": "内田マタニティクリニック【2:診療所】【診療科目:産婦人科】石川県金沢市もりの里１丁目２１２番地" }, "geometry": { "type": "Point", "coordinates": [ 136.689578, 36.549285 ] } },
{ "type": "Feature", "properties": { "ID": 1725120255, "正式名称": "医療法人社団杉原沼田クリニック", "機関区分": 2, "都道府県コード": 17, "市区町村コード": 201, "所在地": "石川県金沢市末町１６の２０番地１", "緯度": 36.520401, "経度": 136.686311, "url": "https://www.iryou.teikyouseido.mhlw.go.jp/znk-web/juminkanja/S2430/initialize?prefCd=17&kikanCd=5120255&kikanKbn=2", "url2": null, "内容": "医療法人社団杉原沼田クリニック【2:診療所】【診療科目:内科_循環器内科_小児科】石川県金沢市末町１６の２０番地１" }, "geometry": { "type": "Point", "coordinates": [ 136.686311, 36.520401 ] } },
{ "type": "Feature", "properties": { "ID": 1725120265, "正式名称": "つちや眼科クリニック", "機関区分": 2, "都道府県コード": 17, "市区町村コード": 201, "所在地": "石川県金沢市吉原町ヨ１３０番地２", "緯度": 36.611086, "経度": 136.691074, "url": "https://www.iryou.teikyouseido.mhlw.go.jp/znk-web/juminkanja/S2430/initialize?prefCd=17&kikanCd=5120265&kikanKbn=2", "url2": "http://www.tsuchiyagankaclinic.jp/tsuchiya_yan_kekurinikku/toppupeji.html", "内容": "つちや眼科クリニック【2:診療所】【診療科目:眼科】石川県金沢市吉原町ヨ１３０番地２" }, "geometry": { "type": "Point", "coordinates": [ 136.691074, 36.611086 ] } },
{ "type": "Feature", "properties": { "ID": 1725120266, "正式名称": "荒井内科クリニック", "機関区分": 2, "都道府県コード": 17, "市区町村コード": 201, "所在地": "石川県金沢市吉原町ハ２０番地", "緯度": 36.612102, "経度": 136.692834, "url": "https://www.iryou.teikyouseido.mhlw.go.jp/znk-web/juminkanja/S2430/initialize?prefCd=17&kikanCd=5120266&kikanKbn=2", "url2": "http://www.arainaika-clinic.com", "内容": "荒井内科クリニック【2:診療所】【診療科目:内科_循環器内科】石川県金沢市吉原町ハ２０番地" }, "geometry": { "type": "Point", "coordinates": [ 136.692834, 36.612102 ] } },
{ "type": "Feature", "properties": { "ID": 1725120274, "正式名称": "三宅医院", "機関区分": 2, "都道府県コード": 17, "市区町村コード": 201, "所在地": "石川県金沢市福久１丁目９５", "緯度": 36.616459, "経度": 136.679294, "url": "https://www.iryou.teikyouseido.mhlw.go.jp/znk-web/juminkanja/S2430/initialize?prefCd=17&kikanCd=5120274&kikanKbn=2", "url2": "https://miyakeya-clinic.com/", "内容": "三宅医院【2:診療所】【診療科目:内科_呼吸器内科_循環器内科_アレルギー科】石川県金沢市福久１丁目９５" }, "geometry": { "type": "Point", "coordinates": [ 136.679294, 36.616459 ] } },
{ "type": "Feature", "properties": { "ID": 1725120279, "正式名称": "医療法人社団おおもりクリニック", "機関区分": 2, "都道府県コード": 17, "市区町村コード": 201, "所在地": "石川県金沢市鞍月４－１４４", "緯度": 36.596896, "経度": 136.623603, "url": "https://www.iryou.teikyouseido.mhlw.go.jp/znk-web/juminkanja/S2430/initialize?prefCd=17&kikanCd=5120279&kikanKbn=2", "url2": "http://www.omori-clinic.com", "内容": "医療法人社団おおもりクリニック【2:診療所】【診療科目:内科_消化器内科_胃腸内科_肝臓内科】石川県金沢市鞍月４－１４４" }, "geometry": { "type": "Point", "coordinates": [ 136.623603, 36.596896 ] } },
{ "type": "Feature", "properties": { "ID": 1725120286, "正式名称": "木村内科医院", "機関区分": 2, "都道府県コード": 17, "市区町村コード": 201, "所在地": "石川県金沢市間明町１丁目３４６", "緯度": 36.567407, "経度": 136.620902, "url": "https://www.iryou.teikyouseido.mhlw.go.jp/znk-web/juminkanja/S2430/initialize?prefCd=17&kikanCd=5120286&kikanKbn=2", "url2": null, "内容": "木村内科医院【2:診療所】【診療科目:内科_循環器内科_消化器内科_放射線科】石川県金沢市間明町１丁目３４６" }, "geometry": { "type": "Point", "coordinates": [ 136.620902, 36.567407 ] } },
{ "type": "Feature", "properties": { "ID": 1725120288, "正式名称": "川口眼科医院", "機関区分": 2, "都道府県コード": 17, "市区町村コード": 201, "所在地": "石川県金沢市入江２丁目１６３－２", "緯度": 36.565289, "経度": 136.62673, "url": "https://www.iryou.teikyouseido.mhlw.go.jp/znk-web/juminkanja/S2430/initialize?prefCd=17&kikanCd=5120288&kikanKbn=2", "url2": null, "内容": "川口眼科医院【2:診療所】【診療科目:小児眼科_眼科】石川県金沢市入江２丁目１６３－２" }, "geometry": { "type": "Point", "coordinates": [ 136.62673, 36.565289 ] } },
{ "type": "Feature", "properties": { "ID": 1725120291, "正式名称": "医療法人社団岡本小児科医院", "機関区分": 2, "都道府県コード": 17, "市区町村コード": 201, "所在地": "石川県金沢市入江１丁目６１６－１", "緯度": 36.568135, "経度": 136.629784, "url": "https://www.iryou.teikyouseido.mhlw.go.jp/znk-web/juminkanja/S2430/initialize?prefCd=17&kikanCd=5120291&kikanKbn=2", "url2": null, "内容": "医療法人社団岡本小児科医院【2:診療所】【診療科目:小児科】石川県金沢市入江１丁目６１６－１" }, "geometry": { "type": "Point", "coordinates": [ 136.629784, 36.568135 ] } },
{ "type": "Feature", "properties": { "ID": 1725120292, "正式名称": "医療法人社団加藤整形外科医院", "機関区分": 2, "都道府県コード": 17, "市区町村コード": 201, "所在地": "石川県金沢市本江町８番１８号", "緯度": 36.567207, "経度": 136.63429, "url": "https://www.iryou.teikyouseido.mhlw.go.jp/znk-web/juminkanja/S2430/initialize?prefCd=17&kikanCd=5120292&kikanKbn=2", "url2": "www.katouseikei.com", "内容": "医療法人社団加藤整形外科医院【2:診療所】【診療科目:整形外科_リハビリテーション科】石川県金沢市本江町８番１８号" }, "geometry": { "type": "Point", "coordinates": [ 136.63429, 36.567207 ] } },
{ "type": "Feature", "properties": { "ID": 1725120294, "正式名称": "国家公務員共済組合連合会北陸病院金沢新神田合同庁舎診療所", "機関区分": 2, "都道府県コード": 17, "市区町村コード": 201, "所在地": "石川県金沢市新神田４丁目３－１０", "緯度": 36.561736, "経度": 136.629648, "url": "https://www.iryou.teikyouseido.mhlw.go.jp/znk-web/juminkanja/S2430/initialize?prefCd=17&kikanCd=5120294&kikanKbn=2", "url2": null, "内容": "国家公務員共済組合連合会北陸病院金沢新神田合同庁舎診療所【2:診療所】【診療科目:内科】石川県金沢市新神田４丁目３－１０" }, "geometry": { "type": "Point", "coordinates": [ 136.629648, 36.561736 ] } },
{ "type": "Feature", "properties": { "ID": 1725120298, "正式名称": "医療法人社団福申会野町広小路医院", "機関区分": 2, "都道府県コード": 17, "市区町村コード": 201, "所在地": "石川県金沢市中村町９番２３号", "緯度": 36.559472, "経度": 136.643761, "url": "https://www.iryou.teikyouseido.mhlw.go.jp/znk-web/juminkanja/S2430/initialize?prefCd=17&kikanCd=5120298&kikanKbn=2", "url2": "http://www.nomachi-cl.com/", "内容": "医療法人社団福申会野町広小路医院【2:診療所】【診療科目:内科_外科_美容外科_皮膚科_美容皮膚科】石川県金沢市中村町９番２３号" }, "geometry": { "type": "Point", "coordinates": [ 136.643761, 36.559472 ] } },
{ "type": "Feature", "properties": { "ID": 1725120302, "正式名称": "医療法人社団岡部診療所", "機関区分": 2, "都道府県コード": 17, "市区町村コード": 201, "所在地": "石川県金沢市増泉１丁目１９番１７号", "緯度": 36.558405, "経度": 136.641898, "url": "https://www.iryou.teikyouseido.mhlw.go.jp/znk-web/juminkanja/S2430/initialize?prefCd=17&kikanCd=5120302&kikanKbn=2", "url2": "clinic-okabe.com", "内容": "医療法人社団岡部診療所【2:診療所】【診療科目:精神科_心療内科】石川県金沢市増泉１丁目１９番１７号" }, "geometry": { "type": "Point", "coordinates": [ 136.641898, 36.558405 ] } },
{ "type": "Feature", "properties": { "ID": 1725120309, "正式名称": "津田駒工業株式会社診療所", "機関区分": 2, "都道府県コード": 17, "市区町村コード": 201, "所在地": "石川県金沢市野町５丁目１８番１８号", "緯度": 36.554809, "経度": 136.642609, "url": "https://www.iryou.teikyouseido.mhlw.go.jp/znk-web/juminkanja/S2430/initialize?prefCd=17&kikanCd=5120309&kikanKbn=2", "url2": null, "内容": "津田駒工業株式会社診療所【2:診療所】【診療科目:内科】石川県金沢市野町５丁目１８番１８号" }, "geometry": { "type": "Point", "coordinates": [ 136.642609, 36.554809 ] } },
{ "type": "Feature", "properties": { "ID": 1725120311, "正式名称": "医療法人社団横井内科医院", "機関区分": 2, "都道府県コード": 17, "市区町村コード": 201, "所在地": "石川県金沢市野町", "緯度": 36.554715, "経度": 136.647107, "url": "https://www.iryou.teikyouseido.mhlw.go.jp/znk-web/juminkanja/S2430/initialize?prefCd=17&kikanCd=5120311&kikanKbn=2", "url2": null, "内容": "医療法人社団横井内科医院【2:診療所】【診療科目:内科】石川県金沢市野町" }, "geometry": { "type": "Point", "coordinates": [ 136.647107, 36.554715 ] } },
{ "type": "Feature", "properties": { "ID": 1725120312, "正式名称": "医療法人社団かわきた眼科クリニック", "機関区分": 2, "都道府県コード": 17, "市区町村コード": 201, "所在地": "石川県金沢市野町１丁目３－６７", "緯度": 36.555027, "経度": 136.647957, "url": "https://www.iryou.teikyouseido.mhlw.go.jp/znk-web/juminkanja/S2430/initialize?prefCd=17&kikanCd=5120312&kikanKbn=2", "url2": null, "内容": "医療法人社団かわきた眼科クリニック【2:診療所】【診療科目:眼科】石川県金沢市野町１丁目３－６７" }, "geometry": { "type": "Point", "coordinates": [ 136.647957, 36.555027 ] } },
{ "type": "Feature", "properties": { "ID": 1725120322, "正式名称": "津川医院", "機関区分": 2, "都道府県コード": 17, "市区町村コード": 201, "所在地": "石川県金沢市弥生１丁目１７番１０号", "緯度": 36.549543, "経度": 136.649545, "url": "https://www.iryou.teikyouseido.mhlw.go.jp/znk-web/juminkanja/S2430/initialize?prefCd=17&kikanCd=5120322&kikanKbn=2", "url2": null, "内容": "津川医院【2:診療所】【診療科目:内科_循環器内科】石川県金沢市弥生１丁目１７番１０号" }, "geometry": { "type": "Point", "coordinates": [ 136.649545, 36.549543 ] } },
{ "type": "Feature", "properties": { "ID": 1725120323, "正式名称": "佐伯ペインクリニック", "機関区分": 2, "都道府県コード": 17, "市区町村コード": 201, "所在地": "石川県金沢市弥生", "緯度": 36.547068, "経度": 136.644508, "url": "https://www.iryou.teikyouseido.mhlw.go.jp/znk-web/juminkanja/S2430/initialize?prefCd=17&kikanCd=5120323&kikanKbn=2", "url2": null, "内容": "佐伯ペインクリニック【2:診療所】【診療科目:内科_ペインクリニック外科_リハビリテーション科_麻酔科】石川県金沢市弥生" }, "geometry": { "type": "Point", "coordinates": [ 136.644508, 36.547068 ] } },
{ "type": "Feature", "properties": { "ID": 1725120324, "正式名称": "四位例内科クリニック", "機関区分": 2, "都道府県コード": 17, "市区町村コード": 201, "所在地": "石川県金沢市泉１丁目１番５号", "緯度": 36.551627, "経度": 136.644932, "url": "https://www.iryou.teikyouseido.mhlw.go.jp/znk-web/juminkanja/S2430/initialize?prefCd=17&kikanCd=5120324&kikanKbn=2", "url2": "https://www.yayoi-kanazawa.com", "内容": "四位例内科クリニック【2:診療所】【診療科目:内科_循環器内科_消化器内科】石川県金沢市泉１丁目１番５号" }, "geometry": { "type": "Point", "coordinates": [ 136.644932, 36.551627 ] } },
{ "type": "Feature", "properties": { "ID": 1725120326, "正式名称": "山崎皮膚科医院", "機関区分": 2, "都道府県コード": 17, "市区町村コード": 201, "所在地": "石川県金沢市泉２－３１－１", "緯度": 36.550328, "経度": 136.640943, "url": "https://www.iryou.teikyouseido.mhlw.go.jp/znk-web/juminkanja/S2430/initialize?prefCd=17&kikanCd=5120326&kikanKbn=2", "url2": null, "内容": "山崎皮膚科医院【2:診療所】【診療科目:小児皮膚科_皮膚科】石川県金沢市泉２－３１－１" }, "geometry": { "type": "Point", "coordinates": [ 136.640943, 36.550328 ] } },
{ "type": "Feature", "properties": { "ID": 1725120329, "正式名称": "中谷整形外科", "機関区分": 2, "都道府県コード": 17, "市区町村コード": 201, "所在地": "石川県金沢市泉本町４−１２", "緯度": 36.550882, "経度": 136.640215, "url": "https://www.iryou.teikyouseido.mhlw.go.jp/znk-web/juminkanja/S2430/initialize?prefCd=17&kikanCd=5120329&kikanKbn=2", "url2": null, "内容": "中谷整形外科【2:診療所】【診療科目:整形外科_リウマチ科_リハビリテーション科】石川県金沢市泉本町４−１２" }, "geometry": { "type": "Point", "coordinates": [ 136.640215, 36.550882 ] } },
{ "type": "Feature", "properties": { "ID": 1725120335, "正式名称": "医療法人社団永幸会ながい内科クリニック", "機関区分": 2, "都道府県コード": 17, "市区町村コード": 201, "所在地": "石川県金沢市保古１丁目１７５番地", "緯度": 36.558169, "経度": 136.620205, "url": "https://www.iryou.teikyouseido.mhlw.go.jp/znk-web/juminkanja/S2430/initialize?prefCd=17&kikanCd=5120335&kikanKbn=2", "url2": "http://www.dr-nagai-clinic.com", "内容": "医療法人社団永幸会ながい内科クリニック【2:診療所】【診療科目:内科_循環器内科_消化器内科】石川県金沢市保古１丁目１７５番地" }, "geometry": { "type": "Point", "coordinates": [ 136.620205, 36.558169 ] } },
{ "type": "Feature", "properties": { "ID": 1725120337, "正式名称": "宮下眼科医院", "機関区分": 2, "都道府県コード": 17, "市区町村コード": 201, "所在地": "石川県金沢市西金沢", "緯度": 36.552312, "経度": 136.611758, "url": "https://www.iryou.teikyouseido.mhlw.go.jp/znk-web/juminkanja/S2430/initialize?prefCd=17&kikanCd=5120337&kikanKbn=2", "url2": null, "内容": "宮下眼科医院【2:診療所】【診療科目:眼科】石川県金沢市西金沢" }, "geometry": { "type": "Point", "coordinates": [ 136.611758, 36.552312 ] } },
{ "type": "Feature", "properties": { "ID": 1725120339, "正式名称": "金沢ハートクリニック・きたがわ内科", "機関区分": 2, "都道府県コード": 17, "市区町村コード": 201, "所在地": "石川県金沢市八日市出町５７８", "緯度": 36.549576, "経度": 136.607901, "url": "https://www.iryou.teikyouseido.mhlw.go.jp/znk-web/juminkanja/S2430/initialize?prefCd=17&kikanCd=5120339&kikanKbn=2", "url2": null, "内容": "金沢ハートクリニック・きたがわ内科【2:診療所】【診療科目:内科_呼吸器内科_循環器内科_心臓血管内科_神経内科_リハビリテーション科】石川県金沢市八日市出町５７８" }, "geometry": { "type": "Point", "coordinates": [ 136.607901, 36.549576 ] } },
{ "type": "Feature", "properties": { "ID": 1725120340, "正式名称": "医療法人社団くじらぐも　のぞみ小児科医院", "機関区分": 2, "都道府県コード": 17, "市区町村コード": 201, "所在地": "石川県金沢市八日市４町目３７３番", "緯度": 36.550367, "経度": 136.608454, "url": "https://www.iryou.teikyouseido.mhlw.go.jp/znk-web/juminkanja/S2430/initialize?prefCd=17&kikanCd=5120340&kikanKbn=2", "url2": "https://nozomi-shounika.com", "内容": "医療法人社団くじらぐも　のぞみ小児科医院【2:診療所】【診療科目:小児科】石川県金沢市八日市４町目３７３番" }, "geometry": { "type": "Point", "coordinates": [ 136.608454, 36.550367 ] } },
{ "type": "Feature", "properties": { "ID": 1725120343, "正式名称": "医療法人社団フォレスト産科婦人科佐川クリニック", "機関区分": 2, "都道府県コード": 17, "市区町村コード": 201, "所在地": "石川県金沢市上荒屋", "緯度": 36.547943, "経度": 136.592889, "url": "https://www.iryou.teikyouseido.mhlw.go.jp/znk-web/juminkanja/S2430/initialize?prefCd=17&kikanCd=5120343&kikanKbn=2", "url2": "http://www.sagawa-clinic.com", "内容": "医療法人社団フォレスト産科婦人科佐川クリニック【2:診療所】【診療科目:産科_婦人科】石川県金沢市上荒屋" }, "geometry": { "type": "Point", "coordinates": [ 136.592889, 36.547943 ] } },
{ "type": "Feature", "properties": { "ID": 1725120344, "正式名称": "上荒屋クリニック", "機関区分": 2, "都道府県コード": 17, "市区町村コード": 201, "所在地": "石川県金沢市上荒屋１－７９", "緯度": 36.54634, "経度": 136.59235, "url": "https://www.iryou.teikyouseido.mhlw.go.jp/znk-web/juminkanja/S2430/initialize?prefCd=17&kikanCd=5120344&kikanKbn=2", "url2": "http://kamiaraya.jp/", "内容": "上荒屋クリニック【2:診療所】【診療科目:内科_リウマチ科】石川県金沢市上荒屋１－７９" }, "geometry": { "type": "Point", "coordinates": [ 136.59235, 36.54634 ] } },
{ "type": "Feature", "properties": { "ID": 1725120345, "正式名称": "森下整形外科医院", "機関区分": 2, "都道府県コード": 17, "市区町村コード": 201, "所在地": "石川県金沢市矢木１－９６", "緯度": 36.555021, "経度": 136.597266, "url": "https://www.iryou.teikyouseido.mhlw.go.jp/znk-web/juminkanja/S2430/initialize?prefCd=17&kikanCd=5120345&kikanKbn=2", "url2": "https://morisita-seikei.com/index.html", "内容": "森下整形外科医院【2:診療所】【診療科目:内科_外科_整形外科_リハビリテーション科】石川県金沢市矢木１－９６" }, "geometry": { "type": "Point", "coordinates": [ 136.597266, 36.555021 ] } },
{ "type": "Feature", "properties": { "ID": 1725120350, "正式名称": "医療法人中嶋医院", "機関区分": 2, "都道府県コード": 17, "市区町村コード": 201, "所在地": "石川県金沢市若草町", "緯度": 36.544768, "経度": 136.656425, "url": "https://www.iryou.teikyouseido.mhlw.go.jp/znk-web/juminkanja/S2430/initialize?prefCd=17&kikanCd=5120350&kikanKbn=2", "url2": "https://www.nakashimaiin.jp/", "内容": "医療法人中嶋医院【2:診療所】【診療科目:皮膚科_泌尿器科】石川県金沢市若草町" }, "geometry": { "type": "Point", "coordinates": [ 136.656425, 36.544768 ] } },
{ "type": "Feature", "properties": { "ID": 1725120351, "正式名称": "みずのクリニック", "機関区分": 2, "都道府県コード": 17, "市区町村コード": 201, "所在地": "石川県金沢市長坂台１ー２４", "緯度": 36.534463, "経度": 136.652133, "url": "https://www.iryou.teikyouseido.mhlw.go.jp/znk-web/juminkanja/S2430/initialize?prefCd=17&kikanCd=5120351&kikanKbn=2", "url2": null, "内容": "みずのクリニック【2:診療所】【診療科目:内科_精神科_神経科_心療内科】石川県金沢市長坂台１ー２４" }, "geometry": { "type": "Point", "coordinates": [ 136.652133, 36.534463 ] } },
{ "type": "Feature", "properties": { "ID": 1725120352, "正式名称": "伊藤整形外科・内科クリニック", "機関区分": 2, "都道府県コード": 17, "市区町村コード": 201, "所在地": "石川県金沢市長坂３－２－２１", "緯度": 36.535726, "経度": 136.653968, "url": "https://www.iryou.teikyouseido.mhlw.go.jp/znk-web/juminkanja/S2430/initialize?prefCd=17&kikanCd=5120352&kikanKbn=2", "url2": "http://www.nsknet.or.jp/~takaokun/", "内容": "伊藤整形外科・内科クリニック【2:診療所】【診療科目:内科_整形外科_リウマチ科_リハビリテーション科】石川県金沢市長坂３－２－２１" }, "geometry": { "type": "Point", "coordinates": [ 136.653968, 36.535726 ] } },
{ "type": "Feature", "properties": { "ID": 1725120353, "正式名称": "ふじもとクリニック", "機関区分": 2, "都道府県コード": 17, "市区町村コード": 201, "所在地": "石川県金沢市長坂", "緯度": 36.537659, "経度": 136.656478, "url": "https://www.iryou.teikyouseido.mhlw.go.jp/znk-web/juminkanja/S2430/initialize?prefCd=17&kikanCd=5120353&kikanKbn=2", "url2": null, "内容": "ふじもとクリニック【2:診療所】【診療科目:内科_胃腸内科_外科】石川県金沢市長坂" }, "geometry": { "type": "Point", "coordinates": [ 136.656478, 36.537659 ] } },
{ "type": "Feature", "properties": { "ID": 1725120355, "正式名称": "いずみの耳鼻咽喉科医院", "機関区分": 2, "都道府県コード": 17, "市区町村コード": 201, "所在地": "石川県金沢市泉野出町３－１－２８", "緯度": 36.540236, "経度": 136.648654, "url": "https://www.iryou.teikyouseido.mhlw.go.jp/znk-web/juminkanja/S2430/initialize?prefCd=17&kikanCd=5120355&kikanKbn=2", "url2": null, "内容": "いずみの耳鼻咽喉科医院【2:診療所】【診療科目:耳鼻いんこう科】石川県金沢市泉野出町３－１－２８" }, "geometry": { "type": "Point", "coordinates": [ 136.648654, 36.540236 ] } },
{ "type": "Feature", "properties": { "ID": 1725120356, "正式名称": "医療法人社団ひがしやまクリニック", "機関区分": 2, "都道府県コード": 17, "市区町村コード": 201, "所在地": "石川県金沢市泉野出町１ー１９ー２０", "緯度": 36.539072, "経度": 136.654995, "url": "https://www.iryou.teikyouseido.mhlw.go.jp/znk-web/juminkanja/S2430/initialize?prefCd=17&kikanCd=5120356&kikanKbn=2", "url2": "http://www.higashiyama-clinic.jp/", "内容": "医療法人社団ひがしやまクリニック【2:診療所】【診療科目:形成外科_美容外科_皮膚科】石川県金沢市泉野出町１ー１９ー２０" }, "geometry": { "type": "Point", "coordinates": [ 136.654995, 36.539072 ] } },
{ "type": "Feature", "properties": { "ID": 1725120357, "正式名称": "ふじさわ眼科小児科クリニック", "機関区分": 2, "都道府県コード": 17, "市区町村コード": 201, "所在地": "石川県金沢市泉野出町３－３－２５", "緯度": 36.540222, "経度": 136.649239, "url": "https://www.iryou.teikyouseido.mhlw.go.jp/znk-web/juminkanja/S2430/initialize?prefCd=17&kikanCd=5120357&kikanKbn=2", "url2": null, "内容": "ふじさわ眼科小児科クリニック【2:診療所】【診療科目:小児科_眼科】石川県金沢市泉野出町３－３－２５" }, "geometry": { "type": "Point", "coordinates": [ 136.649239, 36.540222 ] } },
{ "type": "Feature", "properties": { "ID": 1725120359, "正式名称": "山下医院", "機関区分": 2, "都道府県コード": 17, "市区町村コード": 201, "所在地": "石川県金沢市緑が丘", "緯度": 36.543275, "経度": 136.65518, "url": "https://www.iryou.teikyouseido.mhlw.go.jp/znk-web/juminkanja/S2430/initialize?prefCd=17&kikanCd=5120359&kikanKbn=2", "url2": null, "内容": "山下医院【2:診療所】【診療科目:内科】石川県金沢市緑が丘" }, "geometry": { "type": "Point", "coordinates": [ 136.65518, 36.543275 ] } },
{ "type": "Feature", "properties": { "ID": 1725120365, "正式名称": "医療法人社団仁信会杉原整形外科クリニック", "機関区分": 2, "都道府県コード": 17, "市区町村コード": 201, "所在地": "石川県金沢市額乙丸町ロ１５３番地", "緯度": 36.511975, "経度": 136.620884, "url": "https://www.iryou.teikyouseido.mhlw.go.jp/znk-web/juminkanja/S2430/initialize?prefCd=17&kikanCd=5120365&kikanKbn=2", "url2": "http://www.kma.jp/mypage/docdetail.php?org_cd=118199", "内容": "医療法人社団仁信会杉原整形外科クリニック【2:診療所】【診療科目:内科_外科_整形外科_リハビリテーション科】石川県金沢市額乙丸町ロ１５３番地" }, "geometry": { "type": "Point", "coordinates": [ 136.620884, 36.511975 ] } },
{ "type": "Feature", "properties": { "ID": 1725120372, "正式名称": "医療法人社団いしぐろクリニック　いしぐろ脳神経・整形外科クリニック", "機関区分": 2, "都道府県コード": 17, "市区町村コード": 201, "所在地": "石川県金沢市窪４丁目５１５番地", "緯度": 36.526193, "経度": 136.640182, "url": "https://www.iryou.teikyouseido.mhlw.go.jp/znk-web/juminkanja/S2430/initialize?prefCd=17&kikanCd=5120372&kikanKbn=2", "url2": "http://www.ishiguro-cli.com", "内容": "医療法人社団いしぐろクリニック　いしぐろ脳神経・整形外科クリニック【2:診療所】【診療科目:内科_脳神経内科_神経内科_脳神経外科_脳外科_整形外科_リウマチ科_リハビリテーション科】石川県金沢市窪４丁目５１５番地" }, "geometry": { "type": "Point", "coordinates": [ 136.640182, 36.526193 ] } },
{ "type": "Feature", "properties": { "ID": 1725120374, "正式名称": "さかえ内科クリニック", "機関区分": 2, "都道府県コード": 17, "市区町村コード": 201, "所在地": "石川県金沢市窪３−１８５", "緯度": 36.523524, "経度": 136.64209, "url": "https://www.iryou.teikyouseido.mhlw.go.jp/znk-web/juminkanja/S2430/initialize?prefCd=17&kikanCd=5120374&kikanKbn=2", "url2": "https://sakae-naika.jp/", "内容": "さかえ内科クリニック【2:診療所】【診療科目:内科_消化器内科】石川県金沢市窪３−１８５" }, "geometry": { "type": "Point", "coordinates": [ 136.64209, 36.523524 ] } },
{ "type": "Feature", "properties": { "ID": 1725120376, "正式名称": "医療法人社団健真会耳鼻咽喉科安田医院", "機関区分": 2, "都道府県コード": 17, "市区町村コード": 201, "所在地": "石川県金沢市高尾南３丁目１８番地", "緯度": 36.519346, "経度": 136.628842, "url": "https://www.iryou.teikyouseido.mhlw.go.jp/znk-web/juminkanja/S2430/initialize?prefCd=17&kikanCd=5120376&kikanKbn=2", "url2": "http://yasuda-clinic.net/", "内容": "医療法人社団健真会耳鼻咽喉科安田医院【2:診療所】【診療科目:耳鼻いんこう科】石川県金沢市高尾南３丁目１８番地" }, "geometry": { "type": "Point", "coordinates": [ 136.628842, 36.519346 ] } },
{ "type": "Feature", "properties": { "ID": 1725120378, "正式名称": "わかば内科クリニック", "機関区分": 2, "都道府県コード": 17, "市区町村コード": 201, "所在地": "石川県金沢市高尾台２丁目１４７番地", "緯度": 36.522602, "経度": 136.628125, "url": "https://www.iryou.teikyouseido.mhlw.go.jp/znk-web/juminkanja/S2430/initialize?prefCd=17&kikanCd=5120378&kikanKbn=2", "url2": null, "内容": "わかば内科クリニック【2:診療所】【診療科目:内科_呼吸器内科_循環器内科_消化器内科】石川県金沢市高尾台２丁目１４７番地" }, "geometry": { "type": "Point", "coordinates": [ 136.628125, 36.522602 ] } },
{ "type": "Feature", "properties": { "ID": 1725120379, "正式名称": "医療法人社団藤村有松眼科医院", "機関区分": 2, "都道府県コード": 17, "市区町村コード": 201, "所在地": "石川県金沢市有松２丁目５番３６号", "緯度": 36.541784, "経度": 136.639253, "url": "https://www.iryou.teikyouseido.mhlw.go.jp/znk-web/juminkanja/S2430/initialize?prefCd=17&kikanCd=5120379&kikanKbn=2", "url2": "https://fujimuraganka.com", "内容": "医療法人社団藤村有松眼科医院【2:診療所】【診療科目:眼科】石川県金沢市有松２丁目５番３６号" }, "geometry": { "type": "Point", "coordinates": [ 136.639253, 36.541784 ] } },
{ "type": "Feature", "properties": { "ID": 1725120390, "正式名称": "西田小児科医院", "機関区分": 2, "都道府県コード": 17, "市区町村コード": 201, "所在地": "石川県金沢市富樫１丁目２ー２０", "緯度": 36.538948, "経度": 136.647799, "url": "https://www.iryou.teikyouseido.mhlw.go.jp/znk-web/juminkanja/S2430/initialize?prefCd=17&kikanCd=5120390&kikanKbn=2", "url2": "https://www.nishida-syonika.com/", "内容": "西田小児科医院【2:診療所】【診療科目:小児科】石川県金沢市富樫１丁目２ー２０" }, "geometry": { "type": "Point", "coordinates": [ 136.647799, 36.538948 ] } },
{ "type": "Feature", "properties": { "ID": 1725120393, "正式名称": "医療法人社団　福島医院", "機関区分": 2, "都道府県コード": 17, "市区町村コード": 201, "所在地": "石川県金沢市円光寺２丁目５番２０号", "緯度": 36.532526, "経度": 136.64802, "url": "https://www.iryou.teikyouseido.mhlw.go.jp/znk-web/juminkanja/S2430/initialize?prefCd=17&kikanCd=5120393&kikanKbn=2", "url2": "https://www.fukushima-clinic-kanazawa.com", "内容": "医療法人社団　福島医院【2:診療所】【診療科目:内科_神経内科_脳神経外科】石川県金沢市円光寺２丁目５番２０号" }, "geometry": { "type": "Point", "coordinates": [ 136.64802, 36.532526 ] } },
{ "type": "Feature", "properties": { "ID": 172513, "正式名称": "つじ小児科医院", "機関区分": 2, "都道府県コード": 17, "市区町村コード": 201, "所在地": "石川県金沢市窪５－６３０", "緯度": 36.862043, "経度": 136.782532, "url": "https://www.iryou.teikyouseido.mhlw.go.jp/znk-web/juminkanja/S2430/initialize?prefCd=17&kikanCd=513&kikanKbn=2", "url2": null, "内容": "つじ小児科医院【2:診療所】【診療科目:小児科】石川県金沢市窪５－６３０" }, "geometry": { "type": "Point", "coordinates": [ 136.782532, 36.862043 ] } },
{ "type": "Feature", "properties": { "ID": 172516, "正式名称": "ソフィア内科クリニック", "機関区分": 2, "都道府県コード": 17, "市区町村コード": 201, "所在地": "石川県金沢市泉が丘２－１４－１", "緯度": 36.544274, "経度": 136.645198, "url": "https://www.iryou.teikyouseido.mhlw.go.jp/znk-web/juminkanja/S2430/initialize?prefCd=17&kikanCd=516&kikanKbn=2", "url2": "https://sophia-hosp.jp/information/physician/", "内容": "ソフィア内科クリニック【2:診療所】【診療科目:内科_糖尿病・内分泌内科_呼吸器内科_循環器内科_消化器内科】石川県金沢市泉が丘２－１４－１" }, "geometry": { "type": "Point", "coordinates": [ 136.645198, 36.544274 ] } },
{ "type": "Feature", "properties": { "ID": 172517, "正式名称": "ソフィアひふ科クリニック", "機関区分": 2, "都道府県コード": 17, "市区町村コード": 201, "所在地": "石川県金沢市泉が丘２丁目１４番１号", "緯度": 36.543937, "経度": 136.645523, "url": "https://www.iryou.teikyouseido.mhlw.go.jp/znk-web/juminkanja/S2430/initialize?prefCd=17&kikanCd=517&kikanKbn=2", "url2": "https://sophia-hosp.jp/information/physician/", "内容": "ソフィアひふ科クリニック【2:診療所】【診療科目:皮膚科】石川県金沢市泉が丘２丁目１４番１号" }, "geometry": { "type": "Point", "coordinates": [ 136.645523, 36.543937 ] } },
{ "type": "Feature", "properties": { "ID": 172519, "正式名称": "ユトリヒト診療所", "機関区分": 2, "都道府県コード": 17, "市区町村コード": 211, "所在地": "石川県能美市中ノ江町は７６番地", "緯度": 36.439361, "経度": 136.468888, "url": "https://www.iryou.teikyouseido.mhlw.go.jp/znk-web/juminkanja/S2430/initialize?prefCd=17&kikanCd=519&kikanKbn=2", "url2": "https://www.yutorihito-clinic.com", "内容": "ユトリヒト診療所【2:診療所】【診療科目:精神科_心療内科】石川県能美市中ノ江町は７６番地" }, "geometry": { "type": "Point", "coordinates": [ 136.468888, 36.439361 ] } },
{ "type": "Feature", "properties": { "ID": 172521, "正式名称": "津山整形外科クリニック", "機関区分": 2, "都道府県コード": 17, "市区町村コード": 212, "所在地": "石川県野々市市中林一丁目６４街区１番", "緯度": 36.505789, "経度": 136.602178, "url": "https://www.iryou.teikyouseido.mhlw.go.jp/znk-web/juminkanja/S2430/initialize?prefCd=17&kikanCd=521&kikanKbn=2", "url2": "www.tsuyamaortho.jp", "内容": "津山整形外科クリニック【2:診療所】【診療科目:整形外科_美容外科_リウマチ科_リハビリテーション科】石川県野々市市中林一丁目６４街区１番" }, "geometry": { "type": "Point", "coordinates": [ 136.602178, 36.505789 ] } },
{ "type": "Feature", "properties": { "ID": 172522, "正式名称": "いそべ糖尿病内科クリニック", "機関区分": 2, "都道府県コード": 17, "市区町村コード": 201, "所在地": "石川県金沢市磯部町ヌ３２－３", "緯度": 36.59861, "経度": 136.6598, "url": "https://www.iryou.teikyouseido.mhlw.go.jp/znk-web/juminkanja/S2430/initialize?prefCd=17&kikanCd=522&kikanKbn=2", "url2": "https://isobe-dmc.com/about/", "内容": "いそべ糖尿病内科クリニック【2:診療所】【診療科目:内科_糖尿病内科】石川県金沢市磯部町ヌ３２－３" }, "geometry": { "type": "Point", "coordinates": [ 136.6598, 36.59861 ] } },
{ "type": "Feature", "properties": { "ID": 172523, "正式名称": "湘南美容クリニック金沢院", "機関区分": 2, "都道府県コード": 17, "市区町村コード": 201, "所在地": "石川県金沢市本町２丁目１５－１　ポルテ金沢３階", "緯度": 36.576453, "経度": 136.649422, "url": "https://www.iryou.teikyouseido.mhlw.go.jp/znk-web/juminkanja/S2430/initialize?prefCd=17&kikanCd=523&kikanKbn=2", "url2": "https://www.s-b-c.net/clinic/branch/kanazawa/", "内容": "湘南美容クリニック金沢院【2:診療所】【診療科目:美容外科_美容皮膚科】石川県金沢市本町２丁目１５－１　ポルテ金沢３階" }, "geometry": { "type": "Point", "coordinates": [ 136.649422, 36.576453 ] } },
{ "type": "Feature", "properties": { "ID": 172531, "正式名称": "医療法人社団くろしお会　かほく眼科", "機関区分": 2, "都道府県コード": 17, "市区町村コード": 209, "所在地": "石川県かほく市内日角タ２５イオンモールかほく１階", "緯度": 36.709195, "経度": 136.702265, "url": "https://www.iryou.teikyouseido.mhlw.go.jp/znk-web/juminkanja/S2430/initialize?prefCd=17&kikanCd=531&kikanKbn=2", "url2": "https://kahoku-ganka.navi-clinic.jp/", "内容": "医療法人社団くろしお会　かほく眼科【2:診療所】【診療科目:眼科】石川県かほく市内日角タ２５イオンモールかほく１階" }, "geometry": { "type": "Point", "coordinates": [ 136.702265, 36.709195 ] } },
{ "type": "Feature", "properties": { "ID": 172532, "正式名称": "なかむら整形外科クリニック", "機関区分": 2, "都道府県コード": 17, "市区町村コード": 203, "所在地": "石川県小松市沖町ソ１１７－１", "緯度": 36.397927, "経度": 136.467396, "url": "https://www.iryou.teikyouseido.mhlw.go.jp/znk-web/juminkanja/S2430/initialize?prefCd=17&kikanCd=532&kikanKbn=2", "url2": "http://nakamuraseikei.net/", "内容": "なかむら整形外科クリニック【2:診療所】【診療科目:整形外科_形成外科_リウマチ科_リハビリテーション科】石川県小松市沖町ソ１１７－１" }, "geometry": { "type": "Point", "coordinates": [ 136.467396, 36.397927 ] } },
{ "type": "Feature", "properties": { "ID": 172535, "正式名称": "かないちクリニック", "機関区分": 2, "都道府県コード": 17, "市区町村コード": 201, "所在地": "石川県金沢市金市町ロ１２番地", "緯度": 36.610877, "経度": 136.680127, "url": "https://www.iryou.teikyouseido.mhlw.go.jp/znk-web/juminkanja/S2430/initialize?prefCd=17&kikanCd=535&kikanKbn=2", "url2": "http://kanaichi-clinic.com/", "内容": "かないちクリニック【2:診療所】【診療科目:内科】石川県金沢市金市町ロ１２番地" }, "geometry": { "type": "Point", "coordinates": [ 136.680127, 36.610877 ] } },
{ "type": "Feature", "properties": { "ID": 172537, "正式名称": "医療法人社団瞳友会　新小松アイクリニック", "機関区分": 2, "都道府県コード": 17, "市区町村コード": 203, "所在地": "石川県小松市清六町３１５番地　イオンモール新小松２Ｆ", "緯度": 36.395619, "経度": 136.466123, "url": "https://www.iryou.teikyouseido.mhlw.go.jp/znk-web/juminkanja/S2430/initialize?prefCd=17&kikanCd=537&kikanKbn=2", "url2": "http://www.shinkomatsu-ganka.com/", "内容": "医療法人社団瞳友会　新小松アイクリニック【2:診療所】【診療科目:眼科】石川県小松市清六町３１５番地　イオンモール新小松２Ｆ" }, "geometry": { "type": "Point", "coordinates": [ 136.466123, 36.395619 ] } },
{ "type": "Feature", "properties": { "ID": 172543, "正式名称": "にじの森皮フ科クリニック", "機関区分": 2, "都道府県コード": 17, "市区町村コード": 201, "所在地": "石川県金沢市額新保２丁目２５６番地", "緯度": 36.517637, "経度": 136.615374, "url": "https://www.iryou.teikyouseido.mhlw.go.jp/znk-web/juminkanja/S2430/initialize?prefCd=17&kikanCd=543&kikanKbn=2", "url2": "https://nijinomori-hifuka.com/", "内容": "にじの森皮フ科クリニック【2:診療所】【診療科目:小児皮膚科_皮膚科_美容皮膚科_アレルギー科】石川県金沢市額新保２丁目２５６番地" }, "geometry": { "type": "Point", "coordinates": [ 136.615374, 36.517637 ] } },
{ "type": "Feature", "properties": { "ID": 172544, "正式名称": "といたレディースクリニック", "機関区分": 2, "都道府県コード": 17, "市区町村コード": 201, "所在地": "石川県金沢市戸板４丁目３５番地", "緯度": 36.581029, "経度": 136.62519, "url": "https://www.iryou.teikyouseido.mhlw.go.jp/znk-web/juminkanja/S2430/initialize?prefCd=17&kikanCd=544&kikanKbn=2", "url2": "https://toita-lc.com", "内容": "といたレディースクリニック【2:診療所】【診療科目:産科_婦人科】石川県金沢市戸板４丁目３５番地" }, "geometry": { "type": "Point", "coordinates": [ 136.62519, 36.581029 ] } },
{ "type": "Feature", "properties": { "ID": 172546, "正式名称": "特定医療法人扇翔会南ヶ丘クリニック", "機関区分": 2, "都道府県コード": 17, "市区町村コード": 201, "所在地": "石川県金沢市馬替３－１３６", "緯度": 36.52126, "経度": 136.620116, "url": "https://www.iryou.teikyouseido.mhlw.go.jp/znk-web/juminkanja/S2430/initialize?prefCd=17&kikanCd=546&kikanKbn=2", "url2": "https://www.minamigaoka-hp.or.jp/clinic/index.html", "内容": "特定医療法人扇翔会南ヶ丘クリニック【2:診療所】【診療科目:内科】石川県金沢市馬替３－１３６" }, "geometry": { "type": "Point", "coordinates": [ 136.620116, 36.52126 ] } },
{ "type": "Feature", "properties": { "ID": 172548, "正式名称": "石引こころの診療所", "機関区分": 2, "都道府県コード": 17, "市区町村コード": 201, "所在地": "石川県金沢市石引１－３－３２", "緯度": 36.556246, "経度": 136.669946, "url": "https://www.iryou.teikyouseido.mhlw.go.jp/znk-web/juminkanja/S2430/initialize?prefCd=17&kikanCd=548&kikanKbn=2", "url2": null, "内容": "石引こころの診療所【2:診療所】【診療科目:精神科_心療内科】石川県金沢市石引１－３－３２" }, "geometry": { "type": "Point", "coordinates": [ 136.669946, 36.556246 ] } },
{ "type": "Feature", "properties": { "ID": 172549, "正式名称": "痛みとストレスのクリニック", "機関区分": 2, "都道府県コード": 17, "市区町村コード": 201, "所在地": "石川県金沢市増泉１丁目１７‐２２", "緯度": 36.558693, "経度": 136.644334, "url": "https://www.iryou.teikyouseido.mhlw.go.jp/znk-web/juminkanja/S2430/initialize?prefCd=17&kikanCd=549&kikanKbn=2", "url2": "https://painandstress.sakura.ne.jp/", "内容": "痛みとストレスのクリニック【2:診療所】【診療科目:ペインクリニック内科_精神科_心療内科】石川県金沢市増泉１丁目１７‐２２" }, "geometry": { "type": "Point", "coordinates": [ 136.644334, 36.558693 ] } },
{ "type": "Feature", "properties": { "ID": 172550, "正式名称": "ブランクリニック金沢院", "機関区分": 2, "都道府県コード": 17, "市区町村コード": 201, "所在地": "石川県金沢市堀川新町２番４８号サンファーストビル４階", "緯度": 36.579264, "経度": 136.650908, "url": "https://www.iryou.teikyouseido.mhlw.go.jp/znk-web/juminkanja/S2430/initialize?prefCd=17&kikanCd=550&kikanKbn=2", "url2": "https://bccl.jp/about/kanazawa/", "内容": "ブランクリニック金沢院【2:診療所】【診療科目:美容皮膚科】石川県金沢市堀川新町２番４８号サンファーストビル４階" }, "geometry": { "type": "Point", "coordinates": [ 136.650908, 36.579264 ] } },
{ "type": "Feature", "properties": { "ID": 172551, "正式名称": "よこやま整形外科　手とリウマチクリニック", "機関区分": 2, "都道府県コード": 17, "市区町村コード": 201, "所在地": "石川県金沢市安江町１４－１　金澤雅壇１０１区画", "緯度": 36.573781, "経度": 136.653578, "url": "https://www.iryou.teikyouseido.mhlw.go.jp/znk-web/juminkanja/S2430/initialize?prefCd=17&kikanCd=551&kikanKbn=2", "url2": "https://yokoyama-seikei.jp/", "内容": "よこやま整形外科　手とリウマチクリニック【2:診療所】【診療科目:整形外科_リウマチ科_リハビリテーション科】石川県金沢市安江町１４－１　金澤雅壇１０１区画" }, "geometry": { "type": "Point", "coordinates": [ 136.653578, 36.573781 ] } },
{ "type": "Feature", "properties": { "ID": 172552, "正式名称": "なかざわ腎泌尿器科クリニック", "機関区分": 2, "都道府県コード": 17, "市区町村コード": 212, "所在地": "石川県野々市市新庄６丁目４４５番地", "緯度": 36.507874, "経度": 136.607974, "url": "https://www.iryou.teikyouseido.mhlw.go.jp/znk-web/juminkanja/S2430/initialize?prefCd=17&kikanCd=552&kikanKbn=2", "url2": "https://www.nakazawa-cl.jp/index.php", "内容": "なかざわ腎泌尿器科クリニック【2:診療所】【診療科目:内科_性感染症内科_泌尿器科_精神科】石川県野々市市新庄６丁目４４５番地" }, "geometry": { "type": "Point", "coordinates": [ 136.607974, 36.507874 ] } },
{ "type": "Feature", "properties": { "ID": 172553, "正式名称": "顔のクリニック金沢", "機関区分": 2, "都道府県コード": 17, "市区町村コード": 201, "所在地": "石川県金沢市鞍月５－１５０", "緯度": 36.598692, "経度": 136.624151, "url": "https://www.iryou.teikyouseido.mhlw.go.jp/znk-web/juminkanja/S2430/initialize?prefCd=17&kikanCd=553&kikanKbn=2", "url2": "https://www.craniofacialclinic.jp", "内容": "顔のクリニック金沢【2:診療所】【診療科目:形成外科_美容外科】石川県金沢市鞍月５－１５０" }, "geometry": { "type": "Point", "coordinates": [ 136.624151, 36.598692 ] } },
{ "type": "Feature", "properties": { "ID": 172554, "正式名称": "さいとう家族のクリニック", "機関区分": 2, "都道府県コード": 17, "市区町村コード": 201, "所在地": "石川県金沢市黒田一丁目１８８番地", "緯度": 36.563, "経度": 136.6115, "url": "https://www.iryou.teikyouseido.mhlw.go.jp/znk-web/juminkanja/S2430/initialize?prefCd=17&kikanCd=554&kikanKbn=2", "url2": "https://www.kazokunoclinic.com/consultation", "内容": "さいとう家族のクリニック【2:診療所】【診療科目:内科_呼吸器内科_アレルギー疾患内科_歯科_アレルギー科】石川県金沢市黒田一丁目１８８番地" }, "geometry": { "type": "Point", "coordinates": [ 136.6115, 36.563 ] } },
{ "type": "Feature", "properties": { "ID": 172555, "正式名称": "藤田内科リウマチ膠原病クリニック", "機関区分": 2, "都道府県コード": 17, "市区町村コード": 201, "所在地": "石川県金沢市直江西一丁目９９番地", "緯度": 36.61327, "経度": 136.63487, "url": "https://www.iryou.teikyouseido.mhlw.go.jp/znk-web/juminkanja/S2430/initialize?prefCd=17&kikanCd=555&kikanKbn=2", "url2": "https://fujitanaikaclinic.com/", "内容": "藤田内科リウマチ膠原病クリニック【2:診療所】【診療科目:内科_リウマチ科】石川県金沢市直江西一丁目９９番地" }, "geometry": { "type": "Point", "coordinates": [ 136.63487, 36.61327 ] } },
{ "type": "Feature", "properties": { "ID": 172556, "正式名称": "医療法人功起会　いのき内科・循環器内科クリニック", "機関区分": 2, "都道府県コード": 17, "市区町村コード": 203, "所在地": "石川県小松市矢崎町ネ４９番", "緯度": 36.36445, "経度": 136.43136, "url": "https://www.iryou.teikyouseido.mhlw.go.jp/znk-web/juminkanja/S2430/initialize?prefCd=17&kikanCd=556&kikanKbn=2", "url2": "https://www.inokiclinic.com/", "内容": "医療法人功起会　いのき内科・循環器内科クリニック【2:診療所】【診療科目:内科_呼吸器内科_循環器内科】石川県小松市矢崎町ネ４９番" }, "geometry": { "type": "Point", "coordinates": [ 136.43136, 36.36445 ] } },
{ "type": "Feature", "properties": { "ID": 172558, "正式名称": "メンタルクリニックくまぶん", "機関区分": 2, "都道府県コード": 17, "市区町村コード": 201, "所在地": "石川県金沢市本町２丁目１５番１号　ポルテ金沢３階", "緯度": 36.57658, "経度": 136.64975, "url": "https://www.iryou.teikyouseido.mhlw.go.jp/znk-web/juminkanja/S2430/initialize?prefCd=17&kikanCd=558&kikanKbn=2", "url2": "www.kumabunclinic.com", "内容": "メンタルクリニックくまぶん【2:診療所】【診療科目:精神科_心療内科】石川県金沢市本町２丁目１５番１号　ポルテ金沢３階" }, "geometry": { "type": "Point", "coordinates": [ 136.64975, 36.57658 ] } },
{ "type": "Feature", "properties": { "ID": 172560, "正式名称": "わせだ＠ホームクリニック", "機関区分": 2, "都道府県コード": 17, "市区町村コード": 201, "所在地": "石川県金沢市駅西本町２丁目５番２０号", "緯度": 36.581734, "経度": 136.636146, "url": "https://www.iryou.teikyouseido.mhlw.go.jp/znk-web/juminkanja/S2430/initialize?prefCd=17&kikanCd=560&kikanKbn=2", "url2": "https://waseda-athome.jp", "内容": "わせだ＠ホームクリニック【2:診療所】【診療科目:内科_消化器内科_肝臓内科_内視鏡内科_緩和ケア内科】石川県金沢市駅西本町２丁目５番２０号" }, "geometry": { "type": "Point", "coordinates": [ 136.636146, 36.581734 ] } },
{ "type": "Feature", "properties": { "ID": 172562, "正式名称": "えぐち内科", "機関区分": 2, "都道府県コード": 17, "市区町村コード": 201, "所在地": "石川県金沢市鳴和１－２０－１１", "緯度": 36.589185, "経度": 136.675883, "url": "https://www.iryou.teikyouseido.mhlw.go.jp/znk-web/juminkanja/S2430/initialize?prefCd=17&kikanCd=562&kikanKbn=2", "url2": "http://eguchi.clinic/", "内容": "えぐち内科【2:診療所】【診療科目:内科_脳神経内科】石川県金沢市鳴和１－２０－１１" }, "geometry": { "type": "Point", "coordinates": [ 136.675883, 36.589185 ] } },
{ "type": "Feature", "properties": { "ID": 172564, "正式名称": "アリシア　クリニック　金沢院", "機関区分": 2, "都道府県コード": 17, "市区町村コード": 201, "所在地": "石川県金沢市此花町３番２号　　ライブ１ビル２階", "緯度": 36.576885, "経度": 136.651373, "url": "https://www.iryou.teikyouseido.mhlw.go.jp/znk-web/juminkanja/S2430/initialize?prefCd=17&kikanCd=564&kikanKbn=2", "url2": "https://www.aletheia-clinic.com/", "内容": "アリシア　クリニック　金沢院【2:診療所】【診療科目:美容皮膚科】石川県金沢市此花町３番２号　　ライブ１ビル２階" }, "geometry": { "type": "Point", "coordinates": [ 136.651373, 36.576885 ] } },
{ "type": "Feature", "properties": { "ID": 172565, "正式名称": "ＴＣＢ　東京中央美容外科・ＴＣＢ　スキンクリニック　金沢院", "機関区分": 2, "都道府県コード": 17, "市区町村コード": 201, "所在地": "石川県金沢市堀川町４－１セントラルビル５階", "緯度": 36.579352, "経度": 136.651613, "url": "https://www.iryou.teikyouseido.mhlw.go.jp/znk-web/juminkanja/S2430/initialize?prefCd=17&kikanCd=565&kikanKbn=2", "url2": "https://aoki-tsuyoshi.com/clinic/kanazawa", "内容": "ＴＣＢ　東京中央美容外科・ＴＣＢ　スキンクリニック　金沢院【2:診療所】【診療科目:形成外科_美容外科_皮膚科_美容皮膚科】石川県金沢市堀川町４－１セントラルビル５階" }, "geometry": { "type": "Point", "coordinates": [ 136.651613, 36.579352 ] } },
{ "type": "Feature", "properties": { "ID": 172566, "正式名称": "つばきメンタルクリニック", "機関区分": 2, "都道府県コード": 17, "市区町村コード": 212, "所在地": "石川県野々市市粟田６－４５０", "緯度": 36.510178, "経度": 136.607925, "url": "https://www.iryou.teikyouseido.mhlw.go.jp/znk-web/juminkanja/S2430/initialize?prefCd=17&kikanCd=566&kikanKbn=2", "url2": "https://tsubakimc.jp/", "内容": "つばきメンタルクリニック【2:診療所】【診療科目:精神科_心療内科】石川県野々市市粟田６－４５０" }, "geometry": { "type": "Point", "coordinates": [ 136.607925, 36.510178 ] } },
{ "type": "Feature", "properties": { "ID": 172567, "正式名称": "酒井内科クリニック", "機関区分": 2, "都道府県コード": 17, "市区町村コード": 212, "所在地": "石川県野々市市三納三丁目１０９番地１", "緯度": 36.524127, "経度": 136.610417, "url": "https://www.iryou.teikyouseido.mhlw.go.jp/znk-web/juminkanja/S2430/initialize?prefCd=17&kikanCd=567&kikanKbn=2", "url2": "https://sakai-intmed.com", "内容": "酒井内科クリニック【2:診療所】【診療科目:内科_消化器内科】石川県野々市市三納三丁目１０９番地１" }, "geometry": { "type": "Point", "coordinates": [ 136.610417, 36.524127 ] } },
{ "type": "Feature", "properties": { "ID": 172569, "正式名称": "かみむらクリニック", "機関区分": 2, "都道府県コード": 17, "市区町村コード": 201, "所在地": "石川県金沢市南新保町ロ２８番地１", "緯度": 36.599409, "経度": 136.637763, "url": "https://www.iryou.teikyouseido.mhlw.go.jp/znk-web/juminkanja/S2430/initialize?prefCd=17&kikanCd=569&kikanKbn=2", "url2": "https://kamimura-clinic.jp/access/", "内容": "かみむらクリニック【2:診療所】【診療科目:内科_形成外科_美容外科_泌尿器科】石川県金沢市南新保町ロ２８番地１" }, "geometry": { "type": "Point", "coordinates": [ 136.637763, 36.599409 ] } },
{ "type": "Feature", "properties": { "ID": 172570, "正式名称": "エミナルクリニック金沢院", "機関区分": 2, "都道府県コード": 17, "市区町村コード": 201, "所在地": "石川県金沢市本町１丁目５番３号リファーレ２階", "緯度": 36.575662, "経度": 136.651882, "url": "https://www.iryou.teikyouseido.mhlw.go.jp/znk-web/juminkanja/S2430/initialize?prefCd=17&kikanCd=570&kikanKbn=2", "url2": null, "内容": "エミナルクリニック金沢院【2:診療所】【診療科目:美容皮膚科】石川県金沢市本町１丁目５番３号リファーレ２階" }, "geometry": { "type": "Point", "coordinates": [ 136.651882, 36.575662 ] } },
{ "type": "Feature", "properties": { "ID": 172773, "正式名称": "まきの皮ふ科", "機関区分": 2, "都道府県コード": 17, "市区町村コード": 361, "所在地": "石川県河北郡津幡町中須加ろ５２番地１", "緯度": 36.67158, "経度": 136.726046, "url": "https://www.iryou.teikyouseido.mhlw.go.jp/znk-web/juminkanja/S2430/initialize?prefCd=17&kikanCd=773&kikanKbn=2", "url2": null, "内容": "まきの皮ふ科【2:診療所】【診療科目:皮膚科】石川県河北郡津幡町中須加ろ５２番地１" }, "geometry": { "type": "Point", "coordinates": [ 136.726046, 36.67158 ] } },
{ "type": "Feature", "properties": { "ID": 172774, "正式名称": "ＡＧＡスキンクリニック金沢駅前院", "機関区分": 2, "都道府県コード": 17, "市区町村コード": 201, "所在地": "石川県金沢市本町１－７－２みやび・る１階１０４", "緯度": 36.575338, "経度": 136.653513, "url": "https://www.iryou.teikyouseido.mhlw.go.jp/znk-web/juminkanja/S2430/initialize?prefCd=17&kikanCd=774&kikanKbn=2", "url2": "https://www.agaskin.net/clinic/lk/", "内容": "ＡＧＡスキンクリニック金沢駅前院【2:診療所】【診療科目:美容皮膚科】石川県金沢市本町１－７－２みやび・る１階１０４" }, "geometry": { "type": "Point", "coordinates": [ 136.653513, 36.575338 ] } },
{ "type": "Feature", "properties": { "ID": 172775, "正式名称": "メンズライフクリニック金沢院", "機関区分": 2, "都道府県コード": 17, "市区町村コード": 201, "所在地": "石川県金沢市竪町１１０番地１ＥＰ金沢ビル２階Ｂ区画", "緯度": 36.558174, "経度": 136.654854, "url": "https://www.iryou.teikyouseido.mhlw.go.jp/znk-web/juminkanja/S2430/initialize?prefCd=17&kikanCd=775&kikanKbn=2", "url2": "https://www.mens-life-clinic.com/clinic/kanazawa/", "内容": "メンズライフクリニック金沢院【2:診療所】【診療科目:形成外科_皮膚科_泌尿器科_頭部皮膚科】石川県金沢市竪町１１０番地１ＥＰ金沢ビル２階Ｂ区画" }, "geometry": { "type": "Point", "coordinates": [ 136.654854, 36.558174 ] } },
{ "type": "Feature", "properties": { "ID": 172776, "正式名称": "医療法人社団生駒会　いこまともみレディースクリニック婦人科本院", "機関区分": 2, "都道府県コード": 17, "市区町村コード": 210, "所在地": "石川県白山市北安田西２丁目４１番", "緯度": 36.520164, "経度": 136.544726, "url": "https://www.iryou.teikyouseido.mhlw.go.jp/znk-web/juminkanja/S2430/initialize?prefCd=17&kikanCd=776&kikanKbn=2", "url2": "https://www.ikomatomomi-clinic.jp", "内容": "医療法人社団生駒会　いこまともみレディースクリニック婦人科本院【2:診療所】【診療科目:女性内科_産婦人科】石川県白山市北安田西２丁目４１番" }, "geometry": { "type": "Point", "coordinates": [ 136.544726, 36.520164 ] } },
{ "type": "Feature", "properties": { "ID": 172780, "正式名称": "医療法人社団たきの整形外科クリニック", "機関区分": 2, "都道府県コード": 17, "市区町村コード": 201, "所在地": "石川県金沢市疋田２丁目４６番地", "緯度": 36.603871, "経度": 136.673819, "url": "https://www.iryou.teikyouseido.mhlw.go.jp/znk-web/juminkanja/S2430/initialize?prefCd=17&kikanCd=780&kikanKbn=2", "url2": "takino-clinic.com", "内容": "医療法人社団たきの整形外科クリニック【2:診療所】【診療科目:整形外科_リハビリテーション科】石川県金沢市疋田２丁目４６番地" }, "geometry": { "type": "Point", "coordinates": [ 136.673819, 36.603871 ] } },
{ "type": "Feature", "properties": { "ID": 172782, "正式名称": "金澤なかでクリニック", "機関区分": 2, "都道府県コード": 17, "市区町村コード": 201, "所在地": "石川県金沢市近岡町２９４－７", "緯度": 36.609114, "経度": 136.631964, "url": "https://www.iryou.teikyouseido.mhlw.go.jp/znk-web/juminkanja/S2430/initialize?prefCd=17&kikanCd=782&kikanKbn=2", "url2": "https://kanazawa-jabez.jp/%e3%82%a2%e3%82%af%e3%82%bb%e3%82%b9", "内容": "金澤なかでクリニック【2:診療所】【診療科目:内科_糖尿病・内分泌内科_循環器内科_腎臓内科_形成外科_婦人科_皮膚科_泌尿器科】石川県金沢市近岡町２９４－７" }, "geometry": { "type": "Point", "coordinates": [ 136.631964, 36.609114 ] } },
{ "type": "Feature", "properties": { "ID": 172790, "正式名称": "耳鼻咽喉科つかたにクリニック", "機関区分": 2, "都道府県コード": 17, "市区町村コード": 212, "所在地": "石川県野々市市蓮花寺町４７街区１番", "緯度": 36.528032, "経度": 136.593674, "url": "https://www.iryou.teikyouseido.mhlw.go.jp/znk-web/juminkanja/S2430/initialize?prefCd=17&kikanCd=790&kikanKbn=2", "url2": "https://tsukatani-clinic.com/", "内容": "耳鼻咽喉科つかたにクリニック【2:診療所】【診療科目:小児耳鼻いんこう科_耳鼻いんこう科】石川県野々市市蓮花寺町４７街区１番" }, "geometry": { "type": "Point", "coordinates": [ 136.593674, 36.528032 ] } },
{ "type": "Feature", "properties": { "ID": 172791, "正式名称": "ことのハートクリニック", "機関区分": 2, "都道府県コード": 17, "市区町村コード": 203, "所在地": "石川県小松市北浅井町ち２７－５", "緯度": 36.388457, "経度": 136.457371, "url": "https://www.iryou.teikyouseido.mhlw.go.jp/znk-web/juminkanja/S2430/initialize?prefCd=17&kikanCd=791&kikanKbn=2", "url2": "https://kotono-heart-clinic.com/", "内容": "ことのハートクリニック【2:診療所】【診療科目:内科_循環器内科_小児科】石川県小松市北浅井町ち２７－５" }, "geometry": { "type": "Point", "coordinates": [ 136.457371, 36.388457 ] } },
{ "type": "Feature", "properties": { "ID": 172792, "正式名称": "きりの里診療所", "機関区分": 2, "都道府県コード": 17, "市区町村コード": 210, "所在地": "石川県白山市河内町きりの里６３－１", "緯度": 36.391272, "経度": 136.6172, "url": "https://www.iryou.teikyouseido.mhlw.go.jp/znk-web/juminkanja/S2430/initialize?prefCd=17&kikanCd=792&kikanKbn=2", "url2": "http://kirinosato.com", "内容": "きりの里診療所【2:診療所】【診療科目:内科_整形外科_リウマチ科】石川県白山市河内町きりの里６３－１" }, "geometry": { "type": "Point", "coordinates": [ 136.6172, 36.391272 ] } },
{ "type": "Feature", "properties": { "ID": 172796, "正式名称": "しばた眼科クリニック", "機関区分": 2, "都道府県コード": 17, "市区町村コード": 209, "所在地": "石川県かほく市高松ム６０番地１４", "緯度": 36.771515, "経度": 136.726112, "url": "https://www.iryou.teikyouseido.mhlw.go.jp/znk-web/juminkanja/S2430/initialize?prefCd=17&kikanCd=796&kikanKbn=2", "url2": "https://shibata-eye.clinic/", "内容": "しばた眼科クリニック【2:診療所】【診療科目:眼科】石川県かほく市高松ム６０番地１４" }, "geometry": { "type": "Point", "coordinates": [ 136.726112, 36.771515 ] } },
{ "type": "Feature", "properties": { "ID": 172798, "正式名称": "いこまともみレディースクリニック産科分院", "機関区分": 2, "都道府県コード": 17, "市区町村コード": 210, "所在地": "石川県白山市北安田西２丁目１６４番地", "緯度": 36.520726, "経度": 136.546599, "url": "https://www.iryou.teikyouseido.mhlw.go.jp/znk-web/juminkanja/S2430/initialize?prefCd=17&kikanCd=798&kikanKbn=2", "url2": "https://ikomatomomi-sanka-clinic.com/", "内容": "いこまともみレディースクリニック産科分院【2:診療所】【診療科目:産科】石川県白山市北安田西２丁目１６４番地" }, "geometry": { "type": "Point", "coordinates": [ 136.546599, 36.520726 ] } },
{ "type": "Feature", "properties": { "ID": 172800, "正式名称": "城北クリニック", "機関区分": 2, "都道府県コード": 17, "市区町村コード": 201, "所在地": "石川県金沢市京町２０－５０", "緯度": 36.582917, "経度": 136.656425, "url": "https://www.iryou.teikyouseido.mhlw.go.jp/znk-web/juminkanja/S2430/initialize?prefCd=17&kikanCd=800&kikanKbn=2", "url2": "http://jouhoku-clinic.com/", "内容": "城北クリニック【2:診療所】【診療科目:内科_神経内科】石川県金沢市京町２０－５０" }, "geometry": { "type": "Point", "coordinates": [ 136.656425, 36.582917 ] } },
{ "type": "Feature", "properties": { "ID": 172801, "正式名称": "医療法人社団誠美会　あだち腎透析・高血圧クリニック", "機関区分": 2, "都道府県コード": 17, "市区町村コード": 201, "所在地": "石川県金沢市戸板５丁目１４７番地", "緯度": 36.580612, "経度": 136.622528, "url": "https://www.iryou.teikyouseido.mhlw.go.jp/znk-web/juminkanja/S2430/initialize?prefCd=17&kikanCd=801&kikanKbn=2", "url2": "https://seibikai-adachi-clinic.com/", "内容": "医療法人社団誠美会　あだち腎透析・高血圧クリニック【2:診療所】【診療科目:内科_腎臓内科_人工透析内科】石川県金沢市戸板５丁目１４７番地" }, "geometry": { "type": "Point", "coordinates": [ 136.622528, 36.580612 ] } },
{ "type": "Feature", "properties": { "ID": 172812, "正式名称": "きのした内科・循環器内科クリニック", "機関区分": 2, "都道府県コード": 17, "市区町村コード": 201, "所在地": "石川県金沢市西金沢３－１９６－１", "緯度": 36.552508, "経度": 136.614065, "url": "https://www.iryou.teikyouseido.mhlw.go.jp/znk-web/juminkanja/S2430/initialize?prefCd=17&kikanCd=812&kikanKbn=2", "url2": "https://kinoshita-naika-kanazawa.jp/", "内容": "きのした内科・循環器内科クリニック【2:診療所】【診療科目:内科_循環器内科】石川県金沢市西金沢３－１９６－１" }, "geometry": { "type": "Point", "coordinates": [ 136.614065, 36.552508 ] } },
{ "type": "Feature", "properties": { "ID": 172815, "正式名称": "ののいちメディカルクリニック", "機関区分": 2, "都道府県コード": 17, "市区町村コード": 212, "所在地": "石川県野々市市矢作４丁目４２番地１の３", "緯度": 36.52375, "経度": 136.61432, "url": "https://www.iryou.teikyouseido.mhlw.go.jp/znk-web/juminkanja/S2430/initialize?prefCd=17&kikanCd=815&kikanKbn=2", "url2": null, "内容": "ののいちメディカルクリニック【2:診療所】【診療科目:内科_糖尿病内科_脳神経内科_循環器内科_消化器内科_腎臓内科_老年内科_女性内科_内視鏡内科_脳神経外科_整形外科】石川県野々市市矢作４丁目４２番地１の３" }, "geometry": { "type": "Point", "coordinates": [ 136.61432, 36.52375 ] } },
{ "type": "Feature", "properties": { "ID": 172816, "正式名称": "ｅクリニック金沢本院", "機関区分": 2, "都道府県コード": 17, "市区町村コード": 201, "所在地": "石川県金沢市広岡３丁目３−１１ＪＲ金沢駅西第四ＮＫビル　２Ｆ", "緯度": 36.57934, "経度": 136.64568, "url": "https://www.iryou.teikyouseido.mhlw.go.jp/znk-web/juminkanja/S2430/initialize?prefCd=17&kikanCd=816&kikanKbn=2", "url2": "https://eclinic-kanazawa.jp/", "内容": "ｅクリニック金沢本院【2:診療所】【診療科目:美容外科】石川県金沢市広岡３丁目３−１１ＪＲ金沢駅西第四ＮＫビル　２Ｆ" }, "geometry": { "type": "Point", "coordinates": [ 136.64568, 36.57934 ] } },
{ "type": "Feature", "properties": { "ID": 172817, "正式名称": "金沢駅前内科・糖尿病クリニック", "機関区分": 2, "都道府県コード": 17, "市区町村コード": 201, "所在地": "石川県金沢市本町２丁目１５番地１号ポルテ金沢地下１階", "緯度": 36.57634, "経度": 136.6494328, "url": "https://www.iryou.teikyouseido.mhlw.go.jp/znk-web/juminkanja/S2430/initialize?prefCd=17&kikanCd=817&kikanKbn=2", "url2": "https://kanazawa-naika.jp/access/", "内容": "金沢駅前内科・糖尿病クリニック【2:診療所】【診療科目:内科_糖尿病・内分泌内科】石川県金沢市本町２丁目１５番地１号ポルテ金沢地下１階" }, "geometry": { "type": "Point", "coordinates": [ 136.6494328, 36.57634 ] } },
{ "type": "Feature", "properties": { "ID": 172818, "正式名称": "せせらぎこどもクリニック", "機関区分": 2, "都道府県コード": 17, "市区町村コード": 203, "所在地": "石川県小松市白嶺町３丁目２８番地", "緯度": 36.388981, "経度": 136.451541, "url": "https://www.iryou.teikyouseido.mhlw.go.jp/znk-web/juminkanja/S2430/initialize?prefCd=17&kikanCd=818&kikanKbn=2", "url2": null, "内容": "せせらぎこどもクリニック【2:診療所】【診療科目:小児科】石川県小松市白嶺町３丁目２８番地" }, "geometry": { "type": "Point", "coordinates": [ 136.451541, 36.388981 ] } },
{ "type": "Feature", "properties": { "ID": 172820, "正式名称": "医療法人社団　健水会　にし内科・呼吸器クリニック", "機関区分": 2, "都道府県コード": 17, "市区町村コード": 201, "所在地": "石川県金沢市三社町１１番２０号", "緯度": 36.570871, "経度": 136.643575, "url": "https://www.iryou.teikyouseido.mhlw.go.jp/znk-web/juminkanja/S2430/initialize?prefCd=17&kikanCd=820&kikanKbn=2", "url2": "https://www.nishi-internal-medic.com/", "内容": "医療法人社団　健水会　にし内科・呼吸器クリニック【2:診療所】【診療科目:内科_呼吸器内科_アレルギー疾患内科】石川県金沢市三社町１１番２０号" }, "geometry": { "type": "Point", "coordinates": [ 136.643575, 36.570871 ] } },
{ "type": "Feature", "properties": { "ID": 172821, "正式名称": "いけぶち整形外科クリニック", "機関区分": 2, "都道府県コード": 17, "市区町村コード": 210, "所在地": "石川県白山市中成１丁目８８", "緯度": 36.527382, "経度": 136.557378, "url": "https://www.iryou.teikyouseido.mhlw.go.jp/znk-web/juminkanja/S2430/initialize?prefCd=17&kikanCd=821&kikanKbn=2", "url2": "https://ikebuchi.clinic", "内容": "いけぶち整形外科クリニック【2:診療所】【診療科目:整形外科_リウマチ科_リハビリテーション科】石川県白山市中成１丁目８８" }, "geometry": { "type": "Point", "coordinates": [ 136.557378, 36.527382 ] } },
{ "type": "Feature", "properties": { "ID": 172823, "正式名称": "野々市なずな診療所", "機関区分": 2, "都道府県コード": 17, "市区町村コード": 212, "所在地": "石川県野々市市藤平田１丁目２５６－１", "緯度": 36.520356, "経度": 136.606764, "url": "https://www.iryou.teikyouseido.mhlw.go.jp/znk-web/juminkanja/S2430/initialize?prefCd=17&kikanCd=823&kikanKbn=2", "url2": null, "内容": "野々市なずな診療所【2:診療所】【診療科目:内科_精神科】石川県野々市市藤平田１丁目２５６－１" }, "geometry": { "type": "Point", "coordinates": [ 136.606764, 36.520356 ] } },
{ "type": "Feature", "properties": { "ID": 172827, "正式名称": "医療法人社団　純正会　箱宮こどもクリニック", "機関区分": 2, "都道府県コード": 17, "市区町村コード": 206, "所在地": "石川県加賀市箱宮町ム１０８番地", "緯度": 36.32757, "経度": 136.41188, "url": "https://www.iryou.teikyouseido.mhlw.go.jp/znk-web/juminkanja/S2430/initialize?prefCd=17&kikanCd=827&kikanKbn=2", "url2": null, "内容": "医療法人社団　純正会　箱宮こどもクリニック【2:診療所】【診療科目:小児科_アレルギー科】石川県加賀市箱宮町ム１０８番地" }, "geometry": { "type": "Point", "coordinates": [ 136.41188, 36.32757 ] } },
{ "type": "Feature", "properties": { "ID": 172835, "正式名称": "おりた内科クリニック　おなかとカメラと糖尿病　金沢院", "機関区分": 2, "都道府県コード": 17, "市区町村コード": 212, "所在地": "石川県野々市市御経塚１丁目４４５番", "緯度": 36.543883, "経度": 136.595804, "url": "https://www.iryou.teikyouseido.mhlw.go.jp/znk-web/juminkanja/S2430/initialize?prefCd=17&kikanCd=835&kikanKbn=2", "url2": "https://orita-onakaclinic.com/", "内容": "おりた内科クリニック　おなかとカメラと糖尿病　金沢院【2:診療所】【診療科目:内科_糖尿病・内分泌内科_消化器内科_女性内科_内視鏡内科】石川県野々市市御経塚１丁目４４５番" }, "geometry": { "type": "Point", "coordinates": [ 136.595804, 36.543883 ] } },
{ "type": "Feature", "properties": { "ID": 172836, "正式名称": "医療法人社団健巧会　なつこクリニック", "機関区分": 2, "都道府県コード": 17, "市区町村コード": 201, "所在地": "石川県金沢市近岡町４２８－１　ＳＯＯＬ　ＢＵＩＬＤＩＮＧ　１階", "緯度": 36.610376, "経度": 136.631252, "url": "https://www.iryou.teikyouseido.mhlw.go.jp/znk-web/juminkanja/S2430/initialize?prefCd=17&kikanCd=836&kikanKbn=2", "url2": null, "内容": "医療法人社団健巧会　なつこクリニック【2:診療所】【診療科目:形成外科_小児皮膚科_皮膚科_美容皮膚科】石川県金沢市近岡町４２８－１　ＳＯＯＬ　ＢＵＩＬＤＩＮＧ　１階" }, "geometry": { "type": "Point", "coordinates": [ 136.631252, 36.610376 ] } },
{ "type": "Feature", "properties": { "ID": 172844, "正式名称": "医療法人社団蒼葉会　三納クリニック", "機関区分": 2, "都道府県コード": 17, "市区町村コード": 212, "所在地": "石川県野々市市三納２－１５４", "緯度": 36.522346, "経度": 136.6087, "url": "https://www.iryou.teikyouseido.mhlw.go.jp/znk-web/juminkanja/S2430/initialize?prefCd=17&kikanCd=844&kikanKbn=2", "url2": "http://sannocl.com", "内容": "医療法人社団蒼葉会　三納クリニック【2:診療所】【診療科目:内科_脳神経内科】石川県野々市市三納２－１５４" }, "geometry": { "type": "Point", "coordinates": [ 136.6087, 36.522346 ] } },
{ "type": "Feature", "properties": { "ID": 172847, "正式名称": "医療法人社団やながわ在宅クリニック", "機関区分": 2, "都道府県コード": 17, "市区町村コード": 201, "所在地": "石川県金沢市藤江北４丁目２７３", "緯度": 36.591199, "経度": 136.623257, "url": "https://www.iryou.teikyouseido.mhlw.go.jp/znk-web/juminkanja/S2430/initialize?prefCd=17&kikanCd=847&kikanKbn=2", "url2": "https://www.yanahaya.com", "内容": "医療法人社団やながわ在宅クリニック【2:診療所】【診療科目:内科】石川県金沢市藤江北４丁目２７３" }, "geometry": { "type": "Point", "coordinates": [ 136.623257, 36.591199 ] } },
{ "type": "Feature", "properties": { "ID": 172854, "正式名称": "おくやま内科クリニック", "機関区分": 2, "都道府県コード": 17, "市区町村コード": 361, "所在地": "石川県河北郡津幡町北中条２丁目３１番地", "緯度": 36.662161, "経度": 136.72726, "url": "https://www.iryou.teikyouseido.mhlw.go.jp/znk-web/juminkanja/S2430/initialize?prefCd=17&kikanCd=854&kikanKbn=2", "url2": "http://okuyamanaika-clinic.jp", "内容": "おくやま内科クリニック【2:診療所】【診療科目:内科_糖尿病内科_腎臓内科_女性内科】石川県河北郡津幡町北中条２丁目３１番地" }, "geometry": { "type": "Point", "coordinates": [ 136.72726, 36.662161 ] } },
{ "type": "Feature", "properties": { "ID": 172855, "正式名称": "だいとく内科糖尿病クリニック", "機関区分": 2, "都道府県コード": 17, "市区町村コード": 201, "所在地": "石川県金沢市畝田東２丁目５７０番地", "緯度": 36.594431, "経度": 136.617247, "url": "https://www.iryou.teikyouseido.mhlw.go.jp/znk-web/juminkanja/S2430/initialize?prefCd=17&kikanCd=855&kikanKbn=2", "url2": "https://www.daitoku-clinic.com/", "内容": "だいとく内科糖尿病クリニック【2:診療所】【診療科目:内科_糖尿病内科_内分泌内科】石川県金沢市畝田東２丁目５７０番地" }, "geometry": { "type": "Point", "coordinates": [ 136.617247, 36.594431 ] } },
{ "type": "Feature", "properties": { "ID": 172858, "正式名称": "白山ひかり眼科", "機関区分": 2, "都道府県コード": 17, "市区町村コード": 210, "所在地": "石川県白山市横江町５００１番地イオンモール白山３階", "緯度": 36.543191, "経度": 136.587473, "url": "https://www.iryou.teikyouseido.mhlw.go.jp/znk-web/juminkanja/S2430/initialize?prefCd=17&kikanCd=858&kikanKbn=2", "url2": "https://hakusan-hikariganka.com/", "内容": "白山ひかり眼科【2:診療所】【診療科目:眼科】石川県白山市横江町５００１番地イオンモール白山３階" }, "geometry": { "type": "Point", "coordinates": [ 136.587473, 36.543191 ] } },
{ "type": "Feature", "properties": { "ID": 172859, "正式名称": "医療法人社団生生会円山医院", "機関区分": 2, "都道府県コード": 17, "市区町村コード": 202, "所在地": "石川県七尾市府中町６８番地３", "緯度": 37.045781, "経度": 136.967947, "url": "https://www.iryou.teikyouseido.mhlw.go.jp/znk-web/juminkanja/S2430/initialize?prefCd=17&kikanCd=859&kikanKbn=2", "url2": "https://enyama.jp", "内容": "医療法人社団生生会円山医院【2:診療所】【診療科目:内科_糖尿病内科_内分泌内科_糖尿病・内分泌内科_循環器内科_消化器内科】石川県七尾市府中町６８番地３" }, "geometry": { "type": "Point", "coordinates": [ 136.967947, 37.045781 ] } },
{ "type": "Feature", "properties": { "ID": 172864, "正式名称": "かがやきクリニック", "機関区分": 2, "都道府県コード": 17, "市区町村コード": 201, "所在地": "石川県金沢市疋田１丁目２１３番地", "緯度": 36.602761, "経度": 136.673473, "url": "https://www.iryou.teikyouseido.mhlw.go.jp/znk-web/juminkanja/S2430/initialize?prefCd=17&kikanCd=864&kikanKbn=2", "url2": null, "内容": "かがやきクリニック【2:診療所】【診療科目:内科_消化器内科】石川県金沢市疋田１丁目２１３番地" }, "geometry": { "type": "Point", "coordinates": [ 136.673473, 36.602761 ] } },
{ "type": "Feature", "properties": { "ID": 172883, "正式名称": "ごちゃまるクリニック", "機関区分": 2, "都道府県コード": 17, "市区町村コード": 204, "所在地": "石川県輪島市河井町２３－１－１５０", "緯度": 37.392192, "経度": 136.902375, "url": "https://www.iryou.teikyouseido.mhlw.go.jp/znk-web/juminkanja/S2430/initialize?prefCd=17&kikanCd=883&kikanKbn=2", "url2": "https://gochamaru.com/", "内容": "ごちゃまるクリニック【2:診療所】【診療科目:内科_小児科】石川県輪島市河井町２３－１－１５０" }, "geometry": { "type": "Point", "coordinates": [ 136.902375, 37.392192 ] } },
{ "type": "Feature", "properties": { "ID": 172885, "正式名称": "ｅ－ｓｋｉｎ＆ｅ－ｃｌｉｎｉｃ金沢本院", "機関区分": 2, "都道府県コード": 17, "市区町村コード": 201, "所在地": "石川県金沢市広岡３丁目３－１１ＪＲ金沢駅西第四ＮＫビル２階", "緯度": 36.5807599, "経度": 136.6455324, "url": "https://www.iryou.teikyouseido.mhlw.go.jp/znk-web/juminkanja/S2430/initialize?prefCd=17&kikanCd=885&kikanKbn=2", "url2": "https://eclinic-kanazawa.jp/", "内容": "ｅ－ｓｋｉｎ＆ｅ－ｃｌｉｎｉｃ金沢本院【2:診療所】【診療科目:美容外科_美容皮膚科】石川県金沢市広岡３丁目３－１１ＪＲ金沢駅西第四ＮＫビル２階" }, "geometry": { "type": "Point", "coordinates": [ 136.6455324, 36.5807599 ] } },
{ "type": "Feature", "properties": { "ID": 172887, "正式名称": "ＡＢＣクリニック美容外科　金沢院", "機関区分": 2, "都道府県コード": 17, "市区町村コード": 201, "所在地": "石川県金沢市堀川新町２－４８サンファーストビル５Ｆ", "緯度": 36.579089, "経度": 136.650762, "url": "https://www.iryou.teikyouseido.mhlw.go.jp/znk-web/juminkanja/S2430/initialize?prefCd=17&kikanCd=887&kikanKbn=2", "url2": null, "内容": "ＡＢＣクリニック美容外科　金沢院【2:診療所】【診療科目:美容外科】石川県金沢市堀川新町２－４８サンファーストビル５Ｆ" }, "geometry": { "type": "Point", "coordinates": [ 136.650762, 36.579089 ] } }
]
}
