{
"type": "FeatureCollection",
"name": "geo_0_町丁目境界01",
"crs": { "type": "name", "properties": { "name": "urn:ogc:def:crs:EPSG::4612" } },
"features": [
{ "type": "Feature", "properties": { "CITY_NAME": "小松市", "S_NAME": "泉町", "JINKO": 487, "medical_area": "17_南加賀医療圏", "町丁目名": "小松市泉町" }, "geometry": { "type": "Polygon", "coordinates": [ [ [ 136.445773364256922, 36.415404845317191 ], [ 136.448752153841696, 36.415432724579794 ], [ 136.448728258723861, 36.414767543131923 ], [ 136.448576108488311, 36.414763412588975 ], [ 136.448563556502194, 36.414469465517485 ], [ 136.448773242757483, 36.414398118417161 ], [ 136.448788663049726, 36.413214621854721 ], [ 136.443447955641915, 36.413571971219625 ], [ 136.443156295236776, 36.412492129332634 ], [ 136.441787858768492, 36.412462420388707 ], [ 136.442104572926326, 36.413661259932788 ], [ 136.442094894570914, 36.414422547622948 ], [ 136.445773364256922, 36.415404845317191 ] ] ] } },
{ "type": "Feature", "properties": { "CITY_NAME": "小松市", "S_NAME": "浮城町", "JINKO": 187, "medical_area": "17_南加賀医療圏", "町丁目名": "小松市浮城町" }, "geometry": { "type": "Polygon", "coordinates": [ [ [ 136.441199650404968, 36.40969330754492 ], [ 136.444830479441322, 36.40955165229034 ], [ 136.444707354353682, 36.407928081300049 ], [ 136.441233692624792, 36.408158730434842 ], [ 136.441199650404968, 36.40969330754492 ] ] ] } },
{ "type": "Feature", "properties": { "CITY_NAME": "小松市", "S_NAME": "梅田町", "JINKO": 380, "medical_area": "17_南加賀医療圏", "町丁目名": "小松市梅田町" }, "geometry": { "type": "Polygon", "coordinates": [ [ [ 136.454764750503358, 36.419348815513153 ], [ 136.456187077311228, 36.419107679768238 ], [ 136.456889826193134, 36.419342063349674 ], [ 136.456648052314847, 36.418922691849055 ], [ 136.45749734411703, 36.418835016103294 ], [ 136.457433301909759, 36.418361694091395 ], [ 136.456735981855331, 36.418005337710284 ], [ 136.458085988725117, 36.41656822507835 ], [ 136.456525596836144, 36.415539805569345 ], [ 136.455691024301501, 36.416037944554517 ], [ 136.456135043699788, 36.416527147293394 ], [ 136.455209331706953, 36.4177373596482 ], [ 136.454785083991453, 36.417764365697089 ], [ 136.452972991342278, 36.417207351445349 ], [ 136.452949521707069, 36.418154313907763 ], [ 136.454783891570571, 36.418692664070399 ], [ 136.454764750503358, 36.419348815513153 ] ] ] } },
{ "type": "Feature", "properties": { "CITY_NAME": "小松市", "S_NAME": "大川町一丁目", "JINKO": 64, "medical_area": "17_南加賀医療圏", "町丁目名": "小松市大川町一丁目" }, "geometry": { "type": "Polygon", "coordinates": [ [ [ 136.453159223227885, 36.415813850854818 ], [ 136.453248549059509, 36.414804732432955 ], [ 136.452636246292684, 36.414768668878189 ], [ 136.452638229760481, 36.414551872412318 ], [ 136.452295637179105, 36.4145772870896 ], [ 136.452281385528494, 36.414383063726973 ], [ 136.451091607021368, 36.414447017418183 ], [ 136.450777023952128, 36.415783202244221 ], [ 136.453159223227885, 36.415813850854818 ] ] ] } },
{ "type": "Feature", "properties": { "CITY_NAME": "小松市", "S_NAME": "大川町二丁目", "JINKO": 137, "medical_area": "17_南加賀医療圏", "町丁目名": "小松市大川町二丁目" }, "geometry": { "type": "Polygon", "coordinates": [ [ [ 136.451796898550072, 36.414383360148761 ], [ 136.451775105569396, 36.414023466009972 ], [ 136.449970647551993, 36.413959199767838 ], [ 136.450012727621186, 36.413211910642403 ], [ 136.44981755628271, 36.413209379750143 ], [ 136.449806791844907, 36.413347692750072 ], [ 136.449570705735567, 36.413334709255608 ], [ 136.449687532249015, 36.414079593502677 ], [ 136.448762570165826, 36.414169106977425 ], [ 136.448576108488311, 36.414763412588975 ], [ 136.448728258723861, 36.414767543131923 ], [ 136.448752153841696, 36.415432724579794 ], [ 136.450777023952128, 36.415783202244221 ], [ 136.451091607021368, 36.414447017418162 ], [ 136.451796898550072, 36.414383360148761 ] ] ] } },
{ "type": "Feature", "properties": { "CITY_NAME": "小松市", "S_NAME": "大川町三丁目", "JINKO": 354, "medical_area": "17_南加賀医療圏", "町丁目名": "小松市大川町三丁目" }, "geometry": { "type": "Polygon", "coordinates": [ [ [ 136.452974647480715, 36.41454419739528 ], [ 136.453398966350875, 36.412362456279034 ], [ 136.452339352583095, 36.412389331885983 ], [ 136.452317525024569, 36.411999726148466 ], [ 136.451803020204324, 36.412002444435032 ], [ 136.451818108256134, 36.412409612437393 ], [ 136.451151628589287, 36.412426965708754 ], [ 136.451513972976471, 36.411580308105833 ], [ 136.450149956428959, 36.411735557221924 ], [ 136.450085980939662, 36.412807422439961 ], [ 136.449829188739329, 36.412805858991497 ], [ 136.44981755628271, 36.413209379750143 ], [ 136.450012727621186, 36.413211910642403 ], [ 136.449970647551993, 36.413959199767838 ], [ 136.451775105569396, 36.414023466009972 ], [ 136.451796898550072, 36.414383360148761 ], [ 136.452281385528494, 36.414383063726973 ], [ 136.452295637179105, 36.4145772870896 ], [ 136.452974647480715, 36.41454419739528 ] ] ] } },
{ "type": "Feature", "properties": { "CITY_NAME": "小松市", "S_NAME": "御宮町", "JINKO": 203, "medical_area": "17_南加賀医療圏", "町丁目名": "小松市御宮町" }, "geometry": { "type": "Polygon", "coordinates": [ [ [ 136.456449884865322, 36.406961156767153 ], [ 136.45622698573905, 36.4060710212459 ], [ 136.456867529177828, 36.405949424573912 ], [ 136.456689552676409, 36.405406116438712 ], [ 136.45294366442198, 36.405703426902818 ], [ 136.452960557393794, 36.406251395650877 ], [ 136.453809032585383, 36.406234004136572 ], [ 136.453814004945826, 36.406514408652527 ], [ 136.454275151499047, 36.40649900101792 ], [ 136.454292900008681, 36.406692079486859 ], [ 136.455097046227962, 36.406526320565156 ], [ 136.455222512088142, 36.406947554373666 ], [ 136.455469494080916, 36.406905291574013 ], [ 136.455533565682259, 36.407129274717249 ], [ 136.456449884865322, 36.406961156767153 ] ] ] } },
{ "type": "Feature", "properties": { "CITY_NAME": "小松市", "S_NAME": "上小松町", "JINKO": 592, "medical_area": "17_南加賀医療圏", "町丁目名": "小松市上小松町" }, "geometry": { "type": "Polygon", "coordinates": [ [ [ 136.466655385192439, 36.405491579159801 ], [ 136.463174919005297, 36.405094704212857 ], [ 136.462352268314788, 36.405393668701514 ], [ 136.462124658956725, 36.406807552928164 ], [ 136.462390501923494, 36.407107221048619 ], [ 136.462031267827655, 36.407238214356518 ], [ 136.46123823410494, 36.411878905436929 ], [ 136.460192803566173, 36.412076470085431 ], [ 136.460290012149215, 36.412481555203527 ], [ 136.460097585353822, 36.412519616247152 ], [ 136.459860429883577, 36.413860260338225 ], [ 136.463694697865179, 36.414460833505508 ], [ 136.465615923073017, 36.415091331071352 ], [ 136.465886080335167, 36.413164466900561 ], [ 136.466598042120665, 36.412345319024389 ], [ 136.46656239959583, 36.410312693076371 ], [ 136.466757876601804, 36.407636750005295 ], [ 136.466282060096319, 36.407587607754998 ], [ 136.466655385192439, 36.405491579159801 ] ] ] } },
{ "type": "Feature", "properties": { "CITY_NAME": "小松市", "S_NAME": "上牧町", "JINKO": 207, "medical_area": "17_南加賀医療圏", "町丁目名": "小松市上牧町" }, "geometry": { "type": "Polygon", "coordinates": [ [ [ 136.44985464309255, 36.423050070560933 ], [ 136.448640939565365, 36.420142083156435 ], [ 136.448430806298887, 36.416401357114268 ], [ 136.447242229191971, 36.416071335945936 ], [ 136.447002868429848, 36.41542961990217 ], [ 136.446141193766124, 36.415462107622901 ], [ 136.444929685152459, 36.415186971732126 ], [ 136.444733360429353, 36.415800999069944 ], [ 136.445036371504017, 36.416269064781311 ], [ 136.443731771868102, 36.417819202035723 ], [ 136.443907869484747, 36.418507033781268 ], [ 136.443996493536019, 36.420344001709338 ], [ 136.442618136852303, 36.420462221160463 ], [ 136.442033833602494, 36.420668445920541 ], [ 136.443247961031915, 36.422793810119771 ], [ 136.44434720919304, 36.422375499243472 ], [ 136.444098265260408, 36.421993825188487 ], [ 136.447118882907148, 36.42174637362789 ], [ 136.448259892150475, 36.422061458238261 ], [ 136.44985464309255, 36.423050070560933 ] ] ] } },
{ "type": "Feature", "properties": { "CITY_NAME": "小松市", "S_NAME": "京町", "JINKO": 105, "medical_area": "17_南加賀医療圏", "町丁目名": "小松市京町" }, "geometry": { "type": "Polygon", "coordinates": [ [ [ 136.44876265807369, 36.408546716736133 ], [ 136.449823046101386, 36.408638600707874 ], [ 136.449841862041154, 36.40833046273751 ], [ 136.449978603961739, 36.408332280588226 ], [ 136.450008901775874, 36.407916814275296 ], [ 136.449185292563897, 36.40787096765451 ], [ 136.449240405225908, 36.407371769687522 ], [ 136.449551241494532, 36.405908148184253 ], [ 136.45011237268838, 36.405751362631008 ], [ 136.447805308564824, 36.405686868656517 ], [ 136.447791558115227, 36.405940687860195 ], [ 136.447968909975572, 36.405944761233357 ], [ 136.447928456260854, 36.40632693586759 ], [ 136.448497828697384, 36.40633526493815 ], [ 136.448334847152296, 36.407996131673336 ], [ 136.448075562640895, 36.408243102073243 ], [ 136.44801991251947, 36.408634299125779 ], [ 136.448673524562224, 36.408664705677033 ], [ 136.44876265807369, 36.408546716736133 ] ] ] } },
{ "type": "Feature", "properties": { "CITY_NAME": "小松市", "S_NAME": "古城町", "JINKO": 191, "medical_area": "17_南加賀医療圏", "町丁目名": "小松市古城町" }, "geometry": { "type": "Polygon", "coordinates": [ [ [ 136.448788663049726, 36.413214621854721 ], [ 136.448938808973622, 36.411886906553853 ], [ 136.447863129739233, 36.41180476292697 ], [ 136.447610887477339, 36.41182501232425 ], [ 136.447627579504712, 36.412424712114984 ], [ 136.447436382685538, 36.413047500152238 ], [ 136.446780596093305, 36.412987142645086 ], [ 136.443407440474203, 36.41342711444878 ], [ 136.443447955641915, 36.413571971219625 ], [ 136.448788663049726, 36.413214621854721 ] ] ] } },
{ "type": "Feature", "properties": { "CITY_NAME": "小松市", "S_NAME": "小寺町", "JINKO": 525, "medical_area": "17_南加賀医療圏", "町丁目名": "小松市小寺町" }, "geometry": { "type": "Polygon", "coordinates": [ [ [ 136.457296555777418, 36.40989703062187 ], [ 136.456449884865322, 36.406961156767153 ], [ 136.455533565682259, 36.407129274717249 ], [ 136.455469494080859, 36.40690529157402 ], [ 136.455222512088142, 36.406947554373666 ], [ 136.455097046227934, 36.40652632056517 ], [ 136.454292900008681, 36.406692079486859 ], [ 136.454275151499047, 36.40649900101792 ], [ 136.453814004945826, 36.406514408652527 ], [ 136.453809032585383, 36.406234004136572 ], [ 136.452960557393794, 36.406251395650877 ], [ 136.453023777342736, 36.408172022697734 ], [ 136.453418085407463, 36.408170223150094 ], [ 136.45351675264655, 36.409201926367366 ], [ 136.453036081882772, 36.40921696558555 ], [ 136.45306665215918, 36.409888889591116 ], [ 136.454841284203439, 36.409869679037151 ], [ 136.455447944820094, 36.409713461538999 ], [ 136.455651126271164, 36.410195992849481 ], [ 136.457296555777418, 36.40989703062187 ] ] ] } },
{ "type": "Feature", "properties": { "CITY_NAME": "小松市", "S_NAME": "小馬出町", "JINKO": 209, "medical_area": "17_南加賀医療圏", "町丁目名": "小松市小馬出町" }, "geometry": { "type": "Polygon", "coordinates": [ [ [ 136.447027905623202, 36.408315976940095 ], [ 136.448186047852545, 36.408244304143743 ], [ 136.448210494850315, 36.407992240886273 ], [ 136.448334847152296, 36.407996131673293 ], [ 136.448497828697384, 36.406335264938107 ], [ 136.447378051585019, 36.406287707005298 ], [ 136.447288910404779, 36.407160139631181 ], [ 136.446642280398521, 36.406944179422354 ], [ 136.445101764404427, 36.407038219136354 ], [ 136.445169578365466, 36.407287327880162 ], [ 136.444986743978887, 36.407264175253054 ], [ 136.445112224386747, 36.40787553130059 ], [ 136.44470735435371, 36.407928081300049 ], [ 136.444830479441322, 36.409551652290325 ], [ 136.446867397662601, 36.40976671164659 ], [ 136.447027905623202, 36.408315976940095 ] ] ] } },
{ "type": "Feature", "properties": { "CITY_NAME": "小松市", "S_NAME": "細工町", "JINKO": 226, "medical_area": "17_南加賀医療圏", "町丁目名": "小松市細工町" }, "geometry": { "type": "Polygon", "coordinates": [ [ [ 136.453024286451324, 36.408116373158954 ], [ 136.45294366442198, 36.405703426902818 ], [ 136.450899373775968, 36.405902019303014 ], [ 136.450733931194037, 36.407988632719452 ], [ 136.451328307158974, 36.408202147428177 ], [ 136.451300794835902, 36.40841920350455 ], [ 136.451745461328898, 36.408449536516052 ], [ 136.451772555322265, 36.40812131230652 ], [ 136.453024286451324, 36.408116373158954 ] ] ] } },
{ "type": "Feature", "properties": { "CITY_NAME": "小松市", "S_NAME": "材木町", "JINKO": 103, "medical_area": "17_南加賀医療圏", "町丁目名": "小松市材木町" }, "geometry": { "type": "Polygon", "coordinates": [ [ [ 136.450701959338375, 36.408382793471183 ], [ 136.450909146297164, 36.405753038938386 ], [ 136.45011237268838, 36.405751362631008 ], [ 136.450207975117735, 36.405921578240402 ], [ 136.449978603961739, 36.408332280588226 ], [ 136.450701959338375, 36.408382793471183 ] ] ] } },
{ "type": "Feature", "properties": { "CITY_NAME": "小松市", "S_NAME": "下牧町", "JINKO": 0, "medical_area": "17_南加賀医療圏", "町丁目名": "小松市下牧町" }, "geometry": { "type": "Polygon", "coordinates": [ [ [ 136.443996493536019, 36.420344001709338 ], [ 136.443731771868102, 36.417819202035759 ], [ 136.445036371504017, 36.416269064781311 ], [ 136.444733360429353, 36.415800999069944 ], [ 136.444929685152459, 36.415186971732126 ], [ 136.442094894570914, 36.414422547622948 ], [ 136.442104572926326, 36.413661259932788 ], [ 136.441718393534217, 36.411645662573569 ], [ 136.441832567379379, 36.411198178458811 ], [ 136.440613632292099, 36.411187152378162 ], [ 136.440661515186235, 36.41053475369889 ], [ 136.44118597046895, 36.410452608838725 ], [ 136.441261765887731, 36.406389890801172 ], [ 136.440784460929564, 36.406401853878286 ], [ 136.440723466872868, 36.406830189240665 ], [ 136.428641620810197, 36.409189893327081 ], [ 136.428447626410502, 36.410434018343366 ], [ 136.426927766853652, 36.412780076355624 ], [ 136.426167609901597, 36.414703270597293 ], [ 136.42630516693481, 36.414959476453831 ], [ 136.426674538921532, 36.415030954295702 ], [ 136.428582684878364, 36.414233205384853 ], [ 136.430599285573919, 36.413985193812401 ], [ 136.430749504744483, 36.416004065834038 ], [ 136.431167528222545, 36.417421612057481 ], [ 136.437338713682124, 36.417312870695881 ], [ 136.437480126624394, 36.417566667110002 ], [ 136.438607152579181, 36.417341211528814 ], [ 136.439885960954115, 36.419437320892847 ], [ 136.441028501796524, 36.419011748830954 ], [ 136.442122162903701, 36.420631919825638 ], [ 136.443996493536019, 36.420344001709338 ] ] ] } },
{ "type": "Feature", "properties": { "CITY_NAME": "小松市", "S_NAME": "下牧町", "JINKO": 464, "medical_area": "17_南加賀医療圏", "町丁目名": "小松市下牧町" }, "geometry": { "type": "Polygon", "coordinates": [ [ [ 136.443811719512524, 36.424986080203084 ], [ 136.443895219131974, 36.424568210711115 ], [ 136.446107120161628, 36.424821579880103 ], [ 136.447437313542991, 36.424572920339571 ], [ 136.447236330603005, 36.42391456463676 ], [ 136.446149490918941, 36.42408241302217 ], [ 136.445572967597599, 36.423020359847285 ], [ 136.447118882907148, 36.421746373627926 ], [ 136.444098265260408, 36.421993825188487 ], [ 136.44434720919304, 36.4223754992435 ], [ 136.442118381659839, 36.4232215729781 ], [ 136.443063576822794, 36.424888393882803 ], [ 136.443811719512524, 36.424986080203084 ] ] ] } },
{ "type": "Feature", "properties": { "CITY_NAME": "小松市", "S_NAME": "下牧町（前川町）", "JINKO": 318, "medical_area": "17_南加賀医療圏", "町丁目名": "小松市下牧町（前川町）" }, "geometry": { "type": "Polygon", "coordinates": [ [ [ 136.426318454348376, 36.414265999667826 ], [ 136.426927766853652, 36.412780076355624 ], [ 136.42768879582394, 36.411671385527676 ], [ 136.424709582651417, 36.410887951174033 ], [ 136.424557149683807, 36.411336088472488 ], [ 136.420552003304806, 36.410832009622744 ], [ 136.419996910506399, 36.413152268979609 ], [ 136.421733090820993, 36.413594352157517 ], [ 136.42177032865979, 36.413462091025643 ], [ 136.423131760820411, 36.41370008906916 ], [ 136.423582848376327, 36.413998636254 ], [ 136.423794645815661, 36.413592731214855 ], [ 136.426318454348376, 36.414265999667826 ] ] ] } },
{ "type": "Feature", "properties": { "CITY_NAME": "小松市", "S_NAME": "新町", "JINKO": 481, "medical_area": "17_南加賀医療圏", "町丁目名": "小松市新町" }, "geometry": { "type": "Polygon", "coordinates": [ [ [ 136.451803020204324, 36.412002444435032 ], [ 136.452317525024569, 36.411999726148466 ], [ 136.452339352583095, 36.412389331885983 ], [ 136.453398966350875, 36.412362456279034 ], [ 136.453154076997521, 36.411340012627633 ], [ 136.453036081882772, 36.40921696558555 ], [ 136.452447673446102, 36.409230260056511 ], [ 136.452441071803918, 36.408823896340415 ], [ 136.451725402547083, 36.40876111985439 ], [ 136.451745461328898, 36.408449536516052 ], [ 136.451300794835902, 36.40841920350455 ], [ 136.451271589469485, 36.408982169395877 ], [ 136.451523750568924, 36.408998274294973 ], [ 136.451506767403487, 36.409211804437021 ], [ 136.451254471961192, 36.409210271757708 ], [ 136.451250344904565, 36.409579523606553 ], [ 136.451089956997123, 36.409603501326586 ], [ 136.451249715706581, 36.409648125623782 ], [ 136.45106755024679, 36.409736733849414 ], [ 136.45122174989973, 36.409853253431628 ], [ 136.45116276201307, 36.410177244005794 ], [ 136.451413069677272, 36.41019157985729 ], [ 136.451380572038403, 36.410624421754754 ], [ 136.451092126624673, 36.410617564488284 ], [ 136.45104385622048, 36.411558933956606 ], [ 136.451513972976471, 36.411580308105833 ], [ 136.451151628589287, 36.412426965708754 ], [ 136.451818108256134, 36.412409612437393 ], [ 136.451803020204324, 36.412002444435032 ] ] ] } },
{ "type": "Feature", "properties": { "CITY_NAME": "小松市", "S_NAME": "新鍛冶町", "JINKO": 69, "medical_area": "17_南加賀医療圏", "町丁目名": "小松市新鍛冶町" }, "geometry": { "type": "Polygon", "coordinates": [ [ [ 136.45351675264655, 36.409201926367366 ], [ 136.453418085407463, 36.408170223150094 ], [ 136.451772555322265, 36.40812131230652 ], [ 136.451725402547083, 36.408761119854383 ], [ 136.452441071803918, 36.408823896340373 ], [ 136.452447673446102, 36.409230260056511 ], [ 136.45351675264655, 36.409201926367366 ] ] ] } },
{ "type": "Feature", "properties": { "CITY_NAME": "小松市", "S_NAME": "新大工町", "JINKO": 19, "medical_area": "17_南加賀医療圏", "町丁目名": "小松市新大工町" }, "geometry": { "type": "Polygon", "coordinates": [ [ [ 136.44682188066659, 36.406482425023668 ], [ 136.446475507144129, 36.406525620791335 ], [ 136.446438066594396, 36.406783519817395 ], [ 136.445356837231401, 36.406832021264847 ], [ 136.445200624704995, 36.406878308078923 ], [ 136.445222656826871, 36.407020090461877 ], [ 136.446772032866477, 36.407041965497712 ], [ 136.44682188066659, 36.406482425023668 ] ] ] } },
{ "type": "Feature", "properties": { "CITY_NAME": "小松市", "S_NAME": "園町", "JINKO": 1014, "medical_area": "17_南加賀医療圏", "町丁目名": "小松市園町" }, "geometry": { "type": "Polygon", "coordinates": [ [ [ 136.457464299638701, 36.414529436542004 ], [ 136.458191561191967, 36.414127727217682 ], [ 136.459860429883577, 36.413860260338225 ], [ 136.460097585353822, 36.412519616247152 ], [ 136.460290012149215, 36.412481555203527 ], [ 136.460192803566173, 36.412076470085431 ], [ 136.46123823410494, 36.411878905436929 ], [ 136.462031267827655, 36.407238214356518 ], [ 136.462390501923494, 36.407107221048619 ], [ 136.462124658956725, 36.406807552928164 ], [ 136.462352268314788, 36.405393668701478 ], [ 136.463174919005297, 36.405094704212821 ], [ 136.466655385192439, 36.405491579159801 ], [ 136.469149152502297, 36.402366343393801 ], [ 136.463636068932828, 36.404386407464962 ], [ 136.460755849323505, 36.404817556196221 ], [ 136.460490508356429, 36.404367686182816 ], [ 136.456880355211695, 36.404946483266514 ], [ 136.456689552676409, 36.405406116438712 ], [ 136.456867529177828, 36.405949424573912 ], [ 136.45622698573905, 36.4060710212459 ], [ 136.457296555777418, 36.40989703062187 ], [ 136.455651126271164, 36.410195992849481 ], [ 136.455447944820094, 36.409713461538999 ], [ 136.454841284203439, 36.409869679037151 ], [ 136.45306665215918, 36.409888889591116 ], [ 136.453387174804874, 36.41256141682571 ], [ 136.45307416855627, 36.414354289085352 ], [ 136.45262920838266, 36.414661825290416 ], [ 136.452636246292684, 36.414768668878189 ], [ 136.453248549059509, 36.414804732432955 ], [ 136.453159223227885, 36.415813850854818 ], [ 136.455691024301501, 36.416037944554517 ], [ 136.456408438342351, 36.415653469492746 ], [ 136.457464299638701, 36.414529436542004 ] ] ] } },
{ "type": "Feature", "properties": { "CITY_NAME": "小松市", "S_NAME": "鷹匠町", "JINKO": 39, "medical_area": "17_南加賀医療圏", "町丁目名": "小松市鷹匠町" }, "geometry": { "type": "Polygon", "coordinates": [ [ [ 136.447378051585019, 36.406287707005312 ], [ 136.446857348247107, 36.406084098494603 ], [ 136.446770478252176, 36.407059405659552 ], [ 136.447288910404779, 36.407160139631181 ], [ 136.447378051585019, 36.406287707005312 ] ] ] } },
{ "type": "Feature", "properties": { "CITY_NAME": "小松市", "S_NAME": "地子町", "JINKO": 21, "medical_area": "17_南加賀医療圏", "町丁目名": "小松市地子町" }, "geometry": { "type": "Polygon", "coordinates": [ [ [ 136.44682188066659, 36.406482425023668 ], [ 136.446857348247107, 36.406084098494603 ], [ 136.447928456260854, 36.40632693586759 ], [ 136.447968909975572, 36.405944761233371 ], [ 136.447791558115227, 36.405940687860209 ], [ 136.447805308564824, 36.405686868656502 ], [ 136.446027092284396, 36.405739077662439 ], [ 136.446210951824895, 36.406070731150699 ], [ 136.446444547703919, 36.406081586148481 ], [ 136.446514440575839, 36.406525857789276 ], [ 136.44682188066659, 36.406482425023668 ] ] ] } },
{ "type": "Feature", "properties": { "CITY_NAME": "小松市", "S_NAME": "茶屋町", "JINKO": 118, "medical_area": "17_南加賀医療圏", "町丁目名": "小松市茶屋町" }, "geometry": { "type": "Polygon", "coordinates": [ [ [ 136.455352605681952, 36.417602556065006 ], [ 136.456135043699788, 36.416527147293394 ], [ 136.455691024301501, 36.416037944554517 ], [ 136.451202431499098, 36.415799832882648 ], [ 136.45112636192664, 36.416581135523934 ], [ 136.451801766225486, 36.416862731556918 ], [ 136.451790402059373, 36.417161809568341 ], [ 136.452972991342278, 36.417207351445349 ], [ 136.454785083991453, 36.417764365697089 ], [ 136.455352605681952, 36.417602556065006 ] ] ] } },
{ "type": "Feature", "properties": { "CITY_NAME": "小松市", "S_NAME": "天神町", "JINKO": 86, "medical_area": "17_南加賀医療圏", "町丁目名": "小松市天神町" }, "geometry": { "type": "Polygon", "coordinates": [ [ [ 136.449209715833859, 36.417851322949943 ], [ 136.450929678907329, 36.417956090760363 ], [ 136.450769827982072, 36.416743677994923 ], [ 136.450554753327452, 36.416537812074793 ], [ 136.45112636192664, 36.416581135523934 ], [ 136.451202431499098, 36.415799832882648 ], [ 136.448230084566063, 36.415379378087223 ], [ 136.447002868429848, 36.41542961990217 ], [ 136.447242229191971, 36.416071335945887 ], [ 136.448430806298887, 36.416401357114268 ], [ 136.448594955400182, 36.41801404762775 ], [ 136.449209715833859, 36.417851322949943 ] ] ] } },
{ "type": "Feature", "properties": { "CITY_NAME": "小松市", "S_NAME": "殿町一丁目", "JINKO": 239, "medical_area": "17_南加賀医療圏", "町丁目名": "小松市殿町一丁目" }, "geometry": { "type": "Polygon", "coordinates": [ [ [ 136.448801795943496, 36.41416934613045 ], [ 136.449687532249015, 36.414079593502677 ], [ 136.449570705735567, 36.413334709255608 ], [ 136.449806791844907, 36.413347692750072 ], [ 136.449829188739329, 36.412805858991497 ], [ 136.450085980939662, 36.412807422439961 ], [ 136.450210855939304, 36.411464170683999 ], [ 136.449003874420242, 36.411356879999047 ], [ 136.448801795943496, 36.41416934613045 ] ] ] } },
{ "type": "Feature", "properties": { "CITY_NAME": "小松市", "S_NAME": "殿町二丁目", "JINKO": 151, "medical_area": "17_南加賀医療圏", "町丁目名": "小松市殿町二丁目" }, "geometry": { "type": "Polygon", "coordinates": [ [ [ 136.450042870304287, 36.411305478811428 ], [ 136.450238592493918, 36.411236653294239 ], [ 136.450275330551676, 36.410879239898264 ], [ 136.450158964549416, 36.410869639012404 ], [ 136.450281010229077, 36.410823169395563 ], [ 136.450459415096702, 36.408913589754057 ], [ 136.450105579390197, 36.408904184647611 ], [ 136.45008498152211, 36.408657302461336 ], [ 136.449635499664566, 36.40862957395111 ], [ 136.449382190953884, 36.408700481055504 ], [ 136.449330081157711, 36.409254695663705 ], [ 136.448855745582165, 36.409234303095957 ], [ 136.44872240788203, 36.410591589920735 ], [ 136.448462631804375, 36.41056948273485 ], [ 136.44844057536514, 36.410902487996083 ], [ 136.449070941487861, 36.410960119858764 ], [ 136.449003874420242, 36.411356879999047 ], [ 136.450210855939304, 36.411464170683999 ], [ 136.450228292035121, 36.411321148322649 ], [ 136.450042870304287, 36.411305478811428 ] ] ] } },
{ "type": "Feature", "properties": { "CITY_NAME": "小松市", "S_NAME": "中町", "JINKO": 86, "medical_area": "17_南加賀医療圏", "町丁目名": "小松市中町" }, "geometry": { "type": "Polygon", "coordinates": [ [ [ 136.449551241494532, 36.405908148184253 ], [ 136.449185292563897, 36.407870967654482 ], [ 136.450008901775874, 36.407916814275296 ], [ 136.450207975117735, 36.405921578240388 ], [ 136.450111882208517, 36.405804759793298 ], [ 136.449551241494532, 36.405908148184253 ] ] ] } },
{ "type": "Feature", "properties": { "CITY_NAME": "小松市", "S_NAME": "浜田町", "JINKO": 386, "medical_area": "17_南加賀医療圏", "町丁目名": "小松市浜田町" }, "geometry": { "type": "Polygon", "coordinates": [ [ [ 136.444990415809201, 36.407286234917841 ], [ 136.445169578365466, 36.407287327880162 ], [ 136.445200624704995, 36.406878308078895 ], [ 136.446438066594453, 36.406783519817367 ], [ 136.446562882723725, 36.406340434000036 ], [ 136.446444547703919, 36.406081586148481 ], [ 136.446210951824895, 36.406070731150685 ], [ 136.446027092284396, 36.40573907766241 ], [ 136.444616226861115, 36.406268762259295 ], [ 136.442065723179979, 36.40621223229931 ], [ 136.441261765887731, 36.406389890801172 ], [ 136.441233692624792, 36.408158730434842 ], [ 136.445112224386747, 36.40787553130059 ], [ 136.444990415809201, 36.407286234917841 ] ] ] } },
{ "type": "Feature", "properties": { "CITY_NAME": "小松市", "S_NAME": "松任町", "JINKO": 188, "medical_area": "17_南加賀医療圏", "町丁目名": "小松市松任町" }, "geometry": { "type": "Polygon", "coordinates": [ [ [ 136.450149956428959, 36.411735557221924 ], [ 136.451043718755045, 36.411726004437895 ], [ 136.451092126624673, 36.410617564488284 ], [ 136.451380572038403, 36.410624421754754 ], [ 136.451413069677272, 36.41019157985729 ], [ 136.45116276201307, 36.410177244005794 ], [ 136.45122174989973, 36.409853253431628 ], [ 136.45106755024679, 36.409736733849414 ], [ 136.451241221802661, 36.409746301884432 ], [ 136.451089956997123, 36.409603501326586 ], [ 136.451250344904565, 36.409579523606553 ], [ 136.451254471961192, 36.409210271757708 ], [ 136.451506767403487, 36.409211804437021 ], [ 136.451523750568924, 36.408998274294973 ], [ 136.451271589469485, 36.408982169395877 ], [ 136.451328307158974, 36.408202147428177 ], [ 136.451015265996972, 36.408194964350955 ], [ 136.45103572513824, 36.408011023614876 ], [ 136.450733931194037, 36.407988632719452 ], [ 136.450701959338375, 36.408382793471155 ], [ 136.449841862041154, 36.40833046273751 ], [ 136.449823046101386, 36.408638600707874 ], [ 136.45008498152211, 36.408657302461336 ], [ 136.450105579390197, 36.408904184647611 ], [ 136.450459415096702, 36.408913589754057 ], [ 136.450281010229077, 36.410823169395563 ], [ 136.450158964549416, 36.410869639012404 ], [ 136.450275330551676, 36.410879239898264 ], [ 136.450238592493918, 36.411236653294239 ], [ 136.450042870304287, 36.411305478811428 ], [ 136.450228292035121, 36.411321148322649 ], [ 136.450149956428959, 36.411735557221924 ] ] ] } },
{ "type": "Feature", "properties": { "CITY_NAME": "小松市", "S_NAME": "丸の内町一丁目", "JINKO": 299, "medical_area": "17_南加賀医療圏", "町丁目名": "小松市丸の内町一丁目" }, "geometry": { "type": "Polygon", "coordinates": [ [ [ 136.443854383530265, 36.412271983093184 ], [ 136.445928379911663, 36.412233697341044 ], [ 136.446352524928102, 36.410934598019985 ], [ 136.446719990773005, 36.41096756436027 ], [ 136.446867397662601, 36.40976671164659 ], [ 136.444335147366104, 36.409467069705144 ], [ 136.444058360690747, 36.410567864527302 ], [ 136.444326143991702, 36.410618042203772 ], [ 136.443854383530265, 36.412271983093184 ] ] ] } },
{ "type": "Feature", "properties": { "CITY_NAME": "小松市", "S_NAME": "丸の内町二丁目", "JINKO": 379, "medical_area": "17_南加賀医療圏", "町丁目名": "小松市丸の内町二丁目" }, "geometry": { "type": "Polygon", "coordinates": [ [ [ 136.443854383530265, 36.412271983093184 ], [ 136.444326143991702, 36.410618042203772 ], [ 136.444058360690747, 36.410567864527302 ], [ 136.444335147366104, 36.409467069705144 ], [ 136.441199650404968, 36.40969330754492 ], [ 136.44118597046895, 36.410452608838725 ], [ 136.440661515186235, 36.41053475369889 ], [ 136.440613632292099, 36.411187152378162 ], [ 136.441832567379379, 36.411198178458811 ], [ 136.441787858768492, 36.412462420388707 ], [ 136.443156295236776, 36.412492129332634 ], [ 136.443113359919778, 36.412303042454219 ], [ 136.443854383530265, 36.412271983093184 ] ] ] } },
{ "type": "Feature", "properties": { "CITY_NAME": "小松市", "S_NAME": "丸の内公園町", "JINKO": 17, "medical_area": "17_南加賀医療圏", "町丁目名": "小松市丸の内公園町" }, "geometry": { "type": "Polygon", "coordinates": [ [ [ 136.446780596093305, 36.412987142645086 ], [ 136.447436382685538, 36.413047500152238 ], [ 136.447627579504683, 36.412424712114984 ], [ 136.44761088747731, 36.41182501232425 ], [ 136.448938808973622, 36.411886906553853 ], [ 136.449070941487861, 36.410960119858764 ], [ 136.44844057536514, 36.410902487996083 ], [ 136.448462631804375, 36.41056948273485 ], [ 136.44872240788203, 36.410591589920763 ], [ 136.448855745582165, 36.409234303095978 ], [ 136.449330081157711, 36.409254695663705 ], [ 136.44938476913228, 36.408673062733577 ], [ 136.44876265807369, 36.408546716736119 ], [ 136.448673524562224, 36.408664705677033 ], [ 136.44801991251947, 36.408634299125779 ], [ 136.448075562640895, 36.408243102073243 ], [ 136.447027905623202, 36.408315976940095 ], [ 136.446719990773005, 36.41096756436027 ], [ 136.446352524928102, 36.410934598019985 ], [ 136.445928379911663, 36.412233697341044 ], [ 136.443113359919778, 36.412303042454219 ], [ 136.443407440474175, 36.41342711444878 ], [ 136.446780596093305, 36.412987142645086 ] ] ] } },
{ "type": "Feature", "properties": { "CITY_NAME": "小松市", "S_NAME": "美原町", "JINKO": 148, "medical_area": "17_南加賀医療圏", "町丁目名": "小松市美原町" }, "geometry": { "type": "Polygon", "coordinates": [ [ [ 136.457621887856362, 36.421537231892003 ], [ 136.457056431723288, 36.419405443676744 ], [ 136.456187077311228, 36.419107679768238 ], [ 136.455389707358648, 36.419242867199955 ], [ 136.455650505693768, 36.420097770806365 ], [ 136.455846348914491, 36.420074135004107 ], [ 136.456287074038357, 36.421774130612512 ], [ 136.457621887856362, 36.421537231892003 ] ] ] } },
{ "type": "Feature", "properties": { "CITY_NAME": "小松市", "S_NAME": "相生町", "JINKO": 139, "medical_area": "17_南加賀医療圏", "町丁目名": "小松市相生町" }, "geometry": { "type": "Polygon", "coordinates": [ [ [ 136.446807726866581, 36.400274323286006 ], [ 136.446679237716353, 36.39985172769952 ], [ 136.446468608542176, 36.399888216541186 ], [ 136.446144662885132, 36.399118157750507 ], [ 136.445920332352983, 36.399162447307937 ], [ 136.445596758044672, 36.398376726246646 ], [ 136.444228902614753, 36.398884570485762 ], [ 136.445438033580842, 36.400577652159448 ], [ 136.446807726866581, 36.400274323286006 ] ] ] } },
{ "type": "Feature", "properties": { "CITY_NAME": "小松市", "S_NAME": "旭町", "JINKO": 126, "medical_area": "17_南加賀医療圏", "町丁目名": "小松市旭町" }, "geometry": { "type": "Polygon", "coordinates": [ [ [ 136.449590939742592, 36.398018202628215 ], [ 136.449562220888737, 36.39518510155073 ], [ 136.449059318350976, 36.395187342536772 ], [ 136.448869393883257, 36.395308962142252 ], [ 136.449059347475071, 36.396322468164414 ], [ 136.448579959008157, 36.396353386976777 ], [ 136.448695605715727, 36.39684256251401 ], [ 136.448863259017912, 36.396882906726027 ], [ 136.44873822070906, 36.396901026463865 ], [ 136.448805676539848, 36.39730719771778 ], [ 136.448973104773756, 36.397363667207578 ], [ 136.448877789062124, 36.397616876137867 ], [ 136.449285613792739, 36.397779618368915 ], [ 136.449369826542863, 36.39802059486162 ], [ 136.449590939742592, 36.398018202628215 ] ] ] } },
{ "type": "Feature", "properties": { "CITY_NAME": "小松市", "S_NAME": "芦田町一丁目", "JINKO": 83, "medical_area": "17_南加賀医療圏", "町丁目名": "小松市芦田町一丁目" }, "geometry": { "type": "Polygon", "coordinates": [ [ [ 136.445024067442972, 36.406063603523364 ], [ 136.444382826141634, 36.404345557204692 ], [ 136.444133003620692, 36.404403836487305 ], [ 136.444003136003744, 36.404046495358727 ], [ 136.443537453199042, 36.404159390075279 ], [ 136.444285342118349, 36.406247840167417 ], [ 136.444616226861115, 36.406268762259295 ], [ 136.445024067442972, 36.406063603523364 ] ] ] } },
{ "type": "Feature", "properties": { "CITY_NAME": "小松市", "S_NAME": "芦田町二丁目", "JINKO": 170, "medical_area": "17_南加賀医療圏", "町丁目名": "小松市芦田町二丁目" }, "geometry": { "type": "Polygon", "coordinates": [ [ [ 136.441890188781258, 36.40624266065123 ], [ 136.444285342118349, 36.406247840167417 ], [ 136.443434924420671, 36.403878601432275 ], [ 136.441303098147017, 36.404365891504781 ], [ 136.441261765887731, 36.406389890801172 ], [ 136.441890188781258, 36.40624266065123 ] ] ] } },
{ "type": "Feature", "properties": { "CITY_NAME": "小松市", "S_NAME": "飴屋町", "JINKO": 37, "medical_area": "17_南加賀医療圏", "町丁目名": "小松市飴屋町" }, "geometry": { "type": "Polygon", "coordinates": [ [ [ 136.450766404713733, 36.399588133826917 ], [ 136.449545812429022, 36.399674222367985 ], [ 136.44955090699554, 36.400248103439324 ], [ 136.44988574173621, 36.400273334563771 ], [ 136.449881556068078, 36.400420909339047 ], [ 136.450104531781449, 36.40050257933563 ], [ 136.450707118410662, 36.40051592845434 ], [ 136.450766404713733, 36.399588133826917 ] ] ] } },
{ "type": "Feature", "properties": { "CITY_NAME": "小松市", "S_NAME": "有明町", "JINKO": 128, "medical_area": "17_南加賀医療圏", "町丁目名": "小松市有明町" }, "geometry": { "type": "Polygon", "coordinates": [ [ [ 136.46050344695999, 36.401623393615814 ], [ 136.459610052897432, 36.398859156945285 ], [ 136.457851120255441, 36.39914378522576 ], [ 136.456517551784714, 36.396077282154359 ], [ 136.45529265613493, 36.396140711609128 ], [ 136.458822274163367, 36.401735388004447 ], [ 136.46050344695999, 36.401623393615814 ] ] ] } },
{ "type": "Feature", "properties": { "CITY_NAME": "小松市", "S_NAME": "育成町", "JINKO": 404, "medical_area": "17_南加賀医療圏", "町丁目名": "小松市育成町" }, "geometry": { "type": "Polygon", "coordinates": [ [ [ 136.427687656805659, 36.405804512446174 ], [ 136.436774492095083, 36.40403189778597 ], [ 136.43690584724294, 36.404454870539134 ], [ 136.441182826607644, 36.403633472706289 ], [ 136.440189075155246, 36.402382320517205 ], [ 136.439157087995142, 36.401751130943758 ], [ 136.43814880725057, 36.400872964447721 ], [ 136.437066234207094, 36.400383832481161 ], [ 136.437214938554831, 36.400329167218402 ], [ 136.436594134606423, 36.400210443181571 ], [ 136.435027240183956, 36.400506694753823 ], [ 136.432888128798339, 36.40145727400354 ], [ 136.432016325128984, 36.401565576584865 ], [ 136.431264945326745, 36.401500973687078 ], [ 136.429662116238177, 36.399878257914857 ], [ 136.428879350241061, 36.400933716990714 ], [ 136.428172893304378, 36.402638934315696 ], [ 136.426921800796293, 36.403982925169565 ], [ 136.426695924094133, 36.40445451034612 ], [ 136.42704949656698, 36.405305332741236 ], [ 136.427687656805659, 36.405804512446174 ] ] ] } },
{ "type": "Feature", "properties": { "CITY_NAME": "小松市", "S_NAME": "上寺町", "JINKO": 80, "medical_area": "17_南加賀医療圏", "町丁目名": "小松市上寺町" }, "geometry": { "type": "Polygon", "coordinates": [ [ [ 136.446962283219335, 36.401619133266053 ], [ 136.447169117061179, 36.400574007417688 ], [ 136.447028213882476, 36.400226876482499 ], [ 136.445672646822487, 36.400472034763332 ], [ 136.445724374219935, 36.400774551020632 ], [ 136.446542925399939, 36.400697694251946 ], [ 136.446650685766514, 36.400836864971502 ], [ 136.446547479847965, 36.401681449275578 ], [ 136.446962283219335, 36.401619133266053 ] ] ] } },
{ "type": "Feature", "properties": { "CITY_NAME": "小松市", "S_NAME": "上本折町", "JINKO": 412, "medical_area": "17_南加賀医療圏", "町丁目名": "小松市上本折町" }, "geometry": { "type": "Polygon", "coordinates": [ [ [ 136.449059347475071, 36.396322468164414 ], [ 136.448869393883257, 36.395308962142252 ], [ 136.449059318350976, 36.395187342536794 ], [ 136.451124883902907, 36.395008907847419 ], [ 136.450177939884554, 36.393507319340721 ], [ 136.449099033845641, 36.393913244376847 ], [ 136.447267979601946, 36.393705814145278 ], [ 136.446787440065464, 36.393982182073501 ], [ 136.446647816351572, 36.395406103827661 ], [ 136.446145713017444, 36.396135370430407 ], [ 136.446337636537521, 36.396723657108716 ], [ 136.449059347475071, 36.396322468164414 ] ] ] } },
{ "type": "Feature", "properties": { "CITY_NAME": "小松市", "S_NAME": "栄町", "JINKO": 109, "medical_area": "17_南加賀医療圏", "町丁目名": "小松市栄町" }, "geometry": { "type": "Polygon", "coordinates": [ [ [ 136.447938913660352, 36.39999495647988 ], [ 136.447508476750158, 36.398822428381266 ], [ 136.446144662885132, 36.399118157750507 ], [ 136.446468608542176, 36.399888216541186 ], [ 136.446679237716353, 36.39985172769952 ], [ 136.446807726866581, 36.400274323286006 ], [ 136.447938913660352, 36.39999495647988 ] ] ] } },
{ "type": "Feature", "properties": { "CITY_NAME": "小松市", "S_NAME": "桜木町", "JINKO": 387, "medical_area": "17_南加賀医療圏", "町丁目名": "小松市桜木町" }, "geometry": { "type": "Polygon", "coordinates": [ [ [ 136.438644659784927, 36.406456011106243 ], [ 136.440638293546158, 36.406089148465043 ], [ 136.440784460929564, 36.406401853878286 ], [ 136.441261765887731, 36.406389890801172 ], [ 136.441309817359297, 36.404570694781704 ], [ 136.441182826607644, 36.403633472706289 ], [ 136.437992343472814, 36.404249870120069 ], [ 136.438644659784927, 36.406456011106243 ] ] ] } },
{ "type": "Feature", "properties": { "CITY_NAME": "小松市", "S_NAME": "清水町", "JINKO": 56, "medical_area": "17_南加賀医療圏", "町丁目名": "小松市清水町" }, "geometry": { "type": "Polygon", "coordinates": [ [ [ 136.447938913660352, 36.39999495647988 ], [ 136.44882415454768, 36.399770161137909 ], [ 136.448820144765307, 36.399348919122424 ], [ 136.44840909222151, 36.399400665608844 ], [ 136.448147428072559, 36.398665165397141 ], [ 136.447896469264009, 36.398697148715399 ], [ 136.447840184764544, 36.398377709832353 ], [ 136.44747658822692, 36.398426538407058 ], [ 136.447938913660352, 36.39999495647988 ] ] ] } },
{ "type": "Feature", "properties": { "CITY_NAME": "小松市", "S_NAME": "城南町", "JINKO": 179, "medical_area": "17_南加賀医療圏", "町丁目名": "小松市城南町" }, "geometry": { "type": "Polygon", "coordinates": [ [ [ 136.440723466872868, 36.406830189240665 ], [ 136.440638293546101, 36.406089148465043 ], [ 136.438644659784927, 36.406456011106243 ], [ 136.437992343472814, 36.404249870120069 ], [ 136.43690584724294, 36.404454870539134 ], [ 136.436774492095083, 36.40403189778597 ], [ 136.427687656805659, 36.405804512446174 ], [ 136.428552517992216, 36.406528236013926 ], [ 136.428675873381309, 36.406922299303574 ], [ 136.428641620810197, 36.409189893327081 ], [ 136.440723466872868, 36.406830189240665 ] ] ] } },
{ "type": "Feature", "properties": { "CITY_NAME": "小松市", "S_NAME": "末広町", "JINKO": 517, "medical_area": "17_南加賀医療圏", "町丁目名": "小松市末広町" }, "geometry": { "type": "Polygon", "coordinates": [ [ [ 136.445438033580842, 36.400577652159448 ], [ 136.444228902614753, 36.398884570485734 ], [ 136.443737713847497, 36.399083870772877 ], [ 136.44347121289789, 36.398697356232262 ], [ 136.439488641931746, 36.400440492104693 ], [ 136.439215953164165, 36.400032741741114 ], [ 136.438191775464617, 36.400445116563162 ], [ 136.437615912020874, 36.400181859466898 ], [ 136.437066234207094, 36.400383832481161 ], [ 136.438396451257802, 36.401047607143198 ], [ 136.439157087995142, 36.401751130943758 ], [ 136.440189075155246, 36.402382320517205 ], [ 136.440982986984153, 36.403243524693458 ], [ 136.445584934912205, 36.402169807446604 ], [ 136.445273994812453, 36.400642688046645 ], [ 136.445438033580842, 36.400577652159448 ] ] ] } },
{ "type": "Feature", "properties": { "CITY_NAME": "小松市", "S_NAME": "大文字町", "JINKO": 194, "medical_area": "17_南加賀医療圏", "町丁目名": "小松市大文字町" }, "geometry": { "type": "Polygon", "coordinates": [ [ [ 136.448201934330399, 36.404925996574782 ], [ 136.448403651024336, 36.400921866612073 ], [ 136.448513946985685, 36.400923345244998 ], [ 136.448400255043822, 36.400318587770322 ], [ 136.448654747904868, 36.400296210091931 ], [ 136.448546247186783, 36.399838838537157 ], [ 136.447710087320246, 36.400053828174464 ], [ 136.447849302671898, 36.400428791481197 ], [ 136.447665610859445, 36.400474128889577 ], [ 136.447458227034701, 36.404908893335858 ], [ 136.448201934330399, 36.404925996574782 ] ] ] } },
{ "type": "Feature", "properties": { "CITY_NAME": "小松市", "S_NAME": "宝町", "JINKO": 151, "medical_area": "17_南加賀医療圏", "町丁目名": "小松市宝町" }, "geometry": { "type": "Polygon", "coordinates": [ [ [ 136.467288522613757, 36.403098286360958 ], [ 136.463906561901581, 36.403821198776008 ], [ 136.463662427931638, 36.401459658373987 ], [ 136.458822274163367, 36.401735388004447 ], [ 136.460755849323476, 36.404817556196235 ], [ 136.464076738320216, 36.404283347775099 ], [ 136.467288522613757, 36.403098286360958 ] ] ] } },
{ "type": "Feature", "properties": { "CITY_NAME": "小松市", "S_NAME": "寺町", "JINKO": 147, "medical_area": "17_南加賀医療圏", "町丁目名": "小松市寺町" }, "geometry": { "type": "Polygon", "coordinates": [ [ [ 136.446668335252156, 36.405465952857497 ], [ 136.446702205729395, 36.404957789967334 ], [ 136.447458488276766, 36.404880557836591 ], [ 136.447650547287452, 36.401667790939939 ], [ 136.447036887399406, 36.401610469495765 ], [ 136.445938626007859, 36.40182255840277 ], [ 136.446091454004801, 36.402566369973322 ], [ 136.44683573099644, 36.402517397014904 ], [ 136.446848544130461, 36.403077460443235 ], [ 136.446624246937972, 36.403099819162207 ], [ 136.446639119976368, 36.403489738434693 ], [ 136.445219393141599, 36.403751616846669 ], [ 136.44529007611419, 36.404363660326119 ], [ 136.445824198687916, 36.405775611890874 ], [ 136.446108112869894, 36.405732776889039 ], [ 136.44608318606862, 36.4055694342333 ], [ 136.446668335252156, 36.405465952857497 ] ] ] } },
{ "type": "Feature", "properties": { "CITY_NAME": "小松市", "S_NAME": "土居原町第一", "JINKO": 69, "medical_area": "17_南加賀医療圏", "町丁目名": "小松市土居原町第一" }, "geometry": { "type": "Polygon", "coordinates": [ [ [ 136.451476498252248, 36.404717671184343 ], [ 136.451558074316807, 36.404379991016057 ], [ 136.451069406701322, 36.404358369698649 ], [ 136.450929646889534, 36.40471326120413 ], [ 136.450899373775968, 36.405902019303014 ], [ 136.45294366442198, 36.405703426902818 ], [ 136.452917767995274, 36.404739960198299 ], [ 136.451476498252248, 36.404717671184343 ] ] ] } },
{ "type": "Feature", "properties": { "CITY_NAME": "小松市", "S_NAME": "土居原町第二", "JINKO": 239, "medical_area": "17_南加賀医療圏", "町丁目名": "小松市土居原町第二" }, "geometry": { "type": "Polygon", "coordinates": [ [ [ 136.452917767995274, 36.404739960198299 ], [ 136.452895133575936, 36.403610402204912 ], [ 136.451681565547176, 36.403579288005083 ], [ 136.45171621899064, 36.403096047767555 ], [ 136.451024160001793, 36.402995362566934 ], [ 136.451059404626932, 36.403350261412541 ], [ 136.450608612515424, 36.403397297502359 ], [ 136.450547456099088, 36.404708051929632 ], [ 136.45099493628706, 36.40471414940945 ], [ 136.451069406701322, 36.404358369698649 ], [ 136.451558074316807, 36.404379991016057 ], [ 136.451476498252248, 36.404717671184343 ], [ 136.452917767995274, 36.404739960198299 ] ] ] } },
{ "type": "Feature", "properties": { "CITY_NAME": "小松市", "S_NAME": "土居原町第三", "JINKO": 41, "medical_area": "17_南加賀医療圏", "町丁目名": "小松市土居原町第三" }, "geometry": { "type": "Polygon", "coordinates": [ [ [ 136.452895133575936, 36.403610402204912 ], [ 136.452670615228158, 36.400207489630667 ], [ 136.452165634415792, 36.400229673167978 ], [ 136.452140237257765, 36.400420805971564 ], [ 136.451558125015083, 36.400586001699764 ], [ 136.451403829323198, 36.401272521550808 ], [ 136.451513543443497, 36.40170934707826 ], [ 136.451313200256607, 36.401880709080757 ], [ 136.451072959438847, 36.401731907529403 ], [ 136.451018813092134, 36.402063197286601 ], [ 136.450699581693328, 36.402083365268879 ], [ 136.450706032789981, 36.402220302603475 ], [ 136.451020912080736, 36.402300010481703 ], [ 136.451024160001793, 36.402995362566934 ], [ 136.45171621899064, 36.403096047767555 ], [ 136.451681565547176, 36.403579288005083 ], [ 136.452895133575936, 36.403610402204912 ] ] ] } },
{ "type": "Feature", "properties": { "CITY_NAME": "小松市", "S_NAME": "土居原町第四", "JINKO": 97, "medical_area": "17_南加賀医療圏", "町丁目名": "小松市土居原町第四" }, "geometry": { "type": "Polygon", "coordinates": [ [ [ 136.451018813092134, 36.402063197286601 ], [ 136.451072959438847, 36.401731907529403 ], [ 136.451313200256607, 36.401880709080757 ], [ 136.451513543443497, 36.40170934707826 ], [ 136.451462748793261, 36.400804276812188 ], [ 136.451558125015083, 36.400586001699764 ], [ 136.451831808047956, 36.400593432084918 ], [ 136.451836319719064, 36.400409846706822 ], [ 136.451650041405287, 36.400402628602052 ], [ 136.451343357464509, 36.399871199720394 ], [ 136.450766404713733, 36.399588133826917 ], [ 136.45059729732381, 36.402081583783179 ], [ 136.451018813092134, 36.402063197286601 ] ] ] } },
{ "type": "Feature", "properties": { "CITY_NAME": "小松市", "S_NAME": "土居原町第五", "JINKO": 44, "medical_area": "17_南加賀医療圏", "町丁目名": "小松市土居原町第五" }, "geometry": { "type": "Polygon", "coordinates": [ [ [ 136.452140237257765, 36.400420805971564 ], [ 136.452165634415792, 36.400229673167978 ], [ 136.452670615228158, 36.400207489630667 ], [ 136.452444363257541, 36.398133451557641 ], [ 136.451232886678639, 36.398178150051137 ], [ 136.45127097688669, 36.39927268845306 ], [ 136.450784806862316, 36.399328986483063 ], [ 136.450766404713733, 36.399588133826917 ], [ 136.451343357464509, 36.399871199720394 ], [ 136.451650041405287, 36.400402628602052 ], [ 136.452140237257765, 36.400420805971564 ] ] ] } },
{ "type": "Feature", "properties": { "CITY_NAME": "小松市", "S_NAME": "西町", "JINKO": 206, "medical_area": "17_南加賀医療圏", "町丁目名": "小松市西町" }, "geometry": { "type": "Polygon", "coordinates": [ [ [ 136.450909146297164, 36.405753038938386 ], [ 136.450929646889534, 36.40471326120413 ], [ 136.45010371826001, 36.404702152087381 ], [ 136.450081716392674, 36.404959158998281 ], [ 136.447100266345245, 36.40487207040723 ], [ 136.447095432312011, 36.404975918588157 ], [ 136.446702205729366, 36.404957789967334 ], [ 136.446668335252156, 36.405465952857504 ], [ 136.44608318606862, 36.405569434233314 ], [ 136.446108112869894, 36.405732776889039 ], [ 136.450909146297164, 36.405753038938386 ] ] ] } },
{ "type": "Feature", "properties": { "CITY_NAME": "小松市", "S_NAME": "錦町", "JINKO": 447, "medical_area": "17_南加賀医療圏", "町丁目名": "小松市錦町" }, "geometry": { "type": "Polygon", "coordinates": [ [ [ 136.438191775464617, 36.400445116563162 ], [ 136.439215953164165, 36.400032741741114 ], [ 136.439488641931746, 36.400440492104693 ], [ 136.44347121289789, 36.398697356232262 ], [ 136.443737713847497, 36.399083870772877 ], [ 136.446805974913104, 36.397947031997703 ], [ 136.446145713017444, 36.396135370430407 ], [ 136.445889584645727, 36.396441116544089 ], [ 136.44386774104774, 36.397428777762386 ], [ 136.443587489866758, 36.397323678631395 ], [ 136.441459667764974, 36.398172977190761 ], [ 136.441694415556583, 36.398568314279082 ], [ 136.437615912020874, 36.400181859466898 ], [ 136.438191775464617, 36.400445116563162 ] ] ] } },
{ "type": "Feature", "properties": { "CITY_NAME": "小松市", "S_NAME": "白山町", "JINKO": 278, "medical_area": "17_南加賀医療圏", "町丁目名": "小松市白山町" }, "geometry": { "type": "Polygon", "coordinates": [ [ [ 136.450766404713733, 36.399588133826917 ], [ 136.450784806862316, 36.399328986483063 ], [ 136.45127097688669, 36.39927268845306 ], [ 136.451247060697625, 36.398380080490846 ], [ 136.450798206192985, 36.398366239807345 ], [ 136.450809295531712, 36.398158934905041 ], [ 136.450534336225559, 36.398168356748442 ], [ 136.450544374444945, 36.397890432756782 ], [ 136.45121950584155, 36.397637410918492 ], [ 136.451234140613593, 36.398041154661684 ], [ 136.452444363257541, 36.398133451557641 ], [ 136.451930006622888, 36.396498152464645 ], [ 136.451124883902907, 36.395008907847419 ], [ 136.450393623876096, 36.395017049964331 ], [ 136.450496865370326, 36.395136459718834 ], [ 136.450274314681877, 36.395573362650239 ], [ 136.450364667918279, 36.395920966217162 ], [ 136.450217854866594, 36.395923056590959 ], [ 136.45021804084314, 36.396122438268073 ], [ 136.450358185741379, 36.396123287063887 ], [ 136.450299409374196, 36.397581900911732 ], [ 136.450520105388591, 36.397585941634127 ], [ 136.450282101581962, 36.39778394865418 ], [ 136.450354604288606, 36.398131221160533 ], [ 136.450226618038101, 36.398468196225387 ], [ 136.450413882742339, 36.399200168211735 ], [ 136.450271718023799, 36.399384945828345 ], [ 136.450410589478935, 36.399598329069505 ], [ 136.450766404713733, 36.399588133826917 ] ] ] } },
{ "type": "Feature", "properties": { "CITY_NAME": "小松市", "S_NAME": "白山町第二", "JINKO": 158, "medical_area": "17_南加賀医療圏", "町丁目名": "小松市白山町第二" }, "geometry": { "type": "Polygon", "coordinates": [ [ [ 136.451232886678639, 36.398178150051137 ], [ 136.451931662620268, 36.398129859245721 ], [ 136.451932678259482, 36.398018909062742 ], [ 136.451234140613593, 36.398041154661684 ], [ 136.45121950584155, 36.397637410918492 ], [ 136.450544374444945, 36.397890432756782 ], [ 136.450534336225559, 36.398168356748442 ], [ 136.450809295531712, 36.398158934905041 ], [ 136.450798206192985, 36.398366239807345 ], [ 136.451247060697625, 36.398380080490846 ], [ 136.451232886678639, 36.398178150051137 ] ] ] } },
{ "type": "Feature", "properties": { "CITY_NAME": "小松市", "S_NAME": "東町", "JINKO": 166, "medical_area": "17_南加賀医療圏", "町丁目名": "小松市東町" }, "geometry": { "type": "Polygon", "coordinates": [ [ [ 136.450081716392674, 36.404959158998281 ], [ 136.45010371826001, 36.404702152087381 ], [ 136.450547456099088, 36.404708051929632 ], [ 136.450608612515424, 36.403397297502359 ], [ 136.451059404626932, 36.403350261412541 ], [ 136.451020912080736, 36.402300010481703 ], [ 136.45059729732381, 36.402081583783179 ], [ 136.450626480470049, 36.400695573024713 ], [ 136.450750692275363, 36.400520594029011 ], [ 136.449881556068078, 36.400420909339019 ], [ 136.449700804102207, 36.404950507228925 ], [ 136.450081716392674, 36.404959158998281 ] ] ] } },
{ "type": "Feature", "properties": { "CITY_NAME": "小松市", "S_NAME": "光町", "JINKO": 65, "medical_area": "17_南加賀医療圏", "町丁目名": "小松市光町" }, "geometry": { "type": "Polygon", "coordinates": [ [ [ 136.460490508356429, 36.40436768618283 ], [ 136.458822274163367, 36.401735388004447 ], [ 136.456627490167421, 36.401864094178109 ], [ 136.456880355211695, 36.404946483266514 ], [ 136.460490508356429, 36.40436768618283 ] ] ] } },
{ "type": "Feature", "properties": { "CITY_NAME": "小松市", "S_NAME": "日の出町一丁目", "JINKO": 242, "medical_area": "17_南加賀医療圏", "町丁目名": "小松市日の出町一丁目" }, "geometry": { "type": "Polygon", "coordinates": [ [ [ 136.456569902600648, 36.400984790947703 ], [ 136.456425528195183, 36.399424790339644 ], [ 136.454593838591393, 36.399729203438248 ], [ 136.452648733843063, 36.399842914654677 ], [ 136.452826410350553, 36.402115125502505 ], [ 136.454703002227262, 36.402051594913978 ], [ 136.454565635890617, 36.401073810183512 ], [ 136.456569902600648, 36.400984790947703 ] ] ] } },
{ "type": "Feature", "properties": { "CITY_NAME": "小松市", "S_NAME": "日の出町二丁目", "JINKO": 103, "medical_area": "17_南加賀医療圏", "町丁目名": "小松市日の出町二丁目" }, "geometry": { "type": "Polygon", "coordinates": [ [ [ 136.458822274163367, 36.401735388004447 ], [ 136.457275790397148, 36.399259875511646 ], [ 136.456425528195183, 36.399424790339644 ], [ 136.456627490167421, 36.401864094178109 ], [ 136.458822274163367, 36.401735388004447 ] ] ] } },
{ "type": "Feature", "properties": { "CITY_NAME": "小松市", "S_NAME": "日の出町三丁目", "JINKO": 475, "medical_area": "17_南加賀医療圏", "町丁目名": "小松市日の出町三丁目" }, "geometry": { "type": "Polygon", "coordinates": [ [ [ 136.455477298249519, 36.399161933388243 ], [ 136.455449152678227, 36.39872832364324 ], [ 136.454939451042918, 36.398748874644383 ], [ 136.454296699458439, 36.395732288554036 ], [ 136.4516320893959, 36.395900354165988 ], [ 136.452397416721652, 36.397914601734463 ], [ 136.452648733843063, 36.399842914654677 ], [ 136.455343401212161, 36.39960016527111 ], [ 136.455305999691944, 36.399173926950034 ], [ 136.455477298249519, 36.399161933388243 ] ] ] } },
{ "type": "Feature", "properties": { "CITY_NAME": "小松市", "S_NAME": "日の出町四丁目", "JINKO": 42, "medical_area": "17_南加賀医療圏", "町丁目名": "小松市日の出町四丁目" }, "geometry": { "type": "Polygon", "coordinates": [ [ [ 136.455343401212161, 36.39960016527111 ], [ 136.457275790397148, 36.399259875511646 ], [ 136.455014344457481, 36.395701409458361 ], [ 136.454296699458439, 36.395732288554065 ], [ 136.454939451042918, 36.398748874644404 ], [ 136.455449152678227, 36.398728323643248 ], [ 136.455477298249519, 36.399161933388243 ], [ 136.455305999691944, 36.399173926950034 ], [ 136.455343401212161, 36.39960016527111 ] ] ] } },
{ "type": "Feature", "properties": { "CITY_NAME": "小松市", "S_NAME": "日吉町", "JINKO": 54, "medical_area": "17_南加賀医療圏", "町丁目名": "小松市日吉町" }, "geometry": { "type": "Polygon", "coordinates": [ [ [ 136.446729648902448, 36.399027274473276 ], [ 136.446186545486171, 36.398166190081724 ], [ 136.445596758044672, 36.398376726246646 ], [ 136.445920332352983, 36.399162447307937 ], [ 136.446729648902448, 36.399027274473276 ] ] ] } },
{ "type": "Feature", "properties": { "CITY_NAME": "小松市", "S_NAME": "古河町", "JINKO": 217, "medical_area": "17_南加賀医療圏", "町丁目名": "小松市古河町" }, "geometry": { "type": "Polygon", "coordinates": [ [ [ 136.441303098147017, 36.404365891504781 ], [ 136.443434924420671, 36.403878601432275 ], [ 136.443537453199042, 36.404159390075279 ], [ 136.443951108013749, 36.404059096166918 ], [ 136.44345991687814, 36.402652639471192 ], [ 136.440982986984153, 36.403243524693458 ], [ 136.441303098147017, 36.404365891504781 ] ] ] } },
{ "type": "Feature", "properties": { "CITY_NAME": "小松市", "S_NAME": "本町一丁目", "JINKO": 12, "medical_area": "17_南加賀医療圏", "町丁目名": "小松市本町一丁目" }, "geometry": { "type": "Polygon", "coordinates": [ [ [ 136.446639119976368, 36.403489738434693 ], [ 136.446624246937972, 36.403099819162207 ], [ 136.446848544130461, 36.403077460443235 ], [ 136.446835730996384, 36.402517397014904 ], [ 136.446278531142809, 36.402548641131155 ], [ 136.446495728691929, 36.403500176482559 ], [ 136.446639119976368, 36.403489738434693 ] ] ] } },
{ "type": "Feature", "properties": { "CITY_NAME": "小松市", "S_NAME": "本町二丁目", "JINKO": 31, "medical_area": "17_南加賀医療圏", "町丁目名": "小松市本町二丁目" }, "geometry": { "type": "Polygon", "coordinates": [ [ [ 136.446495728691929, 36.403500176482559 ], [ 136.446278531142809, 36.402548641131155 ], [ 136.446091454004801, 36.402566369973329 ], [ 136.445979149735564, 36.40207463205352 ], [ 136.445584934912205, 36.402169807446619 ], [ 136.445837539050615, 36.403068514354018 ], [ 136.445593319910927, 36.403369224286479 ], [ 136.446040958716878, 36.403393986716722 ], [ 136.446088548788822, 36.403555461630482 ], [ 136.446495728691929, 36.403500176482559 ] ] ] } },
{ "type": "Feature", "properties": { "CITY_NAME": "小松市", "S_NAME": "本町三丁目", "JINKO": 29, "medical_area": "17_南加賀医療圏", "町丁目名": "小松市本町三丁目" }, "geometry": { "type": "Polygon", "coordinates": [ [ [ 136.446088548788765, 36.403555461630482 ], [ 136.446040958716878, 36.403393986716729 ], [ 136.445593319910927, 36.403369224286472 ], [ 136.445837539050615, 36.403068514354018 ], [ 136.445584934912205, 36.402169807446604 ], [ 136.445083461141593, 36.402278513272059 ], [ 136.445436339444342, 36.403706649778314 ], [ 136.446088548788765, 36.403555461630482 ] ] ] } },
{ "type": "Feature", "properties": { "CITY_NAME": "小松市", "S_NAME": "本町四丁目", "JINKO": 132, "medical_area": "17_南加賀医療圏", "町丁目名": "小松市本町四丁目" }, "geometry": { "type": "Polygon", "coordinates": [ [ [ 136.44519359988314, 36.40258451824586 ], [ 136.445083461141593, 36.402278513272059 ], [ 136.444217089772309, 36.402471547589599 ], [ 136.445426175441185, 36.405861327950504 ], [ 136.445824198687887, 36.405775611890874 ], [ 136.44529007611419, 36.404363660326119 ], [ 136.445219393141628, 36.403751616846684 ], [ 136.445436339444342, 36.403706649778314 ], [ 136.4450724947894, 36.402621550193189 ], [ 136.44519359988314, 36.40258451824586 ] ] ] } },
{ "type": "Feature", "properties": { "CITY_NAME": "小松市", "S_NAME": "本町五丁目", "JINKO": 150, "medical_area": "17_南加賀医療圏", "町丁目名": "小松市本町五丁目" }, "geometry": { "type": "Polygon", "coordinates": [ [ [ 136.445426175441185, 36.405861327950504 ], [ 136.444217089772309, 36.402471547589585 ], [ 136.44345991687814, 36.402652639471192 ], [ 136.443951108013749, 36.404059096166918 ], [ 136.444133003620692, 36.404403836487305 ], [ 136.444382826141577, 36.404345557204714 ], [ 136.445024067442972, 36.406063603523357 ], [ 136.445426175441185, 36.405861327950504 ] ] ] } },
{ "type": "Feature", "properties": { "CITY_NAME": "小松市", "S_NAME": "本鍛冶町", "JINKO": 67, "medical_area": "17_南加賀医療圏", "町丁目名": "小松市本鍛冶町" }, "geometry": { "type": "Polygon", "coordinates": [ [ [ 136.447651846835782, 36.401648820530589 ], [ 136.447665610859445, 36.400474128889584 ], [ 136.447849302671898, 36.400428791481211 ], [ 136.447710087320246, 36.400053828174478 ], [ 136.447028213882476, 36.400226876482499 ], [ 136.447169117061179, 36.400574007417688 ], [ 136.446963099831947, 36.401449792486844 ], [ 136.446962283219335, 36.401619133266053 ], [ 136.447651846835782, 36.401648820530589 ] ] ] } },
{ "type": "Feature", "properties": { "CITY_NAME": "小松市", "S_NAME": "本大工町一丁目", "JINKO": 68, "medical_area": "17_南加賀医療圏", "町丁目名": "小松市本大工町一丁目" }, "geometry": { "type": "Polygon", "coordinates": [ [ [ 136.446547479847965, 36.401681449275578 ], [ 136.446650685766514, 36.400836864971502 ], [ 136.446542925399939, 36.400697694251946 ], [ 136.445724374219935, 36.400774551020632 ], [ 136.445938626007859, 36.40182255840277 ], [ 136.446547479847965, 36.401681449275578 ] ] ] } },
{ "type": "Feature", "properties": { "CITY_NAME": "小松市", "S_NAME": "本大工町二丁目", "JINKO": 38, "medical_area": "17_南加賀医療圏", "町丁目名": "小松市本大工町二丁目" }, "geometry": { "type": "Polygon", "coordinates": [ [ [ 136.445979149735564, 36.40207463205352 ], [ 136.445938626007859, 36.40182255840277 ], [ 136.445676288273944, 36.400497261962521 ], [ 136.445273994812453, 36.400642688046645 ], [ 136.445506121112203, 36.401866915408377 ], [ 136.445584934912205, 36.402169807446619 ], [ 136.445979149735564, 36.40207463205352 ] ] ] } },
{ "type": "Feature", "properties": { "CITY_NAME": "小松市", "S_NAME": "三日市町", "JINKO": 47, "medical_area": "17_南加賀医療圏", "町丁目名": "小松市三日市町" }, "geometry": { "type": "Polygon", "coordinates": [ [ [ 136.449843152469242, 36.402070561624242 ], [ 136.44988574173621, 36.400273334563771 ], [ 136.44955090699554, 36.400248103439296 ], [ 136.449547910543657, 36.399910578695192 ], [ 136.449385838578081, 36.399918110200616 ], [ 136.449069089754687, 36.402070784221358 ], [ 136.449843152469242, 36.402070561624242 ] ] ] } },
{ "type": "Feature", "properties": { "CITY_NAME": "小松市", "S_NAME": "本折町", "JINKO": 279, "medical_area": "17_南加賀医療圏", "町丁目名": "小松市本折町" }, "geometry": { "type": "Polygon", "coordinates": [ [ [ 136.449673068841008, 36.3996592590277 ], [ 136.449529451194564, 36.398843337598635 ], [ 136.449755245573755, 36.398810478668139 ], [ 136.44972738057001, 36.398081276243055 ], [ 136.449306818024269, 36.397989510308548 ], [ 136.449285613792739, 36.397779618368915 ], [ 136.448877789062124, 36.397616876137867 ], [ 136.448973104773756, 36.397363667207578 ], [ 136.448805676539848, 36.39730719771778 ], [ 136.44873822070906, 36.396901026463865 ], [ 136.448863259017912, 36.396882906726027 ], [ 136.448695605715727, 36.39684256251401 ], [ 136.448682511819499, 36.396414111787372 ], [ 136.44746721105011, 36.396505923991484 ], [ 136.447862425951257, 36.397679031417915 ], [ 136.446186545486171, 36.398166190081724 ], [ 136.446729648902448, 36.399027274473276 ], [ 136.447508476750158, 36.398822428381266 ], [ 136.44747658822692, 36.398426538407058 ], [ 136.447840184764544, 36.398377709832353 ], [ 136.447896469264009, 36.398697148715399 ], [ 136.448147428072559, 36.398665165397119 ], [ 136.44840909222151, 36.399400665608816 ], [ 136.448820144765307, 36.399348919122424 ], [ 136.44882415454768, 36.399770161137894 ], [ 136.449673068841008, 36.3996592590277 ] ] ] } },
{ "type": "Feature", "properties": { "CITY_NAME": "小松市", "S_NAME": "大和町", "JINKO": 177, "medical_area": "17_南加賀医療圏", "町丁目名": "小松市大和町" }, "geometry": { "type": "Polygon", "coordinates": [ [ [ 136.450410589478935, 36.399598329069505 ], [ 136.450271718023799, 36.399384945828345 ], [ 136.450413882742339, 36.399200168211735 ], [ 136.450223612884116, 36.398406908394122 ], [ 136.450354604288606, 36.398131221160533 ], [ 136.450282101581962, 36.39778394865418 ], [ 136.450520105388591, 36.397585941634127 ], [ 136.450299409374196, 36.397581900911732 ], [ 136.450358185741379, 36.396123287063887 ], [ 136.45021804084314, 36.396122438268073 ], [ 136.450217854866594, 36.395923056590959 ], [ 136.450364667918279, 36.395920966217162 ], [ 136.450274314681877, 36.395573362650239 ], [ 136.450496469937576, 36.395058056652857 ], [ 136.449560403480632, 36.39505107806135 ], [ 136.449572128864986, 36.397786785747407 ], [ 136.44972738057001, 36.398081276243055 ], [ 136.449755245573755, 36.398810478668139 ], [ 136.449529451194564, 36.398843337598635 ], [ 136.449673068841008, 36.3996592590277 ], [ 136.450410589478935, 36.399598329069505 ] ] ] } },
{ "type": "Feature", "properties": { "CITY_NAME": "小松市", "S_NAME": "八幡町", "JINKO": 311, "medical_area": "17_南加賀医療圏", "町丁目名": "小松市八幡町" }, "geometry": { "type": "Polygon", "coordinates": [ [ [ 136.450177939884554, 36.393507319340706 ], [ 136.448328198045147, 36.390601943247034 ], [ 136.446927535116913, 36.391102249415979 ], [ 136.4473294085617, 36.391659430669847 ], [ 136.447148144699753, 36.392069588192548 ], [ 136.447510533859571, 36.392806339255756 ], [ 136.447267979601946, 36.393705814145278 ], [ 136.449099033845641, 36.393913244376847 ], [ 136.450177939884554, 36.393507319340706 ] ] ] } },
{ "type": "Feature", "properties": { "CITY_NAME": "小松市", "S_NAME": "八日市町", "JINKO": 136, "medical_area": "17_南加賀医療圏", "町丁目名": "小松市八日市町" }, "geometry": { "type": "Polygon", "coordinates": [ [ [ 136.449700804102207, 36.404950507228925 ], [ 136.449843152469242, 36.402070561624242 ], [ 136.449069089754687, 36.402070784221358 ], [ 136.448938908850295, 36.404945869721033 ], [ 136.449700804102207, 36.404950507228925 ] ] ] } },
{ "type": "Feature", "properties": { "CITY_NAME": "小松市", "S_NAME": "龍助町", "JINKO": 168, "medical_area": "17_南加賀医療圏", "町丁目名": "小松市龍助町" }, "geometry": { "type": "Polygon", "coordinates": [ [ [ 136.448938908850295, 36.404945869721033 ], [ 136.449138884778534, 36.401006687419262 ], [ 136.449545812429022, 36.399674222367985 ], [ 136.448546247186783, 36.399838838537157 ], [ 136.448654747904868, 36.400296210091931 ], [ 136.448400255043822, 36.400318587770322 ], [ 136.448513946985656, 36.400923345244998 ], [ 136.448403651024336, 36.400921866612116 ], [ 136.448201934330399, 36.404925996574804 ], [ 136.448938908850295, 36.404945869721033 ] ] ] } },
{ "type": "Feature", "properties": { "CITY_NAME": "小松市", "S_NAME": "幸町一丁目", "JINKO": 213, "medical_area": "17_南加賀医療圏", "町丁目名": "小松市幸町一丁目" }, "geometry": { "type": "Polygon", "coordinates": [ [ [ 136.455014344457481, 36.395701409458361 ], [ 136.454209514635721, 36.394398566338111 ], [ 136.450864926166503, 36.394584493530552 ], [ 136.4516320893959, 36.395900354165988 ], [ 136.455014344457481, 36.395701409458361 ] ] ] } },
{ "type": "Feature", "properties": { "CITY_NAME": "小松市", "S_NAME": "幸町二丁目", "JINKO": 272, "medical_area": "17_南加賀医療圏", "町丁目名": "小松市幸町二丁目" }, "geometry": { "type": "Polygon", "coordinates": [ [ [ 136.454209514635721, 36.394398566338111 ], [ 136.453420118518721, 36.393129673834387 ], [ 136.450042324749688, 36.393300146788015 ], [ 136.450864926166503, 36.394584493530552 ], [ 136.454209514635721, 36.394398566338111 ] ] ] } },
{ "type": "Feature", "properties": { "CITY_NAME": "小松市", "S_NAME": "幸町三丁目", "JINKO": 216, "medical_area": "17_南加賀医療圏", "町丁目名": "小松市幸町三丁目" }, "geometry": { "type": "Polygon", "coordinates": [ [ [ 136.453420118518721, 36.393129673834387 ], [ 136.45216834644097, 36.39113255403354 ], [ 136.449257159271184, 36.391996309171951 ], [ 136.450042324749688, 36.393300146788015 ], [ 136.453420118518721, 36.393129673834387 ] ] ] } },
{ "type": "Feature", "properties": { "CITY_NAME": "小松市", "S_NAME": "白嶺町一丁目", "JINKO": 197, "medical_area": "17_南加賀医療圏", "町丁目名": "小松市白嶺町一丁目" }, "geometry": { "type": "Polygon", "coordinates": [ [ [ 136.45216834644097, 36.391132554033575 ], [ 136.451393365823179, 36.389927390332026 ], [ 136.44862460431321, 36.391046856408693 ], [ 136.449257159271184, 36.391996309171951 ], [ 136.449830754530609, 36.39188882639511 ], [ 136.45216834644097, 36.391132554033575 ] ] ] } },
{ "type": "Feature", "properties": { "CITY_NAME": "小松市", "S_NAME": "白嶺町二丁目", "JINKO": 131, "medical_area": "17_南加賀医療圏", "町丁目名": "小松市白嶺町二丁目" }, "geometry": { "type": "Polygon", "coordinates": [ [ [ 136.451393365823179, 36.389927390332026 ], [ 136.450449221118873, 36.3883545447678 ], [ 136.449995696516453, 36.388528693378852 ], [ 136.450248844568051, 36.388937895012553 ], [ 136.449523023646009, 36.389237335162484 ], [ 136.448683508313508, 36.390465190890858 ], [ 136.448328198045147, 36.390601943247042 ], [ 136.44862460431321, 36.391046856408707 ], [ 136.451393365823179, 36.389927390332026 ] ] ] } },
{ "type": "Feature", "properties": { "CITY_NAME": "小松市", "S_NAME": "白嶺町三丁目", "JINKO": 29, "medical_area": "17_南加賀医療圏", "町丁目名": "小松市白嶺町三丁目" }, "geometry": { "type": "Polygon", "coordinates": [ [ [ 136.452746170312366, 36.39095689324278 ], [ 136.452019021545567, 36.389658138047487 ], [ 136.451823157929226, 36.389749221744687 ], [ 136.451439134287369, 36.389184908378155 ], [ 136.452321668118771, 36.388817720551046 ], [ 136.452183397389547, 36.388591878309853 ], [ 136.451447388667219, 36.388445155847258 ], [ 136.45069072281035, 36.388756844664591 ], [ 136.45216834644097, 36.391132554033547 ], [ 136.452746170312366, 36.39095689324278 ] ] ] } },
{ "type": "Feature", "properties": { "CITY_NAME": "小松市", "S_NAME": "西本折町", "JINKO": 98, "medical_area": "17_南加賀医療圏", "町丁目名": "小松市西本折町" }, "geometry": { "type": "Polygon", "coordinates": [ [ [ 136.447862425951257, 36.397679031417915 ], [ 136.44746721105011, 36.396505923991491 ], [ 136.446337636537521, 36.396723657108687 ], [ 136.446805974913104, 36.39794703199771 ], [ 136.447862425951257, 36.397679031417915 ] ] ] } },
{ "type": "Feature", "properties": { "CITY_NAME": "小松市", "S_NAME": "福乃宮町一丁目", "JINKO": 311, "medical_area": "17_南加賀医療圏", "町丁目名": "小松市福乃宮町一丁目" }, "geometry": { "type": "Polygon", "coordinates": [ [ [ 136.456039782857914, 36.396107784508999 ], [ 136.455690854515979, 36.392145630587144 ], [ 136.452927894448237, 36.392323012761764 ], [ 136.45529265613493, 36.396140711609128 ], [ 136.456039782857914, 36.396107784508999 ] ] ] } },
{ "type": "Feature", "properties": { "CITY_NAME": "小松市", "S_NAME": "福乃宮町二丁目", "JINKO": 574, "medical_area": "17_南加賀医療圏", "町丁目名": "小松市福乃宮町二丁目" }, "geometry": { "type": "Polygon", "coordinates": [ [ [ 136.456992806391213, 36.390318308614383 ], [ 136.456412097194828, 36.389419109776206 ], [ 136.453333422939721, 36.390778329542457 ], [ 136.45216834644097, 36.39113255403354 ], [ 136.452927894448237, 36.392323012761764 ], [ 136.457479515769734, 36.392028146248869 ], [ 136.456992806391213, 36.390318308614383 ] ] ] } },
{ "type": "Feature", "properties": { "CITY_NAME": "小松市", "S_NAME": "安宅町第一", "JINKO": 338, "medical_area": "17_南加賀医療圏", "町丁目名": "小松市安宅町第一" }, "geometry": { "type": "Polygon", "coordinates": [ [ [ 136.428190209197112, 36.421151957573812 ], [ 136.428234329317348, 36.42099131776888 ], [ 136.429638448039697, 36.420923440645169 ], [ 136.428176773459114, 36.418557176963404 ], [ 136.428522481243249, 36.417531505821451 ], [ 136.42817193426157, 36.416537075757439 ], [ 136.42670106125567, 36.416864019186633 ], [ 136.425509105527908, 36.416247307157995 ], [ 136.42203233253764, 36.418986411553348 ], [ 136.422954312277255, 36.419641200555056 ], [ 136.42263669592478, 36.419978208968132 ], [ 136.423283257069045, 36.420355760923577 ], [ 136.423135981655406, 36.420589400855391 ], [ 136.423889180464926, 36.421205421366047 ], [ 136.424965155444625, 36.420988102679054 ], [ 136.425256190297034, 36.421798458836335 ], [ 136.427277371136142, 36.42141066764767 ], [ 136.427335924529103, 36.421234768455207 ], [ 136.428190209197112, 36.421151957573812 ] ] ] } },
{ "type": "Feature", "properties": { "CITY_NAME": "小松市", "S_NAME": "安宅町第二", "JINKO": 212, "medical_area": "17_南加賀医療圏", "町丁目名": "小松市安宅町第二" }, "geometry": { "type": "Polygon", "coordinates": [ [ [ 136.425438089610765, 36.422065284668207 ], [ 136.424965155444625, 36.420988102679054 ], [ 136.423889180464926, 36.421205421366047 ], [ 136.423135981655406, 36.420589400855391 ], [ 136.422324932793344, 36.421099336973022 ], [ 136.42363237993689, 36.422640283702151 ], [ 136.425036899154492, 36.423423265412936 ], [ 136.426298855903212, 36.424377938113764 ], [ 136.426960932619806, 36.423555805606114 ], [ 136.42638484624743, 36.423238433008166 ], [ 136.425438089610765, 36.422065284668207 ] ] ] } },
{ "type": "Feature", "properties": { "CITY_NAME": "小松市", "S_NAME": "安宅町第三", "JINKO": 545, "medical_area": "17_南加賀医療圏", "町丁目名": "小松市安宅町第三" }, "geometry": { "type": "Polygon", "coordinates": [ [ [ 136.42363237993689, 36.422640283702151 ], [ 136.422324932793344, 36.421099336973022 ], [ 136.42177219789599, 36.421032518958469 ], [ 136.420740282908412, 36.420112674648315 ], [ 136.420087659255245, 36.420681575212434 ], [ 136.422660393739875, 36.422849169401786 ], [ 136.42199444332519, 36.423315387969758 ], [ 136.425064297355078, 36.4265557869576 ], [ 136.426983282222864, 36.425169405212038 ], [ 136.426298855903212, 36.424377938113764 ], [ 136.425313195155894, 36.423621505749679 ], [ 136.42363237993689, 36.422640283702151 ] ] ] } },
{ "type": "Feature", "properties": { "CITY_NAME": "小松市", "S_NAME": "安宅町第四", "JINKO": 221, "medical_area": "17_南加賀医療圏", "町丁目名": "小松市安宅町第四" }, "geometry": { "type": "Polygon", "coordinates": [ [ [ 136.427562395680496, 36.429309994588564 ], [ 136.42199444332519, 36.423315387969758 ], [ 136.422660393739875, 36.422849169401786 ], [ 136.420087659255245, 36.420681575212434 ], [ 136.417420835985155, 36.423006085472871 ], [ 136.41771137097831, 36.423324768398011 ], [ 136.418072849303769, 36.422950340402657 ], [ 136.418850874088832, 36.423336375582373 ], [ 136.419908688869725, 36.424200954679009 ], [ 136.420244036048928, 36.424235462982061 ], [ 136.420484883560363, 36.424704719768627 ], [ 136.421017715757813, 36.424960376230629 ], [ 136.42378823150429, 36.427603857956697 ], [ 136.425069090625726, 36.42872037638589 ], [ 136.425857479061932, 36.429200236720611 ], [ 136.426220392708188, 36.429849588186414 ], [ 136.426058674948763, 36.430263812488143 ], [ 136.427562395680496, 36.429309994588564 ] ] ] } },
{ "type": "Feature", "properties": { "CITY_NAME": "小松市", "S_NAME": "安宅町第五", "JINKO": 63, "medical_area": "17_南加賀医療圏", "町丁目名": "小松市安宅町第五" }, "geometry": { "type": "Polygon", "coordinates": [ [ [ 136.422324932793344, 36.421099336973036 ], [ 136.423283257069045, 36.420355760923577 ], [ 136.42263669592478, 36.419978208968132 ], [ 136.422954312277255, 36.419641200555048 ], [ 136.42203233253764, 36.418986411553327 ], [ 136.420740282908412, 36.420112674648315 ], [ 136.42177219789599, 36.421032518958441 ], [ 136.422324932793344, 36.421099336973036 ] ] ] } },
{ "type": "Feature", "properties": { "CITY_NAME": "小松市", "S_NAME": "安宅町第六", "JINKO": 319, "medical_area": "17_南加賀医療圏", "町丁目名": "小松市安宅町第六" }, "geometry": { "type": "Polygon", "coordinates": [ [ [ 136.427986503195768, 36.421872676384602 ], [ 136.428190209197112, 36.421151957573812 ], [ 136.427335924529103, 36.421234768455207 ], [ 136.427277371136142, 36.42141066764767 ], [ 136.425256190297034, 36.421798458836335 ], [ 136.42638484624743, 36.423238433008166 ], [ 136.426960932619806, 36.423555805606114 ], [ 136.426482109534788, 36.424153601961464 ], [ 136.428320322334514, 36.425062731042864 ], [ 136.428126804002034, 36.424512068315579 ], [ 136.428214488365853, 36.424111749950249 ], [ 136.428911239938913, 36.423895718819139 ], [ 136.427986503195768, 36.421872676384602 ] ] ] } },
{ "type": "Feature", "properties": { "CITY_NAME": "小松市", "S_NAME": "安宅町第七", "JINKO": 262, "medical_area": "17_南加賀医療圏", "町丁目名": "小松市安宅町第七" }, "geometry": { "type": "Polygon", "coordinates": [ [ [ 136.425618167660446, 36.41612841323866 ], [ 136.426318454348376, 36.414265999667826 ], [ 136.423794645815661, 36.413592731214855 ], [ 136.423049173143028, 36.415026339757674 ], [ 136.42090666066747, 36.414280900841476 ], [ 136.42046956684996, 36.415171286981391 ], [ 136.421738182903511, 36.416409520910747 ], [ 136.421928846893508, 36.417598462888051 ], [ 136.422744149415166, 36.418366017725546 ], [ 136.425618167660446, 36.41612841323866 ] ] ] } },
{ "type": "Feature", "properties": { "CITY_NAME": "小松市", "S_NAME": "安宅町第八", "JINKO": 262, "medical_area": "17_南加賀医療圏", "町丁目名": "小松市安宅町第八" }, "geometry": { "type": "Polygon", "coordinates": [ [ [ 136.417420835985155, 36.423006085472871 ], [ 136.422744149415166, 36.418366017725546 ], [ 136.421928846893508, 36.417598462888051 ], [ 136.421738182903511, 36.416409520910747 ], [ 136.421007972146668, 36.415611503340344 ], [ 136.420049797224863, 36.414914704491672 ], [ 136.419594605535451, 36.415810574570024 ], [ 136.420122766426573, 36.416183289498306 ], [ 136.418564223064038, 36.417458271172485 ], [ 136.416769392092135, 36.415495619764158 ], [ 136.413908273823239, 36.417595594406521 ], [ 136.415820837874747, 36.419307097148298 ], [ 136.417522853753269, 36.421698722153948 ], [ 136.417654298780803, 36.421945545710031 ], [ 136.417093700473799, 36.422616169053555 ], [ 136.417420835985155, 36.423006085472871 ] ] ] } },
{ "type": "Feature", "properties": { "CITY_NAME": "小松市", "S_NAME": "安宅町第九", "JINKO": 307, "medical_area": "17_南加賀医療圏", "町丁目名": "小松市安宅町第九" }, "geometry": { "type": "Polygon", "coordinates": [ [ [ 136.428320322334514, 36.425062731042864 ], [ 136.426482109534788, 36.424153601961464 ], [ 136.426298855903212, 36.424377938113764 ], [ 136.426983282222864, 36.425169405212038 ], [ 136.425064297355078, 36.4265557869576 ], [ 136.427562395680496, 36.429309994588564 ], [ 136.431123419942566, 36.427198131824426 ], [ 136.428320322334514, 36.425062731042864 ] ] ] } },
{ "type": "Feature", "properties": { "CITY_NAME": "小松市", "S_NAME": "安宅町木曽町", "JINKO": 367, "medical_area": "17_南加賀医療圏", "町丁目名": "小松市安宅町木曽町" }, "geometry": { "type": "Polygon", "coordinates": [ [ [ 136.42046956684996, 36.415171286981391 ], [ 136.42090666066747, 36.414280900841476 ], [ 136.423049173143028, 36.415026339757674 ], [ 136.423582848376327, 36.413998636254021 ], [ 136.423131760820411, 36.41370008906916 ], [ 136.42177032865979, 36.413462091025643 ], [ 136.421733090820993, 36.413594352157517 ], [ 136.419996910506399, 36.413152268979609 ], [ 136.420074292406042, 36.412846198590422 ], [ 136.418962462433399, 36.412899177433793 ], [ 136.418883839323684, 36.412404680978888 ], [ 136.417105367477774, 36.412640291193078 ], [ 136.417201379198588, 36.413191573092199 ], [ 136.42046956684996, 36.415171286981391 ] ] ] } },
{ "type": "Feature", "properties": { "CITY_NAME": "小松市", "S_NAME": "安宅新町", "JINKO": 377, "medical_area": "17_南加賀医療圏", "町丁目名": "小松市安宅新町" }, "geometry": { "type": "Polygon", "coordinates": [ [ [ 136.417278934632492, 36.406214755672849 ], [ 136.411183103566458, 36.403633159197028 ], [ 136.411298606999537, 36.403020189675566 ], [ 136.410998054547292, 36.401332166231043 ], [ 136.408334993920221, 36.399534259257152 ], [ 136.399470320168916, 36.396105260321811 ], [ 136.399695589633836, 36.395480336389966 ], [ 136.398686326962746, 36.394951947568607 ], [ 136.397758934137471, 36.396046319028258 ], [ 136.398301344576225, 36.396431598233619 ], [ 136.392581230396587, 36.399598205447106 ], [ 136.39370850707229, 36.400699540207903 ], [ 136.399387632767542, 36.40495645340139 ], [ 136.399760300713183, 36.40560498924367 ], [ 136.401124232626586, 36.406920452675074 ], [ 136.40393910818409, 36.40889019340333 ], [ 136.407676307602031, 36.406894399698899 ], [ 136.410262600873637, 36.406550197443636 ], [ 136.416219798898055, 36.406467511074325 ], [ 136.417278934632492, 36.406214755672849 ] ] ] } },
{ "type": "Feature", "properties": { "CITY_NAME": "小松市", "S_NAME": "浮柳町", "JINKO": 205, "medical_area": "17_南加賀医療圏", "町丁目名": "小松市浮柳町" }, "geometry": { "type": "Polygon", "coordinates": [ [ [ 136.428469622123373, 36.410355550369161 ], [ 136.428734897859044, 36.407174246514046 ], [ 136.428552517992216, 36.406528236013926 ], [ 136.42704949656698, 36.405305332741236 ], [ 136.426784555859712, 36.404816502270151 ], [ 136.426744177141302, 36.404280039043798 ], [ 136.422383714420135, 36.404820034262144 ], [ 136.420412013375227, 36.404750810665156 ], [ 136.417071353121173, 36.403787270458167 ], [ 136.416421403365064, 36.405855118856181 ], [ 136.417278934632492, 36.406214755672849 ], [ 136.416627770238136, 36.406368832224231 ], [ 136.416640926641776, 36.409213286831324 ], [ 136.420275723781657, 36.408727044548087 ], [ 136.42031883779859, 36.409064113950194 ], [ 136.423556743726891, 36.409413680724995 ], [ 136.423635215412645, 36.408957584330601 ], [ 136.425748953647144, 36.409199111551317 ], [ 136.425420944125136, 36.409608734918152 ], [ 136.428469622123373, 36.410355550369161 ] ] ] } },
{ "type": "Feature", "properties": { "CITY_NAME": "小松市", "S_NAME": "草野町", "JINKO": 239, "medical_area": "17_南加賀医療圏", "町丁目名": "小松市草野町" }, "geometry": { "type": "Polygon", "coordinates": [ [ [ 136.414550277646384, 36.411912967777809 ], [ 136.416909777429197, 36.411601098044706 ], [ 136.417105367477774, 36.412640291193078 ], [ 136.418883839323684, 36.412404680978888 ], [ 136.418962462433399, 36.412899177433793 ], [ 136.420074292406042, 36.412846198590422 ], [ 136.420783071639988, 36.40990531340389 ], [ 136.420800763818278, 36.409029699615886 ], [ 136.42031883779859, 36.40906411395018 ], [ 136.420275723781685, 36.408727044548087 ], [ 136.416640926641776, 36.409213286831324 ], [ 136.416627770238136, 36.406368832224231 ], [ 136.410262600873637, 36.406550197443636 ], [ 136.407676307602031, 36.406894399698899 ], [ 136.40393910818409, 36.40889019340333 ], [ 136.410550154557512, 36.414853067779724 ], [ 136.414550277646384, 36.411912967777809 ] ] ] } },
{ "type": "Feature", "properties": { "CITY_NAME": "小松市", "S_NAME": "小島町", "JINKO": 226, "medical_area": "17_南加賀医療圏", "町丁目名": "小松市小島町" }, "geometry": { "type": "Polygon", "coordinates": [ [ [ 136.438532884378361, 36.425257279465889 ], [ 136.440432045546657, 36.424387801580643 ], [ 136.440650643882805, 36.424682240447943 ], [ 136.441516300862133, 36.424644853178876 ], [ 136.442724507502703, 36.424266719641892 ], [ 136.442118381659839, 36.4232215729781 ], [ 136.443247961031915, 36.422793810119771 ], [ 136.442122162903701, 36.420631919825638 ], [ 136.441028501796524, 36.419011748830954 ], [ 136.439885960954115, 36.419437320892847 ], [ 136.438607152579181, 36.417341211528814 ], [ 136.437480126624394, 36.417566667110002 ], [ 136.437338713682124, 36.417312870695881 ], [ 136.431167528222545, 36.417421612057481 ], [ 136.432129818985459, 36.418983170983132 ], [ 136.433563865898833, 36.420742897280185 ], [ 136.436872310528997, 36.424282171077742 ], [ 136.437551096809614, 36.424724068330001 ], [ 136.438014391362827, 36.424540421506009 ], [ 136.438532884378361, 36.425257279465889 ] ] ] } },
{ "type": "Feature", "properties": { "CITY_NAME": "小松市", "S_NAME": "鶴ケ島町", "JINKO": 191, "medical_area": "17_南加賀医療圏", "町丁目名": "小松市鶴ケ島町" }, "geometry": { "type": "Polygon", "coordinates": [ [ [ 136.427701768849204, 36.411653550228856 ], [ 136.428469622123373, 36.410355550369161 ], [ 136.425420944125136, 36.409608734918152 ], [ 136.425748953647144, 36.409199111551317 ], [ 136.423635215412645, 36.408957584330601 ], [ 136.423556743726891, 36.409413680724995 ], [ 136.420818585225305, 36.409097185373454 ], [ 136.420552003304806, 36.410832009622744 ], [ 136.424557149683807, 36.411336088472488 ], [ 136.424709582651417, 36.410887951174033 ], [ 136.427701768849204, 36.411653550228856 ] ] ] } },
{ "type": "Feature", "properties": { "CITY_NAME": "小松市", "S_NAME": "長崎町一丁目", "JINKO": 33, "medical_area": "17_南加賀医療圏", "町丁目名": "小松市長崎町一丁目" }, "geometry": { "type": "Polygon", "coordinates": [ [ [ 136.440520644744737, 36.426757693284152 ], [ 136.440258275724602, 36.426611434662284 ], [ 136.442400576076182, 36.425680652295206 ], [ 136.441731860967877, 36.424577389243836 ], [ 136.440650643882833, 36.424682240447929 ], [ 136.440432045546686, 36.424387801580593 ], [ 136.439022319618431, 36.425045239738893 ], [ 136.43924891229841, 36.425495748192787 ], [ 136.438037575500545, 36.42609346054661 ], [ 136.437512987315017, 36.426537476614705 ], [ 136.438563143701487, 36.427061567197029 ], [ 136.438969234133481, 36.426949869421527 ], [ 136.438955779728275, 36.427383693917861 ], [ 136.439796266834492, 36.427666715937406 ], [ 136.440520644744737, 36.426757693284152 ] ] ] } },
{ "type": "Feature", "properties": { "CITY_NAME": "小松市", "S_NAME": "長崎町二丁目", "JINKO": 68, "medical_area": "17_南加賀医療圏", "町丁目名": "小松市長崎町二丁目" }, "geometry": { "type": "Polygon", "coordinates": [ [ [ 136.439022319618431, 36.425045239738893 ], [ 136.438532884378361, 36.425257279465889 ], [ 136.438014391362913, 36.424540421506002 ], [ 136.437551096809642, 36.424724068330022 ], [ 136.436226264740128, 36.423610174067711 ], [ 136.434260547210016, 36.424796989846151 ], [ 136.437512987315017, 36.426537476614705 ], [ 136.438037575500545, 36.42609346054661 ], [ 136.43924891229841, 36.425495748192787 ], [ 136.439022319618431, 36.425045239738893 ] ] ] } },
{ "type": "Feature", "properties": { "CITY_NAME": "小松市", "S_NAME": "長崎町三丁目", "JINKO": 51, "medical_area": "17_南加賀医療圏", "町丁目名": "小松市長崎町三丁目" }, "geometry": { "type": "Polygon", "coordinates": [ [ [ 136.433942612696683, 36.425050032782572 ], [ 136.436226264740128, 36.423610174067711 ], [ 136.434286011184213, 36.421580907527691 ], [ 136.43393301086644, 36.422058325852298 ], [ 136.432386364256672, 36.422254250631099 ], [ 136.432252252111226, 36.422489420491942 ], [ 136.432988377063879, 36.423346568758888 ], [ 136.432598828450637, 36.423701922760252 ], [ 136.433170500000926, 36.424009972441581 ], [ 136.433465347663997, 36.424712124728735 ], [ 136.433942612696683, 36.425050032782572 ] ] ] } },
{ "type": "Feature", "properties": { "CITY_NAME": "小松市", "S_NAME": "長崎町四丁目", "JINKO": 0, "medical_area": "17_南加賀医療圏", "町丁目名": "小松市長崎町四丁目" }, "geometry": { "type": "Polygon", "coordinates": [ [ [ 136.434286011184213, 36.421580907527691 ], [ 136.4319116594815, 36.418643073839462 ], [ 136.429410874476901, 36.419145132285415 ], [ 136.428203519701754, 36.418483421741371 ], [ 136.430267340462422, 36.422218234017237 ], [ 136.432731782462525, 36.421578876311663 ], [ 136.433985740303342, 36.421457246043836 ], [ 136.434286011184213, 36.421580907527691 ] ] ] } },
{ "type": "Feature", "properties": { "CITY_NAME": "小松市", "S_NAME": "長崎町五丁目", "JINKO": 335, "medical_area": "17_南加賀医療圏", "町丁目名": "小松市長崎町五丁目" }, "geometry": { "type": "Polygon", "coordinates": [ [ [ 136.434126199856763, 36.426566017778839 ], [ 136.431494765099387, 36.425373738765025 ], [ 136.432158603494884, 36.427943104345836 ], [ 136.438022015743712, 36.430537122298105 ], [ 136.438904699490848, 36.429834576944458 ], [ 136.438023477395575, 36.429372424945463 ], [ 136.437838414021599, 36.429013478714637 ], [ 136.433916656683124, 36.426808326838852 ], [ 136.434126199856763, 36.426566017778839 ] ] ] } },
{ "type": "Feature", "properties": { "CITY_NAME": "小松市", "S_NAME": "長崎町", "JINKO": 0, "medical_area": "17_南加賀医療圏", "町丁目名": "小松市長崎町" }, "geometry": { "type": "Polygon", "coordinates": [ [ [ 136.431167528222545, 36.417421612057481 ], [ 136.430662339205327, 36.41538152066903 ], [ 136.430599285573919, 36.413985193812401 ], [ 136.428582684878364, 36.414233205384853 ], [ 136.426674538921532, 36.415030954295702 ], [ 136.42630516693481, 36.414959476453831 ], [ 136.426167609901597, 36.414703270597293 ], [ 136.425509105527908, 36.416247307157995 ], [ 136.42670106125567, 36.416864019186633 ], [ 136.42817193426157, 36.416537075757439 ], [ 136.428522481243249, 36.417531505821451 ], [ 136.428203519701754, 36.418483421741364 ], [ 136.429410874476872, 36.419145132285415 ], [ 136.431911659481472, 36.418643073839462 ], [ 136.431167528222545, 36.417421612057481 ] ] ] } },
{ "type": "Feature", "properties": { "CITY_NAME": "小松市", "S_NAME": "長崎町", "JINKO": 483, "medical_area": "17_南加賀医療圏", "町丁目名": "小松市長崎町" }, "geometry": { "type": "Polygon", "coordinates": [ [ [ 136.438904699490848, 36.429834576944458 ], [ 136.439431069747485, 36.429453390233043 ], [ 136.439636733596018, 36.429622117714104 ], [ 136.440376379291934, 36.429101424535546 ], [ 136.440264612876604, 36.428963692655948 ], [ 136.440586930455027, 36.428744912331283 ], [ 136.440746610272186, 36.428799189295624 ], [ 136.441194915280192, 36.428200562701861 ], [ 136.441763868834045, 36.427800590944365 ], [ 136.440520644744737, 36.426757693284152 ], [ 136.439796266834492, 36.427666715937406 ], [ 136.438955779728275, 36.427383693917861 ], [ 136.438969234133481, 36.426949869421527 ], [ 136.438563143701487, 36.427061567197029 ], [ 136.434260547210016, 36.424796989846151 ], [ 136.433942612696683, 36.425050032782572 ], [ 136.433465347663997, 36.424712124728735 ], [ 136.433170500000926, 36.424009972441581 ], [ 136.432598828450608, 36.423701922760252 ], [ 136.432988377063907, 36.423346568758909 ], [ 136.43225325472352, 36.422382831099846 ], [ 136.432386364256672, 36.422254250631099 ], [ 136.43393301086644, 36.422058325852298 ], [ 136.434286011184213, 36.421580907527691 ], [ 136.433985740303342, 36.421457246043836 ], [ 136.432731782462497, 36.421578876311635 ], [ 136.430267340462422, 36.422218234017237 ], [ 136.429638448039697, 36.420923440645169 ], [ 136.428234329317348, 36.42099131776888 ], [ 136.427986503195768, 36.421872676384602 ], [ 136.428911239938913, 36.423895718819139 ], [ 136.428214488365853, 36.424111749950249 ], [ 136.428126804002034, 36.424512068315579 ], [ 136.428320322334514, 36.425062731042864 ], [ 136.428811096823665, 36.425485591678623 ], [ 136.432158603494884, 36.427943104345836 ], [ 136.431494765099387, 36.425373738765025 ], [ 136.434126199856763, 36.426566017778839 ], [ 136.433916656683124, 36.426808326838852 ], [ 136.437838414021599, 36.429013478714637 ], [ 136.438023477395575, 36.429372424945463 ], [ 136.438904699490848, 36.429834576944458 ] ] ] } },
{ "type": "Feature", "properties": { "CITY_NAME": "小松市", "S_NAME": "羽衣町", "JINKO": 541, "medical_area": "17_南加賀医療圏", "町丁目名": "小松市羽衣町" }, "geometry": { "type": "Polygon", "coordinates": [ [ [ 136.416421403365064, 36.405855118856181 ], [ 136.417071353121173, 36.403787270458167 ], [ 136.420412013375227, 36.404750810665156 ], [ 136.422383714420135, 36.404820034262144 ], [ 136.426218907589231, 36.404350683609209 ], [ 136.424922037011982, 36.398090819736474 ], [ 136.424693930086818, 36.39609622132771 ], [ 136.424522015813807, 36.39575749292969 ], [ 136.42337111488709, 36.394937016971973 ], [ 136.42208650414247, 36.392608977131424 ], [ 136.421748017259546, 36.392316397121242 ], [ 136.418987687938682, 36.390759628611043 ], [ 136.415458209554743, 36.38933951600891 ], [ 136.410054050593061, 36.388165065300704 ], [ 136.409796298884515, 36.38788745640931 ], [ 136.408033592386829, 36.387215425008627 ], [ 136.405060537166662, 36.386793447723257 ], [ 136.403471886926809, 36.387150002588044 ], [ 136.402594114819806, 36.387826981476742 ], [ 136.399103258424844, 36.385273826277633 ], [ 136.399455029201278, 36.38511633331035 ], [ 136.39943995789173, 36.384825765086006 ], [ 136.39849832942366, 36.384235128720697 ], [ 136.397973683445741, 36.383708926335494 ], [ 136.397723092657571, 36.383620142618504 ], [ 136.397317358144278, 36.383784569626513 ], [ 136.396778896883973, 36.383290917689408 ], [ 136.39407975980555, 36.381980962574183 ], [ 136.393720312925609, 36.382007689625638 ], [ 136.392897455408018, 36.382568819639594 ], [ 136.3904660633996, 36.381232426896965 ], [ 136.38692418385574, 36.382136338317395 ], [ 136.38458828263154, 36.38489236371629 ], [ 136.391785142275666, 36.388248174213942 ], [ 136.394479472399212, 36.389970708722856 ], [ 136.400686118007172, 36.39343676101911 ], [ 136.399470320168916, 36.396105260321811 ], [ 136.40821828113846, 36.399463919588918 ], [ 136.410998054547292, 36.401332166231043 ], [ 136.411298606999537, 36.403020189675566 ], [ 136.411183103566458, 36.403633159197028 ], [ 136.416421403365064, 36.405855118856181 ] ] ] } },
{ "type": "Feature", "properties": { "CITY_NAME": "小松市", "S_NAME": "浜佐美本町", "JINKO": 311, "medical_area": "17_南加賀医療圏", "町丁目名": "小松市浜佐美本町" }, "geometry": { "type": "Polygon", "coordinates": [ [ [ 136.417201379198588, 36.413191573092199 ], [ 136.416909777429197, 36.411601098044706 ], [ 136.414550277646384, 36.411912967777816 ], [ 136.410550154557512, 36.414853067779724 ], [ 136.413908273823239, 36.417595594406521 ], [ 136.416769392092135, 36.415495619764158 ], [ 136.416531643213062, 36.415235266103473 ], [ 136.418346238373886, 36.413882427886612 ], [ 136.417201379198588, 36.413191573092199 ] ] ] } },
{ "type": "Feature", "properties": { "CITY_NAME": "小松市", "S_NAME": "坊丸町", "JINKO": 134, "medical_area": "17_南加賀医療圏", "町丁目名": "小松市坊丸町" }, "geometry": { "type": "Polygon", "coordinates": [ [ [ 136.444077830984696, 36.430091572185589 ], [ 136.442993432335584, 36.428342497275821 ], [ 136.443827812912815, 36.427984586320242 ], [ 136.442400576076125, 36.425680652295206 ], [ 136.440258275724602, 36.426611434662284 ], [ 136.441763868834045, 36.427800590944365 ], [ 136.441194915280192, 36.428200562701861 ], [ 136.440746610272186, 36.428799189295624 ], [ 136.440586930455027, 36.428744912331283 ], [ 136.440264612876604, 36.428963692655948 ], [ 136.440376379291934, 36.429101424535546 ], [ 136.439636733596018, 36.429622117714104 ], [ 136.439431069747485, 36.429453390233043 ], [ 136.438022015743712, 36.430537122298105 ], [ 136.439052158968479, 36.431190495272723 ], [ 136.440360324878753, 36.432348018903298 ], [ 136.44135098905835, 36.431680404784593 ], [ 136.44386975014524, 36.43052129202183 ], [ 136.443686883409356, 36.430246540873952 ], [ 136.444077830984696, 36.430091572185589 ] ] ] } },
{ "type": "Feature", "properties": { "CITY_NAME": "小松市", "S_NAME": "犬丸町", "JINKO": 199, "medical_area": "17_南加賀医療圏", "町丁目名": "小松市犬丸町" }, "geometry": { "type": "Polygon", "coordinates": [ [ [ 136.45760614746743, 36.428366826857726 ], [ 136.459377907635343, 36.428286109821073 ], [ 136.460346474916065, 36.427960813225262 ], [ 136.460116079070048, 36.427396128211662 ], [ 136.459758024646334, 36.427405383075694 ], [ 136.459038822905256, 36.423867107756898 ], [ 136.4583549693169, 36.423969592374938 ], [ 136.457971192895059, 36.422866238018926 ], [ 136.456797140249279, 36.423089291246832 ], [ 136.454975724009955, 36.422966895073799 ], [ 136.454402253136919, 36.42274542520186 ], [ 136.454378446833971, 36.422070279569525 ], [ 136.452891588086715, 36.422516664767862 ], [ 136.453408727330043, 36.423757747595012 ], [ 136.454428089478739, 36.427186824762543 ], [ 136.451972417338936, 36.427369882496869 ], [ 136.452093540163418, 36.428285981399981 ], [ 136.4564816029513, 36.428234461871725 ], [ 136.45760614746743, 36.428366826857726 ] ] ] } },
{ "type": "Feature", "properties": { "CITY_NAME": "小松市", "S_NAME": "大島町", "JINKO": 304, "medical_area": "17_南加賀医療圏", "町丁目名": "小松市大島町" }, "geometry": { "type": "Polygon", "coordinates": [ [ [ 136.444124482323758, 36.434829830595092 ], [ 136.448674946689152, 36.434823255853601 ], [ 136.448932350547892, 36.435007520395985 ], [ 136.454560922889414, 36.434937781692526 ], [ 136.452093540163418, 36.428285981399981 ], [ 136.451463589129048, 36.423948697192763 ], [ 136.448259892150475, 36.422061458238261 ], [ 136.447118882907148, 36.42174637362789 ], [ 136.445572967597599, 36.423020359847264 ], [ 136.446149490918941, 36.424082413022134 ], [ 136.447236330603005, 36.423914564636739 ], [ 136.447437313542991, 36.424572920339571 ], [ 136.446107120161628, 36.424821579880103 ], [ 136.443895219131974, 36.424568210711115 ], [ 136.443811719512524, 36.424986080203084 ], [ 136.443063576822794, 36.424888393882803 ], [ 136.442716818262056, 36.424269136184357 ], [ 136.44173186096782, 36.424577389243836 ], [ 136.443827812912815, 36.427984586320214 ], [ 136.442993432335584, 36.428342497275821 ], [ 136.444077830984753, 36.430091572185582 ], [ 136.443686883409356, 36.430246540873924 ], [ 136.44386975014524, 36.43052129202183 ], [ 136.44135098905835, 36.431680404784593 ], [ 136.440194127023034, 36.432487848503307 ], [ 136.442053680972805, 36.435646962400611 ], [ 136.444124482323758, 36.434829830595092 ] ] ] } },
{ "type": "Feature", "properties": { "CITY_NAME": "小松市", "S_NAME": "御館町", "JINKO": 66, "medical_area": "17_南加賀医療圏", "町丁目名": "小松市御館町" }, "geometry": { "type": "Polygon", "coordinates": [ [ [ 136.454428089478739, 36.427186824762551 ], [ 136.453408727330043, 36.423757747595012 ], [ 136.451521947970178, 36.424154456164146 ], [ 136.451972417338936, 36.427369882496869 ], [ 136.454428089478739, 36.427186824762551 ] ] ] } },
{ "type": "Feature", "properties": { "CITY_NAME": "小松市", "S_NAME": "梯町", "JINKO": 380, "medical_area": "17_南加賀医療圏", "町丁目名": "小松市梯町" }, "geometry": { "type": "Polygon", "coordinates": [ [ [ 136.456184909025751, 36.421369183058111 ], [ 136.455846348914491, 36.420074135004107 ], [ 136.455650505693768, 36.420097770806365 ], [ 136.455389707358648, 36.419242867199955 ], [ 136.454764750503358, 36.419348815513153 ], [ 136.454783891570571, 36.418692664070399 ], [ 136.452949521707069, 36.418154313907763 ], [ 136.452972991342278, 36.417207351445349 ], [ 136.451790402059373, 36.417161809568341 ], [ 136.451844289167013, 36.416918644387465 ], [ 136.451669087304538, 36.416781913419939 ], [ 136.450554753327452, 36.416537812074793 ], [ 136.450769827982072, 36.416743677994923 ], [ 136.450929678907329, 36.417956090760363 ], [ 136.449390691623535, 36.417833801352778 ], [ 136.448594955400182, 36.41801404762775 ], [ 136.448640939565365, 36.420142083156435 ], [ 136.44985464309255, 36.423050070560933 ], [ 136.451331055902983, 36.423812716722999 ], [ 136.451521947970178, 36.424154456164125 ], [ 136.453408727330043, 36.423757747595012 ], [ 136.452891588086715, 36.422516664767862 ], [ 136.454378446833971, 36.422070279569525 ], [ 136.454382058991456, 36.421674629724635 ], [ 136.456184909025751, 36.421369183058111 ] ] ] } },
{ "type": "Feature", "properties": { "CITY_NAME": "小松市", "S_NAME": "島田町", "JINKO": 658, "medical_area": "17_南加賀医療圏", "町丁目名": "小松市島田町" }, "geometry": { "type": "Polygon", "coordinates": [ [ [ 136.458191526827761, 36.423691148732978 ], [ 136.463157574849362, 36.422795591643364 ], [ 136.46294328601391, 36.421961041897092 ], [ 136.463750943137711, 36.421818086781649 ], [ 136.463353521258682, 36.421345800900376 ], [ 136.462011854990351, 36.416593242054532 ], [ 136.462544435577115, 36.414272612724531 ], [ 136.459860429883577, 36.413860260338225 ], [ 136.458708719312824, 36.414002282366646 ], [ 136.457788422730317, 36.414302471224936 ], [ 136.456525596836144, 36.415539805569345 ], [ 136.458085988725117, 36.41656822507835 ], [ 136.456735981855331, 36.418005337710284 ], [ 136.457433301909759, 36.418361694091395 ], [ 136.45749734411703, 36.418835016103294 ], [ 136.456648052314847, 36.418922691849055 ], [ 136.457056431723288, 36.419405443676744 ], [ 136.457621887856362, 36.421537231892003 ], [ 136.456287074038357, 36.421774130612512 ], [ 136.456184909025751, 36.421369183058111 ], [ 136.454382058991456, 36.421674629724635 ], [ 136.454402253136919, 36.42274542520186 ], [ 136.454975724009955, 36.422966895073799 ], [ 136.456797140249279, 36.423089291246832 ], [ 136.457971192895059, 36.422866238018926 ], [ 136.458191526827761, 36.423691148732978 ] ] ] } },
{ "type": "Feature", "properties": { "CITY_NAME": "小松市", "S_NAME": "城北町", "JINKO": 488, "medical_area": "17_南加賀医療圏", "町丁目名": "小松市城北町" }, "geometry": { "type": "Polygon", "coordinates": [ [ [ 136.457599001061823, 36.431738983173659 ], [ 136.457530102020939, 36.429734682157374 ], [ 136.452658586068225, 36.429849929256356 ], [ 136.453365769052652, 36.431837195752863 ], [ 136.457599001061823, 36.431738983173659 ] ] ] } },
{ "type": "Feature", "properties": { "CITY_NAME": "小松市", "S_NAME": "蛭川町", "JINKO": 625, "medical_area": "17_南加賀医療圏", "町丁目名": "小松市蛭川町" }, "geometry": { "type": "Polygon", "coordinates": [ [ [ 136.461690118475587, 36.435902664867164 ], [ 136.462845984987922, 36.427882504174896 ], [ 136.461388535291405, 36.428102168369435 ], [ 136.461168361100817, 36.427706903375224 ], [ 136.459377907635343, 36.428286109821073 ], [ 136.45760614746743, 36.428366826857726 ], [ 136.4564816029513, 36.428234461871725 ], [ 136.452093540163418, 36.428285981399981 ], [ 136.452658586068225, 36.429849929256356 ], [ 136.457530102020939, 36.429734682157374 ], [ 136.457599001061823, 36.431738983173659 ], [ 136.453365769052652, 36.431837195752863 ], [ 136.454560922889414, 36.434937781692526 ], [ 136.459536170246224, 36.435244618506275 ], [ 136.461690118475587, 36.435902664867164 ] ] ] } },
{ "type": "Feature", "properties": { "CITY_NAME": "小松市", "S_NAME": "蛭川町（東蛭川町）", "JINKO": 223, "medical_area": "17_南加賀医療圏", "町丁目名": "小松市蛭川町（東蛭川町）" }, "geometry": { "type": "Polygon", "coordinates": [ [ [ 136.46949241634124, 36.432582405643721 ], [ 136.468249906511261, 36.431872394406462 ], [ 136.468250974345068, 36.432118042139919 ], [ 136.467590090004308, 36.431448475990258 ], [ 136.46634055052948, 36.428619930533671 ], [ 136.462845984987922, 36.427882504174896 ], [ 136.461732308179393, 36.435665058585869 ], [ 136.465566679095673, 36.435786939593591 ], [ 136.472135086713564, 36.435387413279145 ], [ 136.469970168977312, 36.433261440030485 ], [ 136.46949241634124, 36.432582405643721 ] ] ] } },
{ "type": "Feature", "properties": { "CITY_NAME": "小松市", "S_NAME": "松梨町", "JINKO": 114, "medical_area": "17_南加賀医療圏", "町丁目名": "小松市松梨町" }, "geometry": { "type": "Polygon", "coordinates": [ [ [ 136.462845984987922, 36.427882504174896 ], [ 136.463114595079816, 36.42526173204984 ], [ 136.462629261432738, 36.422983052290881 ], [ 136.45819152682779, 36.423691148732999 ], [ 136.4583549693169, 36.423969592374938 ], [ 136.459038822905256, 36.423867107756898 ], [ 136.459103702559531, 36.423985492505757 ], [ 136.459758024646334, 36.42740538307568 ], [ 136.460116079070048, 36.427396128211662 ], [ 136.460346474916065, 36.427960813225262 ], [ 136.461168361100817, 36.427706903375224 ], [ 136.461388535291405, 36.428102168369435 ], [ 136.462845984987922, 36.427882504174896 ] ] ] } },
{ "type": "Feature", "properties": { "CITY_NAME": "小松市", "S_NAME": "あけぼの町", "JINKO": 315, "medical_area": "17_南加賀医療圏", "町丁目名": "小松市あけぼの町" }, "geometry": { "type": "Polygon", "coordinates": [ [ [ 136.480747232819482, 36.428234654039194 ], [ 136.478034632337824, 36.423339919478636 ], [ 136.474401657150935, 36.424597108769476 ], [ 136.476788521804508, 36.428969586891675 ], [ 136.478601948007139, 36.428327766484841 ], [ 136.480747232819482, 36.428234654039194 ] ] ] } },
{ "type": "Feature", "properties": { "CITY_NAME": "小松市", "S_NAME": "荒屋町", "JINKO": 374, "medical_area": "17_南加賀医療圏", "町丁目名": "小松市荒屋町" }, "geometry": { "type": "Polygon", "coordinates": [ [ [ 136.477164394026119, 36.436003455048414 ], [ 136.477311529117173, 36.434889596785375 ], [ 136.477642609028976, 36.435160977707341 ], [ 136.477853358090726, 36.434987855295411 ], [ 136.478248503768071, 36.435040367629796 ], [ 136.477379189470298, 36.434263952189994 ], [ 136.476571076358738, 36.432116963590154 ], [ 136.474224134165041, 36.431709601852802 ], [ 136.471888695120811, 36.430747509424371 ], [ 136.468154277798391, 36.431235227342512 ], [ 136.468249906511261, 36.431872394406462 ], [ 136.46949241634124, 36.432582405643721 ], [ 136.469970168977312, 36.433261440030485 ], [ 136.472693790364758, 36.435792232425428 ], [ 136.477164394026119, 36.436003455048414 ] ] ] } },
{ "type": "Feature", "properties": { "CITY_NAME": "小松市", "S_NAME": "高堂町", "JINKO": 634, "medical_area": "17_南加賀医療圏", "町丁目名": "小松市高堂町" }, "geometry": { "type": "Polygon", "coordinates": [ [ [ 136.483255660790775, 36.440054139255601 ], [ 136.484528218296106, 36.439596605022288 ], [ 136.485012864505819, 36.440259782126248 ], [ 136.489369658878218, 36.441552838573649 ], [ 136.488156868631393, 36.440399439409205 ], [ 136.487508152121762, 36.438303619842785 ], [ 136.487288007975877, 36.435048016460655 ], [ 136.483837934181082, 36.435162771903755 ], [ 136.478036567741242, 36.434973087518401 ], [ 136.477642609028976, 36.435160977707341 ], [ 136.477311529117173, 36.434889596785375 ], [ 136.477164394026119, 36.436003455048414 ], [ 136.472533287276292, 36.435825641370137 ], [ 136.473389086670011, 36.440693725060534 ], [ 136.475561670220486, 36.441990299327458 ], [ 136.480375009887894, 36.443423771688188 ], [ 136.482174421524348, 36.44217956163736 ], [ 136.482995188266358, 36.441048480524202 ], [ 136.483255660790775, 36.440054139255601 ] ] ] } },
{ "type": "Feature", "properties": { "CITY_NAME": "小松市", "S_NAME": "問屋町", "JINKO": 2, "medical_area": "17_南加賀医療圏", "町丁目名": "小松市問屋町" }, "geometry": { "type": "Polygon", "coordinates": [ [ [ 136.466864485688461, 36.42141216133551 ], [ 136.466138786266441, 36.418948981629136 ], [ 136.462865846628887, 36.41952621634973 ], [ 136.463365195005338, 36.421379771321092 ], [ 136.463750943137683, 36.42181808678167 ], [ 136.466864485688461, 36.42141216133551 ] ] ] } },
{ "type": "Feature", "properties": { "CITY_NAME": "小松市", "S_NAME": "長田町", "JINKO": 1019, "medical_area": "17_南加賀医療圏", "町丁目名": "小松市長田町" }, "geometry": { "type": "Polygon", "coordinates": [ [ [ 136.477143043558698, 36.422140770372302 ], [ 136.476071871127573, 36.419815245512069 ], [ 136.469160556101372, 36.421071507818773 ], [ 136.46294328601391, 36.421961041897092 ], [ 136.463157574849362, 36.422795591643364 ], [ 136.462629261432738, 36.422983052290881 ], [ 136.463114595079816, 36.425261732049812 ], [ 136.462845984987922, 36.427882504174896 ], [ 136.46634055052948, 36.428619930533671 ], [ 136.467590090004308, 36.431448475990258 ], [ 136.468250974345068, 36.432118042139919 ], [ 136.468154277798391, 36.431235227342512 ], [ 136.471888695120811, 36.430747509424371 ], [ 136.476788521804508, 36.428969586891675 ], [ 136.474401657150935, 36.424597108769476 ], [ 136.478034632337824, 36.423339919478636 ], [ 136.477675451360057, 36.422555933163544 ], [ 136.477143043558698, 36.422140770372302 ] ] ] } },
{ "type": "Feature", "properties": { "CITY_NAME": "小松市", "S_NAME": "野田町", "JINKO": 219, "medical_area": "17_南加賀医療圏", "町丁目名": "小松市野田町" }, "geometry": { "type": "Polygon", "coordinates": [ [ [ 136.483837934181082, 36.435162771903755 ], [ 136.483844163992586, 36.433704715670288 ], [ 136.483382500376166, 36.432288825111819 ], [ 136.480747232819482, 36.428234654039194 ], [ 136.478601948007139, 36.428327766484841 ], [ 136.471888695120811, 36.430747509424407 ], [ 136.474224134165041, 36.431709601852802 ], [ 136.476571076358738, 36.432116963590154 ], [ 136.47737918947027, 36.434263952189994 ], [ 136.478248503768071, 36.435040367629796 ], [ 136.483837934181082, 36.435162771903755 ] ] ] } },
{ "type": "Feature", "properties": { "CITY_NAME": "小松市", "S_NAME": "川辺町", "JINKO": 1378, "medical_area": "17_南加賀医療圏", "町丁目名": "小松市川辺町" }, "geometry": { "type": "Polygon", "coordinates": [ [ [ 136.475168262378531, 36.414017391753447 ], [ 136.475684477398147, 36.413916282919111 ], [ 136.475538590572654, 36.413603079163828 ], [ 136.475799573861025, 36.413510473610373 ], [ 136.475926246288736, 36.413755519517338 ], [ 136.476273822320564, 36.413677464987209 ], [ 136.476341815525473, 36.413830043310547 ], [ 136.478621730155083, 36.413214555159122 ], [ 136.478926527869419, 36.413492670107466 ], [ 136.478976038169606, 36.412371577214714 ], [ 136.479892070318925, 36.411206765016047 ], [ 136.479758191738256, 36.410626410779095 ], [ 136.479553153361195, 36.410446283095283 ], [ 136.478580519915738, 36.410269614278604 ], [ 136.477740957733971, 36.410314184938969 ], [ 136.477073815376741, 36.409896666214372 ], [ 136.475159895612734, 36.411480267275202 ], [ 136.474158664136439, 36.411914964943506 ], [ 136.47277337978116, 36.412243022122077 ], [ 136.470937500255445, 36.413512911182707 ], [ 136.471048488007455, 36.413966862933769 ], [ 136.47170847410456, 36.4148756276211 ], [ 136.474061286603188, 36.41498192899742 ], [ 136.474930428571867, 36.41471184562436 ], [ 136.474742994761868, 36.414334293130118 ], [ 136.47524107600637, 36.414186050981975 ], [ 136.475168262378531, 36.414017391753447 ] ] ] } },
{ "type": "Feature", "properties": { "CITY_NAME": "小松市", "S_NAME": "千代町", "JINKO": 857, "medical_area": "17_南加賀医療圏", "町丁目名": "小松市千代町" }, "geometry": { "type": "Polygon", "coordinates": [ [ [ 136.490342813229262, 36.406226462483772 ], [ 136.487772089876302, 36.406060747696166 ], [ 136.488308167342609, 36.409479744927438 ], [ 136.48761545582758, 36.411346783815034 ], [ 136.487448247191082, 36.41642253108018 ], [ 136.489450505694464, 36.424565484052287 ], [ 136.490310539509238, 36.424692843597938 ], [ 136.493058981110721, 36.42449910666862 ], [ 136.493962971508893, 36.420444959875745 ], [ 136.494563158608571, 36.42018417070269 ], [ 136.494706495604646, 36.415571559034227 ], [ 136.495547503254357, 36.415484344181372 ], [ 136.495528253905405, 36.414652205069856 ], [ 136.496351141801142, 36.414639829021517 ], [ 136.496342781437733, 36.414279052400389 ], [ 136.497146334865363, 36.413040109895583 ], [ 136.49663446015893, 36.409999307454164 ], [ 136.496312384751633, 36.409298593345753 ], [ 136.494576966371994, 36.408087556564908 ], [ 136.492100664733243, 36.406668175403794 ], [ 136.490342813229262, 36.406226462483772 ] ] ] } },
{ "type": "Feature", "properties": { "CITY_NAME": "小松市", "S_NAME": "能美町", "JINKO": 259, "medical_area": "17_南加賀医療圏", "町丁目名": "小松市能美町" }, "geometry": { "type": "Polygon", "coordinates": [ [ [ 136.487635305243344, 36.411323064607963 ], [ 136.488308167342609, 36.409479744927438 ], [ 136.487772089876302, 36.406060747696138 ], [ 136.486460700963988, 36.406236461804113 ], [ 136.484225321653582, 36.407531577135366 ], [ 136.479302132318395, 36.408063646933336 ], [ 136.477350824925622, 36.409669534893084 ], [ 136.481491170589578, 36.409518037947457 ], [ 136.481829760769557, 36.411305520881868 ], [ 136.483624440850235, 36.413409599911141 ], [ 136.483778291961926, 36.415506156009613 ], [ 136.483553414166892, 36.415539917194877 ], [ 136.484321227701798, 36.416175793037993 ], [ 136.487500375584915, 36.416378579956728 ], [ 136.487635305243344, 36.411323064607963 ] ] ] } },
{ "type": "Feature", "properties": { "CITY_NAME": "小松市", "S_NAME": "一針町", "JINKO": 1236, "medical_area": "17_南加賀医療圏", "町丁目名": "小松市一針町" }, "geometry": { "type": "Polygon", "coordinates": [ [ [ 136.482099885416829, 36.424214191031382 ], [ 136.483618572491935, 36.423990564213511 ], [ 136.484087997531105, 36.424141211416455 ], [ 136.482475561741325, 36.41572053262567 ], [ 136.483778291961926, 36.415506156009613 ], [ 136.483624440850235, 36.413409599911141 ], [ 136.481829760769557, 36.411305520881868 ], [ 136.481491170589578, 36.409518037947457 ], [ 136.477350824925622, 36.409669534893084 ], [ 136.477073815376741, 36.409896666214372 ], [ 136.477740957733971, 36.410314184938969 ], [ 136.478580519915738, 36.410269614278604 ], [ 136.479553153361195, 36.410446283095283 ], [ 136.479860029503442, 36.410794003937944 ], [ 136.479892070318925, 36.411206765016047 ], [ 136.478976038169606, 36.412371577214714 ], [ 136.478926527869419, 36.413492670107466 ], [ 136.478621730155083, 36.413214555159122 ], [ 136.476341815525473, 36.413830043310547 ], [ 136.476273822320564, 36.413677464987209 ], [ 136.475926246288736, 36.413755519517338 ], [ 136.475799573861025, 36.413510473610373 ], [ 136.475538590572654, 36.413603079163828 ], [ 136.475684477398147, 36.413916282919111 ], [ 136.475168262378531, 36.414017391753447 ], [ 136.47524107600637, 36.414186050981975 ], [ 136.474742994761868, 36.414334293130118 ], [ 136.474930428571867, 36.41471184562436 ], [ 136.473406279586271, 36.415039688876966 ], [ 136.474170597209536, 36.415106693573698 ], [ 136.477143043558698, 36.422140770372302 ], [ 136.477856158518819, 36.422821149764459 ], [ 136.478910482525407, 36.42484541500319 ], [ 136.48122054091391, 36.424589478808983 ], [ 136.482099885416829, 36.424214191031382 ] ] ] } },
{ "type": "Feature", "properties": { "CITY_NAME": "小松市", "S_NAME": "平面町", "JINKO": 887, "medical_area": "17_南加賀医療圏", "町丁目名": "小松市平面町" }, "geometry": { "type": "Polygon", "coordinates": [ [ [ 136.476071871127573, 36.419815245512069 ], [ 136.474170597209536, 36.415106693573698 ], [ 136.47170847410456, 36.4148756276211 ], [ 136.471048488007455, 36.413966862933769 ], [ 136.470937500255445, 36.413512911182707 ], [ 136.468976695673263, 36.413971700030281 ], [ 136.467952350570926, 36.415111709739598 ], [ 136.467254026587199, 36.415350675044515 ], [ 136.466437576843418, 36.415345829507778 ], [ 136.463694697865179, 36.414460833505508 ], [ 136.462544435577115, 36.414272612724531 ], [ 136.462011854990351, 36.416593242054532 ], [ 136.462865846628915, 36.41952621634973 ], [ 136.46613878626647, 36.418948981629136 ], [ 136.466864485688461, 36.42141216133551 ], [ 136.476071871127573, 36.419815245512069 ] ] ] } },
{ "type": "Feature", "properties": { "CITY_NAME": "小松市", "S_NAME": "糸町", "JINKO": 430, "medical_area": "17_南加賀医療圏", "町丁目名": "小松市糸町" }, "geometry": { "type": "Polygon", "coordinates": [ [ [ 136.471462857107241, 36.405476589894135 ], [ 136.471587521430678, 36.402598405486096 ], [ 136.471421181146297, 36.402591057561111 ], [ 136.471419131162548, 36.401486214544391 ], [ 136.469304318776125, 36.402293578212117 ], [ 136.467759494585067, 36.404478059580931 ], [ 136.467953780882766, 36.404463189094301 ], [ 136.467937255762763, 36.405423787419778 ], [ 136.47029817074295, 36.405463333423043 ], [ 136.470322535611558, 36.404509180830345 ], [ 136.470813601241673, 36.40453128856042 ], [ 136.470797340615775, 36.405466270250876 ], [ 136.471462857107241, 36.405476589894135 ] ] ] } },
{ "type": "Feature", "properties": { "CITY_NAME": "小松市", "S_NAME": "打越町", "JINKO": 1128, "medical_area": "17_南加賀医療圏", "町丁目名": "小松市打越町" }, "geometry": { "type": "Polygon", "coordinates": [ [ [ 136.472776773492825, 36.401180340917165 ], [ 136.474934520487324, 36.401033171676701 ], [ 136.478090202831481, 36.401127236435869 ], [ 136.478086738629855, 36.3992290823372 ], [ 136.47841572608769, 36.39921177223119 ], [ 136.478374048311395, 36.398322870199543 ], [ 136.478641462391522, 36.398319601266479 ], [ 136.478389556633118, 36.39721590402678 ], [ 136.477710084451871, 36.396347447076394 ], [ 136.477244798777633, 36.396015527494633 ], [ 136.476126178635866, 36.395630520325341 ], [ 136.476082833223757, 36.396021440193422 ], [ 136.474014497510836, 36.396079857502322 ], [ 136.47166591663688, 36.396018064797488 ], [ 136.471573995513012, 36.395904771359419 ], [ 136.47083801388203, 36.396461547113979 ], [ 136.470492791151628, 36.398300859357867 ], [ 136.470136279672005, 36.398298764348333 ], [ 136.470237978248861, 36.400220784825414 ], [ 136.469457315913843, 36.400244990125458 ], [ 136.469528406785713, 36.401154865051282 ], [ 136.470305373137734, 36.401101807698041 ], [ 136.470378232678769, 36.401819557047752 ], [ 136.472776773492825, 36.401180340917165 ] ] ] } },
{ "type": "Feature", "properties": { "CITY_NAME": "小松市", "S_NAME": "漆町", "JINKO": 145, "medical_area": "17_南加賀医療圏", "町丁目名": "小松市漆町" }, "geometry": { "type": "Polygon", "coordinates": [ [ [ 136.491137531004568, 36.401386015840629 ], [ 136.482586836324799, 36.401290221450573 ], [ 136.481667945594921, 36.401904764945108 ], [ 136.481578547537509, 36.405228839459411 ], [ 136.487228240904216, 36.405407325992805 ], [ 136.487223445536671, 36.406063660638146 ], [ 136.490342813229262, 36.406226462483772 ], [ 136.490497915254394, 36.405485477444429 ], [ 136.491006363689621, 36.405466761332121 ], [ 136.491137531004568, 36.401386015840629 ] ] ] } },
{ "type": "Feature", "properties": { "CITY_NAME": "小松市", "S_NAME": "沖町", "JINKO": 1976, "medical_area": "17_南加賀医療圏", "町丁目名": "小松市沖町" }, "geometry": { "type": "Polygon", "coordinates": [ [ [ 136.470378232678769, 36.401819557047752 ], [ 136.470305373137734, 36.401101807698041 ], [ 136.469528406785713, 36.401154865051282 ], [ 136.469457315913843, 36.400244990125458 ], [ 136.470237978248861, 36.400220784825414 ], [ 136.470136279672005, 36.398298764348333 ], [ 136.470492791151628, 36.398300859357867 ], [ 136.470717766515094, 36.396614535717703 ], [ 136.471573995513012, 36.395904771359419 ], [ 136.469176661930248, 36.396459667244024 ], [ 136.462827954946306, 36.396006748765544 ], [ 136.456517551784714, 36.396077282154359 ], [ 136.457851120255441, 36.39914378522576 ], [ 136.459610052897432, 36.398859156945285 ], [ 136.46050344695999, 36.401623393615814 ], [ 136.463662427931638, 36.401459658373987 ], [ 136.463906561901581, 36.403821198776008 ], [ 136.467288522613757, 36.403098286360958 ], [ 136.470378232678769, 36.401819557047752 ] ] ] } },
{ "type": "Feature", "properties": { "CITY_NAME": "小松市", "S_NAME": "金屋町", "JINKO": 15, "medical_area": "17_南加賀医療圏", "町丁目名": "小松市金屋町" }, "geometry": { "type": "Polygon", "coordinates": [ [ [ 136.487223445536671, 36.406063660638146 ], [ 136.487228240904216, 36.405407325992805 ], [ 136.481578547537509, 36.405228839459411 ], [ 136.481493845530935, 36.406498711677663 ], [ 136.481033016352569, 36.407187987751207 ], [ 136.480752588942266, 36.407132291167805 ], [ 136.48077329446042, 36.407824357909725 ], [ 136.484225321653582, 36.407531577135366 ], [ 136.486460700963988, 36.406236461804113 ], [ 136.487223445536671, 36.406063660638146 ] ] ] } },
{ "type": "Feature", "properties": { "CITY_NAME": "小松市", "S_NAME": "佐々木町", "JINKO": 281, "medical_area": "17_南加賀医療圏", "町丁目名": "小松市佐々木町" }, "geometry": { "type": "Polygon", "coordinates": [ [ [ 136.49969309396937, 36.401591367418078 ], [ 136.499706673375869, 36.400557693263131 ], [ 136.496767789948422, 36.400777773213782 ], [ 136.496682860887347, 36.400282644809053 ], [ 136.493787872699613, 36.40060425139891 ], [ 136.494076142195723, 36.401041314451007 ], [ 136.491137531004597, 36.4013860158406 ], [ 136.491006363689621, 36.405466761332107 ], [ 136.490497915254394, 36.405485477444429 ], [ 136.490342813229262, 36.406226462483772 ], [ 136.492100664733243, 36.406668175403752 ], [ 136.494576966371994, 36.408087556564908 ], [ 136.496187038086703, 36.409247683592753 ], [ 136.497377492166976, 36.409616934321207 ], [ 136.498001091144943, 36.409493645980142 ], [ 136.498582119844087, 36.40918392185521 ], [ 136.499461018930248, 36.408152755713338 ], [ 136.499714801106535, 36.407131981152155 ], [ 136.499629377649541, 36.405940885521993 ], [ 136.500197498976291, 36.405133796268991 ], [ 136.499972857463348, 36.405027876748932 ], [ 136.499837949026244, 36.403138948001178 ], [ 136.499972546605761, 36.401743569257583 ], [ 136.49969309396937, 36.401591367418078 ] ] ] } },
{ "type": "Feature", "properties": { "CITY_NAME": "小松市", "S_NAME": "鹿町", "JINKO": 100, "medical_area": "17_南加賀医療圏", "町丁目名": "小松市鹿町" }, "geometry": { "type": "Polygon", "coordinates": [ [ [ 136.478522090767513, 36.395064372210982 ], [ 136.478600110753803, 36.394383964029977 ], [ 136.477898208754198, 36.394515775949728 ], [ 136.476097030882869, 36.395164476530923 ], [ 136.476126178635838, 36.395630520325341 ], [ 136.476968837744494, 36.395892966964389 ], [ 136.477601678394251, 36.395762275552066 ], [ 136.478522090767513, 36.395064372210982 ] ] ] } },
{ "type": "Feature", "properties": { "CITY_NAME": "小松市", "S_NAME": "白江町", "JINKO": 2426, "medical_area": "17_南加賀医療圏", "町丁目名": "小松市白江町" }, "geometry": { "type": "Polygon", "coordinates": [ [ [ 136.475159895612734, 36.411480267275202 ], [ 136.479302132318395, 36.408063646933336 ], [ 136.48077329446042, 36.407824357909725 ], [ 136.480752588942266, 36.407132291167791 ], [ 136.481033016352569, 36.407187987751207 ], [ 136.481398408776187, 36.406703567880427 ], [ 136.481667945594921, 36.401904764945108 ], [ 136.482586836324799, 36.401290221450573 ], [ 136.474934520487324, 36.401033171676701 ], [ 136.47333207423614, 36.401106746078909 ], [ 136.471419131162548, 36.401486214544391 ], [ 136.471421181146297, 36.402591057561111 ], [ 136.471587521430678, 36.402598405486096 ], [ 136.471462857107241, 36.405476589894135 ], [ 136.470797340615775, 36.405466270250876 ], [ 136.470767597546796, 36.408357744165805 ], [ 136.467297290917685, 36.4083116657416 ], [ 136.467300019124821, 36.408007234626204 ], [ 136.466731967150423, 36.407990394750023 ], [ 136.466598042120665, 36.412345319024389 ], [ 136.465886080335167, 36.413164466900561 ], [ 136.465615923073017, 36.415091331071345 ], [ 136.466437576843418, 36.415345829507778 ], [ 136.467564023036687, 36.415283060322082 ], [ 136.467952350570869, 36.415111709739577 ], [ 136.468976695673263, 36.413971700030245 ], [ 136.471124268054893, 36.413449874187549 ], [ 136.47277337978116, 36.412243022122077 ], [ 136.474158664136439, 36.411914964943506 ], [ 136.475159895612734, 36.411480267275202 ] ] ] } },
{ "type": "Feature", "properties": { "CITY_NAME": "小松市", "S_NAME": "白松町", "JINKO": 724, "medical_area": "17_南加賀医療圏", "町丁目名": "小松市白松町" }, "geometry": { "type": "Polygon", "coordinates": [ [ [ 136.470767597546796, 36.408357744165805 ], [ 136.470813601241673, 36.40453128856042 ], [ 136.470322535611558, 36.404509180830345 ], [ 136.470298170742922, 36.405463333423043 ], [ 136.467937255762763, 36.405423787419764 ], [ 136.467953780882766, 36.404463189094301 ], [ 136.467759494585067, 36.404478059580931 ], [ 136.469304318776125, 36.402293578212117 ], [ 136.469149152502297, 36.402366343393801 ], [ 136.466655385192439, 36.405491579159801 ], [ 136.466282060096319, 36.407587607754998 ], [ 136.466757876601804, 36.407636750005295 ], [ 136.466731967150423, 36.407990394750023 ], [ 136.467300019124821, 36.408007234626204 ], [ 136.467297290917685, 36.4083116657416 ], [ 136.470767597546796, 36.408357744165805 ] ] ] } },
{ "type": "Feature", "properties": { "CITY_NAME": "小松市", "S_NAME": "八幡", "JINKO": 1589, "medical_area": "17_南加賀医療圏", "町丁目名": "小松市八幡" }, "geometry": { "type": "Polygon", "coordinates": [ [ [ 136.495757811690112, 36.39941201467321 ], [ 136.496230536412043, 36.398087764115147 ], [ 136.496635948251964, 36.397881475317412 ], [ 136.496096241657057, 36.397768099120235 ], [ 136.495854887419114, 36.397314090336089 ], [ 136.496215144376748, 36.397279198342233 ], [ 136.496246110134479, 36.396918890758911 ], [ 136.496371421539237, 36.396930863460298 ], [ 136.496452702479871, 36.395579511640946 ], [ 136.496900911144849, 36.39531167842042 ], [ 136.497849745377351, 36.395159306713424 ], [ 136.497577258837907, 36.394436808448525 ], [ 136.497666849925707, 36.393738876820301 ], [ 136.497418179393293, 36.393489646612636 ], [ 136.497710678542518, 36.393502556360815 ], [ 136.497754603463562, 36.393254971307556 ], [ 136.497299785954908, 36.392581542053669 ], [ 136.497331930558317, 36.392001993564932 ], [ 136.497619900995488, 36.391577684606318 ], [ 136.498001829530949, 36.391407404295713 ], [ 136.499207112869271, 36.391890682468592 ], [ 136.499502376566113, 36.39161018197295 ], [ 136.499511940665769, 36.390491682275162 ], [ 136.500576821905298, 36.38948744567525 ], [ 136.500870307916301, 36.389418537215953 ], [ 136.500898393464922, 36.389050888930022 ], [ 136.500277338427566, 36.388800496200346 ], [ 136.500368977452098, 36.388287108653273 ], [ 136.499884728444385, 36.388072754650409 ], [ 136.497010294003189, 36.38862850848146 ], [ 136.496379408495869, 36.388430979459727 ], [ 136.495388697021895, 36.388410247681755 ], [ 136.493804274797185, 36.389128092289532 ], [ 136.493132084442578, 36.388570780657894 ], [ 136.492476939931265, 36.387503184731074 ], [ 136.491724981439347, 36.386888031729086 ], [ 136.490221847801479, 36.386736768336611 ], [ 136.489345486483671, 36.387123904423461 ], [ 136.487811983398643, 36.387175598073178 ], [ 136.487649932016467, 36.38789517973958 ], [ 136.487244137325348, 36.388333743133742 ], [ 136.487203186456014, 36.388741621265702 ], [ 136.486340669910447, 36.390104613512676 ], [ 136.486323872157698, 36.39059831581708 ], [ 136.48687643941949, 36.390843326370096 ], [ 136.487063798240882, 36.391869726855397 ], [ 136.487075945674974, 36.39369624913482 ], [ 136.486341615441944, 36.393964974666446 ], [ 136.48685598692515, 36.39534306251624 ], [ 136.486403901070673, 36.396037037333009 ], [ 136.486545693440917, 36.39666815400453 ], [ 136.486199572263786, 36.397227349212955 ], [ 136.486407732941643, 36.397506295144332 ], [ 136.485677282440292, 36.397710369018888 ], [ 136.485497858147653, 36.397951219265515 ], [ 136.485768188075269, 36.398087174998153 ], [ 136.485764086051574, 36.398557465546169 ], [ 136.485476576777017, 36.398488613201152 ], [ 136.484956658290656, 36.399222321678238 ], [ 136.485479259180096, 36.399329030031588 ], [ 136.482586836324799, 36.401290221450573 ], [ 136.490699709283035, 36.401398694670625 ], [ 136.493957084465734, 36.401070985238455 ], [ 136.494076142195723, 36.401041314451007 ], [ 136.493787872699613, 36.40060425139891 ], [ 136.49644464654088, 36.400309638738541 ], [ 136.495757811690112, 36.39941201467321 ] ] ] } },
{ "type": "Feature", "properties": { "CITY_NAME": "小松市", "S_NAME": "若杉町", "JINKO": 2041, "medical_area": "17_南加賀医療圏", "町丁目名": "小松市若杉町" }, "geometry": { "type": "Polygon", "coordinates": [ [ [ 136.485014974382239, 36.399017212244885 ], [ 136.485318101966442, 36.398868459803289 ], [ 136.485476576777017, 36.398488613201152 ], [ 136.485764086051574, 36.398557465546169 ], [ 136.485768188075269, 36.398087174998153 ], [ 136.485497858147653, 36.397951219265515 ], [ 136.485677282440292, 36.397710369018888 ], [ 136.486430478864406, 36.397434751439881 ], [ 136.486199572263786, 36.397227349212955 ], [ 136.486545693440917, 36.39666815400453 ], [ 136.486403901070673, 36.396037037333016 ], [ 136.48685598692515, 36.39534306251624 ], [ 136.486341615441944, 36.393964974666446 ], [ 136.487075945674974, 36.39369624913482 ], [ 136.487063798240882, 36.391869726855397 ], [ 136.48687643941949, 36.390843326370096 ], [ 136.486323872157698, 36.39059831581708 ], [ 136.486340669910447, 36.390104613512676 ], [ 136.487203186456014, 36.388741621265702 ], [ 136.487244137325348, 36.388333743133742 ], [ 136.487649932016467, 36.38789517973958 ], [ 136.487692329499424, 36.387316008652412 ], [ 136.488043093905532, 36.387111404429703 ], [ 136.489345486483671, 36.387123904423461 ], [ 136.490221847801479, 36.386736768336611 ], [ 136.491724981439347, 36.386888031729086 ], [ 136.490889130070258, 36.386448976803166 ], [ 136.490816560922553, 36.386215163400806 ], [ 136.488512581916694, 36.383918161167045 ], [ 136.487444636641357, 36.386507944338916 ], [ 136.486220392813436, 36.387207152197028 ], [ 136.483517789728296, 36.391834488472696 ], [ 136.483137377333207, 36.392253362980625 ], [ 136.481370540617036, 36.393123357795155 ], [ 136.480995877848613, 36.393515398004659 ], [ 136.480429077498826, 36.393700246588907 ], [ 136.480569970891281, 36.394059394459866 ], [ 136.480225747884077, 36.394138053648327 ], [ 136.480136465110689, 36.393911779549136 ], [ 136.478600110753803, 36.394383964029977 ], [ 136.478522090767513, 36.395064372210982 ], [ 136.477601678394251, 36.395762275552066 ], [ 136.477135089700482, 36.395893933574492 ], [ 136.47658185765178, 36.395792183617516 ], [ 136.477710084451871, 36.396347447076394 ], [ 136.478389556633118, 36.39721590402678 ], [ 136.478574806430203, 36.397794057225269 ], [ 136.478641462391522, 36.398319601266479 ], [ 136.478374048311395, 36.398322870199543 ], [ 136.47841572608769, 36.399211772231183 ], [ 136.478086738629855, 36.3992290823372 ], [ 136.478090202831481, 36.401127236435869 ], [ 136.482586836324799, 36.401290221450573 ], [ 136.485479259180096, 36.399329030031588 ], [ 136.48496108223037, 36.399324189476381 ], [ 136.485014974382239, 36.399017212244885 ] ] ] } },
{ "type": "Feature", "properties": { "CITY_NAME": "小松市", "S_NAME": "扇町", "JINKO": 214, "medical_area": "17_南加賀医療圏", "町丁目名": "小松市扇町" }, "geometry": { "type": "Polygon", "coordinates": [ [ [ 136.456163398085806, 36.385591622575909 ], [ 136.455843060363776, 36.385711893616808 ], [ 136.455689396323379, 36.3862582347721 ], [ 136.455854278116135, 36.387005790521954 ], [ 136.456173411986668, 36.387425448253445 ], [ 136.458489593691695, 36.386992433882369 ], [ 136.458531779011906, 36.386296557616177 ], [ 136.456602668771268, 36.385904562472838 ], [ 136.456163398085806, 36.385591622575909 ] ] ] } },
{ "type": "Feature", "properties": { "CITY_NAME": "小松市", "S_NAME": "北浅井町", "JINKO": 1381, "medical_area": "17_南加賀医療圏", "町丁目名": "小松市北浅井町" }, "geometry": { "type": "Polygon", "coordinates": [ [ [ 136.470843508842535, 36.394261660998836 ], [ 136.469095149065311, 36.39004820978338 ], [ 136.467905028086648, 36.388270156402612 ], [ 136.467349265221145, 36.388161346010158 ], [ 136.466774815531124, 36.387004013460896 ], [ 136.466089279467667, 36.387364563094316 ], [ 136.465566658707303, 36.387430933745023 ], [ 136.458531779011906, 36.386296557616177 ], [ 136.458489593691695, 36.386992433882369 ], [ 136.455130798959118, 36.387650019735624 ], [ 136.452691257562691, 36.388718003056646 ], [ 136.452183397389518, 36.388591878309846 ], [ 136.452321668118799, 36.388817720551046 ], [ 136.451439134287369, 36.389184908378155 ], [ 136.451823157929226, 36.389749221744673 ], [ 136.452019021545567, 36.389658138047487 ], [ 136.452746170312366, 36.39095689324278 ], [ 136.456412097194828, 36.389419109776206 ], [ 136.456992806391213, 36.390318308614383 ], [ 136.457479515769734, 36.392028146248869 ], [ 136.459028228357568, 36.393051129775372 ], [ 136.467132625750736, 36.393720301747855 ], [ 136.470843508842535, 36.394261660998836 ] ] ] } },
{ "type": "Feature", "properties": { "CITY_NAME": "小松市", "S_NAME": "清六町", "JINKO": 187, "medical_area": "17_南加賀医療圏", "町丁目名": "小松市清六町" }, "geometry": { "type": "Polygon", "coordinates": [ [ [ 136.470822005776114, 36.396107702621784 ], [ 136.470795275261281, 36.395640863697892 ], [ 136.469503652467637, 36.39554725426418 ], [ 136.469667231779425, 36.394065437706651 ], [ 136.467132625750736, 36.393720301747855 ], [ 136.460650505655792, 36.393243787387128 ], [ 136.460734727730483, 36.394517459067991 ], [ 136.461210314912648, 36.394478952856929 ], [ 136.461108866506237, 36.395428968925678 ], [ 136.462281480044282, 36.395519240579546 ], [ 136.462274736594139, 36.396005232631232 ], [ 136.468988262898023, 36.396461233238938 ], [ 136.470822005776114, 36.396107702621784 ] ] ] } },
{ "type": "Feature", "properties": { "CITY_NAME": "小松市", "S_NAME": "三田町", "JINKO": 0, "medical_area": "17_南加賀医療圏", "町丁目名": "小松市三田町" }, "geometry": { "type": "Polygon", "coordinates": [ [ [ 136.470790751097724, 36.395561823337658 ], [ 136.470715180014707, 36.394241968045058 ], [ 136.469667231779425, 36.394065437706651 ], [ 136.469503652467637, 36.39554725426418 ], [ 136.470790751097724, 36.395561823337658 ] ] ] } },
{ "type": "Feature", "properties": { "CITY_NAME": "小松市", "S_NAME": "千木野町一丁目", "JINKO": 91, "medical_area": "17_南加賀医療圏", "町丁目名": "小松市千木野町一丁目" }, "geometry": { "type": "Polygon", "coordinates": [ [ [ 136.477571954273202, 36.386886296872092 ], [ 136.478456020997413, 36.387015054620264 ], [ 136.478682512922603, 36.386769207562878 ], [ 136.480335058777627, 36.38614796084989 ], [ 136.480056270929197, 36.385958890756527 ], [ 136.480584992911531, 36.385358066427379 ], [ 136.480743751916776, 36.384676951967585 ], [ 136.479371823848226, 36.384604494602669 ], [ 136.478868482968096, 36.38472996793579 ], [ 136.479436848880454, 36.385236348626528 ], [ 136.479423522620465, 36.385415071343431 ], [ 136.4786757384542, 36.386045071647843 ], [ 136.477938412982496, 36.386158730504782 ], [ 136.478009598914838, 36.386356950986425 ], [ 136.477600370953809, 36.386443922864352 ], [ 136.477571954273202, 36.386886296872092 ] ] ] } },
{ "type": "Feature", "properties": { "CITY_NAME": "小松市", "S_NAME": "千木野町二丁目", "JINKO": 106, "medical_area": "17_南加賀医療圏", "町丁目名": "小松市千木野町二丁目" }, "geometry": { "type": "Polygon", "coordinates": [ [ [ 136.480743751916776, 36.384676951967585 ], [ 136.480327062575668, 36.383199730295182 ], [ 136.479195308683131, 36.383698639308193 ], [ 136.479240750812806, 36.383804231956816 ], [ 136.478906566339219, 36.383895129457763 ], [ 136.479006540366726, 36.384142060489516 ], [ 136.478794296017554, 36.384199798137047 ], [ 136.478996002313409, 36.384671739870541 ], [ 136.480743751916776, 36.384676951967585 ] ] ] } },
{ "type": "Feature", "properties": { "CITY_NAME": "小松市", "S_NAME": "千木野町三丁目", "JINKO": 197, "medical_area": "17_南加賀医療圏", "町丁目名": "小松市千木野町三丁目" }, "geometry": { "type": "Polygon", "coordinates": [ [ [ 136.484263867199076, 36.385144907936152 ], [ 136.483574485244645, 36.384970806423148 ], [ 136.483334918339636, 36.384752398796223 ], [ 136.480743751916776, 36.384676951967585 ], [ 136.480584992911531, 36.385358066427379 ], [ 136.480056270929197, 36.385958890756527 ], [ 136.480335058777627, 36.38614796084989 ], [ 136.481215935062068, 36.386049267803614 ], [ 136.481935914444875, 36.38618057557354 ], [ 136.483255424440983, 36.385812518391099 ], [ 136.483616907698377, 36.385442882926348 ], [ 136.483916198982342, 36.385483715812796 ], [ 136.484263867199076, 36.385144907936152 ] ] ] } },
{ "type": "Feature", "properties": { "CITY_NAME": "小松市", "S_NAME": "千木野町四丁目", "JINKO": 208, "medical_area": "17_南加賀医療圏", "町丁目名": "小松市千木野町四丁目" }, "geometry": { "type": "Polygon", "coordinates": [ [ [ 136.483334918339636, 36.384752398796223 ], [ 136.483432073790595, 36.384341639945198 ], [ 136.48369097340472, 36.384081178928156 ], [ 136.483625534820277, 36.383916402144187 ], [ 136.483293420696469, 36.383975287805875 ], [ 136.482853660837918, 36.384334721392264 ], [ 136.481293420207038, 36.382598506095846 ], [ 136.480327062575668, 36.383199730295182 ], [ 136.480743751916776, 36.384676951967585 ], [ 136.483334918339636, 36.384752398796223 ] ] ] } },
{ "type": "Feature", "properties": { "CITY_NAME": "小松市", "S_NAME": "千木野町", "JINKO": 401, "medical_area": "17_南加賀医療圏", "町丁目名": "小松市千木野町" }, "geometry": { "type": "Polygon", "coordinates": [ [ [ 136.469818418359495, 36.388172842468009 ], [ 136.472109920729849, 36.387904933979449 ], [ 136.47481520253902, 36.38697007068486 ], [ 136.477571954273202, 36.386886296872092 ], [ 136.477600370953809, 36.386443922864352 ], [ 136.478009598914866, 36.386356950986425 ], [ 136.477938412982496, 36.386158730504782 ], [ 136.4786757384542, 36.386045071647843 ], [ 136.479423522620465, 36.385415071343431 ], [ 136.479436848880454, 36.385236348626528 ], [ 136.478868482968124, 36.38472996793579 ], [ 136.478996002313409, 36.384671739870541 ], [ 136.478794296017583, 36.384199798137033 ], [ 136.479006540366726, 36.384142060489516 ], [ 136.478906566339219, 36.38389512945777 ], [ 136.48129342020701, 36.382598506095846 ], [ 136.482853660837918, 36.384334721392264 ], [ 136.483293420696469, 36.383975287805875 ], [ 136.483625534820277, 36.383916402144187 ], [ 136.48369097340472, 36.384081178928142 ], [ 136.483432073790652, 36.384341639945198 ], [ 136.483336735783695, 36.384768638632124 ], [ 136.483891542624178, 36.385076161715681 ], [ 136.484263867199076, 36.385144907936152 ], [ 136.485242521557524, 36.384290465268279 ], [ 136.485163390253064, 36.383812897191511 ], [ 136.48558560742589, 36.38390617782607 ], [ 136.486406345160134, 36.384445304356518 ], [ 136.486749877235752, 36.384079074188335 ], [ 136.487719697154517, 36.384001854398605 ], [ 136.487789898397722, 36.383738897277738 ], [ 136.488041950362202, 36.383678378165506 ], [ 136.488703243498406, 36.38278125424975 ], [ 136.489163905911511, 36.38278388063253 ], [ 136.490678686676119, 36.381045412530689 ], [ 136.491612092415807, 36.380807774844946 ], [ 136.491393063000857, 36.380367222065814 ], [ 136.490484106485894, 36.379507732545811 ], [ 136.490423581273575, 36.378691540668804 ], [ 136.490540964600541, 36.378433074167887 ], [ 136.488365174536256, 36.376717096211252 ], [ 136.486716069527205, 36.376125127800975 ], [ 136.486589690264537, 36.375904240488779 ], [ 136.486052729436267, 36.375649320407447 ], [ 136.483069498976931, 36.377018473918632 ], [ 136.480763739112263, 36.378431548223872 ], [ 136.478990267680473, 36.380031756795184 ], [ 136.478323638123072, 36.380272138467149 ], [ 136.477190681227682, 36.381360364417027 ], [ 136.476400261378785, 36.380278518563159 ], [ 136.475640270441147, 36.380992322285202 ], [ 136.474911517417013, 36.381421611755677 ], [ 136.472066757594035, 36.382446086841014 ], [ 136.470916699258936, 36.383962771202789 ], [ 136.472858034907716, 36.386883599603863 ], [ 136.469818418359495, 36.388172842468009 ] ] ] } },
{ "type": "Feature", "properties": { "CITY_NAME": "小松市", "S_NAME": "大領町", "JINKO": 1540, "medical_area": "17_南加賀医療圏", "町丁目名": "小松市大領町" }, "geometry": { "type": "Polygon", "coordinates": [ [ [ 136.449995696516453, 36.388528693378838 ], [ 136.450449221118873, 36.3883545447678 ], [ 136.45069072281035, 36.388756844664584 ], [ 136.451447388667219, 36.388445155847258 ], [ 136.452691257562691, 36.388718003056646 ], [ 136.455130798959118, 36.387650019735624 ], [ 136.456173411986668, 36.387425448253445 ], [ 136.455854278116135, 36.387005790521954 ], [ 136.455689396323379, 36.3862582347721 ], [ 136.455843060363776, 36.385711893616808 ], [ 136.456113116355112, 36.385518839863614 ], [ 136.456014311805546, 36.383682005021939 ], [ 136.454751369175312, 36.379321246200696 ], [ 136.449843550370616, 36.382146074701275 ], [ 136.448756835349371, 36.381527767483696 ], [ 136.449193560422458, 36.382221392683988 ], [ 136.447160082184411, 36.383056522487621 ], [ 136.447496337071783, 36.383591309987793 ], [ 136.44565348485753, 36.384356554400021 ], [ 136.447501910920835, 36.387384969088579 ], [ 136.448065302621842, 36.38716703545834 ], [ 136.448410772941656, 36.387639736534119 ], [ 136.44824547034824, 36.387873495300603 ], [ 136.448881293278845, 36.388800717162695 ], [ 136.448551111430049, 36.389070371377827 ], [ 136.449059178790378, 36.389908499280281 ], [ 136.449523023646009, 36.389237335162484 ], [ 136.450248844568051, 36.388937895012539 ], [ 136.449995696516453, 36.388528693378838 ] ] ] } },
{ "type": "Feature", "properties": { "CITY_NAME": "小松市", "S_NAME": "不動島町", "JINKO": 276, "medical_area": "17_南加賀医療圏", "町丁目名": "小松市不動島町" }, "geometry": { "type": "Polygon", "coordinates": [ [ [ 136.461108866506237, 36.395428968925678 ], [ 136.461210314912648, 36.394478952856929 ], [ 136.460734727730483, 36.394517459067991 ], [ 136.460650505655792, 36.393243787387128 ], [ 136.459028228357568, 36.393051129775372 ], [ 136.457479515769734, 36.392028146248869 ], [ 136.455690854515979, 36.392145630587144 ], [ 136.456039782857914, 36.396107784508999 ], [ 136.462274736594139, 36.396005232631232 ], [ 136.462281480044282, 36.395519240579546 ], [ 136.461108866506237, 36.395428968925678 ] ] ] } },
{ "type": "Feature", "properties": { "CITY_NAME": "小松市", "S_NAME": "南浅井町", "JINKO": 1453, "medical_area": "17_南加賀医療圏", "町丁目名": "小松市南浅井町" }, "geometry": { "type": "Polygon", "coordinates": [ [ [ 136.459437837490071, 36.381899630885002 ], [ 136.454800546851715, 36.377234707890338 ], [ 136.453841456783209, 36.378030155774269 ], [ 136.454323096077161, 36.378489445868709 ], [ 136.454837107666549, 36.379506290945187 ], [ 136.456014311805546, 36.383682005021939 ], [ 136.456031207976594, 36.385333006921684 ], [ 136.456297573904038, 36.385732356750218 ], [ 136.458775086192503, 36.386344863760122 ], [ 136.465348806501396, 36.387402962550077 ], [ 136.465953516127513, 36.387398508386418 ], [ 136.466702305460046, 36.38707339398136 ], [ 136.465214631200951, 36.385669451670033 ], [ 136.463340834622301, 36.385413354616887 ], [ 136.461957261213115, 36.384183748490855 ], [ 136.460577897508387, 36.382488456614261 ], [ 136.459892348743949, 36.382255032521904 ], [ 136.459437837490071, 36.381899630885002 ] ] ] } },
{ "type": "Feature", "properties": { "CITY_NAME": "小松市", "S_NAME": "吉竹町一丁目", "JINKO": 62, "medical_area": "17_南加賀医療圏", "町丁目名": "小松市吉竹町一丁目" }, "geometry": { "type": "Polygon", "coordinates": [ [ [ 136.477403354400167, 36.394688318038575 ], [ 136.480136465110661, 36.393911779549143 ], [ 136.479955025635405, 36.393355471610612 ], [ 136.477197872888979, 36.394248037403415 ], [ 136.477403354400167, 36.394688318038575 ] ] ] } },
{ "type": "Feature", "properties": { "CITY_NAME": "小松市", "S_NAME": "吉竹町二丁目", "JINKO": 75, "medical_area": "17_南加賀医療圏", "町丁目名": "小松市吉竹町二丁目" }, "geometry": { "type": "Polygon", "coordinates": [ [ [ 136.476082833223757, 36.396021440193429 ], [ 136.476097030882869, 36.395164476530915 ], [ 136.477403354400195, 36.394688318038575 ], [ 136.477197872888979, 36.394248037403415 ], [ 136.475881488259375, 36.394646340901929 ], [ 136.47547070315116, 36.396045367894246 ], [ 136.476082833223757, 36.396021440193429 ] ] ] } },
{ "type": "Feature", "properties": { "CITY_NAME": "小松市", "S_NAME": "吉竹町三丁目", "JINKO": 132, "medical_area": "17_南加賀医療圏", "町丁目名": "小松市吉竹町三丁目" }, "geometry": { "type": "Polygon", "coordinates": [ [ [ 136.47547070315116, 36.396045367894217 ], [ 136.475881488259375, 36.394646340901907 ], [ 136.471573995513012, 36.395904771359419 ], [ 136.47166591663688, 36.396018064797488 ], [ 136.47547070315116, 36.396045367894217 ] ] ] } },
{ "type": "Feature", "properties": { "CITY_NAME": "小松市", "S_NAME": "吉竹町四丁目", "JINKO": 113, "medical_area": "17_南加賀医療圏", "町丁目名": "小松市吉竹町四丁目" }, "geometry": { "type": "Polygon", "coordinates": [ [ [ 136.475016879381087, 36.394076401176626 ], [ 136.47077265681196, 36.395245812063806 ], [ 136.470822005776114, 36.396107702621784 ], [ 136.47526623442306, 36.394832498524067 ], [ 136.475016879381087, 36.394076401176626 ] ] ] } },
{ "type": "Feature", "properties": { "CITY_NAME": "小松市", "S_NAME": "吉竹町五丁目", "JINKO": 233, "medical_area": "17_南加賀医療圏", "町丁目名": "小松市吉竹町五丁目" }, "geometry": { "type": "Polygon", "coordinates": [ [ [ 136.476415643350975, 36.392648722434863 ], [ 136.476113697637089, 36.391669307693363 ], [ 136.474447925535969, 36.392094995230728 ], [ 136.47526623442306, 36.394832498524067 ], [ 136.477197872889008, 36.394248037403379 ], [ 136.476415643350975, 36.392648722434863 ] ] ] } },
{ "type": "Feature", "properties": { "CITY_NAME": "小松市", "S_NAME": "吉竹町六丁目", "JINKO": 260, "medical_area": "17_南加賀医療圏", "町丁目名": "小松市吉竹町六丁目" }, "geometry": { "type": "Polygon", "coordinates": [ [ [ 136.473786903881887, 36.389603381771963 ], [ 136.473354839020999, 36.38948412673323 ], [ 136.474447925535969, 36.392094995230728 ], [ 136.476113697637089, 36.391669307693363 ], [ 136.475945136555396, 36.390551722512434 ], [ 136.474954857358313, 36.390444467176856 ], [ 136.474236823444329, 36.390189177196049 ], [ 136.473992107348579, 36.390071475860537 ], [ 136.473786903881887, 36.389603381771963 ] ] ] } },
{ "type": "Feature", "properties": { "CITY_NAME": "小松市", "S_NAME": "吉竹町", "JINKO": 1760, "medical_area": "17_南加賀医療圏", "町丁目名": "小松市吉竹町" }, "geometry": { "type": "Polygon", "coordinates": [ [ [ 136.47077265681196, 36.395245812063806 ], [ 136.475010450697738, 36.394054996060341 ], [ 136.474693614915935, 36.392708148594807 ], [ 136.473354839020999, 36.38948412673323 ], [ 136.473786903881887, 36.389603381771963 ], [ 136.473992107348579, 36.390071475860537 ], [ 136.474236823444329, 36.390189177196049 ], [ 136.474954857358313, 36.390444467176856 ], [ 136.475945136555396, 36.390551722512434 ], [ 136.476415643351061, 36.392648722434863 ], [ 136.477197872889008, 36.394248037403379 ], [ 136.479955025635405, 36.393355471610612 ], [ 136.480225747884077, 36.394138053648327 ], [ 136.480569970891281, 36.394059394459866 ], [ 136.480429077498826, 36.393700246588907 ], [ 136.480995877848613, 36.393515398004659 ], [ 136.481370540617036, 36.393123357795155 ], [ 136.483137377333207, 36.392253362980625 ], [ 136.483517789728296, 36.391834488472696 ], [ 136.486220392813436, 36.387207152197028 ], [ 136.487444636641357, 36.386507944338916 ], [ 136.488512581916694, 36.383918161167045 ], [ 136.487789898397722, 36.383738897277738 ], [ 136.487719697154517, 36.384001854398605 ], [ 136.486749877235752, 36.384079074188328 ], [ 136.486406345160134, 36.384445304356518 ], [ 136.48558560742589, 36.38390617782607 ], [ 136.485163390253064, 36.383812897191511 ], [ 136.485242521557524, 36.384290465268279 ], [ 136.483916198982286, 36.385483715812775 ], [ 136.483616907698377, 36.385442882926348 ], [ 136.483255424440983, 36.385812518391113 ], [ 136.481935914444904, 36.38618057557354 ], [ 136.481215935062039, 36.386049267803614 ], [ 136.480236623537451, 36.386156580662323 ], [ 136.478682512922603, 36.386769207562878 ], [ 136.478456020997413, 36.387015054620264 ], [ 136.477571954273202, 36.386886296872092 ], [ 136.47481520253902, 36.38697007068486 ], [ 136.472109920729849, 36.387904933979449 ], [ 136.470766785144917, 36.387986058615397 ], [ 136.469998111445705, 36.388203009683494 ], [ 136.468343489342345, 36.387920851005852 ], [ 136.466995992666597, 36.387433629503128 ], [ 136.467349265221145, 36.388161346010158 ], [ 136.467905028086648, 36.388270156402612 ], [ 136.469095149065311, 36.39004820978338 ], [ 136.470843508842535, 36.394261660998836 ], [ 136.470715180014707, 36.394241968045058 ], [ 136.47077265681196, 36.395245812063806 ] ] ] } },
{ "type": "Feature", "properties": { "CITY_NAME": "小松市", "S_NAME": "三谷町", "JINKO": 425, "medical_area": "17_南加賀医療圏", "町丁目名": "小松市三谷町" }, "geometry": { "type": "Polygon", "coordinates": [ [ [ 136.465284088964239, 36.377451635641059 ], [ 136.46624653862915, 36.376991675097905 ], [ 136.465082061232863, 36.37546985916417 ], [ 136.462853512514812, 36.376592488202441 ], [ 136.462274892894044, 36.375841481255328 ], [ 136.463943774689199, 36.375000807812491 ], [ 136.46366774846004, 36.374634292341966 ], [ 136.462855484034236, 36.374163849885342 ], [ 136.461008910593762, 36.373782809786 ], [ 136.460523669715201, 36.373503686872425 ], [ 136.460945144038959, 36.373467958535414 ], [ 136.460909048014031, 36.372706717670546 ], [ 136.460350404946496, 36.372703400340505 ], [ 136.461854199957571, 36.371790943276686 ], [ 136.461744697487546, 36.367758172138672 ], [ 136.461042777461444, 36.368060177738784 ], [ 136.459701166354165, 36.367705593020091 ], [ 136.457258575193379, 36.36772424177618 ], [ 136.456777367437411, 36.367879962554234 ], [ 136.456000842625912, 36.367776930573712 ], [ 136.455577683352118, 36.367518009119138 ], [ 136.454121800280376, 36.367370132261172 ], [ 136.454144724781429, 36.367902272236535 ], [ 136.452687311562244, 36.367768977251139 ], [ 136.450267295830201, 36.36921436191426 ], [ 136.450920043314511, 36.370051987286871 ], [ 136.450845884588631, 36.370277828663191 ], [ 136.451494484594747, 36.370975661865991 ], [ 136.451329079318839, 36.371092492847438 ], [ 136.452763916225848, 36.372703328422418 ], [ 136.452579977386307, 36.372813818836946 ], [ 136.453990222737986, 36.374492788483266 ], [ 136.453864049391882, 36.374727719644795 ], [ 136.452357666330585, 36.375679028573813 ], [ 136.452688718826209, 36.376097227236237 ], [ 136.452258446196538, 36.37635539476836 ], [ 136.452311734439462, 36.376631532534461 ], [ 136.453841456783209, 36.378030155774269 ], [ 136.454800546851715, 36.377234707890338 ], [ 136.4592165339796, 36.38165854559135 ], [ 136.465904681369807, 36.378216322934144 ], [ 136.465284088964239, 36.377451635641059 ] ] ] } },
{ "type": "Feature", "properties": { "CITY_NAME": "小松市", "S_NAME": "東山町", "JINKO": 239, "medical_area": "17_南加賀医療圏", "町丁目名": "小松市東山町" }, "geometry": { "type": "Polygon", "coordinates": [ [ [ 136.478323638123072, 36.380272138467149 ], [ 136.478990267680473, 36.380031756795184 ], [ 136.480763739112263, 36.378431548223872 ], [ 136.483069498976931, 36.377018473918632 ], [ 136.486052729436267, 36.375649320407447 ], [ 136.488071150623341, 36.374342778065056 ], [ 136.489984896672979, 36.37267250665947 ], [ 136.490303070144762, 36.372224091187952 ], [ 136.49063578073816, 36.371129409545652 ], [ 136.49051146430449, 36.370664045032761 ], [ 136.489991195724343, 36.369834708225532 ], [ 136.488264948449995, 36.368424071404107 ], [ 136.4860772982681, 36.367220276241653 ], [ 136.484784522415509, 36.366834188405491 ], [ 136.484768309422009, 36.367051727456236 ], [ 136.483167352945543, 36.367144569585776 ], [ 136.482300077631521, 36.367377813682673 ], [ 136.48146866944839, 36.36771546106494 ], [ 136.479821070573252, 36.368763041995983 ], [ 136.478823587334489, 36.369143050459847 ], [ 136.478562744881145, 36.368712016691418 ], [ 136.478306793282854, 36.367669373932863 ], [ 136.477015058969329, 36.366295801969542 ], [ 136.475510382023117, 36.365989778096555 ], [ 136.47490123731356, 36.365639198206395 ], [ 136.473771327926983, 36.365297731188193 ], [ 136.472027907254216, 36.364330408351663 ], [ 136.471662934799411, 36.363414236733938 ], [ 136.470990659757547, 36.362940580703743 ], [ 136.471431473083015, 36.36393235582706 ], [ 136.471448995261198, 36.364420986341663 ], [ 136.470953198753847, 36.365004974396157 ], [ 136.470812984664519, 36.365560095763293 ], [ 136.469566548004337, 36.366334223614345 ], [ 136.469401985962605, 36.367011851526435 ], [ 136.469387174974372, 36.367605304735562 ], [ 136.469687549890267, 36.368098900957463 ], [ 136.469462780250979, 36.368477785944776 ], [ 136.469452190669244, 36.369976427898038 ], [ 136.46953640831876, 36.37049085944647 ], [ 136.469834319504088, 36.370957926762152 ], [ 136.46975460193201, 36.37177421693481 ], [ 136.471836107611438, 36.372333253788071 ], [ 136.473984268714275, 36.373346548044744 ], [ 136.477869759818589, 36.376183856423509 ], [ 136.478021857477216, 36.377456612156976 ], [ 136.477885864425957, 36.378211366510172 ], [ 136.478507392765948, 36.378181451240074 ], [ 136.477542051118348, 36.379106145936845 ], [ 136.476108602054381, 36.379879273882629 ], [ 136.477190681227682, 36.381360364417027 ], [ 136.478323638123072, 36.380272138467149 ] ] ] } },
{ "type": "Feature", "properties": { "CITY_NAME": "小松市", "S_NAME": "本江町", "JINKO": 766, "medical_area": "17_南加賀医療圏", "町丁目名": "小松市本江町" }, "geometry": { "type": "Polygon", "coordinates": [ [ [ 136.469818418359495, 36.388172842468009 ], [ 136.472858034907716, 36.386883599603863 ], [ 136.470916699258936, 36.383962771202789 ], [ 136.471708747289028, 36.382792046071096 ], [ 136.472355227221328, 36.38227678932801 ], [ 136.474524828969919, 36.381596433179809 ], [ 136.475640270441147, 36.380992322285202 ], [ 136.476400261378785, 36.380278518563159 ], [ 136.476108602054381, 36.379879273882629 ], [ 136.477542051118348, 36.379106145936845 ], [ 136.478507392765948, 36.378181451240074 ], [ 136.477885864425957, 36.378211366510172 ], [ 136.478021857477216, 36.377456612156976 ], [ 136.477869759818589, 36.376183856423509 ], [ 136.476442594745492, 36.375112922834141 ], [ 136.473087949998131, 36.375938017288895 ], [ 136.472642708394886, 36.375930398229741 ], [ 136.472767430343225, 36.376133837694596 ], [ 136.472393415802628, 36.376242738517774 ], [ 136.47228634550379, 36.375942388306179 ], [ 136.469932970214245, 36.376465751316012 ], [ 136.469633101519094, 36.376264670439852 ], [ 136.468720297773359, 36.377637497750442 ], [ 136.469082797074151, 36.378021373413397 ], [ 136.468561741658078, 36.379045401741692 ], [ 136.466578020679378, 36.37995657998016 ], [ 136.464744224440807, 36.380215591547419 ], [ 136.460942399507843, 36.382152216670043 ], [ 136.459525118731733, 36.381978123655081 ], [ 136.460577897508387, 36.382488456614261 ], [ 136.461957261213115, 36.384183748490855 ], [ 136.463340834622301, 36.385413354616887 ], [ 136.465214631200951, 36.385669451670033 ], [ 136.466774815531124, 36.387004013460896 ], [ 136.466995992666597, 36.387433629503128 ], [ 136.468343489342345, 36.387920851005852 ], [ 136.469818418359495, 36.388172842468009 ] ] ] } },
{ "type": "Feature", "properties": { "CITY_NAME": "小松市", "S_NAME": "蓮代寺町", "JINKO": 677, "medical_area": "17_南加賀医療圏", "町丁目名": "小松市蓮代寺町" }, "geometry": { "type": "Polygon", "coordinates": [ [ [ 136.468720297773359, 36.377637497750442 ], [ 136.469633101519094, 36.376264670439852 ], [ 136.469932970214245, 36.376465751316012 ], [ 136.47228634550379, 36.375942388306179 ], [ 136.472393415802628, 36.376242738517774 ], [ 136.472767430343225, 36.376133837694596 ], [ 136.472642708394886, 36.375930398229741 ], [ 136.473087949998131, 36.375938017288895 ], [ 136.476442594745492, 36.375112922834141 ], [ 136.474634026278522, 36.373732605747335 ], [ 136.472700982166714, 36.372685796939848 ], [ 136.470996270923735, 36.372057274185892 ], [ 136.466921046036816, 36.371190586704031 ], [ 136.465836889557522, 36.370768659174892 ], [ 136.463530393839079, 36.369183375635636 ], [ 136.46214992406513, 36.367676505600635 ], [ 136.461744697487546, 36.367758172138672 ], [ 136.461854199957571, 36.371790943276686 ], [ 136.460350404946496, 36.372703400340505 ], [ 136.460909048014031, 36.372706717670546 ], [ 136.460945144038959, 36.373467958535414 ], [ 136.460523669715201, 36.373503686872425 ], [ 136.461008910593762, 36.373782809786 ], [ 136.462855484034236, 36.374163849885342 ], [ 136.46366774846004, 36.374634292341966 ], [ 136.463943774689199, 36.375000807812491 ], [ 136.462274892894044, 36.375841481255328 ], [ 136.462853512514812, 36.376592488202462 ], [ 136.465082061232863, 36.37546985916417 ], [ 136.46624653862915, 36.376991675097905 ], [ 136.465284088964239, 36.37745163564108 ], [ 136.465904681369807, 36.378216322934144 ], [ 136.4592165339796, 36.38165854559135 ], [ 136.459525118731733, 36.381978123655081 ], [ 136.460942399507843, 36.382152216670043 ], [ 136.464744224440807, 36.380215591547419 ], [ 136.466578020679293, 36.379956579980195 ], [ 136.468561741658078, 36.379045401741692 ], [ 136.469082797074151, 36.378021373413397 ], [ 136.468720297773359, 36.377637497750442 ] ] ] } },
{ "type": "Feature", "properties": { "CITY_NAME": "小松市", "S_NAME": "須天町一丁目", "JINKO": 346, "medical_area": "17_南加賀医療圏", "町丁目名": "小松市須天町一丁目" }, "geometry": { "type": "Polygon", "coordinates": [ [ [ 136.444782177415618, 36.391553326302258 ], [ 136.442755909538704, 36.388599012660123 ], [ 136.441184043414523, 36.386939345669404 ], [ 136.44001715346127, 36.386044070627108 ], [ 136.439440070502229, 36.386502692763365 ], [ 136.440864921532295, 36.389242509073661 ], [ 136.441046027012902, 36.389170680456402 ], [ 136.441196336051974, 36.389503514672626 ], [ 136.441639836273254, 36.389360319386242 ], [ 136.441945961491371, 36.389916575335441 ], [ 136.442462418689701, 36.389686312267692 ], [ 136.443544336787681, 36.390996847774701 ], [ 136.443856428216151, 36.39091486738586 ], [ 136.444050916138423, 36.391350085889293 ], [ 136.444487075106878, 36.391752140840708 ], [ 136.444782177415618, 36.391553326302258 ] ] ] } },
{ "type": "Feature", "properties": { "CITY_NAME": "小松市", "S_NAME": "須天町二丁目", "JINKO": 536, "medical_area": "17_南加賀医療圏", "町丁目名": "小松市須天町二丁目" }, "geometry": { "type": "Polygon", "coordinates": [ [ [ 136.444575900297792, 36.389226947442644 ], [ 136.443634339136452, 36.387888965360368 ], [ 136.443481163171441, 36.387957566393403 ], [ 136.443549106022516, 36.387799649557842 ], [ 136.443288380689722, 36.387305376103548 ], [ 136.44244545086076, 36.386414779022097 ], [ 136.442607748766648, 36.386341872833036 ], [ 136.442491021760731, 36.386187962050919 ], [ 136.442218619403747, 36.386114205359775 ], [ 136.442321474197144, 36.385960734050279 ], [ 136.442214688411326, 36.385816797112462 ], [ 136.442054628837241, 36.385888813592047 ], [ 136.441817365809555, 36.385553996894977 ], [ 136.441939462564505, 36.385494770066174 ], [ 136.441375405360503, 36.384940116821213 ], [ 136.44001715346127, 36.386044070627108 ], [ 136.441184043414523, 36.386939345669404 ], [ 136.442462366374826, 36.388230774662162 ], [ 136.444156550539532, 36.390686268761399 ], [ 136.444492363664466, 36.39035545292441 ], [ 136.444264197986229, 36.390021233163928 ], [ 136.444513155333112, 36.389938407531162 ], [ 136.444265051251676, 36.389547426804839 ], [ 136.444427080284186, 36.38948522897568 ], [ 136.444319694403532, 36.389345070350601 ], [ 136.444575900297792, 36.389226947442644 ] ] ] } },
{ "type": "Feature", "properties": { "CITY_NAME": "小松市", "S_NAME": "大領中町一丁目", "JINKO": 443, "medical_area": "17_南加賀医療圏", "町丁目名": "小松市大領中町一丁目" }, "geometry": { "type": "Polygon", "coordinates": [ [ [ 136.44597966518009, 36.391317130281756 ], [ 136.446794621521605, 36.390915437802448 ], [ 136.446927535116913, 36.391102249415979 ], [ 136.448328198045147, 36.390601943247034 ], [ 136.446166340517749, 36.387156255862116 ], [ 136.445939095972903, 36.387246398013566 ], [ 136.445832780680945, 36.387113008120721 ], [ 136.443753028601662, 36.388089186810163 ], [ 136.444575900297792, 36.389226947442644 ], [ 136.444319694403532, 36.389345070350601 ], [ 136.444427080284186, 36.38948522897568 ], [ 136.444265051251676, 36.389547426804839 ], [ 136.44451323454544, 36.389576467946533 ], [ 136.445134634332135, 36.390575431869266 ], [ 136.44597966518009, 36.391317130281756 ] ] ] } },
{ "type": "Feature", "properties": { "CITY_NAME": "小松市", "S_NAME": "大領中町二丁目", "JINKO": 883, "medical_area": "17_南加賀医療圏", "町丁目名": "小松市大領中町二丁目" }, "geometry": { "type": "Polygon", "coordinates": [ [ [ 136.443753028601662, 36.388089186810163 ], [ 136.445832780680945, 36.387113008120721 ], [ 136.445939095972903, 36.387246398013566 ], [ 136.446166340517749, 36.387156255862116 ], [ 136.444424609312676, 36.384292024318214 ], [ 136.443848712694859, 36.384560488430814 ], [ 136.443943161136701, 36.384681594941341 ], [ 136.44326474730326, 36.384872197315538 ], [ 136.442510175950645, 36.384000649739363 ], [ 136.441375405360503, 36.384940116821213 ], [ 136.441939462564505, 36.385494770066174 ], [ 136.441817365809555, 36.385553996895005 ], [ 136.442054628837241, 36.385888813592075 ], [ 136.442214688411326, 36.385816797112462 ], [ 136.442321474197144, 36.385960734050279 ], [ 136.442218619403747, 36.386114205359775 ], [ 136.442491021760731, 36.386187962050954 ], [ 136.442607748766648, 36.386341872833036 ], [ 136.44244545086076, 36.386414779022097 ], [ 136.443288380689722, 36.387305376103548 ], [ 136.443549106022516, 36.387799649557842 ], [ 136.443481163171441, 36.387957566393403 ], [ 136.443634339136452, 36.387888965360368 ], [ 136.443753028601662, 36.388089186810163 ] ] ] } },
{ "type": "Feature", "properties": { "CITY_NAME": "小松市", "S_NAME": "大領中町三丁目", "JINKO": 60, "medical_area": "17_南加賀医療圏", "町丁目名": "小松市大領中町三丁目" }, "geometry": { "type": "Polygon", "coordinates": [ [ [ 136.449059178790435, 36.389908499280281 ], [ 136.448551111430049, 36.389070371377841 ], [ 136.448881293278845, 36.388800717162695 ], [ 136.448381140808493, 36.388153781142393 ], [ 136.448232673973308, 36.387759399299455 ], [ 136.448410772941656, 36.387639736534148 ], [ 136.448065302621842, 36.38716703545834 ], [ 136.446553914324284, 36.387787800655538 ], [ 136.448328198045147, 36.390601943247042 ], [ 136.448683508313508, 36.390465190890858 ], [ 136.449059178790435, 36.389908499280281 ] ] ] } },
{ "type": "Feature", "properties": { "CITY_NAME": "小松市", "S_NAME": "大領中町四丁目", "JINKO": 31, "medical_area": "17_南加賀医療圏", "町丁目名": "小松市大領中町四丁目" }, "geometry": { "type": "Polygon", "coordinates": [ [ [ 136.447501910920835, 36.387384969088579 ], [ 136.44565348485753, 36.384356554400021 ], [ 136.444684771377297, 36.384738347428694 ], [ 136.446553914324284, 36.387787800655538 ], [ 136.447501910920835, 36.387384969088579 ] ] ] } },
{ "type": "Feature", "properties": { "CITY_NAME": "小松市", "S_NAME": "向本折町第一", "JINKO": 438, "medical_area": "17_南加賀医療圏", "町丁目名": "小松市向本折町第一" }, "geometry": { "type": "Polygon", "coordinates": [ [ [ 136.446787440065464, 36.393982182073501 ], [ 136.447267979601946, 36.393705814145278 ], [ 136.447509477593997, 36.392921089810564 ], [ 136.447148144699753, 36.392069588192548 ], [ 136.4473294085617, 36.391659430669847 ], [ 136.446794621521605, 36.390915437802448 ], [ 136.44597966518009, 36.391317130281756 ], [ 136.445134634332135, 36.390575431869266 ], [ 136.44451323454544, 36.389576467946533 ], [ 136.444338489919176, 36.389652916987927 ], [ 136.444513155333112, 36.389938407531162 ], [ 136.444264197986229, 36.390021233163928 ], [ 136.444492363664466, 36.39035545292441 ], [ 136.444156550539532, 36.390686268761399 ], [ 136.444782177415618, 36.391553326302258 ], [ 136.444487075106878, 36.391752140840708 ], [ 136.444050916138423, 36.391350085889293 ], [ 136.443856428216151, 36.39091486738586 ], [ 136.443398279402714, 36.391035980142455 ], [ 136.443811533854898, 36.391960038785356 ], [ 136.444479766266568, 36.392646492914587 ], [ 136.444075441400145, 36.392888816473679 ], [ 136.444359164982046, 36.393247876882789 ], [ 136.443974319550705, 36.393478561848518 ], [ 136.444420370088778, 36.393961008034559 ], [ 136.444634233221961, 36.393883989315555 ], [ 136.445889584645727, 36.396441116544089 ], [ 136.446647816351572, 36.395406103827661 ], [ 136.446787440065464, 36.393982182073501 ] ] ] } },
{ "type": "Feature", "properties": { "CITY_NAME": "小松市", "S_NAME": "向本折町第二", "JINKO": 677, "medical_area": "17_南加賀医療圏", "町丁目名": "小松市向本折町第二" }, "geometry": { "type": "Polygon", "coordinates": [ [ [ 136.434684558838711, 36.400618275229412 ], [ 136.436594134606423, 36.400210443181571 ], [ 136.437214938554831, 36.400329167218402 ], [ 136.437615912020874, 36.400181859466898 ], [ 136.441694415556583, 36.398568314279082 ], [ 136.441459667764974, 36.398172977190761 ], [ 136.443587489866758, 36.397323678631395 ], [ 136.44386774104774, 36.397428777762386 ], [ 136.445889584645727, 36.396441116544089 ], [ 136.444634233221961, 36.393883989315555 ], [ 136.444420370088778, 36.393961008034559 ], [ 136.443974319550705, 36.393478561848518 ], [ 136.44177667514586, 36.394727129972637 ], [ 136.441816780976836, 36.395233530010302 ], [ 136.442066404633294, 36.39568647401201 ], [ 136.441173748735395, 36.395645735916567 ], [ 136.440070129974629, 36.395299172967626 ], [ 136.436069948333966, 36.395970579954486 ], [ 136.435017003774277, 36.396951917948542 ], [ 136.432691720667293, 36.397771406238931 ], [ 136.431179489614863, 36.398674406397554 ], [ 136.429662116238177, 36.399878257914857 ], [ 136.431264945326745, 36.401500973687078 ], [ 136.432016325128984, 36.401565576584865 ], [ 136.432888128798339, 36.40145727400354 ], [ 136.434684558838711, 36.400618275229412 ] ] ] } },
{ "type": "Feature", "properties": { "CITY_NAME": "小松市", "S_NAME": "向本折町第三", "JINKO": 808, "medical_area": "17_南加賀医療圏", "町丁目名": "小松市向本折町第三" }, "geometry": { "type": "Polygon", "coordinates": [ [ [ 136.436069948333966, 36.395970579954493 ], [ 136.440070129974629, 36.395299172967626 ], [ 136.44143509376724, 36.395694329976216 ], [ 136.442156876430431, 36.395650736681617 ], [ 136.441816780976836, 36.395233530010302 ], [ 136.44177667514586, 36.394727129972637 ], [ 136.444359164982046, 36.393247876882789 ], [ 136.444075441400145, 36.392888816473679 ], [ 136.444479766266568, 36.392646492914587 ], [ 136.443811533854898, 36.391960038785356 ], [ 136.443398279402714, 36.391035980142455 ], [ 136.443544336787681, 36.390996847774701 ], [ 136.442462418689701, 36.389686312267692 ], [ 136.441945961491371, 36.389916575335441 ], [ 136.441639836273254, 36.389360319386242 ], [ 136.441196336051974, 36.389503514672626 ], [ 136.441046027012902, 36.389170680456402 ], [ 136.440864921532295, 36.389242509073661 ], [ 136.439440070502229, 36.386502692763365 ], [ 136.439170758541621, 36.386759135944807 ], [ 136.438071271628843, 36.387093014437333 ], [ 136.435701381579889, 36.387325482688126 ], [ 136.434976229095042, 36.382909102633533 ], [ 136.435567142777472, 36.382638171572964 ], [ 136.435399933044948, 36.382468107682065 ], [ 136.434491940669318, 36.382691390442147 ], [ 136.434388236860514, 36.38208187385132 ], [ 136.432920740512913, 36.382434405078854 ], [ 136.415622877251394, 36.388346034712377 ], [ 136.41463743547817, 36.387838417942909 ], [ 136.412675737283564, 36.387317640847073 ], [ 136.411690014102561, 36.388476846889056 ], [ 136.415458209554743, 36.38933951600891 ], [ 136.418987687938682, 36.390759628611043 ], [ 136.421979948666262, 36.39247760129313 ], [ 136.42337111488709, 36.394937016971973 ], [ 136.424522015813807, 36.39575749292969 ], [ 136.424693930086818, 36.39609622132771 ], [ 136.424922037011982, 36.398090819736474 ], [ 136.426218907589231, 36.404350683609209 ], [ 136.426744177141302, 36.404280039043798 ], [ 136.427926151648904, 36.402997047698733 ], [ 136.429148174121508, 36.40055092322514 ], [ 136.429950936952054, 36.399571902156801 ], [ 136.431179489614863, 36.398674406397554 ], [ 136.432691720667293, 36.397771406238931 ], [ 136.435017003774277, 36.396951917948577 ], [ 136.436069948333966, 36.395970579954493 ] ] ] } },
{ "type": "Feature", "properties": { "CITY_NAME": "小松市", "S_NAME": "今江町一丁目", "JINKO": 681, "medical_area": "17_南加賀医療圏", "町丁目名": "小松市今江町一丁目" }, "geometry": { "type": "Polygon", "coordinates": [ [ [ 136.438174080470418, 36.387045512402686 ], [ 136.439170758541621, 36.386759135944807 ], [ 136.440587441194225, 36.385566217425485 ], [ 136.439658575178498, 36.385123819755101 ], [ 136.439063328844924, 36.3841467831381 ], [ 136.438425892225354, 36.384387383641439 ], [ 136.438068812831801, 36.383794973600651 ], [ 136.437788572108218, 36.383900230014341 ], [ 136.437507006649241, 36.383357810896008 ], [ 136.437220046468269, 36.381732042997918 ], [ 136.434976229095042, 36.382909102633533 ], [ 136.435701381579918, 36.387325482688126 ], [ 136.438174080470418, 36.387045512402686 ] ] ] } },
{ "type": "Feature", "properties": { "CITY_NAME": "小松市", "S_NAME": "今江町二丁目", "JINKO": 703, "medical_area": "17_南加賀医療圏", "町丁目名": "小松市今江町二丁目" }, "geometry": { "type": "Polygon", "coordinates": [ [ [ 136.442138613689394, 36.384315232317562 ], [ 136.439912993373412, 36.380356737037822 ], [ 136.438765270857346, 36.380753130109568 ], [ 136.437220046468269, 36.381732042997918 ], [ 136.437507006649241, 36.383357810896008 ], [ 136.437788572108218, 36.383900230014341 ], [ 136.438068812831801, 36.383794973600651 ], [ 136.438425892225354, 36.384387383641439 ], [ 136.439063328844924, 36.3841467831381 ], [ 136.439834105679068, 36.385219939994222 ], [ 136.440587441194225, 36.385566217425485 ], [ 136.442138613689394, 36.384315232317562 ] ] ] } },
{ "type": "Feature", "properties": { "CITY_NAME": "小松市", "S_NAME": "今江町三丁目", "JINKO": 755, "medical_area": "17_南加賀医療圏", "町丁目名": "小松市今江町三丁目" }, "geometry": { "type": "Polygon", "coordinates": [ [ [ 136.443848712694859, 36.384560488430814 ], [ 136.444424609312676, 36.384292024318214 ], [ 136.444684771377297, 36.384738347428694 ], [ 136.447496337071783, 36.383591309987793 ], [ 136.445453029235182, 36.380322263796138 ], [ 136.445962636072778, 36.380123960767719 ], [ 136.445372222953495, 36.379071958435738 ], [ 136.443018247287227, 36.379911740435524 ], [ 136.439912993373412, 36.380356737037822 ], [ 136.442138613689394, 36.384315232317562 ], [ 136.442510175950645, 36.384000649739363 ], [ 136.44326474730326, 36.384872197315538 ], [ 136.443943161136701, 36.384681594941341 ], [ 136.443848712694859, 36.384560488430814 ] ] ] } },
{ "type": "Feature", "properties": { "CITY_NAME": "小松市", "S_NAME": "今江町四丁目", "JINKO": 26, "medical_area": "17_南加賀医療圏", "町丁目名": "小松市今江町四丁目" }, "geometry": { "type": "Polygon", "coordinates": [ [ [ 136.449193560422458, 36.382221392683988 ], [ 136.448756835349371, 36.381527767483696 ], [ 136.446795007154606, 36.380249074736483 ], [ 136.445714377639035, 36.378807903048198 ], [ 136.445372222953495, 36.379071958435738 ], [ 136.445962636072778, 36.380123960767712 ], [ 136.445453029235182, 36.38032226379616 ], [ 136.447160082184411, 36.383056522487642 ], [ 136.449193560422458, 36.382221392683988 ] ] ] } },
{ "type": "Feature", "properties": { "CITY_NAME": "小松市", "S_NAME": "今江町五丁目", "JINKO": 721, "medical_area": "17_南加賀医療圏", "町丁目名": "小松市今江町五丁目" }, "geometry": { "type": "Polygon", "coordinates": [ [ [ 136.444383047247726, 36.37726114697395 ], [ 136.443577143621013, 36.376595302374142 ], [ 136.442696917621362, 36.377231542500368 ], [ 136.438885164017563, 36.374581543777502 ], [ 136.438311936321753, 36.373931391975432 ], [ 136.436149948287266, 36.374898928487205 ], [ 136.436897710214993, 36.376053804913404 ], [ 136.438481110493711, 36.377214594251804 ], [ 136.439613386185101, 36.379422665864084 ], [ 136.439912993373412, 36.380356737037822 ], [ 136.443018247287227, 36.379911740435524 ], [ 136.44557502747378, 36.378953006267956 ], [ 136.445908259183057, 36.378504365484829 ], [ 136.444338933507652, 36.377441158563499 ], [ 136.444383047247726, 36.37726114697395 ] ] ] } },
{ "type": "Feature", "properties": { "CITY_NAME": "小松市", "S_NAME": "今江町六丁目", "JINKO": 618, "medical_area": "17_南加賀医療圏", "町丁目名": "小松市今江町六丁目" }, "geometry": { "type": "Polygon", "coordinates": [ [ [ 136.43703883705669, 36.376185140376343 ], [ 136.436149948287266, 36.374898928487205 ], [ 136.43506682113545, 36.375380033911597 ], [ 136.433392236841939, 36.37674109013706 ], [ 136.434280117930314, 36.377402488961145 ], [ 136.435327775344632, 36.37865339244199 ], [ 136.435687023093948, 36.379974544418275 ], [ 136.437170790799996, 36.381761485792985 ], [ 136.438765270857346, 36.380753130109568 ], [ 136.439912993373412, 36.380356737037822 ], [ 136.439613386185101, 36.379422665864084 ], [ 136.438481110493711, 36.377214594251804 ], [ 136.43703883705669, 36.376185140376343 ] ] ] } },
{ "type": "Feature", "properties": { "CITY_NAME": "小松市", "S_NAME": "今江町七丁目", "JINKO": 674, "medical_area": "17_南加賀医療圏", "町丁目名": "小松市今江町七丁目" }, "geometry": { "type": "Polygon", "coordinates": [ [ [ 136.434280117930314, 36.377402488961145 ], [ 136.433392236841939, 36.37674109013706 ], [ 136.432166922322864, 36.377720698217551 ], [ 136.430924382917766, 36.379138099691353 ], [ 136.433162783900116, 36.380420719828685 ], [ 136.433670035015467, 36.380905373397063 ], [ 136.434046556465432, 36.381687989740179 ], [ 136.435143127355673, 36.381943265169042 ], [ 136.435199902242175, 36.382264613156103 ], [ 136.435567142777472, 36.382638171572964 ], [ 136.437170790799996, 36.381761485792985 ], [ 136.435687023093948, 36.379974544418275 ], [ 136.435327775344632, 36.37865339244199 ], [ 136.434280117930314, 36.377402488961145 ] ] ] } },
{ "type": "Feature", "properties": { "CITY_NAME": "小松市", "S_NAME": "今江町八丁目", "JINKO": 1028, "medical_area": "17_南加賀医療圏", "町丁目名": "小松市今江町八丁目" }, "geometry": { "type": "Polygon", "coordinates": [ [ [ 136.430924382917766, 36.379138099691353 ], [ 136.432166922322864, 36.377720698217551 ], [ 136.43506682113545, 36.375380033911597 ], [ 136.435671148572254, 36.375113199492858 ], [ 136.430001086754203, 36.371491359123546 ], [ 136.429472602387165, 36.372037866247879 ], [ 136.429957476705482, 36.372364873675025 ], [ 136.429180056877527, 36.37316205578766 ], [ 136.429503974336228, 36.373377227350446 ], [ 136.428859547873657, 36.374057448070808 ], [ 136.430860360435247, 36.37535987715632 ], [ 136.431648637592048, 36.375644533930135 ], [ 136.430187982915783, 36.377079955774626 ], [ 136.430102002114666, 36.377361018676446 ], [ 136.429843430619599, 36.37731383613464 ], [ 136.429873397222821, 36.377109730415356 ], [ 136.429328015311938, 36.377055600830865 ], [ 136.429333340130512, 36.377237995403242 ], [ 136.429619162424473, 36.377285173504447 ], [ 136.429611698474588, 36.377475798149831 ], [ 136.429297798954792, 36.37743294706388 ], [ 136.429219537902355, 36.378887264316873 ], [ 136.429966474857821, 36.378842014024755 ], [ 136.430924382917766, 36.379138099691353 ] ] ] } },
{ "type": "Feature", "properties": { "CITY_NAME": "小松市", "S_NAME": "今江町九丁目", "JINKO": 575, "medical_area": "17_南加賀医療圏", "町丁目名": "小松市今江町九丁目" }, "geometry": { "type": "Polygon", "coordinates": [ [ [ 136.438311936321753, 36.373931391975432 ], [ 136.435376698881385, 36.370250687548527 ], [ 136.434884240222061, 36.370472044867043 ], [ 136.433900891392682, 36.369038721221415 ], [ 136.433577053614897, 36.369167128144362 ], [ 136.433087023519988, 36.3684439559499 ], [ 136.432691886234096, 36.368618913830417 ], [ 136.432430728128423, 36.368257207313562 ], [ 136.42855291551831, 36.369988783086235 ], [ 136.4293104484982, 36.37106853308817 ], [ 136.435671148572254, 36.375113199492844 ], [ 136.438311936321753, 36.373931391975432 ] ] ] } },
{ "type": "Feature", "properties": { "CITY_NAME": "小松市", "S_NAME": "今江町", "JINKO": 63, "medical_area": "17_南加賀医療圏", "町丁目名": "小松市今江町" }, "geometry": { "type": "Polygon", "coordinates": [ [ [ 136.445908259183057, 36.378504365484829 ], [ 136.446391052934217, 36.377430779630011 ], [ 136.446241497276048, 36.375827655412557 ], [ 136.446630784016179, 36.37530850833803 ], [ 136.446496805397828, 36.375041910314465 ], [ 136.446779034375339, 36.374697604331693 ], [ 136.446521221600733, 36.374410190876134 ], [ 136.446765531072288, 36.374145885051611 ], [ 136.446245916434833, 36.373668858319768 ], [ 136.446268899663721, 36.37319258906107 ], [ 136.445715419463625, 36.372692752318308 ], [ 136.445747280854221, 36.372264201277169 ], [ 136.44366640847079, 36.370293249077626 ], [ 136.442892258053433, 36.370860201734878 ], [ 136.441474521390148, 36.36961037648323 ], [ 136.439571096607722, 36.370245623936405 ], [ 136.437385376443558, 36.370229693468609 ], [ 136.435820392082348, 36.370809313991913 ], [ 136.438885164017563, 36.374581543777502 ], [ 136.442696917621362, 36.377231542500368 ], [ 136.443577143621013, 36.376595302374142 ], [ 136.444383047247726, 36.37726114697395 ], [ 136.444338933507652, 36.377441158563499 ], [ 136.445908259183057, 36.378504365484829 ] ] ] } },
{ "type": "Feature", "properties": { "CITY_NAME": "小松市", "S_NAME": "今江町", "JINKO": 0, "medical_area": "17_南加賀医療圏", "町丁目名": "小松市今江町" }, "geometry": { "type": "Polygon", "coordinates": [ [ [ 136.446818205003666, 36.377513590607791 ], [ 136.445714377639035, 36.378807903048148 ], [ 136.446795007154606, 36.380249074736483 ], [ 136.449843550370616, 36.382146074701275 ], [ 136.454751369175312, 36.379321246200696 ], [ 136.454323096077161, 36.378489445868709 ], [ 136.452311734439462, 36.376631532534397 ], [ 136.451819886322284, 36.376500719200557 ], [ 136.450223888279965, 36.377413830123146 ], [ 136.450862183138184, 36.378144798530194 ], [ 136.450700197212882, 36.378224050453603 ], [ 136.450080581043011, 36.377488161707888 ], [ 136.449369765661544, 36.377900122481257 ], [ 136.448387674698409, 36.376795952392335 ], [ 136.447150276533648, 36.377483000109642 ], [ 136.447236343372737, 36.377563785728569 ], [ 136.446999169041959, 36.377727841860278 ], [ 136.446818205003666, 36.377513590607791 ] ] ] } },
{ "type": "Feature", "properties": { "CITY_NAME": "小松市", "S_NAME": "青路町", "JINKO": 416, "medical_area": "17_南加賀医療圏", "町丁目名": "小松市青路町" }, "geometry": { "type": "Polygon", "coordinates": [ [ [ 136.426946611051079, 36.367410287793362 ], [ 136.429021021378105, 36.366462700610107 ], [ 136.429280087269802, 36.365625058317036 ], [ 136.428699656899028, 36.364774496284063 ], [ 136.42843923474112, 36.364835027466739 ], [ 136.42778353109, 36.364231613173743 ], [ 136.427154925682771, 36.364544983375104 ], [ 136.425520651975006, 36.363359757717298 ], [ 136.424764990103085, 36.36462148964214 ], [ 136.426946611051079, 36.367410287793362 ] ] ] } },
{ "type": "Feature", "properties": { "CITY_NAME": "小松市", "S_NAME": "串町", "JINKO": 2982, "medical_area": "17_南加賀医療圏", "町丁目名": "小松市串町" }, "geometry": { "type": "Polygon", "coordinates": [ [ [ 136.424268129667638, 36.376374860554002 ], [ 136.424536621137548, 36.375846204760741 ], [ 136.424165976985563, 36.375920917738505 ], [ 136.423415859157018, 36.373765223160305 ], [ 136.424095061617862, 36.373660713292217 ], [ 136.424355252337193, 36.373408537104652 ], [ 136.423879149042563, 36.373149511199379 ], [ 136.424024900802664, 36.372828557652817 ], [ 136.424897992656412, 36.372951039040714 ], [ 136.424937107082059, 36.372637613563633 ], [ 136.427166354758754, 36.372977948844643 ], [ 136.428859547873657, 36.374057448070808 ], [ 136.429503974336228, 36.373377227350431 ], [ 136.429180056877527, 36.37316205578766 ], [ 136.429957476705482, 36.372364873675025 ], [ 136.429472602387165, 36.372037866247879 ], [ 136.430001086754203, 36.371491359123546 ], [ 136.4293104484982, 36.37106853308817 ], [ 136.42855291551831, 36.369988783086235 ], [ 136.430218005660464, 36.369247849610623 ], [ 136.428973557136999, 36.367468437207002 ], [ 136.429226412640446, 36.367334349211731 ], [ 136.428742749256799, 36.366578357519387 ], [ 136.426946611051079, 36.367410287793362 ], [ 136.424764990103085, 36.36462148964214 ], [ 136.423466305020554, 36.366510073887383 ], [ 136.423179052158702, 36.367265919762801 ], [ 136.421882623351223, 36.367222417145648 ], [ 136.420896719550342, 36.367717393403993 ], [ 136.420456844790948, 36.366824909104849 ], [ 136.420871684402726, 36.365518856841035 ], [ 136.420852728327048, 36.364888293664457 ], [ 136.419258693812253, 36.363468738591742 ], [ 136.418793835724074, 36.363744468961201 ], [ 136.418134854324506, 36.363801667809206 ], [ 136.417581585316384, 36.363137921726533 ], [ 136.418338731447733, 36.362583858138464 ], [ 136.416821031181371, 36.360628069943139 ], [ 136.416272256057709, 36.358930949528244 ], [ 136.415076687203708, 36.357688574024152 ], [ 136.411241969534927, 36.360313108701007 ], [ 136.410765999827703, 36.361183199064811 ], [ 136.41115161358897, 36.361507755561881 ], [ 136.410626001275489, 36.361941510180465 ], [ 136.409000488439091, 36.360877468718883 ], [ 136.408515611650216, 36.361328429010626 ], [ 136.406306806332253, 36.360052717306715 ], [ 136.406283378063307, 36.362197408013984 ], [ 136.403728970034507, 36.365072715405667 ], [ 136.403993955469559, 36.365421168817576 ], [ 136.40424941223776, 36.366994107913271 ], [ 136.40462777088544, 36.367429819871944 ], [ 136.406240802478834, 36.368649480926415 ], [ 136.411730114631467, 36.369617753517616 ], [ 136.413672877400472, 36.370839659608386 ], [ 136.413942969836, 36.371303810179796 ], [ 136.415285095347912, 36.371759778978387 ], [ 136.416940845741408, 36.371779182017647 ], [ 136.418880353672392, 36.371432438001342 ], [ 136.419302020818378, 36.37148218666136 ], [ 136.420035987024249, 36.37191134762692 ], [ 136.42141714452282, 36.375345519411432 ], [ 136.4222655622047, 36.377032157678656 ], [ 136.422348660816681, 36.377620319890795 ], [ 136.42340268788459, 36.377198930352371 ], [ 136.424268129667638, 36.376374860554002 ] ] ] } },
{ "type": "Feature", "properties": { "CITY_NAME": "小松市", "S_NAME": "串茶屋町", "JINKO": 965, "medical_area": "17_南加賀医療圏", "町丁目名": "小松市串茶屋町" }, "geometry": { "type": "Polygon", "coordinates": [ [ [ 136.429219537902355, 36.378887264316873 ], [ 136.429297798954792, 36.37743294706388 ], [ 136.429611698474588, 36.377475798149831 ], [ 136.429619162424473, 36.377285173504447 ], [ 136.429333340130512, 36.377237995403242 ], [ 136.429328015311938, 36.377055600830865 ], [ 136.429873397222821, 36.377109730415356 ], [ 136.429843430619599, 36.37731383613464 ], [ 136.430102002114666, 36.377361018676446 ], [ 136.430187982915783, 36.377079955774597 ], [ 136.431648637592048, 36.375644533930121 ], [ 136.43064860094168, 36.375233287098247 ], [ 136.427269255520969, 36.373015106378546 ], [ 136.424937107082059, 36.372637613563633 ], [ 136.424897992656383, 36.372951039040728 ], [ 136.424024900802664, 36.372828557652817 ], [ 136.423879149042563, 36.373149511199415 ], [ 136.424355252337193, 36.373408537104673 ], [ 136.424095061617862, 36.373660713292217 ], [ 136.423415859157018, 36.373765223160305 ], [ 136.424165976985563, 36.375920917738519 ], [ 136.424536621137548, 36.375846204760741 ], [ 136.423826080016624, 36.376888824932649 ], [ 136.422348660816681, 36.377620319890795 ], [ 136.42252766358294, 36.378669372691888 ], [ 136.423641817895458, 36.380400520994229 ], [ 136.423704813207678, 36.381172782686107 ], [ 136.426398429764618, 36.380463471674595 ], [ 136.426709552527001, 36.380157695560037 ], [ 136.426804478707112, 36.379365147128745 ], [ 136.427038768966725, 36.379182165223597 ], [ 136.429219537902355, 36.378887264316873 ] ] ] } },
{ "type": "Feature", "properties": { "CITY_NAME": "小松市", "S_NAME": "野立町", "JINKO": 0, "medical_area": "17_南加賀医療圏", "町丁目名": "小松市野立町" }, "geometry": { "type": "Polygon", "coordinates": [ [ [ 136.419258693812253, 36.363468738591742 ], [ 136.418338731447733, 36.362583858138464 ], [ 136.417581585316384, 36.363137921726533 ], [ 136.418134854324506, 36.363801667809206 ], [ 136.418793835724074, 36.363744468961201 ], [ 136.419258693812253, 36.363468738591742 ] ] ] } },
{ "type": "Feature", "properties": { "CITY_NAME": "小松市", "S_NAME": "村松町", "JINKO": 700, "medical_area": "17_南加賀医療圏", "町丁目名": "小松市村松町" }, "geometry": { "type": "Polygon", "coordinates": [ [ [ 136.421018909042715, 36.376492781886853 ], [ 136.420644556785135, 36.375553967471234 ], [ 136.42141714452282, 36.375345519411432 ], [ 136.420035987024249, 36.37191134762692 ], [ 136.419302020818378, 36.37148218666136 ], [ 136.415852343844023, 36.371816385845335 ], [ 136.413942969836, 36.371303810179796 ], [ 136.412801372340539, 36.371178736452151 ], [ 136.412050395774514, 36.37131523611351 ], [ 136.411286775047387, 36.371875347411844 ], [ 136.412074439499918, 36.372652105395126 ], [ 136.412176609115846, 36.37260213457396 ], [ 136.41345814968642, 36.37477744136698 ], [ 136.414776185458749, 36.375209806556612 ], [ 136.416111907779111, 36.375018994415619 ], [ 136.416399516419119, 36.376026880964922 ], [ 136.417951703456197, 36.375707730499229 ], [ 136.41833403658768, 36.377035728733887 ], [ 136.421018909042715, 36.376492781886853 ] ] ] } },
{ "type": "Feature", "properties": { "CITY_NAME": "小松市", "S_NAME": "佐美町", "JINKO": 381, "medical_area": "17_南加賀医療圏", "町丁目名": "小松市佐美町" }, "geometry": { "type": "Polygon", "coordinates": [ [ [ 136.398990046462728, 36.380537572763394 ], [ 136.399479386750954, 36.380104152445242 ], [ 136.40226754632053, 36.381023682924507 ], [ 136.402993535952049, 36.379604737118164 ], [ 136.403243657125131, 36.379625313665564 ], [ 136.403143121033935, 36.375518309987569 ], [ 136.401798909222521, 36.375813134986878 ], [ 136.399272104831738, 36.374839526026733 ], [ 136.397564750021274, 36.373066026686161 ], [ 136.396959237090329, 36.371651844266061 ], [ 136.397736478024001, 36.371311624718594 ], [ 136.397869983594603, 36.370971491577549 ], [ 136.39681899874887, 36.368999542303122 ], [ 136.395022747697851, 36.3677396184573 ], [ 136.395766853920122, 36.367085056643326 ], [ 136.39562011943238, 36.366674136444907 ], [ 136.394485539831663, 36.36664285952147 ], [ 136.393116774694931, 36.365757755486023 ], [ 136.392680331246538, 36.366138633809157 ], [ 136.392045937491673, 36.366156875253424 ], [ 136.392000152088173, 36.366964852113114 ], [ 136.390613811796499, 36.368134182318272 ], [ 136.390213707196892, 36.367719759138438 ], [ 136.38924478910991, 36.368249089323484 ], [ 136.38908161591894, 36.368584155222671 ], [ 136.387698332600394, 36.369439486812155 ], [ 136.38645911893002, 36.37002266697958 ], [ 136.388990262657927, 36.371718731726915 ], [ 136.387599899375317, 36.373023645480821 ], [ 136.387246666364518, 36.373905814374751 ], [ 136.387278793918711, 36.374263376420892 ], [ 136.388208491445681, 36.374752151423401 ], [ 136.387505919167239, 36.375566614523237 ], [ 136.390003803601445, 36.37757120983072 ], [ 136.390560699111091, 36.378927068823899 ], [ 136.393124791536991, 36.380160981250363 ], [ 136.3944682338782, 36.381635223701423 ], [ 136.394839850602892, 36.382312658091223 ], [ 136.396778896883973, 36.383290917689408 ], [ 136.397317358144278, 36.383784569626513 ], [ 136.399922563074767, 36.38118263908725 ], [ 136.398990046462728, 36.380537572763394 ] ] ] } },
{ "type": "Feature", "properties": { "CITY_NAME": "小松市", "S_NAME": "工業団地一丁目", "JINKO": 0, "medical_area": "17_南加賀医療圏", "町丁目名": "小松市工業団地一丁目" }, "geometry": { "type": "Polygon", "coordinates": [ [ [ 136.38965141990019, 36.397043205287545 ], [ 136.392581230396559, 36.399598205447084 ], [ 136.398301344576254, 36.396431598233619 ], [ 136.397758934137471, 36.396046319028258 ], [ 136.398686326962746, 36.3949519475686 ], [ 136.399695589633836, 36.395480336389966 ], [ 136.400686118007172, 36.39343676101911 ], [ 136.394479472399212, 36.389970708722856 ], [ 136.392129418375106, 36.391244834309433 ], [ 136.382402736641836, 36.385835337439183 ], [ 136.38195371126011, 36.386246855838436 ], [ 136.390289479031452, 36.392995075002325 ], [ 136.38955426171475, 36.393688603631226 ], [ 136.391127678048804, 36.395005180420618 ], [ 136.391367922506873, 36.395506799409034 ], [ 136.38965141990019, 36.397043205287545 ] ] ] } },
{ "type": "Feature", "properties": { "CITY_NAME": "小松市", "S_NAME": "工業団地二丁目", "JINKO": 0, "medical_area": "17_南加賀医療圏", "町丁目名": "小松市工業団地二丁目" }, "geometry": { "type": "Polygon", "coordinates": [ [ [ 136.390289479031452, 36.392995075002325 ], [ 136.3795792941456, 36.384447942451779 ], [ 136.375935954507042, 36.382030152441189 ], [ 136.374533498349393, 36.383320412579991 ], [ 136.373343246059051, 36.382457013806295 ], [ 136.372085686543983, 36.383537118158394 ], [ 136.388886958504798, 36.396239793073775 ], [ 136.38965141990019, 36.397043205287545 ], [ 136.391367922506873, 36.395506799409034 ], [ 136.391127678048804, 36.395005180420618 ], [ 136.38955426171475, 36.393688603631226 ], [ 136.390289479031452, 36.392995075002325 ] ] ] } },
{ "type": "Feature", "properties": { "CITY_NAME": "小松市", "S_NAME": "拓栄町", "JINKO": 29, "medical_area": "17_南加賀医療圏", "町丁目名": "小松市拓栄町" }, "geometry": { "type": "Polygon", "coordinates": [ [ [ 136.415622877251394, 36.388346034712399 ], [ 136.433572784659617, 36.382219913616581 ], [ 136.434388236860514, 36.38208187385132 ], [ 136.434491940669318, 36.382691390442133 ], [ 136.435399933044891, 36.382468107682051 ], [ 136.435143127355673, 36.381943265169042 ], [ 136.434046556465432, 36.381687989740179 ], [ 136.433670035015467, 36.380905373397063 ], [ 136.433162783900116, 36.380420719828685 ], [ 136.430633001098727, 36.378995990098744 ], [ 136.429781380575349, 36.378831767232612 ], [ 136.427157037863736, 36.37914204306513 ], [ 136.426804478707112, 36.379365147128738 ], [ 136.426709552527001, 36.380157695560037 ], [ 136.426398429764618, 36.380463471674595 ], [ 136.420718547382847, 36.382103998597536 ], [ 136.417225971919692, 36.384365669518175 ], [ 136.414855135039318, 36.385267261877829 ], [ 136.412675737283564, 36.387317640847073 ], [ 136.41463743547817, 36.387838417942909 ], [ 136.415622877251394, 36.388346034712399 ] ] ] } },
{ "type": "Feature", "properties": { "CITY_NAME": "小松市", "S_NAME": "浜佐美町", "JINKO": 34, "medical_area": "17_南加賀医療圏", "町丁目名": "小松市浜佐美町" }, "geometry": { "type": "Polygon", "coordinates": [ [ [ 136.394479472399212, 36.389970708722856 ], [ 136.391785142275666, 36.388248174213935 ], [ 136.38458828263154, 36.384892363716283 ], [ 136.38692418385574, 36.382136338317395 ], [ 136.3904660633996, 36.381232426896965 ], [ 136.392897455408018, 36.382568819639594 ], [ 136.393828232987374, 36.381986629400416 ], [ 136.394839850602892, 36.382312658091223 ], [ 136.3944682338782, 36.381635223701423 ], [ 136.393270887411148, 36.380293692870751 ], [ 136.390560699111091, 36.378927068823941 ], [ 136.390003803601445, 36.377571209830734 ], [ 136.387505919167239, 36.375566614523244 ], [ 136.388208491445681, 36.374752151423401 ], [ 136.387278793918711, 36.374263376420892 ], [ 136.387246666364518, 36.373905814374751 ], [ 136.387599899375317, 36.373023645480821 ], [ 136.388990262657899, 36.371718731726915 ], [ 136.386459118930048, 36.370022666979615 ], [ 136.387122565307777, 36.369696157518661 ], [ 136.386824382672756, 36.369372891999312 ], [ 136.387072629938814, 36.369211967161093 ], [ 136.386385856457167, 36.368465117093734 ], [ 136.385964727412642, 36.369243579069639 ], [ 136.384305959465564, 36.36841655646171 ], [ 136.383192623307821, 36.369574610638495 ], [ 136.381970656089095, 36.368730793809107 ], [ 136.380525566405424, 36.368044696133431 ], [ 136.380246042721211, 36.36770457073515 ], [ 136.380237483011513, 36.367326363523418 ], [ 136.380007547985088, 36.366946746804167 ], [ 136.378710138313039, 36.366288557995425 ], [ 136.378565769654728, 36.366403606192144 ], [ 136.378878842407943, 36.366851677141824 ], [ 136.379890568833844, 36.367524085954308 ], [ 136.380489362475828, 36.369048272512259 ], [ 136.380252466316222, 36.369663659988106 ], [ 136.380916238842758, 36.370492667889074 ], [ 136.383217281522491, 36.371716725339581 ], [ 136.383452266763925, 36.372732328635713 ], [ 136.381447582763855, 36.37556687166628 ], [ 136.379551683294636, 36.37773599923824 ], [ 136.379051021806674, 36.377996042896484 ], [ 136.377621318761811, 36.379512460304518 ], [ 136.376601170271812, 36.381250968829782 ], [ 136.375935954507042, 36.382030152441189 ], [ 136.3795792941456, 36.384447942451779 ], [ 136.38195371126011, 36.386246855838436 ], [ 136.382402736641836, 36.385835337439183 ], [ 136.392129418375106, 36.391244834309433 ], [ 136.394479472399212, 36.389970708722856 ] ] ] } },
{ "type": "Feature", "properties": { "CITY_NAME": "小松市", "S_NAME": "日末町", "JINKO": 983, "medical_area": "17_南加賀医療圏", "町丁目名": "小松市日末町" }, "geometry": { "type": "Polygon", "coordinates": [ [ [ 136.411690014102561, 36.388476846889056 ], [ 136.414855135039318, 36.3852672618778 ], [ 136.417225971919692, 36.384365669518175 ], [ 136.420718547382847, 36.382103998597536 ], [ 136.423704813207678, 36.381172782686107 ], [ 136.423641817895458, 36.380400520994229 ], [ 136.42252766358294, 36.378669372691888 ], [ 136.422206173658225, 36.376896594401721 ], [ 136.420445388104866, 36.377150331614267 ], [ 136.410772382263758, 36.379439253849306 ], [ 136.408662944975219, 36.379523860793618 ], [ 136.408629428865254, 36.376537165885608 ], [ 136.408480201106215, 36.376599517178128 ], [ 136.407298321238585, 36.374640002033487 ], [ 136.406510648797109, 36.373980137059498 ], [ 136.405655067238229, 36.374667528337085 ], [ 136.403143121033935, 36.375518309987569 ], [ 136.403243657125131, 36.379625313665564 ], [ 136.402993535952049, 36.379604737118164 ], [ 136.40226754632053, 36.381023682924507 ], [ 136.399479386750954, 36.380104152445242 ], [ 136.398990046462728, 36.380537572763394 ], [ 136.399922563074767, 36.38118263908725 ], [ 136.397317358144278, 36.383784569626513 ], [ 136.397839635364647, 36.383642686550075 ], [ 136.39849832942366, 36.384235128720697 ], [ 136.399373549213067, 36.384734579957112 ], [ 136.399491705967449, 36.385043942695248 ], [ 136.399103258424844, 36.385273826277633 ], [ 136.402594114819806, 36.387826981476742 ], [ 136.403471886926809, 36.387150002588044 ], [ 136.405231197772395, 36.386794538362601 ], [ 136.408033592386829, 36.387215425008627 ], [ 136.409796298884515, 36.38788745640931 ], [ 136.410054050593061, 36.388165065300704 ], [ 136.411690014102561, 36.388476846889056 ] ] ] } },
{ "type": "Feature", "properties": { "CITY_NAME": "小松市", "S_NAME": "松崎町", "JINKO": 106, "medical_area": "17_南加賀医療圏", "町丁目名": "小松市松崎町" }, "geometry": { "type": "Polygon", "coordinates": [ [ [ 136.422206173658225, 36.376896594401686 ], [ 136.421515255958383, 36.375319066744979 ], [ 136.420644556785135, 36.375553967471234 ], [ 136.421018909042687, 36.376492781886881 ], [ 136.418334036587709, 36.377035728733887 ], [ 136.417951703456197, 36.375707730499229 ], [ 136.416399516419119, 36.376026880964922 ], [ 136.416111907779111, 36.375018994415619 ], [ 136.414776185458777, 36.375209806556605 ], [ 136.41345814968642, 36.37477744136698 ], [ 136.412176609115846, 36.372602134573931 ], [ 136.412074439499918, 36.372652105395126 ], [ 136.411183208773679, 36.371773220100998 ], [ 136.409763501482985, 36.372959957607208 ], [ 136.409195130451366, 36.373079698352512 ], [ 136.407826684870344, 36.373007750866869 ], [ 136.406510648797138, 36.373980137059498 ], [ 136.407298321238585, 36.374640002033487 ], [ 136.408480201106215, 36.376599517178128 ], [ 136.408629428865254, 36.376537165885587 ], [ 136.408662944975219, 36.379523860793604 ], [ 136.410772382263758, 36.379439253849306 ], [ 136.420445388104895, 36.377150331614267 ], [ 136.422206173658225, 36.376896594401686 ] ] ] } },
{ "type": "Feature", "properties": { "CITY_NAME": "小松市", "S_NAME": "鵜川町", "JINKO": 178, "medical_area": "17_南加賀医療圏", "町丁目名": "小松市鵜川町" }, "geometry": { "type": "Polygon", "coordinates": [ [ [ 136.543305059792942, 36.408753316805793 ], [ 136.545607439815569, 36.408478681576504 ], [ 136.546335768380771, 36.407780630315763 ], [ 136.54752641807508, 36.40705680360724 ], [ 136.548439845545943, 36.407286906448732 ], [ 136.548705701901412, 36.407616351604247 ], [ 136.548932039205056, 36.407351690579233 ], [ 136.548890422613596, 36.406940708128069 ], [ 136.549835771679398, 36.406474339144793 ], [ 136.550603578617654, 36.405777515372087 ], [ 136.551914215893476, 36.406376292296876 ], [ 136.553708638525023, 36.405328310902306 ], [ 136.553845147117443, 36.405075254904453 ], [ 136.554912296105243, 36.404319528540583 ], [ 136.554664797088122, 36.403472473483056 ], [ 136.5538751114305, 36.40315430137683 ], [ 136.55324757130407, 36.402646640637876 ], [ 136.553027354583321, 36.402378167913298 ], [ 136.552971635563239, 36.401858336603389 ], [ 136.552026364354759, 36.401136087811039 ], [ 136.55194445547798, 36.400619149717755 ], [ 136.552428866905416, 36.400316556634174 ], [ 136.553396035339091, 36.400394005439743 ], [ 136.553724735091379, 36.400110781665987 ], [ 136.554283741530298, 36.399484294208868 ], [ 136.554065692448916, 36.398666719298816 ], [ 136.554997719892214, 36.397866362750428 ], [ 136.555070970485161, 36.397469843215326 ], [ 136.550615850857895, 36.396402579333646 ], [ 136.547302889858116, 36.396022662595016 ], [ 136.529816916428985, 36.395543512523012 ], [ 136.528938350895345, 36.39629891849026 ], [ 136.527753285131666, 36.397925211663996 ], [ 136.527435036048018, 36.398951223238939 ], [ 136.527669572783481, 36.401475948375129 ], [ 136.527624366977221, 36.403263758780625 ], [ 136.527846290197061, 36.404481285642376 ], [ 136.529724664800369, 36.405458634802116 ], [ 136.532014241836805, 36.407201299505367 ], [ 136.533825284826634, 36.408302394585704 ], [ 136.536461116459378, 36.409251542374548 ], [ 136.537478437762047, 36.408702722575185 ], [ 136.536633744861035, 36.408581847717869 ], [ 136.536217112019614, 36.408366098454842 ], [ 136.535817128795685, 36.407575658159942 ], [ 136.535156097866718, 36.407104862958917 ], [ 136.534630059046947, 36.407209735624242 ], [ 136.534380310233814, 36.40707224244678 ], [ 136.534356455597248, 36.405656590443336 ], [ 136.534132098560548, 36.40456449355888 ], [ 136.534361336002917, 36.404328185124641 ], [ 136.534897580364827, 36.40441336685587 ], [ 136.53600950513956, 36.405036759930269 ], [ 136.536408652365026, 36.406005679829526 ], [ 136.536922744162467, 36.406286083224643 ], [ 136.537575640116756, 36.407059934922074 ], [ 136.539407412951704, 36.408411980432241 ], [ 136.541447402351452, 36.409500534027806 ], [ 136.542229827175987, 36.409813301537227 ], [ 136.542564303302612, 36.409295715087318 ], [ 136.543305059792942, 36.408753316805793 ] ] ] } },
{ "type": "Feature", "properties": { "CITY_NAME": "小松市", "S_NAME": "小野町", "JINKO": 322, "medical_area": "17_南加賀医療圏", "町丁目名": "小松市小野町" }, "geometry": { "type": "Polygon", "coordinates": [ [ [ 136.505638342318406, 36.417037197861625 ], [ 136.505461456636255, 36.414961348772422 ], [ 136.504671739817041, 36.414509261788204 ], [ 136.505398189194949, 36.414541862869676 ], [ 136.505480116586625, 36.414026796921071 ], [ 136.506441808506679, 36.413641039548459 ], [ 136.506637374279649, 36.412794141885136 ], [ 136.507009891524206, 36.41275861593455 ], [ 136.507064844462604, 36.411897734657707 ], [ 136.505781228152017, 36.411839831951397 ], [ 136.505892591570927, 36.410428858536548 ], [ 136.504366521556705, 36.410368148081119 ], [ 136.502767348587895, 36.411519841412172 ], [ 136.501952637758336, 36.411513838495537 ], [ 136.501924393909263, 36.412510256589101 ], [ 136.50110969585495, 36.412020552003462 ], [ 136.500847231966333, 36.412517349717476 ], [ 136.500313452835343, 36.412371464085986 ], [ 136.498986576485919, 36.413018333684178 ], [ 136.497146334865363, 36.413040109895583 ], [ 136.496342781437733, 36.414279052400389 ], [ 136.496351141801142, 36.414639829021517 ], [ 136.495528253905405, 36.414652205069856 ], [ 136.495547503254357, 36.415484344181372 ], [ 136.494706495604646, 36.415571559034227 ], [ 136.494647347516747, 36.41665006379467 ], [ 136.500121335881687, 36.416749131642817 ], [ 136.504954353401274, 36.416626996111894 ], [ 136.505638342318406, 36.417037197861625 ] ] ] } },
{ "type": "Feature", "properties": { "CITY_NAME": "小松市", "S_NAME": "上八里町", "JINKO": 159, "medical_area": "17_南加賀医療圏", "町丁目名": "小松市上八里町" }, "geometry": { "type": "Polygon", "coordinates": [ [ [ 136.528169548056155, 36.426422201376099 ], [ 136.528978753658151, 36.426574185832727 ], [ 136.529679728142185, 36.426326688030237 ], [ 136.530230694177334, 36.426328615383753 ], [ 136.530440274641251, 36.426097564620683 ], [ 136.530264978824448, 36.425630279672724 ], [ 136.529830645437954, 36.425235042852037 ], [ 136.530293586149469, 36.424691820127634 ], [ 136.528418173492241, 36.421411394849159 ], [ 136.527863758078553, 36.420718423303505 ], [ 136.526346423049574, 36.419652076811253 ], [ 136.522343395282348, 36.418258517059996 ], [ 136.522324271390971, 36.422208402169773 ], [ 136.523109478578817, 36.422247711588383 ], [ 136.523048160439146, 36.424771395741018 ], [ 136.523494993339114, 36.424492390875535 ], [ 136.523778293383828, 36.424559472132721 ], [ 136.524176227529068, 36.425875078180603 ], [ 136.526420280078838, 36.426893055761489 ], [ 136.528169548056155, 36.426422201376099 ] ] ] } },
{ "type": "Feature", "properties": { "CITY_NAME": "小松市", "S_NAME": "河田町（館）", "JINKO": 374, "medical_area": "17_南加賀医療圏", "町丁目名": "小松市河田町（館）" }, "geometry": { "type": "Polygon", "coordinates": [ [ [ 136.512055501624133, 36.425488103518809 ], [ 136.512243627535554, 36.423893777811571 ], [ 136.51252824713535, 36.423215877382077 ], [ 136.512850205428862, 36.421350724696019 ], [ 136.51278047068044, 36.420472992211806 ], [ 136.512289130098623, 36.419946210194404 ], [ 136.51231738523191, 36.419671494856601 ], [ 136.511541421247074, 36.418374468129045 ], [ 136.511241430453936, 36.418750161819744 ], [ 136.510242714335021, 36.418593240751122 ], [ 136.510553953787849, 36.417308121930269 ], [ 136.505813170106791, 36.417558939151697 ], [ 136.505747755847125, 36.417104484752159 ], [ 136.504954353401274, 36.416626996111894 ], [ 136.500121335881687, 36.416749131642817 ], [ 136.494647347516747, 36.41665006379467 ], [ 136.494563158608571, 36.42018417070269 ], [ 136.496127858262298, 36.421058877540304 ], [ 136.496960217266462, 36.42133212422447 ], [ 136.498680241920624, 36.421410158094822 ], [ 136.500716293456207, 36.422255971074527 ], [ 136.507625368810864, 36.422421737770463 ], [ 136.508174705525278, 36.422577364535442 ], [ 136.509393086104609, 36.425380636979739 ], [ 136.510872189943768, 36.425337628842549 ], [ 136.512055501624133, 36.425488103518809 ] ] ] } },
{ "type": "Feature", "properties": { "CITY_NAME": "小松市", "S_NAME": "河田町（本河田）", "JINKO": 279, "medical_area": "17_南加賀医療圏", "町丁目名": "小松市河田町（本河田）" }, "geometry": { "type": "Polygon", "coordinates": [ [ [ 136.510553953787849, 36.417308121930269 ], [ 136.510433361090833, 36.416117395042399 ], [ 136.510213402953781, 36.416133114299591 ], [ 136.510184249285686, 36.415865018532621 ], [ 136.510571786132061, 36.415841774153357 ], [ 136.513646931794966, 36.412605346999129 ], [ 136.512159589568626, 36.41166501117592 ], [ 136.512392177660331, 36.411392722737418 ], [ 136.512239222907624, 36.411111237259185 ], [ 136.511419683252711, 36.411890817703878 ], [ 136.511263495438328, 36.411376651973228 ], [ 136.509053737883306, 36.41128686212457 ], [ 136.508730264202853, 36.410541919661362 ], [ 136.505892591570927, 36.410428858536548 ], [ 136.505781228152017, 36.411839831951397 ], [ 136.507064844462604, 36.411897734657707 ], [ 136.507009891524206, 36.41275861593455 ], [ 136.506637374279649, 36.412794141885136 ], [ 136.506441808506679, 36.413641039548459 ], [ 136.505480116586625, 36.414026796921071 ], [ 136.505398189194949, 36.414541862869676 ], [ 136.504671739817041, 36.414509261788204 ], [ 136.505461456636255, 36.414961348772422 ], [ 136.505638342318406, 36.417037197861625 ], [ 136.505813170106791, 36.417558939151697 ], [ 136.510553953787849, 36.417308121930269 ] ] ] } },
{ "type": "Feature", "properties": { "CITY_NAME": "小松市", "S_NAME": "河田町（谷内）", "JINKO": 307, "medical_area": "17_南加賀医療圏", "町丁目名": "小松市河田町（谷内）" }, "geometry": { "type": "Polygon", "coordinates": [ [ [ 136.515023833892087, 36.426411028474661 ], [ 136.516295325178987, 36.425355407182913 ], [ 136.516552355623276, 36.424002243358572 ], [ 136.516036222524605, 36.422912781692411 ], [ 136.515835670160811, 36.421269636217538 ], [ 136.515937764908557, 36.420635047629929 ], [ 136.515738961101391, 36.420357044953022 ], [ 136.516215959988159, 36.420326531882914 ], [ 136.516106715626904, 36.419130904752301 ], [ 136.516957615500473, 36.418024841917045 ], [ 136.515362331596378, 36.417241310442051 ], [ 136.512048650559791, 36.41428880511593 ], [ 136.510571786132061, 36.415841774153357 ], [ 136.510184249285686, 36.415865018532621 ], [ 136.510213402953781, 36.416133114299591 ], [ 136.510433361090833, 36.416117395042399 ], [ 136.510597176920101, 36.417238833708083 ], [ 136.510242714335021, 36.418593240751122 ], [ 136.511241430453936, 36.418750161819744 ], [ 136.511541421247074, 36.418374468129045 ], [ 136.51231738523191, 36.419671494856601 ], [ 136.512289130098623, 36.419946210194404 ], [ 136.51278047068044, 36.420472992211806 ], [ 136.512850205428862, 36.421350724696019 ], [ 136.51252824713535, 36.423215877382077 ], [ 136.512243627535554, 36.423893777811571 ], [ 136.512055501624133, 36.425488103518809 ], [ 136.513261635073349, 36.425561526811734 ], [ 136.513548924784573, 36.425948410970328 ], [ 136.514404817231139, 36.426049433113455 ], [ 136.515023833892087, 36.426411028474661 ] ] ] } },
{ "type": "Feature", "properties": { "CITY_NAME": "小松市", "S_NAME": "古府町", "JINKO": 428, "medical_area": "17_南加賀医療圏", "町丁目名": "小松市古府町" }, "geometry": { "type": "Polygon", "coordinates": [ [ [ 136.498986576485919, 36.413018333684178 ], [ 136.500313452835343, 36.412371464085986 ], [ 136.500847231966333, 36.412517349717476 ], [ 136.50110969585495, 36.412020552003462 ], [ 136.501924393909263, 36.412510256589101 ], [ 136.501952637758336, 36.411513838495537 ], [ 136.502767348587895, 36.411519841412172 ], [ 136.504366521556705, 36.410368148081119 ], [ 136.505892591570927, 36.410428858536548 ], [ 136.505950950788787, 36.408317285194748 ], [ 136.506241613030596, 36.407843547263234 ], [ 136.506007381155882, 36.407273003082963 ], [ 136.505648301203479, 36.406994832648529 ], [ 136.505648659637899, 36.406231725996328 ], [ 136.504508564791308, 36.405951633845703 ], [ 136.502295957488769, 36.404857759143582 ], [ 136.501617453433397, 36.404739553255965 ], [ 136.499972857463348, 36.405027876748932 ], [ 136.500197498976235, 36.405133796268998 ], [ 136.499629377649541, 36.405940885521993 ], [ 136.499714801106506, 36.407131981152155 ], [ 136.499531234653688, 36.407962982974247 ], [ 136.498863808800621, 36.408920037979563 ], [ 136.497657039212356, 36.409598690633473 ], [ 136.496312384751633, 36.409298593345753 ], [ 136.49663446015893, 36.409999307454164 ], [ 136.497146334865363, 36.413040109895583 ], [ 136.498986576485919, 36.413018333684178 ] ] ] } },
{ "type": "Feature", "properties": { "CITY_NAME": "小松市", "S_NAME": "里川町", "JINKO": 171, "medical_area": "17_南加賀医療圏", "町丁目名": "小松市里川町" }, "geometry": { "type": "Polygon", "coordinates": [ [ [ 136.530293586149469, 36.424691820127634 ], [ 136.530634212372604, 36.42429217457498 ], [ 136.531909426795693, 36.424433425998693 ], [ 136.532446044148259, 36.424209676950483 ], [ 136.53267555255772, 36.42327936383996 ], [ 136.532312128081514, 36.422400458042382 ], [ 136.532766522791945, 36.421471764074312 ], [ 136.533781816771807, 36.420825113422637 ], [ 136.533726010424829, 36.420458693526825 ], [ 136.534044127389166, 36.420031949704146 ], [ 136.535734179956904, 36.418615062565046 ], [ 136.537872945412005, 36.418022848044828 ], [ 136.538204223995507, 36.417803087807094 ], [ 136.538016610896506, 36.417196058621364 ], [ 136.538186420979599, 36.416758905217549 ], [ 136.540235577494656, 36.415243787371267 ], [ 136.542036966911326, 36.414563261778213 ], [ 136.544355846654156, 36.414443045294178 ], [ 136.545096219795482, 36.414645492825855 ], [ 136.545569063041825, 36.41439835496606 ], [ 136.545624479588554, 36.414220826644744 ], [ 136.540230104206302, 36.411628590916273 ], [ 136.539266672666201, 36.410949367697185 ], [ 136.538791070226551, 36.410095204065442 ], [ 136.537478437762047, 36.408702722575185 ], [ 136.536461116459378, 36.409251542374548 ], [ 136.534112450572451, 36.408434209029252 ], [ 136.532014241836805, 36.407201299505367 ], [ 136.529724664800369, 36.405458634802116 ], [ 136.527846290197061, 36.404481285642376 ], [ 136.527430644893542, 36.404775230360407 ], [ 136.526298975705288, 36.405166297216155 ], [ 136.523895899214295, 36.405687169167912 ], [ 136.524331212010026, 36.406607565339236 ], [ 136.523955933341909, 36.407837403744715 ], [ 136.523901467064434, 36.409754284487796 ], [ 136.523444063025238, 36.411084851567047 ], [ 136.524837984886005, 36.41230335033228 ], [ 136.524809694199746, 36.413569522256743 ], [ 136.524520896589621, 36.413954472850094 ], [ 136.527534056350078, 36.4155792168158 ], [ 136.528089316182246, 36.414912188593284 ], [ 136.528812187584947, 36.415349283385495 ], [ 136.529105794679424, 36.415719300691102 ], [ 136.529817295817395, 36.415874730007943 ], [ 136.531842614230754, 36.417185100895743 ], [ 136.53138165114629, 36.417860569926255 ], [ 136.529552191478217, 36.418172635969206 ], [ 136.529456111601377, 36.418968756867265 ], [ 136.529206699952283, 36.419331537413143 ], [ 136.528132419354904, 36.419820646674488 ], [ 136.527450917518991, 36.420368180947683 ], [ 136.528418173492241, 36.421411394849159 ], [ 136.530293586149469, 36.424691820127634 ] ] ] } },
{ "type": "Feature", "properties": { "CITY_NAME": "小松市", "S_NAME": "下八里町", "JINKO": 219, "medical_area": "17_南加賀医療圏", "町丁目名": "小松市下八里町" }, "geometry": { "type": "Polygon", "coordinates": [ [ [ 136.522251069463607, 36.427394385954109 ], [ 136.52257798300073, 36.426728303177548 ], [ 136.522117843675517, 36.426641567844484 ], [ 136.522155847513886, 36.426087242398687 ], [ 136.521740714886391, 36.42584655395558 ], [ 136.521704525004111, 36.425150235574115 ], [ 136.522731830386732, 36.425029807626274 ], [ 136.523048160439146, 36.424771395741018 ], [ 136.523109478578817, 36.422247711588383 ], [ 136.522324271390971, 36.422208402169773 ], [ 136.522343395282348, 36.418258517059996 ], [ 136.520452901904974, 36.417891782355021 ], [ 136.517946650627181, 36.418173419027134 ], [ 136.516957615500473, 36.418024841917045 ], [ 136.516106715626904, 36.419130904752301 ], [ 136.516215959988159, 36.420326531882914 ], [ 136.515738961101391, 36.420357044953022 ], [ 136.515937764908557, 36.420635047629908 ], [ 136.515835670160811, 36.421269636217509 ], [ 136.516036222524605, 36.422912781692382 ], [ 136.516552355623276, 36.424002243358572 ], [ 136.516425944530226, 36.424874499055321 ], [ 136.516295325179016, 36.425355407182913 ], [ 136.515023833892087, 36.426411028474661 ], [ 136.515612623539681, 36.426520961995266 ], [ 136.516839005515152, 36.426045738038603 ], [ 136.517943323718271, 36.426159216791412 ], [ 136.518846003996231, 36.42760707916289 ], [ 136.520117055138627, 36.42680139586944 ], [ 136.521927075122363, 36.427874006924156 ], [ 136.522331023211734, 36.428358984180001 ], [ 136.522251069463607, 36.427394385954109 ] ] ] } },
{ "type": "Feature", "properties": { "CITY_NAME": "小松市", "S_NAME": "埴田町", "JINKO": 462, "medical_area": "17_南加賀医療圏", "町丁目名": "小松市埴田町" }, "geometry": { "type": "Polygon", "coordinates": [ [ [ 136.516504399460189, 36.411162962343006 ], [ 136.517016818361554, 36.41055318025451 ], [ 136.517783683309858, 36.410591759608465 ], [ 136.518286204240269, 36.410785199426705 ], [ 136.518846304253543, 36.411346900234598 ], [ 136.519811574417872, 36.41171584626494 ], [ 136.524102034170255, 36.412108051537672 ], [ 136.524835285121156, 36.412441370942574 ], [ 136.524684953419808, 36.412104574260219 ], [ 136.523581328129836, 36.411335928313619 ], [ 136.523444063025238, 36.411084851567047 ], [ 136.523901467064434, 36.409754284487796 ], [ 136.523955933341909, 36.407837403744715 ], [ 136.524331212010026, 36.406607565339236 ], [ 136.523294612060795, 36.40483765863754 ], [ 136.517179612640604, 36.403097325915006 ], [ 136.516486845196539, 36.402421151418103 ], [ 136.515895947248225, 36.402943411535816 ], [ 136.510323040997719, 36.405770594079044 ], [ 136.506743142506679, 36.40629772925071 ], [ 136.505648659637899, 36.406231725996328 ], [ 136.505648301203479, 36.406994832648529 ], [ 136.506007381155882, 36.407273003082963 ], [ 136.506241613030596, 36.407843547263234 ], [ 136.505950950788787, 36.408317285194748 ], [ 136.505892591570927, 36.410428858536548 ], [ 136.508730264202853, 36.410541919661362 ], [ 136.509053737883306, 36.41128686212457 ], [ 136.511263495438328, 36.411376651973228 ], [ 136.511419683252711, 36.411890817703878 ], [ 136.512239222907624, 36.411111237259185 ], [ 136.512392177660331, 36.411392722737418 ], [ 136.512159589568626, 36.41166501117592 ], [ 136.513646931794966, 36.412605346999129 ], [ 136.512048650559791, 36.41428880511593 ], [ 136.513578899289001, 36.415625457937644 ], [ 136.514173033926824, 36.414144000427797 ], [ 136.515058223857295, 36.413153112867796 ], [ 136.515471252449487, 36.412022974719839 ], [ 136.515787750126975, 36.411573814387715 ], [ 136.516504399460189, 36.411162962343006 ] ] ] } },
{ "type": "Feature", "properties": { "CITY_NAME": "小松市", "S_NAME": "遊泉寺町", "JINKO": 206, "medical_area": "17_南加賀医療圏", "町丁目名": "小松市遊泉寺町" }, "geometry": { "type": "Polygon", "coordinates": [ [ [ 136.524935133589878, 36.401381430583157 ], [ 136.527669572783424, 36.401475948375108 ], [ 136.527490505882696, 36.398562831866322 ], [ 136.52775328513161, 36.39792521166396 ], [ 136.528938350895345, 36.39629891849026 ], [ 136.529816916428985, 36.395543512523012 ], [ 136.526776297819907, 36.395440798952151 ], [ 136.525695991374704, 36.39569199558764 ], [ 136.523254902608926, 36.395577905413418 ], [ 136.523204801153526, 36.396968581500836 ], [ 136.521062065404038, 36.397001080126927 ], [ 136.52027921147257, 36.397344053528208 ], [ 136.518606540131685, 36.39889622637218 ], [ 136.517891898934124, 36.399180445675576 ], [ 136.518058596081318, 36.400335477211499 ], [ 136.517970504842452, 36.400707736364247 ], [ 136.517617304850887, 36.401624634221399 ], [ 136.516753634547115, 36.40268156774971 ], [ 136.517179612640604, 36.403097325915006 ], [ 136.523294612060795, 36.404837658637511 ], [ 136.522350213970896, 36.402962029657438 ], [ 136.521988233026946, 36.401624998174924 ], [ 136.524935133589878, 36.401381430583157 ] ] ] } },
{ "type": "Feature", "properties": { "CITY_NAME": "小松市", "S_NAME": "立明寺町", "JINKO": 74, "medical_area": "17_南加賀医療圏", "町丁目名": "小松市立明寺町" }, "geometry": { "type": "Polygon", "coordinates": [ [ [ 136.527846290197061, 36.404481285642355 ], [ 136.527624366977221, 36.403263758780625 ], [ 136.527669572783481, 36.401475948375108 ], [ 136.524175824075684, 36.40139793901902 ], [ 136.521988233026946, 36.401624998174924 ], [ 136.522350213970896, 36.402962029657438 ], [ 136.523503796750362, 36.405244019829254 ], [ 136.523895899214295, 36.40568716916794 ], [ 136.526298975705259, 36.405166297216155 ], [ 136.527430644893542, 36.404775230360407 ], [ 136.527846290197061, 36.404481285642355 ] ] ] } },
{ "type": "Feature", "properties": { "CITY_NAME": "小松市", "S_NAME": "国府台一丁目", "JINKO": 378, "medical_area": "17_南加賀医療圏", "町丁目名": "小松市国府台一丁目" }, "geometry": { "type": "Polygon", "coordinates": [ [ [ 136.520140809384742, 36.41791888079851 ], [ 136.521298797890893, 36.417968405850061 ], [ 136.521614603514337, 36.416725940429941 ], [ 136.520740417815574, 36.416711301659461 ], [ 136.519814049179615, 36.417076116259047 ], [ 136.518341702980479, 36.41602627029679 ], [ 136.518888034035285, 36.415462676720722 ], [ 136.517297787297053, 36.414317867014333 ], [ 136.516174206542956, 36.41541124873239 ], [ 136.516273752624784, 36.415885109582526 ], [ 136.517526955409579, 36.416775328579661 ], [ 136.516322990272982, 36.417810008340261 ], [ 136.517946650627181, 36.418173419027134 ], [ 136.520140809384742, 36.41791888079851 ] ] ] } },
{ "type": "Feature", "properties": { "CITY_NAME": "小松市", "S_NAME": "国府台二丁目", "JINKO": 266, "medical_area": "17_南加賀医療圏", "町丁目名": "小松市国府台二丁目" }, "geometry": { "type": "Polygon", "coordinates": [ [ [ 136.517297787297053, 36.414317867014333 ], [ 136.516086689124165, 36.413486280558004 ], [ 136.514642188805908, 36.413634181142378 ], [ 136.514173033926824, 36.414144000427797 ], [ 136.513578899289001, 36.415625457937644 ], [ 136.515362331596378, 36.417241310442051 ], [ 136.516322990272982, 36.417810008340261 ], [ 136.517526955409579, 36.416775328579661 ], [ 136.516149339079959, 36.4156778516465 ], [ 136.516272287801144, 36.415286283595854 ], [ 136.517297787297053, 36.414317867014333 ] ] ] } },
{ "type": "Feature", "properties": { "CITY_NAME": "小松市", "S_NAME": "国府台三丁目", "JINKO": 326, "medical_area": "17_南加賀医療圏", "町丁目名": "小松市国府台三丁目" }, "geometry": { "type": "Polygon", "coordinates": [ [ [ 136.517297787297053, 36.414317867014333 ], [ 136.518700871648861, 36.413066489242304 ], [ 136.519510008150149, 36.41302122167972 ], [ 136.519631138795432, 36.412651887848732 ], [ 136.519780001257118, 36.41264745277504 ], [ 136.519811574417872, 36.41171584626494 ], [ 136.518846304253543, 36.411346900234598 ], [ 136.518111697670122, 36.410684232337374 ], [ 136.517016818361554, 36.41055318025451 ], [ 136.516623192584433, 36.411097217106899 ], [ 136.515787750126975, 36.411573814387715 ], [ 136.514792910304863, 36.413547879609936 ], [ 136.516086689124165, 36.413486280558004 ], [ 136.517297787297053, 36.414317867014333 ] ] ] } },
{ "type": "Feature", "properties": { "CITY_NAME": "小松市", "S_NAME": "国府台四丁目", "JINKO": 335, "medical_area": "17_南加賀医療圏", "町丁目名": "小松市国府台四丁目" }, "geometry": { "type": "Polygon", "coordinates": [ [ [ 136.519795148816115, 36.415654408307041 ], [ 136.521295676716335, 36.414283904745695 ], [ 136.520757506694423, 36.413899583947554 ], [ 136.521542512960394, 36.413332589670581 ], [ 136.521891141534496, 36.412675567683195 ], [ 136.522577209951265, 36.411973192642314 ], [ 136.519811574417872, 36.41171584626494 ], [ 136.519780001257118, 36.41264745277504 ], [ 136.519631138795432, 36.412651887848732 ], [ 136.519510008150149, 36.41302122167972 ], [ 136.518700871648861, 36.413066489242304 ], [ 136.517297787297053, 36.414317867014333 ], [ 136.518888034035285, 36.415462676720722 ], [ 136.518341702980479, 36.41602627029679 ], [ 136.519814049179615, 36.417076116259047 ], [ 136.520375608870665, 36.416851295191371 ], [ 136.519795148816115, 36.415654408307041 ] ] ] } },
{ "type": "Feature", "properties": { "CITY_NAME": "小松市", "S_NAME": "国府台五丁目", "JINKO": 14, "medical_area": "17_南加賀医療圏", "町丁目名": "小松市国府台五丁目" }, "geometry": { "type": "Polygon", "coordinates": [ [ [ 136.527450917518991, 36.420368180947683 ], [ 136.528132419354904, 36.419820646674502 ], [ 136.529206699952312, 36.419331537413129 ], [ 136.529456111601377, 36.418968756867265 ], [ 136.529552191478217, 36.418172635969206 ], [ 136.53138165114629, 36.417860569926255 ], [ 136.531842614230754, 36.417185100895743 ], [ 136.529817295817395, 36.415874730007907 ], [ 136.529105794679339, 36.415719300691102 ], [ 136.528812187584947, 36.415349283385495 ], [ 136.528089316182246, 36.414912188593298 ], [ 136.527534056350078, 36.4155792168158 ], [ 136.525302221477062, 36.414398167455879 ], [ 136.524520896589621, 36.413954472850094 ], [ 136.524809694199746, 36.413569522256743 ], [ 136.524835285121128, 36.412441370942574 ], [ 136.524102034170312, 36.412108051537672 ], [ 136.522577209951265, 36.411973192642314 ], [ 136.521891141534525, 36.412675567683195 ], [ 136.521542512960394, 36.413332589670581 ], [ 136.520757506694451, 36.413899583947554 ], [ 136.521295676716306, 36.414283904745695 ], [ 136.520374698744746, 36.414985587826855 ], [ 136.519795148816058, 36.415654408307056 ], [ 136.520375608870665, 36.416851295191371 ], [ 136.520740417815574, 36.416711301659475 ], [ 136.521614603514308, 36.416725940429949 ], [ 136.521298797890893, 36.417968405850061 ], [ 136.525724864284172, 36.41938227404934 ], [ 136.527450917518991, 36.420368180947683 ] ] ] } },
{ "type": "Feature", "properties": { "CITY_NAME": "小松市", "S_NAME": "荒木田町", "JINKO": 261, "medical_area": "17_南加賀医療圏", "町丁目名": "小松市荒木田町" }, "geometry": { "type": "Polygon", "coordinates": [ [ [ 136.515895947248225, 36.402943411535816 ], [ 136.516486845196539, 36.402421151418103 ], [ 136.516753634547115, 36.402681567749731 ], [ 136.517617304850887, 36.401624634221399 ], [ 136.515161956856502, 36.400636433664737 ], [ 136.509419177497392, 36.400584782826456 ], [ 136.509029655182673, 36.400474906499078 ], [ 136.508874370652819, 36.400101943421603 ], [ 136.507190455962188, 36.400580362135265 ], [ 136.500204406648209, 36.400564321657612 ], [ 136.500259288211538, 36.401598342895014 ], [ 136.501368066084495, 36.401608356643905 ], [ 136.50136148128172, 36.402018227598354 ], [ 136.507019888377215, 36.402023221654972 ], [ 136.507848673063165, 36.406143653253324 ], [ 136.50961271598041, 36.405939032729123 ], [ 136.511130826137901, 36.405462294733319 ], [ 136.513137179632054, 36.40426822964492 ], [ 136.515895947248225, 36.402943411535816 ] ] ] } },
{ "type": "Feature", "properties": { "CITY_NAME": "小松市", "S_NAME": "嵐町", "JINKO": 4, "medical_area": "17_南加賀医療圏", "町丁目名": "小松市嵐町" }, "geometry": { "type": "Polygon", "coordinates": [ [ [ 136.574983817377387, 36.37898271678695 ], [ 136.572243416256299, 36.376967443754225 ], [ 136.56964655932893, 36.37451848415931 ], [ 136.562754969705821, 36.367298556422732 ], [ 136.560079271450917, 36.367716963891787 ], [ 136.557708999444742, 36.368927465926348 ], [ 136.559957708957057, 36.369786109365961 ], [ 136.561393837930041, 36.370876259987043 ], [ 136.562059683320854, 36.371775782546855 ], [ 136.562605187231298, 36.372888070517526 ], [ 136.563304018663018, 36.375510759281937 ], [ 136.569508303298392, 36.378837166872444 ], [ 136.57370842998094, 36.379352880318109 ], [ 136.574240726155608, 36.3793340058117 ], [ 136.574983817377387, 36.37898271678695 ] ] ] } },
{ "type": "Feature", "properties": { "CITY_NAME": "小松市", "S_NAME": "岩渕町", "JINKO": 271, "medical_area": "17_南加賀医療圏", "町丁目名": "小松市岩渕町" }, "geometry": { "type": "Polygon", "coordinates": [ [ [ 136.537272528897034, 36.395736205510644 ], [ 136.537184703845924, 36.392274740870015 ], [ 136.53681880156401, 36.39163536955914 ], [ 136.535622350204392, 36.390466610964282 ], [ 136.535066152261493, 36.390128843538243 ], [ 136.533585781091034, 36.390047363162665 ], [ 136.531742255598857, 36.390589935854535 ], [ 136.531008018064114, 36.390471442744236 ], [ 136.530598486859418, 36.390179216392262 ], [ 136.529481607693782, 36.388096327074294 ], [ 136.52891335031498, 36.386087964049139 ], [ 136.528207501291121, 36.387524381554144 ], [ 136.527006364573538, 36.386654585675522 ], [ 136.527273468695427, 36.386362947235547 ], [ 136.522612529361197, 36.384365270554241 ], [ 136.521480868040527, 36.383688314034586 ], [ 136.521261911139447, 36.385313554473399 ], [ 136.522391163341467, 36.390658556645157 ], [ 136.523546114817179, 36.390392018009642 ], [ 136.523539897947245, 36.391996407184685 ], [ 136.525636739954848, 36.392212282425177 ], [ 136.52592101631987, 36.391867443703013 ], [ 136.52687083421813, 36.392361568513302 ], [ 136.527013978556766, 36.391707194888433 ], [ 136.527433939825215, 36.39267843824129 ], [ 136.528434984273702, 36.392294186606883 ], [ 136.528693193104431, 36.394058658697773 ], [ 136.52870086222191, 36.395506963163768 ], [ 136.537272528897034, 36.395736205510644 ] ] ] } },
{ "type": "Feature", "properties": { "CITY_NAME": "小松市", "S_NAME": "桂町", "JINKO": 62, "medical_area": "17_南加賀医療圏", "町丁目名": "小松市桂町" }, "geometry": { "type": "Polygon", "coordinates": [ [ [ 136.531293578652907, 36.380079145822947 ], [ 136.53190133314348, 36.380127685240005 ], [ 136.532738792385089, 36.379649702215211 ], [ 136.532651517366531, 36.379240700406925 ], [ 136.531235648993174, 36.377525825409457 ], [ 136.531230708868065, 36.376373433934155 ], [ 136.529827612385816, 36.375146140672946 ], [ 136.529213876200288, 36.374138883455984 ], [ 136.529146677396511, 36.373614373124823 ], [ 136.527575900314559, 36.37170372781685 ], [ 136.525803012212577, 36.370862634188782 ], [ 136.525288889406141, 36.370859872606388 ], [ 136.522913352749413, 36.37641163913095 ], [ 136.52307811337937, 36.378602601632728 ], [ 136.522761483148315, 36.379802547986152 ], [ 136.52236233780485, 36.380168628940176 ], [ 136.522157208050658, 36.380647985717992 ], [ 136.522089373164334, 36.381498816534894 ], [ 136.521460634510049, 36.382283565202272 ], [ 136.521480868040527, 36.383688314034586 ], [ 136.522612529361197, 36.384365270554241 ], [ 136.527273468695427, 36.386362947235547 ], [ 136.527006364573538, 36.386654585675494 ], [ 136.528207501291121, 36.387524381554144 ], [ 136.529432006182759, 36.385119492503378 ], [ 136.529412531508285, 36.383579400266235 ], [ 136.530161503610259, 36.38250605142975 ], [ 136.530841992409705, 36.381975844669796 ], [ 136.530624552301703, 36.38116588205633 ], [ 136.530838029461364, 36.380500540022467 ], [ 136.531293578652907, 36.380079145822947 ] ] ] } },
{ "type": "Feature", "properties": { "CITY_NAME": "小松市", "S_NAME": "上麦口町", "JINKO": 46, "medical_area": "17_南加賀医療圏", "町丁目名": "小松市上麦口町" }, "geometry": { "type": "Polygon", "coordinates": [ [ [ 136.562994664237237, 36.37431313317007 ], [ 136.562605187231298, 36.372888070517526 ], [ 136.562059683320854, 36.371775782546855 ], [ 136.561393837930041, 36.370876259987043 ], [ 136.559957708957057, 36.369786109365961 ], [ 136.558537923092757, 36.369149452983073 ], [ 136.557142259599317, 36.368800981905636 ], [ 136.554187031890336, 36.368437990623733 ], [ 136.548850687995895, 36.368875057804928 ], [ 136.548915501414058, 36.370324541528028 ], [ 136.548607931217703, 36.375472046452174 ], [ 136.551517786070605, 36.378786113053444 ], [ 136.55351398290631, 36.381941314225081 ], [ 136.556463256431556, 36.379904187792548 ], [ 136.562994664237237, 36.37431313317007 ] ] ] } },
{ "type": "Feature", "properties": { "CITY_NAME": "小松市", "S_NAME": "軽海町", "JINKO": 554, "medical_area": "17_南加賀医療圏", "町丁目名": "小松市軽海町" }, "geometry": { "type": "Polygon", "coordinates": [ [ [ 136.517617304850887, 36.401624634221399 ], [ 136.518058596081318, 36.400335477211499 ], [ 136.517660765643399, 36.398066638879044 ], [ 136.516521614267873, 36.396641641296213 ], [ 136.514960048062761, 36.395414742359726 ], [ 136.51335665458322, 36.395031009525255 ], [ 136.511984304421674, 36.39418122900161 ], [ 136.511169825810015, 36.392940359233663 ], [ 136.509579931071187, 36.391125298244738 ], [ 136.507171966572798, 36.389038624545137 ], [ 136.505919732299844, 36.388973278392889 ], [ 136.504779200192843, 36.388535842337049 ], [ 136.502389324862918, 36.388173210133615 ], [ 136.500226381111958, 36.388200625502776 ], [ 136.500405644578592, 36.388372964470832 ], [ 136.500277338427566, 36.388800496200346 ], [ 136.500898393464922, 36.389050888930022 ], [ 136.500927805699263, 36.389252593815513 ], [ 136.499511940665769, 36.390491682275162 ], [ 136.499502376566113, 36.39161018197295 ], [ 136.499207112869271, 36.391890682468592 ], [ 136.501385838043177, 36.392880906043956 ], [ 136.503265310540087, 36.394214101329538 ], [ 136.50448695178369, 36.395787679128084 ], [ 136.503953607070059, 36.395670930948683 ], [ 136.503783199179878, 36.395467877131829 ], [ 136.503476724075796, 36.395566535431612 ], [ 136.504171073368155, 36.396450599844869 ], [ 136.504347474860282, 36.396933166274167 ], [ 136.504654375806837, 36.396908190034551 ], [ 136.50458693892412, 36.398041653069782 ], [ 136.504217717308933, 36.398046285572228 ], [ 136.504166160808779, 36.398420776211324 ], [ 136.504476456295009, 36.398555995962845 ], [ 136.504448466770413, 36.398796174952487 ], [ 136.50370106650783, 36.399013228934386 ], [ 136.503015771553976, 36.399008456181512 ], [ 136.501837923835808, 36.399627442522771 ], [ 136.502051829221415, 36.400000564112354 ], [ 136.502038708924204, 36.40056980148978 ], [ 136.507190455962188, 36.400580362135265 ], [ 136.508874370652819, 36.400101943421603 ], [ 136.509029655182673, 36.400474906499078 ], [ 136.509419177497392, 36.400584782826456 ], [ 136.515161956856502, 36.400636433664737 ], [ 136.517617304850887, 36.401624634221399 ] ] ] } },
{ "type": "Feature", "properties": { "CITY_NAME": "小松市", "S_NAME": "正蓮寺町", "JINKO": 163, "medical_area": "17_南加賀医療圏", "町丁目名": "小松市正蓮寺町" }, "geometry": { "type": "Polygon", "coordinates": [ [ [ 136.514807661429614, 36.388920093902946 ], [ 136.514342927316079, 36.384136642167732 ], [ 136.514014098087841, 36.382966597242046 ], [ 136.513293054440481, 36.381593879460809 ], [ 136.508352006513888, 36.383103924652112 ], [ 136.507116876903865, 36.383261709026094 ], [ 136.507245023881808, 36.383833462778028 ], [ 136.505315095696744, 36.384111616016618 ], [ 136.506031030964522, 36.385422256912555 ], [ 136.506092863223728, 36.385973472466361 ], [ 136.505965044106972, 36.38634898806653 ], [ 136.505037571883122, 36.387455680423599 ], [ 136.5047834694426, 36.388032029626999 ], [ 136.504878574134182, 36.388569978875481 ], [ 136.505919732299844, 36.388973278392918 ], [ 136.506494862808125, 36.388642807877531 ], [ 136.506873104060048, 36.388626281249586 ], [ 136.510552879730227, 36.389676104924568 ], [ 136.5121534391794, 36.389909606713339 ], [ 136.51292884884117, 36.390472967386017 ], [ 136.513320246537859, 36.391024644924563 ], [ 136.514526076382737, 36.391265669703685 ], [ 136.514807661429614, 36.388920093902946 ] ] ] } },
{ "type": "Feature", "properties": { "CITY_NAME": "小松市", "S_NAME": "正蓮寺町", "JINKO": 0, "medical_area": "17_南加賀医療圏", "町丁目名": "小松市正蓮寺町" }, "geometry": { "type": "Polygon", "coordinates": [ [ [ 136.497404575512689, 36.387296163436616 ], [ 136.497002416477756, 36.386944474016133 ], [ 136.496628525549852, 36.387344844798044 ], [ 136.49686768521002, 36.387807957556831 ], [ 136.497404575512689, 36.387296163436616 ] ] ] } },
{ "type": "Feature", "properties": { "CITY_NAME": "小松市", "S_NAME": "中海町", "JINKO": 394, "medical_area": "17_南加賀医療圏", "町丁目名": "小松市中海町" }, "geometry": { "type": "Polygon", "coordinates": [ [ [ 136.521062065404038, 36.397001080126927 ], [ 136.523204801153526, 36.396968581500836 ], [ 136.523269403404242, 36.395175071640828 ], [ 136.523484806658843, 36.394127363324955 ], [ 136.523546114817179, 36.390392018009642 ], [ 136.522391163341467, 36.390658556645157 ], [ 136.521261911139447, 36.385313554473399 ], [ 136.521480868040527, 36.383688314034586 ], [ 136.521460634509992, 36.382283565202272 ], [ 136.522089373164363, 36.381498816534886 ], [ 136.522157208050658, 36.380647985717992 ], [ 136.52236233780485, 36.38016862894019 ], [ 136.522761483148315, 36.379802547986152 ], [ 136.52307811337937, 36.378602601632728 ], [ 136.513293054440481, 36.381593879460809 ], [ 136.514014098087841, 36.382966597242046 ], [ 136.514414628172091, 36.384513295168531 ], [ 136.514807661429614, 36.388920093902946 ], [ 136.514526076382737, 36.391265669703685 ], [ 136.513320246537859, 36.391024644924563 ], [ 136.51292884884117, 36.390472967386017 ], [ 136.5121534391794, 36.389909606713339 ], [ 136.510552879730227, 36.389676104924568 ], [ 136.506873104060048, 36.388626281249586 ], [ 136.506494862808125, 36.388642807877531 ], [ 136.505919732299844, 36.388973278392918 ], [ 136.507171966572798, 36.389038624545137 ], [ 136.509579931071187, 36.391125298244788 ], [ 136.511169825810015, 36.39294035923367 ], [ 136.511727259953801, 36.393927580396159 ], [ 136.512352684947274, 36.394451223326882 ], [ 136.51335665458322, 36.395031009525255 ], [ 136.514960048062761, 36.395414742359762 ], [ 136.516146961658819, 36.39628488212292 ], [ 136.517660765643399, 36.398066638879044 ], [ 136.517891898934096, 36.399180445675626 ], [ 136.518606540131685, 36.39889622637218 ], [ 136.52027921147257, 36.397344053528208 ], [ 136.521062065404038, 36.397001080126927 ] ] ] } },
{ "type": "Feature", "properties": { "CITY_NAME": "小松市", "S_NAME": "中ノ峠町", "JINKO": 24, "medical_area": "17_南加賀医療圏", "町丁目名": "小松市中ノ峠町" }, "geometry": { "type": "Polygon", "coordinates": [ [ [ 136.579643357924681, 36.371131024590809 ], [ 136.578581508778797, 36.370273757179653 ], [ 136.574870122779004, 36.369103250061116 ], [ 136.571551940519385, 36.368286629715207 ], [ 136.566382825521629, 36.367145942725195 ], [ 136.565407309331476, 36.367055713371016 ], [ 136.562754969705821, 36.367298556422732 ], [ 136.56964655932893, 36.37451848415931 ], [ 136.572243416256299, 36.376967443754225 ], [ 136.574983817377387, 36.37898271678695 ], [ 136.57573423779229, 36.378570977315704 ], [ 136.576440687864789, 36.377800211474771 ], [ 136.578575848614037, 36.374912021630514 ], [ 136.578977926316355, 36.374234200266343 ], [ 136.579643357924681, 36.371131024590809 ] ] ] } },
{ "type": "Feature", "properties": { "CITY_NAME": "小松市", "S_NAME": "原町", "JINKO": 343, "medical_area": "17_南加賀医療圏", "町丁目名": "小松市原町" }, "geometry": { "type": "Polygon", "coordinates": [ [ [ 136.567740008583741, 36.39802718938688 ], [ 136.568665220986588, 36.398099862469358 ], [ 136.570351498477862, 36.397700042860208 ], [ 136.570257498870774, 36.397155278614221 ], [ 136.570398795151789, 36.397019883745457 ], [ 136.571520127926306, 36.397127520521487 ], [ 136.572511876484327, 36.396752595064392 ], [ 136.573621290419254, 36.396576660903378 ], [ 136.57455952321223, 36.396785430245473 ], [ 136.575024333186775, 36.396526903130585 ], [ 136.576268663069868, 36.395206308624935 ], [ 136.577040940402213, 36.395096729465152 ], [ 136.577647138653873, 36.394691490147437 ], [ 136.578447561444506, 36.393635185052865 ], [ 136.577760066475236, 36.393665805594608 ], [ 136.578343198297006, 36.392591426968053 ], [ 136.578575119293987, 36.391594667040899 ], [ 136.579309639085835, 36.390906549746006 ], [ 136.580582529109478, 36.390430850261126 ], [ 136.581236744080257, 36.389688497410404 ], [ 136.581091265189798, 36.388514106902427 ], [ 136.580869916072317, 36.388104791608413 ], [ 136.582993787023412, 36.38616854981121 ], [ 136.584526781674356, 36.385681360803446 ], [ 136.585026578112348, 36.38531284660241 ], [ 136.585692376033734, 36.383182968079694 ], [ 136.585511319600954, 36.381821886964275 ], [ 136.584979768769244, 36.381324640786346 ], [ 136.586259070588994, 36.378950467886717 ], [ 136.586339189555872, 36.378456232015552 ], [ 136.5859339741491, 36.3780264202409 ], [ 136.586020140036368, 36.37743202491464 ], [ 136.586833139740918, 36.3764351120873 ], [ 136.587724635152313, 36.375882360477604 ], [ 136.586451432711499, 36.374271742273777 ], [ 136.586663923037776, 36.373971353472754 ], [ 136.586800301371397, 36.372978899497348 ], [ 136.583307061931094, 36.371076139525215 ], [ 136.582095110540422, 36.370838368598996 ], [ 136.579643357924652, 36.371131024590795 ], [ 136.578977926316355, 36.374234200266329 ], [ 136.578575848614037, 36.374912021630514 ], [ 136.577630964312135, 36.376342556115944 ], [ 136.575734237792261, 36.378570977315704 ], [ 136.574240726155637, 36.3793340058117 ], [ 136.569508303298392, 36.378837166872472 ], [ 136.568951218017986, 36.378619217818034 ], [ 136.5664185509807, 36.377105361707045 ], [ 136.563304018663018, 36.375510759281937 ], [ 136.562994664237237, 36.37431313317007 ], [ 136.556463256431556, 36.379904187792548 ], [ 136.55351398290631, 36.381941314225081 ], [ 136.552569988848148, 36.382783947463686 ], [ 136.550374591349737, 36.38415900912161 ], [ 136.546471325712162, 36.378937436183115 ], [ 136.542023808955491, 36.37395790435469 ], [ 136.541777109752928, 36.374039100706263 ], [ 136.541655231072525, 36.375413637118754 ], [ 136.540841620299119, 36.376597732673652 ], [ 136.539488949129606, 36.377009194223383 ], [ 136.537603760473075, 36.376969415477205 ], [ 136.535510800983701, 36.377481565658051 ], [ 136.534935512685678, 36.377762520017221 ], [ 136.53413353513514, 36.378640203824027 ], [ 136.533149620739636, 36.379158150413971 ], [ 136.532738792385089, 36.379649702215197 ], [ 136.53190133314348, 36.380127685239998 ], [ 136.531293578652907, 36.380079145822926 ], [ 136.530838029461364, 36.38050054002246 ], [ 136.530624552301703, 36.38116588205633 ], [ 136.530841992409677, 36.381975844669796 ], [ 136.530161503610259, 36.38250605142975 ], [ 136.529412531508285, 36.383579400266235 ], [ 136.529465219670868, 36.384970864309061 ], [ 136.52891335031498, 36.386087964049139 ], [ 136.529481607693782, 36.388096327074294 ], [ 136.530195464992289, 36.389632778352023 ], [ 136.530598486859418, 36.390179216392262 ], [ 136.531273042373755, 36.390558820293606 ], [ 136.531929525695972, 36.390573926011058 ], [ 136.533798512381679, 36.390032401062491 ], [ 136.535066152261493, 36.390128843538243 ], [ 136.535622350204392, 36.390466610964282 ], [ 136.53681880156401, 36.39163536955914 ], [ 136.537184703845924, 36.392274740870015 ], [ 136.537272528897034, 36.395736205510644 ], [ 136.547302889858116, 36.396022662595016 ], [ 136.550615850857895, 36.396402579333646 ], [ 136.555070970485161, 36.397469843215326 ], [ 136.556102054706656, 36.396556589773219 ], [ 136.557349775310854, 36.396642335764199 ], [ 136.558672705090572, 36.395169245084084 ], [ 136.559504393902699, 36.394640505504 ], [ 136.562463087610865, 36.393844683724424 ], [ 136.562433030735804, 36.394105325122048 ], [ 136.562821546125434, 36.394651617594505 ], [ 136.562774277007634, 36.395320403202319 ], [ 136.562980482475297, 36.395865740134141 ], [ 136.562949114523548, 36.396296519900737 ], [ 136.562538338299504, 36.396816073530459 ], [ 136.562607132500773, 36.396986492342918 ], [ 136.565599009128618, 36.398271621578267 ], [ 136.566442534703583, 36.398939209301389 ], [ 136.567442209842881, 36.39844526520082 ], [ 136.567740008583741, 36.39802718938688 ] ] ] } },
{ "type": "Feature", "properties": { "CITY_NAME": "小松市", "S_NAME": "みどり町", "JINKO": 173, "medical_area": "17_南加賀医療圏", "町丁目名": "小松市みどり町" }, "geometry": { "type": "Polygon", "coordinates": [ [ [ 136.527013978556738, 36.391707194888433 ], [ 136.526870834218158, 36.392361568513302 ], [ 136.525921016319842, 36.391867443703013 ], [ 136.525636739954848, 36.392212282425177 ], [ 136.523539897947245, 36.391996407184685 ], [ 136.523448807564563, 36.394581443322942 ], [ 136.523254902608869, 36.395577905413425 ], [ 136.525695991374704, 36.39569199558764 ], [ 136.526776297819907, 36.395440798952151 ], [ 136.52870086222191, 36.395506963163768 ], [ 136.528693193104459, 36.39405865869778 ], [ 136.528434984273702, 36.392294186606883 ], [ 136.527433939825215, 36.39267843824129 ], [ 136.527013978556738, 36.391707194888433 ] ] ] } },
{ "type": "Feature", "properties": { "CITY_NAME": "小松市", "S_NAME": "麦口町", "JINKO": 71, "medical_area": "17_南加賀医療圏", "町丁目名": "小松市麦口町" }, "geometry": { "type": "Polygon", "coordinates": [ [ [ 136.548772119451172, 36.373992913674883 ], [ 136.548850687995895, 36.368875057804921 ], [ 136.554187031890336, 36.368437990623733 ], [ 136.557708999444742, 36.368927465926348 ], [ 136.560079271450917, 36.367716963891787 ], [ 136.564100711055602, 36.367134484722584 ], [ 136.566382825521686, 36.367145942725195 ], [ 136.574870122779032, 36.369103250061116 ], [ 136.578581508778797, 36.370273757179653 ], [ 136.579643357924652, 36.371131024590795 ], [ 136.582095110540422, 36.370838368598996 ], [ 136.580934970869095, 36.370705184975705 ], [ 136.580670625417127, 36.370271085457247 ], [ 136.580620773799239, 36.369266104595674 ], [ 136.580098549091332, 36.368177692699895 ], [ 136.580467097543988, 36.367460723324001 ], [ 136.580429076369342, 36.365516782333557 ], [ 136.579935988237878, 36.365004286697548 ], [ 136.579836591775262, 36.364246407378552 ], [ 136.579257388044056, 36.363111314570631 ], [ 136.578915604679878, 36.362815959079406 ], [ 136.577862166074482, 36.363119914089445 ], [ 136.576879230609222, 36.362945070469799 ], [ 136.576298586339789, 36.362648495744835 ], [ 136.576310857477722, 36.362285315997212 ], [ 136.57674399581839, 36.36187013466099 ], [ 136.576731704520796, 36.360965808450764 ], [ 136.578632924293657, 36.359139770502381 ], [ 136.57052249047382, 36.356924197147507 ], [ 136.559857413833953, 36.357942154417202 ], [ 136.530105976179556, 36.359706951255703 ], [ 136.527575900314559, 36.37170372781685 ], [ 136.529146677396511, 36.37361437312483 ], [ 136.529213876200231, 36.374138883455998 ], [ 136.529827612385844, 36.375146140672953 ], [ 136.531230708868065, 36.376373433934155 ], [ 136.531235648993174, 36.377525825409457 ], [ 136.532651517366531, 36.379240700406953 ], [ 136.532738792385089, 36.379649702215197 ], [ 136.533149620739636, 36.379158150414 ], [ 136.53413353513514, 36.378640203824027 ], [ 136.534935512685621, 36.377762520017228 ], [ 136.535510800983701, 36.377481565658087 ], [ 136.537603760473075, 36.376969415477205 ], [ 136.539488949129606, 36.377009194223383 ], [ 136.540841620299119, 36.376597732673702 ], [ 136.541655231072525, 36.375413637118761 ], [ 136.541777109752928, 36.374039100706263 ], [ 136.542023808955491, 36.37395790435469 ], [ 136.546471325712162, 36.378937436183115 ], [ 136.550374591349737, 36.38415900912161 ], [ 136.552569988848148, 36.382783947463686 ], [ 136.55351398290631, 36.381941314225081 ], [ 136.551517786070605, 36.378786113053444 ], [ 136.548607931217674, 36.375472046452174 ], [ 136.548772119451172, 36.373992913674883 ] ] ] } },
{ "type": "Feature", "properties": { "CITY_NAME": "小松市", "S_NAME": "希望丘", "JINKO": 283, "medical_area": "17_南加賀医療圏", "町丁目名": "小松市希望丘" }, "geometry": { "type": "Polygon", "coordinates": [ [ [ 136.499081644041212, 36.40057217476398 ], [ 136.499064772443887, 36.400039873770943 ], [ 136.499281791420316, 36.399436190062701 ], [ 136.49914470663353, 36.396961568875653 ], [ 136.495854887419114, 36.397314090336089 ], [ 136.496096241657057, 36.397768099120235 ], [ 136.496641831589443, 36.397845493936622 ], [ 136.496230536412043, 36.398087764115147 ], [ 136.495757811690112, 36.39941201467321 ], [ 136.49644464654088, 36.400309638738541 ], [ 136.496682860887347, 36.400282644809053 ], [ 136.496767789948422, 36.400777773213782 ], [ 136.499081644041212, 36.40057217476398 ] ] ] } },
{ "type": "Feature", "properties": { "CITY_NAME": "小松市", "S_NAME": "光陽町", "JINKO": 242, "medical_area": "17_南加賀医療圏", "町丁目名": "小松市光陽町" }, "geometry": { "type": "Polygon", "coordinates": [ [ [ 136.507848673063165, 36.406143653253324 ], [ 136.507019888377215, 36.402023221654943 ], [ 136.50136148128172, 36.402018227598354 ], [ 136.501368066084495, 36.401608356643905 ], [ 136.500259288211538, 36.401598342895014 ], [ 136.500204406648209, 36.400564321657612 ], [ 136.499706673375869, 36.400557693263131 ], [ 136.49969309396937, 36.401591367418078 ], [ 136.499972546605761, 36.401743569257583 ], [ 136.499837949026244, 36.403138948001178 ], [ 136.499972857463348, 36.405027876748932 ], [ 136.501617453433397, 36.404739553255965 ], [ 136.502295957488769, 36.404857759143582 ], [ 136.504728040489425, 36.406036184858664 ], [ 136.506743142506679, 36.406297729250689 ], [ 136.507848673063165, 36.406143653253324 ] ] ] } },
{ "type": "Feature", "properties": { "CITY_NAME": "小松市", "S_NAME": "西軽海町一丁目", "JINKO": 423, "medical_area": "17_南加賀医療圏", "町丁目名": "小松市西軽海町一丁目" }, "geometry": { "type": "Polygon", "coordinates": [ [ [ 136.499081644041212, 36.40057217476398 ], [ 136.502038708924204, 36.40056980148978 ], [ 136.502051829221415, 36.400000564112354 ], [ 136.501837923835808, 36.399627442522771 ], [ 136.503015771553976, 36.399008456181512 ], [ 136.50437712923744, 36.398858722198398 ], [ 136.504476456295009, 36.398555995962845 ], [ 136.504166160808779, 36.398420776211339 ], [ 136.504189272009796, 36.398252771575528 ], [ 136.50255040656748, 36.398264190387422 ], [ 136.502541650360911, 36.398034297019699 ], [ 136.50211961554146, 36.397828146713792 ], [ 136.501845109809238, 36.396681828354986 ], [ 136.501257652462328, 36.396379348629893 ], [ 136.499163228308589, 36.396679798095739 ], [ 136.499281791420316, 36.399436190062701 ], [ 136.499064772443887, 36.400039873770943 ], [ 136.499081644041212, 36.40057217476398 ] ] ] } },
{ "type": "Feature", "properties": { "CITY_NAME": "小松市", "S_NAME": "西軽海町二丁目", "JINKO": 486, "medical_area": "17_南加賀医療圏", "町丁目名": "小松市西軽海町二丁目" }, "geometry": { "type": "Polygon", "coordinates": [ [ [ 136.504189272009796, 36.398252771575528 ], [ 136.504217717308933, 36.398046285572249 ], [ 136.50458693892412, 36.398041653069782 ], [ 136.504654375806837, 36.396908190034551 ], [ 136.504347474860282, 36.396933166274209 ], [ 136.504171073368155, 36.396450599844869 ], [ 136.503476724075796, 36.395566535431634 ], [ 136.503783199179878, 36.395467877131829 ], [ 136.503953607070059, 36.395670930948683 ], [ 136.50448695178369, 36.395787679128084 ], [ 136.503910704850796, 36.394887130980486 ], [ 136.502611216506494, 36.393669337903226 ], [ 136.502196013947611, 36.394351765983096 ], [ 136.500753797873074, 36.395398680421707 ], [ 136.50091896993419, 36.395525352413642 ], [ 136.500775574969964, 36.396419141470723 ], [ 136.501257652462328, 36.396379348629893 ], [ 136.501845109809238, 36.396681828354986 ], [ 136.50211961554146, 36.397828146713792 ], [ 136.502541650360911, 36.398034297019699 ], [ 136.50255040656748, 36.398264190387422 ], [ 136.504189272009796, 36.398252771575528 ] ] ] } },
{ "type": "Feature", "properties": { "CITY_NAME": "小松市", "S_NAME": "西軽海町三丁目", "JINKO": 348, "medical_area": "17_南加賀医療圏", "町丁目名": "小松市西軽海町三丁目" }, "geometry": { "type": "Polygon", "coordinates": [ [ [ 136.49628809639745, 36.39731840283784 ], [ 136.49914470663353, 36.396961568875653 ], [ 136.499163228308589, 36.396679798095739 ], [ 136.499864201271862, 36.396564496171415 ], [ 136.499468282402916, 36.395816419333741 ], [ 136.497579169803515, 36.394214050744367 ], [ 136.497849745377351, 36.395159306713424 ], [ 136.496900911144849, 36.39531167842042 ], [ 136.496452702479871, 36.395579511640946 ], [ 136.496371421539237, 36.396930863460298 ], [ 136.496246110134479, 36.396918890758911 ], [ 136.496202081367528, 36.39717773907087 ], [ 136.49628809639745, 36.39731840283784 ] ] ] } },
{ "type": "Feature", "properties": { "CITY_NAME": "小松市", "S_NAME": "西軽海町四丁目", "JINKO": 767, "medical_area": "17_南加賀医療圏", "町丁目名": "小松市西軽海町四丁目" }, "geometry": { "type": "Polygon", "coordinates": [ [ [ 136.500753797873074, 36.395398680421707 ], [ 136.502336650425207, 36.394199415320891 ], [ 136.502266387943592, 36.394089926076894 ], [ 136.502611216506494, 36.393669337903226 ], [ 136.501385838043177, 36.392880906043956 ], [ 136.498001829530949, 36.391407404295713 ], [ 136.497619900995488, 36.391577684606318 ], [ 136.497331930558317, 36.392001993564932 ], [ 136.49724681114597, 36.392422370091843 ], [ 136.497781020489214, 36.393424096143917 ], [ 136.497418179393293, 36.393489646612636 ], [ 136.497666849925707, 36.393738876820301 ], [ 136.497579169803515, 36.394214050744367 ], [ 136.499468282402916, 36.395816419333741 ], [ 136.499864201271862, 36.396564496171415 ], [ 136.500775574969964, 36.396419141470723 ], [ 136.50091896993419, 36.395525352413642 ], [ 136.500753797873074, 36.395398680421707 ] ] ] } },
{ "type": "Feature", "properties": { "CITY_NAME": "小松市", "S_NAME": "江指町", "JINKO": 79, "medical_area": "17_南加賀医療圏", "町丁目名": "小松市江指町" }, "geometry": { "type": "Polygon", "coordinates": [ [ [ 136.493825326501394, 36.360942153722341 ], [ 136.493199412441612, 36.360907954022451 ], [ 136.49291938379875, 36.360738656395156 ], [ 136.491739355978154, 36.359291161583748 ], [ 136.491470048040753, 36.359166842475098 ], [ 136.490106260829236, 36.354317741343685 ], [ 136.488754987203436, 36.354820741085817 ], [ 136.486787525074277, 36.355195411903708 ], [ 136.486640251217835, 36.356811762193409 ], [ 136.486198606339372, 36.357580960854804 ], [ 136.485662452677502, 36.357929695487321 ], [ 136.485230217911209, 36.359232327387517 ], [ 136.485818124166201, 36.361267164152878 ], [ 136.485664685696037, 36.362055532047336 ], [ 136.486338048205141, 36.361783658919805 ], [ 136.489595592191165, 36.36218418062559 ], [ 136.490503026517302, 36.361276237527633 ], [ 136.492130551979528, 36.361094443053851 ], [ 136.493791820184697, 36.361438524532019 ], [ 136.493825326501394, 36.360942153722341 ] ] ] } },
{ "type": "Feature", "properties": { "CITY_NAME": "小松市", "S_NAME": "大野町", "JINKO": 265, "medical_area": "17_南加賀医療圏", "町丁目名": "小松市大野町" }, "geometry": { "type": "Polygon", "coordinates": [ [ [ 136.520468255392416, 36.373717878297754 ], [ 136.518502012888462, 36.368386479764851 ], [ 136.517778071475306, 36.367536046768095 ], [ 136.516722237014534, 36.365642483825297 ], [ 136.516368800970923, 36.364189423950442 ], [ 136.515925465708079, 36.358563882804674 ], [ 136.515904198636207, 36.354123007344839 ], [ 136.510312240620806, 36.348455687441437 ], [ 136.507729609473216, 36.347372087261967 ], [ 136.50580737837646, 36.349372948114727 ], [ 136.505171148988381, 36.351273468530181 ], [ 136.505400131375325, 36.352550720900062 ], [ 136.50756851352898, 36.353086784222448 ], [ 136.51139089102648, 36.354873225323217 ], [ 136.512535904982997, 36.35561673845492 ], [ 136.513797690572602, 36.356739157209361 ], [ 136.513987433363781, 36.356992368619153 ], [ 136.513431311507787, 36.35753253434072 ], [ 136.510828810331674, 36.358992661941656 ], [ 136.509891470307338, 36.359220273324048 ], [ 136.508380323945431, 36.359231339143676 ], [ 136.50677504859226, 36.359028490001428 ], [ 136.505878952752994, 36.35872449807659 ], [ 136.504031157258595, 36.359085305645927 ], [ 136.502346313521002, 36.359917713464391 ], [ 136.501767362200866, 36.360038407614667 ], [ 136.497901507827038, 36.359704066346794 ], [ 136.495819063450995, 36.3590296735902 ], [ 136.495248112776295, 36.359272820544433 ], [ 136.495096863569643, 36.35956765178527 ], [ 136.495118272866932, 36.359929323756482 ], [ 136.49567638095192, 36.361097177520733 ], [ 136.495603955285816, 36.361763437359578 ], [ 136.495408144429518, 36.362112724956916 ], [ 136.494830691820624, 36.361455300528277 ], [ 136.494589421057299, 36.360744532848607 ], [ 136.494206419335228, 36.360558674463576 ], [ 136.493796873150956, 36.360585476193521 ], [ 136.493791820184697, 36.361438524532019 ], [ 136.492130551979528, 36.361094443053858 ], [ 136.490904350538983, 36.361158432005972 ], [ 136.490226800863297, 36.361489277355169 ], [ 136.489595592191165, 36.36218418062559 ], [ 136.486338048205141, 36.361783658919805 ], [ 136.485033349239245, 36.362454342190674 ], [ 136.48463157111766, 36.363193373585453 ], [ 136.48370178593288, 36.364027593887592 ], [ 136.483798226909727, 36.36519463853363 ], [ 136.484784522415509, 36.366834188405491 ], [ 136.4860772982681, 36.367220276241653 ], [ 136.488264948449995, 36.368424071404107 ], [ 136.489991195724343, 36.369834708225532 ], [ 136.49051146430449, 36.370664045032761 ], [ 136.490569711118439, 36.371506668826576 ], [ 136.489984896672979, 36.37267250665947 ], [ 136.488071150623341, 36.374342778065056 ], [ 136.486052729436267, 36.375649320407447 ], [ 136.486589690264537, 36.375904240488779 ], [ 136.486716069527205, 36.376125127800975 ], [ 136.488365174536256, 36.376717096211252 ], [ 136.490540964600541, 36.378433074167887 ], [ 136.491610710645546, 36.376201160224468 ], [ 136.492127846055752, 36.375797837281389 ], [ 136.493134726984579, 36.375562922101182 ], [ 136.49813361317058, 36.37598257541606 ], [ 136.498742679686274, 36.376234602201912 ], [ 136.501668532698716, 36.374270091372338 ], [ 136.502332314374854, 36.373063474520727 ], [ 136.50466530620443, 36.370648774866524 ], [ 136.506852385963271, 36.369707817948537 ], [ 136.508990554315318, 36.369288063661685 ], [ 136.511348476537336, 36.369175159777143 ], [ 136.513877540495116, 36.369872392965206 ], [ 136.514274390125422, 36.369837812229648 ], [ 136.514776428401888, 36.371405839061516 ], [ 136.514834325890291, 36.372467136585101 ], [ 136.514780855337932, 36.373545813643815 ], [ 136.512361160433329, 36.377048181318578 ], [ 136.510779940237995, 36.377327217691921 ], [ 136.510835540729715, 36.382344953544099 ], [ 136.52307811337937, 36.378602601632728 ], [ 136.522913352749413, 36.376411639130993 ], [ 136.522226786879685, 36.376051845816932 ], [ 136.521717596250028, 36.375336986920956 ], [ 136.521074183059966, 36.374782632074655 ], [ 136.520468255392416, 36.373717878297754 ] ] ] } },
{ "type": "Feature", "properties": { "CITY_NAME": "小松市", "S_NAME": "金平町", "JINKO": 162, "medical_area": "17_南加賀医療圏", "町丁目名": "小松市金平町" }, "geometry": { "type": "Polygon", "coordinates": [ [ [ 136.504520402269435, 36.344952606688125 ], [ 136.49903525176731, 36.343807039592662 ], [ 136.498869599779908, 36.345072314329485 ], [ 136.497799833358727, 36.345703292628038 ], [ 136.497316787201243, 36.34662127545581 ], [ 136.496466083124318, 36.346851990975274 ], [ 136.495649759169652, 36.347773764106186 ], [ 136.493916467110381, 36.349289027291121 ], [ 136.49325422910357, 36.35083495603331 ], [ 136.496811028109846, 36.351430099822366 ], [ 136.496994124996235, 36.354722869206476 ], [ 136.499952948049184, 36.35989710413876 ], [ 136.502075688328063, 36.359998161124508 ], [ 136.504031157258595, 36.359085305645927 ], [ 136.505878952752994, 36.35872449807659 ], [ 136.506339156766501, 36.358267485162706 ], [ 136.506328779276345, 36.357473488865764 ], [ 136.505171148988381, 36.351273468530181 ], [ 136.50580737837646, 36.349372948114727 ], [ 136.507729609473216, 36.347372087261967 ], [ 136.50576200570913, 36.346019596335445 ], [ 136.504520402269435, 36.344952606688125 ] ] ] } },
{ "type": "Feature", "properties": { "CITY_NAME": "小松市", "S_NAME": "金平町麻畠", "JINKO": 71, "medical_area": "17_南加賀医療圏", "町丁目名": "小松市金平町麻畠" }, "geometry": { "type": "Polygon", "coordinates": [ [ [ 136.506755416571565, 36.352810680535001 ], [ 136.505400131375325, 36.352550720900062 ], [ 136.506383488756882, 36.357907796326018 ], [ 136.506286394477485, 36.358372067003039 ], [ 136.505878952752994, 36.35872449807659 ], [ 136.506009245982511, 36.358830236292405 ], [ 136.508380323945431, 36.359231339143676 ], [ 136.509891470307338, 36.359220273324048 ], [ 136.510828810331674, 36.358992661941656 ], [ 136.512105281496986, 36.358359477074629 ], [ 136.513431311507787, 36.35753253434072 ], [ 136.513987433363781, 36.356992368619153 ], [ 136.512535904982997, 36.35561673845492 ], [ 136.51139089102648, 36.354873225323217 ], [ 136.50900272839263, 36.353657307029913 ], [ 136.506755416571565, 36.352810680535001 ] ] ] } },
{ "type": "Feature", "properties": { "CITY_NAME": "小松市", "S_NAME": "金平町金野町", "JINKO": 248, "medical_area": "17_南加賀医療圏", "町丁目名": "小松市金平町金野町" }, "geometry": { "type": "Polygon", "coordinates": [ [ [ 136.495677661960229, 36.361130453086503 ], [ 136.495118272866932, 36.359929323756482 ], [ 136.495096863569643, 36.35956765178527 ], [ 136.495248112776295, 36.359272820544433 ], [ 136.495819063450995, 36.3590296735902 ], [ 136.49779144346337, 36.359682468197271 ], [ 136.499952948049184, 36.35989710413876 ], [ 136.496994124996235, 36.354722869206476 ], [ 136.496811028109846, 36.351430099822366 ], [ 136.49325422910357, 36.35083495603331 ], [ 136.492659190674118, 36.35193189894467 ], [ 136.490952815700126, 36.353766450356723 ], [ 136.490106260829236, 36.354317741343692 ], [ 136.491470048040753, 36.359166842475098 ], [ 136.491739355978154, 36.359291161583748 ], [ 136.492595811749823, 36.360470222170008 ], [ 136.493199412441641, 36.360907954022451 ], [ 136.493825326501394, 36.360942153722334 ], [ 136.493828446100991, 36.360578367125122 ], [ 136.49451577649333, 36.360673179095535 ], [ 136.494830691820624, 36.361455300528277 ], [ 136.495408144429518, 36.362112724956916 ], [ 136.495677661960229, 36.361130453086503 ] ] ] } },
{ "type": "Feature", "properties": { "CITY_NAME": "小松市", "S_NAME": "五国寺町", "JINKO": 168, "medical_area": "17_南加賀医療圏", "町丁目名": "小松市五国寺町" }, "geometry": { "type": "Polygon", "coordinates": [ [ [ 136.514776428401888, 36.371405839061516 ], [ 136.514274390125422, 36.369837812229648 ], [ 136.513877540495116, 36.369872392965206 ], [ 136.511348476537336, 36.369175159777143 ], [ 136.508990554315318, 36.369288063661685 ], [ 136.506852385963271, 36.369707817948537 ], [ 136.50466530620443, 36.370648774866524 ], [ 136.502332314374854, 36.373063474520727 ], [ 136.501668532698716, 36.374270091372338 ], [ 136.500691806678788, 36.374939255318928 ], [ 136.500881274597162, 36.376255648780067 ], [ 136.502322204515508, 36.379614975412323 ], [ 136.502935416544972, 36.380286846729653 ], [ 136.503536715904886, 36.38055123155771 ], [ 136.502997717241556, 36.381551440375929 ], [ 136.501513389948059, 36.381956423984505 ], [ 136.50228798514749, 36.382450503320094 ], [ 136.504407673626076, 36.383221969991254 ], [ 136.505315095696744, 36.384111616016618 ], [ 136.507245023881808, 36.383833462778028 ], [ 136.507116876903865, 36.383261709026094 ], [ 136.508352006513888, 36.383103924652112 ], [ 136.510835540729715, 36.382344953544099 ], [ 136.510779940237995, 36.377327217691921 ], [ 136.512361160433329, 36.377048181318578 ], [ 136.514780855337932, 36.373545813643815 ], [ 136.514776428401888, 36.371405839061516 ] ] ] } },
{ "type": "Feature", "properties": { "CITY_NAME": "小松市", "S_NAME": "花坂町", "JINKO": 78, "medical_area": "17_南加賀医療圏", "町丁目名": "小松市花坂町" }, "geometry": { "type": "Polygon", "coordinates": [ [ [ 136.49972877899441, 36.388092054202524 ], [ 136.502389324862918, 36.388173210133644 ], [ 136.504878574134182, 36.388569978875481 ], [ 136.5047834694426, 36.388032029627006 ], [ 136.505037571883122, 36.387455680423614 ], [ 136.505965044106972, 36.38634898806653 ], [ 136.506092863223728, 36.385973472466375 ], [ 136.505721302853175, 36.384715155381265 ], [ 136.504727275854378, 36.383433667388594 ], [ 136.50228798514749, 36.382450503320094 ], [ 136.50151338994803, 36.381956423984462 ], [ 136.502997717241556, 36.381551440375944 ], [ 136.503536715904886, 36.38055123155771 ], [ 136.502935416544972, 36.380286846729653 ], [ 136.502322204515508, 36.379614975412331 ], [ 136.500881274597162, 36.376255648780067 ], [ 136.500691806678788, 36.374939255318928 ], [ 136.498742679686274, 36.376234602201912 ], [ 136.49813361317058, 36.375982575416074 ], [ 136.493134726984579, 36.375562922101182 ], [ 136.491797938985513, 36.37597526182455 ], [ 136.490423581273575, 36.378691540668818 ], [ 136.490553018878643, 36.379649818938802 ], [ 136.491393063000857, 36.380367222065765 ], [ 136.491612092415863, 36.380807774844968 ], [ 136.490678686676119, 36.381045412530689 ], [ 136.489163905911511, 36.382783880632566 ], [ 136.488703243498406, 36.382781254249757 ], [ 136.487955542434207, 36.383736674380856 ], [ 136.488827808021853, 36.384139419206249 ], [ 136.490816560922553, 36.386215163400813 ], [ 136.490889130070258, 36.386448976803166 ], [ 136.491432259792475, 36.386660680613595 ], [ 136.492476939931265, 36.387503184731088 ], [ 136.493132084442578, 36.388570780657894 ], [ 136.493804274797185, 36.389128092289532 ], [ 136.495388697021895, 36.388410247681755 ], [ 136.496379408495869, 36.388430979459727 ], [ 136.497010294003189, 36.388628508481474 ], [ 136.49972877899441, 36.388092054202524 ] ], [ [ 136.496691352686611, 36.387669669985762 ], [ 136.496668109737897, 36.387232770835659 ], [ 136.497002416477756, 36.386944474016133 ], [ 136.497404575512689, 36.387296163436616 ], [ 136.49686768521002, 36.387807957556824 ], [ 136.496691352686611, 36.387669669985762 ] ] ] } },
{ "type": "Feature", "properties": { "CITY_NAME": "小松市", "S_NAME": "池城町", "JINKO": 2, "medical_area": "17_南加賀医療圏", "町丁目名": "小松市池城町" }, "geometry": { "type": "Polygon", "coordinates": [ [ [ 136.578632924293657, 36.359139770502381 ], [ 136.57966159253408, 36.358863572325468 ], [ 136.580305397678501, 36.358384601204293 ], [ 136.580720705833073, 36.357839768980654 ], [ 136.58080991911865, 36.357346883496668 ], [ 136.580362719784745, 36.3566304281686 ], [ 136.580324496564742, 36.355835638472172 ], [ 136.580918802037417, 36.35423170862304 ], [ 136.5811962638615, 36.352369552501045 ], [ 136.581174274035391, 36.350760390815196 ], [ 136.580945118054871, 36.34957653844527 ], [ 136.581049083107672, 36.349315724963326 ], [ 136.580210606270612, 36.348905915887443 ], [ 136.580061412631011, 36.348396339133771 ], [ 136.580537434094055, 36.346129465209195 ], [ 136.580370606242923, 36.345702322832437 ], [ 136.579441391633225, 36.344927620589637 ], [ 136.579085316801297, 36.344802089805881 ], [ 136.577759181042609, 36.344823051153767 ], [ 136.57730131498306, 36.344669518534786 ], [ 136.577133414093026, 36.344393641655685 ], [ 136.577062044106981, 36.34371254686949 ], [ 136.577269107681133, 36.343300977920187 ], [ 136.578073259682355, 36.342617304481777 ], [ 136.579336232695454, 36.34194965211092 ], [ 136.57942631445394, 36.341276254789989 ], [ 136.579190670446337, 36.340958750635153 ], [ 136.576967284158428, 36.340493964424098 ], [ 136.576560963158983, 36.340271927881389 ], [ 136.575611815019471, 36.338775064236096 ], [ 136.574935635217628, 36.338276596896755 ], [ 136.574329870796305, 36.33746220145914 ], [ 136.572177414466012, 36.336626330501744 ], [ 136.57170504508295, 36.336156361327021 ], [ 136.570873309521858, 36.336000944699435 ], [ 136.569417411927418, 36.334102716108106 ], [ 136.567736188282595, 36.333901729975217 ], [ 136.56713875583884, 36.334228808487659 ], [ 136.566816247818366, 36.334172165442304 ], [ 136.566629769096096, 36.334102473569132 ], [ 136.565941357001151, 36.332998806647261 ], [ 136.564956902752954, 36.332815047256993 ], [ 136.564360101141659, 36.333059594895524 ], [ 136.564034637482052, 36.333388029893683 ], [ 136.562943744990008, 36.333781352626396 ], [ 136.561892533555891, 36.334539304571763 ], [ 136.560566851585122, 36.334518819988979 ], [ 136.560159968192835, 36.334379245437788 ], [ 136.559114054848322, 36.333356237027985 ], [ 136.558849017100385, 36.332460937720363 ], [ 136.558546203470627, 36.332060562982491 ], [ 136.558551330124402, 36.331400466866263 ], [ 136.55833280944077, 36.331083039225852 ], [ 136.558983874475445, 36.328225757981869 ], [ 136.559521128800327, 36.327342142552205 ], [ 136.557855342787605, 36.326289423316958 ], [ 136.557196537601783, 36.325665509568559 ], [ 136.555704967892552, 36.325446058487771 ], [ 136.554845481432096, 36.325029936286796 ], [ 136.554194486423967, 36.324352318263202 ], [ 136.552832635063453, 36.323584542697468 ], [ 136.551491665810033, 36.323446358096099 ], [ 136.550117285047207, 36.322872391208008 ], [ 136.54418102641705, 36.323585243119901 ], [ 136.538369970247942, 36.333856202781263 ], [ 136.533960508432074, 36.337576158251231 ], [ 136.538675443973688, 36.359205064076498 ], [ 136.559857413833981, 36.357942154417202 ], [ 136.57052249047382, 36.356924197147507 ], [ 136.578632924293657, 36.359139770502381 ] ] ] } },
{ "type": "Feature", "properties": { "CITY_NAME": "小松市", "S_NAME": "岩上町", "JINKO": 24, "medical_area": "17_南加賀医療圏", "町丁目名": "小松市岩上町" }, "geometry": { "type": "Polygon", "coordinates": [ [ [ 136.527697892922674, 36.333062992104594 ], [ 136.527121422108024, 36.331490116302831 ], [ 136.527095388840308, 36.331022831399359 ], [ 136.52755926544603, 36.329676278743989 ], [ 136.527561388187195, 36.329122752145594 ], [ 136.528778949561911, 36.327587320990496 ], [ 136.528878098889095, 36.325647644417195 ], [ 136.530143819960557, 36.323684279371747 ], [ 136.530873417397686, 36.323136304298416 ], [ 136.531714306380081, 36.322946034322072 ], [ 136.531961314681155, 36.322738161830877 ], [ 136.528256256051804, 36.322481054697668 ], [ 136.519202298155307, 36.326939309913179 ], [ 136.527697892922674, 36.333062992104594 ] ] ] } },
{ "type": "Feature", "properties": { "CITY_NAME": "小松市", "S_NAME": "尾小屋町", "JINKO": 11, "medical_area": "17_南加賀医療圏", "町丁目名": "小松市尾小屋町" }, "geometry": { "type": "Polygon", "coordinates": [ [ [ 136.536567116966069, 36.303606118059456 ], [ 136.537727253111797, 36.302284499105944 ], [ 136.539624891656445, 36.299168514692539 ], [ 136.540904846040917, 36.297377002144692 ], [ 136.543405498831987, 36.294734596787158 ], [ 136.54405294397435, 36.292887468627484 ], [ 136.544591195953899, 36.290151094905809 ], [ 136.544732421659234, 36.288625396609554 ], [ 136.544567285954543, 36.285017575619754 ], [ 136.544294849225082, 36.283552459829174 ], [ 136.543618046086976, 36.280977001291753 ], [ 136.54275825869945, 36.279157299003224 ], [ 136.541920930401318, 36.278255418431478 ], [ 136.541752989321338, 36.27780577941769 ], [ 136.540906219387608, 36.277261771306904 ], [ 136.54089731288073, 36.276727499937948 ], [ 136.540651489665237, 36.276117191671517 ], [ 136.539503656637351, 36.276100487322005 ], [ 136.538741459686122, 36.275711833908119 ], [ 136.538174689002489, 36.275634076575983 ], [ 136.536445202400728, 36.27575317217098 ], [ 136.535744290884935, 36.276767188496109 ], [ 136.53495289418035, 36.276728275255664 ], [ 136.534591601149145, 36.276122679035709 ], [ 136.534387353323353, 36.276670048093528 ], [ 136.533092072714595, 36.277871828650959 ], [ 136.533232316555825, 36.278891353712496 ], [ 136.53292860060688, 36.279365121610624 ], [ 136.53239645626968, 36.279696096641018 ], [ 136.532095247511222, 36.280095518956394 ], [ 136.531365330423313, 36.280358211607769 ], [ 136.531350685160902, 36.280721991490189 ], [ 136.530671146430876, 36.280916119133721 ], [ 136.530353821973989, 36.281311893322247 ], [ 136.521990806252745, 36.287502190414088 ], [ 136.522458193973534, 36.300526636323823 ], [ 136.536567116966069, 36.303606118059456 ] ] ] } },
{ "type": "Feature", "properties": { "CITY_NAME": "小松市", "S_NAME": "尾小屋町長原", "JINKO": 12, "medical_area": "17_南加賀医療圏", "町丁目名": "小松市尾小屋町長原" }, "geometry": { "type": "Polygon", "coordinates": [ [ [ 136.536567116966069, 36.303606118059456 ], [ 136.522458193973534, 36.300526636323823 ], [ 136.524324890580118, 36.310127284620805 ], [ 136.528143828518239, 36.309492201288585 ], [ 136.530263579014132, 36.308949610347653 ], [ 136.530825937027714, 36.308650477828408 ], [ 136.533472468279314, 36.30616159565735 ], [ 136.536567116966069, 36.303606118059456 ] ] ] } },
{ "type": "Feature", "properties": { "CITY_NAME": "小松市", "S_NAME": "尾小屋町二ツ屋", "JINKO": 1, "medical_area": "17_南加賀医療圏", "町丁目名": "小松市尾小屋町二ツ屋" }, "geometry": { "type": "Polygon", "coordinates": [ [ [ 136.550117285047207, 36.322872391208008 ], [ 136.549303142287073, 36.321850785320692 ], [ 136.548887101595597, 36.320843204732462 ], [ 136.549619068187411, 36.319659558117046 ], [ 136.550731966357205, 36.318782199120051 ], [ 136.551047614127015, 36.316140430389375 ], [ 136.551905661358461, 36.315786821173134 ], [ 136.551767646970575, 36.31410640886584 ], [ 136.551853035129312, 36.313089458886481 ], [ 136.552331298915277, 36.312268476733436 ], [ 136.551907698492016, 36.311284743889935 ], [ 136.551079834462541, 36.310612172490437 ], [ 136.551104218666609, 36.31032586787196 ], [ 136.551879012133583, 36.309297568866086 ], [ 136.55472716249858, 36.309470316358166 ], [ 136.55548818931436, 36.309259392574759 ], [ 136.555863092489545, 36.308924186559388 ], [ 136.555664221478139, 36.307956501092441 ], [ 136.555217350708972, 36.307115832042378 ], [ 136.554360525049731, 36.306377511828629 ], [ 136.552880770750875, 36.305638939293218 ], [ 136.552813994691633, 36.304749483220213 ], [ 136.55101256858697, 36.302732292614223 ], [ 136.55021800410907, 36.302056888167776 ], [ 136.549608499329906, 36.301755367725583 ], [ 136.549354344841788, 36.301264765490991 ], [ 136.549564031792869, 36.300848136571574 ], [ 136.550555685234912, 36.300357989851406 ], [ 136.551665749739527, 36.299334412997133 ], [ 136.551702663107022, 36.297911414823965 ], [ 136.552886157276731, 36.297392420988324 ], [ 136.554453177813912, 36.296371133222721 ], [ 136.554617158248618, 36.296139265175739 ], [ 136.554434297726715, 36.294773350336889 ], [ 136.554569441054838, 36.294313054079254 ], [ 136.554460126084166, 36.293964812786307 ], [ 136.553822016158762, 36.293183001811954 ], [ 136.553657040561035, 36.292188229184106 ], [ 136.552934891892278, 36.291405997972603 ], [ 136.552828540041645, 36.29067983180633 ], [ 136.551594598492699, 36.289082416624545 ], [ 136.549521306279985, 36.287975739107686 ], [ 136.549387512793231, 36.287774741165535 ], [ 136.548354196103929, 36.285025668181277 ], [ 136.548601564136391, 36.284476565051001 ], [ 136.54799792291837, 36.284046047305438 ], [ 136.547558182334825, 36.282911204159731 ], [ 136.546927831863314, 36.282523281476969 ], [ 136.546932735882137, 36.281903599647876 ], [ 136.546673718160946, 36.281282548527194 ], [ 136.546175694671632, 36.28085257014552 ], [ 136.543160842677736, 36.279971422083612 ], [ 136.543618046086976, 36.280977001291753 ], [ 136.544567285954543, 36.285017575619754 ], [ 136.544732421659234, 36.288625396609554 ], [ 136.544591195953899, 36.290151094905809 ], [ 136.54405294397435, 36.292887468627484 ], [ 136.543405498831987, 36.294734596787158 ], [ 136.540904846040917, 36.297377002144692 ], [ 136.537413938815149, 36.302701017802057 ], [ 136.53577295015802, 36.304386016075014 ], [ 136.533472468279314, 36.30616159565735 ], [ 136.53168178238991, 36.307966843773002 ], [ 136.530263579014132, 36.308949610347653 ], [ 136.528143828518239, 36.309492201288585 ], [ 136.524324890580118, 36.310127284620805 ], [ 136.528256256051804, 36.322481054697668 ], [ 136.54418102641705, 36.323585243119901 ], [ 136.550117285047207, 36.322872391208008 ] ] ] } },
{ "type": "Feature", "properties": { "CITY_NAME": "小松市", "S_NAME": "観音下町", "JINKO": 63, "medical_area": "17_南加賀医療圏", "町丁目名": "小松市観音下町" }, "geometry": { "type": "Polygon", "coordinates": [ [ [ 136.533960508432074, 36.337576158251231 ], [ 136.538369970247942, 36.333856202781263 ], [ 136.54418102641705, 36.323585243119901 ], [ 136.531961314681155, 36.322738161830877 ], [ 136.531714306380081, 36.322946034322072 ], [ 136.530873417397686, 36.323136304298416 ], [ 136.529931973453557, 36.323932857296526 ], [ 136.528840218858619, 36.325747353419423 ], [ 136.528778949561911, 36.327587320990496 ], [ 136.527561388187195, 36.329122752145594 ], [ 136.52755926544603, 36.329676278743989 ], [ 136.527095388840308, 36.331022831399359 ], [ 136.527121422108024, 36.331490116302831 ], [ 136.527697892922674, 36.333062992104594 ], [ 136.533960508432074, 36.337576158251231 ] ] ] } },
{ "type": "Feature", "properties": { "CITY_NAME": "小松市", "S_NAME": "沢町", "JINKO": 100, "medical_area": "17_南加賀医療圏", "町丁目名": "小松市沢町" }, "geometry": { "type": "Polygon", "coordinates": [ [ [ 136.514942841063203, 36.353148739777289 ], [ 136.523890853585954, 36.345822830832297 ], [ 136.520661674787192, 36.343783495068259 ], [ 136.516950585937792, 36.34102075520277 ], [ 136.515236046267518, 36.343130464832534 ], [ 136.514709704110544, 36.343351531855284 ], [ 136.512395990047651, 36.343459656012996 ], [ 136.509688597829012, 36.344473168856162 ], [ 136.508872285507408, 36.345393903100835 ], [ 136.507782717182266, 36.345888826434098 ], [ 136.506738732213535, 36.346695279610884 ], [ 136.508681161653385, 36.347862222558042 ], [ 136.510312240620806, 36.348455687441437 ], [ 136.514942841063203, 36.353148739777289 ] ] ] } },
{ "type": "Feature", "properties": { "CITY_NAME": "小松市", "S_NAME": "塩原町", "JINKO": 48, "medical_area": "17_南加賀医療圏", "町丁目名": "小松市塩原町" }, "geometry": { "type": "Polygon", "coordinates": [ [ [ 136.516950585937792, 36.34102075520277 ], [ 136.51753222972593, 36.340503405531308 ], [ 136.519271736411838, 36.340087222120438 ], [ 136.521269583520819, 36.34023992700287 ], [ 136.523352279178283, 36.340733568561156 ], [ 136.524267162080037, 36.340369616268333 ], [ 136.524480612710079, 36.340001916249733 ], [ 136.516302233384863, 36.331279093833636 ], [ 136.51008033950535, 36.333004674479824 ], [ 136.51019148714991, 36.333412085811695 ], [ 136.514391243692813, 36.338641920255867 ], [ 136.516950585937792, 36.34102075520277 ] ] ] } },
{ "type": "Feature", "properties": { "CITY_NAME": "小松市", "S_NAME": "新保町", "JINKO": 1, "medical_area": "17_南加賀医療圏", "町丁目名": "小松市新保町" }, "geometry": { "type": "Polygon", "coordinates": [ [ [ 136.511663410810883, 36.246071763739877 ], [ 136.515066557290822, 36.24334655948104 ], [ 136.518309479073224, 36.241536504482674 ], [ 136.522908474230348, 36.239404516283919 ], [ 136.522327240919338, 36.235793061742655 ], [ 136.522409427862527, 36.233673872907936 ], [ 136.523443927282955, 36.2243032056302 ], [ 136.524964748366898, 36.216410442223079 ], [ 136.526808375678712, 36.213639159066837 ], [ 136.536798743772039, 36.204932630400592 ], [ 136.525193820052095, 36.190530296616679 ], [ 136.524293950138031, 36.190299666122492 ], [ 136.523518858095173, 36.189430926641471 ], [ 136.523233575337031, 36.188986301217419 ], [ 136.522996654497888, 36.187794398783012 ], [ 136.523070182648638, 36.187363400886603 ], [ 136.52264438836113, 36.186852277138172 ], [ 136.522723881525195, 36.185553986338938 ], [ 136.52344731673756, 36.184307796168277 ], [ 136.523859987229571, 36.183025703290895 ], [ 136.52359947356544, 36.182140808579433 ], [ 136.524459672818864, 36.180606235826581 ], [ 136.523699417955839, 36.179969033811588 ], [ 136.522018067562186, 36.179073814133496 ], [ 136.521526525173016, 36.177108702658494 ], [ 136.521548215066076, 36.176899873457515 ], [ 136.522815764899917, 36.17527204013853 ], [ 136.522915128192238, 36.174396267512272 ], [ 136.523544263418444, 36.173674626599997 ], [ 136.524023019058177, 36.172319936105794 ], [ 136.523781458404045, 36.171294631690365 ], [ 136.523749205776085, 36.16896459534756 ], [ 136.523259417215201, 36.16611179411624 ], [ 136.523724477864249, 36.165658299725713 ], [ 136.524804889474495, 36.165065806476832 ], [ 136.524921210451936, 36.164827117432075 ], [ 136.524284805568556, 36.16461027988656 ], [ 136.524119820951654, 36.163761376263579 ], [ 136.524266682861509, 36.163022627080892 ], [ 136.524167670024838, 36.161949286622729 ], [ 136.52444054153915, 36.160870291387681 ], [ 136.524307614826853, 36.159682937038475 ], [ 136.523657917957564, 36.158219634329178 ], [ 136.524111587058229, 36.156313638146962 ], [ 136.523872744971527, 36.155548789765582 ], [ 136.523853828806494, 36.154674852300509 ], [ 136.522653896325721, 36.153001933050291 ], [ 136.522074671964589, 36.151235804433817 ], [ 136.521572818140442, 36.151444214956882 ], [ 136.520338888046496, 36.15064811627186 ], [ 136.517377600356411, 36.14923599544165 ], [ 136.516130679847151, 36.148780485948109 ], [ 136.514212897048878, 36.148390083557821 ], [ 136.513205735669942, 36.147279358077057 ], [ 136.512455333576668, 36.147131778667266 ], [ 136.511782050968947, 36.146465608659803 ], [ 136.511010873636593, 36.14625988496018 ], [ 136.509188486668563, 36.146622363392105 ], [ 136.505505131777767, 36.146610073358751 ], [ 136.50451282115398, 36.147576419687148 ], [ 136.504035360680405, 36.148353622869692 ], [ 136.504034150169105, 36.149300490674278 ], [ 136.503247008638652, 36.1497638454995 ], [ 136.500922308023434, 36.150014269551299 ], [ 136.497143752080206, 36.149898538380569 ], [ 136.496544789950946, 36.150066723360226 ], [ 136.496030658121981, 36.150604827575073 ], [ 136.495349195695951, 36.151803243004004 ], [ 136.495006425018403, 36.152640630414254 ], [ 136.494728908710982, 36.154022819772983 ], [ 136.494222718100332, 36.155159869036588 ], [ 136.493431170796839, 36.156142210933815 ], [ 136.492515520932471, 36.156919693186872 ], [ 136.491971766376537, 36.158357121957607 ], [ 136.492182608809998, 36.159044493376051 ], [ 136.491671760225984, 36.159903628586314 ], [ 136.492310495046439, 36.160440297608417 ], [ 136.492956007894975, 36.16181628342612 ], [ 136.493344339857998, 36.162192744702274 ], [ 136.493326169408249, 36.162680355837168 ], [ 136.493662417188631, 36.163425135225665 ], [ 136.494256565164051, 36.164267761325128 ], [ 136.495771483368145, 36.165376361341025 ], [ 136.495934449005858, 36.165944383176935 ], [ 136.495807568396827, 36.166879386519042 ], [ 136.497233251216983, 36.168622623044818 ], [ 136.496991854435521, 36.170674177824367 ], [ 136.497163367488014, 36.171877355429288 ], [ 136.497404903035914, 36.172258637844415 ], [ 136.497440502915254, 36.174629278156715 ], [ 136.497248557421472, 36.176453794063697 ], [ 136.497653162871586, 36.17826738048101 ], [ 136.498847106011482, 36.180480130424023 ], [ 136.498287706445637, 36.183418509117899 ], [ 136.498291388057027, 36.185245362276206 ], [ 136.498136790751431, 36.185461243985458 ], [ 136.496114497782628, 36.185847846259989 ], [ 136.493996054705377, 36.186981540396701 ], [ 136.49203159127029, 36.187363799522572 ], [ 136.49124301903953, 36.188333894367545 ], [ 136.491193985151028, 36.189137144667633 ], [ 136.491459219405158, 36.190181496579946 ], [ 136.491462249340742, 36.191061980114533 ], [ 136.491288424319805, 36.191659373694563 ], [ 136.490031565287552, 36.193122599795252 ], [ 136.489986321563748, 36.193481366511392 ], [ 136.490339154567806, 36.194150099582743 ], [ 136.490183298507333, 36.195106609679314 ], [ 136.490232955033889, 36.196696842547247 ], [ 136.49002711950456, 36.197336807143778 ], [ 136.489515659963672, 36.197949385578553 ], [ 136.489427315104905, 36.198410498543751 ], [ 136.489529099868065, 36.198838461282911 ], [ 136.489988283147824, 36.199405225401321 ], [ 136.490236086730476, 36.200022092906025 ], [ 136.490084212019809, 36.200517033856713 ], [ 136.490164016206847, 36.201047460169235 ], [ 136.490994381660073, 36.202607882669653 ], [ 136.490775499099016, 36.204769325432295 ], [ 136.490999182867967, 36.205745082368466 ], [ 136.490863239833999, 36.206838479853637 ], [ 136.49013595040995, 36.208014025042608 ], [ 136.489604244996173, 36.209746311036696 ], [ 136.488099242729618, 36.210592618339298 ], [ 136.486817464182167, 36.21244887026144 ], [ 136.48512349414105, 36.215619186713951 ], [ 136.48479754409496, 36.218153046498919 ], [ 136.484757586645799, 36.219260800471524 ], [ 136.484931129766551, 36.220271307306206 ], [ 136.484491243631311, 36.221943134246075 ], [ 136.484947774828953, 36.223607733829148 ], [ 136.484766375013038, 36.227004588640519 ], [ 136.48457872676417, 36.227619080072451 ], [ 136.4837794471797, 36.228673313640179 ], [ 136.483592636329973, 36.229189327919315 ], [ 136.483707355450207, 36.229977902469045 ], [ 136.484816104110706, 36.231781672828028 ], [ 136.485255659917925, 36.233655503094198 ], [ 136.484903429039008, 36.235721792894623 ], [ 136.482457677617077, 36.235675640244757 ], [ 136.483421184052332, 36.238006239576734 ], [ 136.48378022235201, 36.240433790666152 ], [ 136.483770705023062, 36.2415276054153 ], [ 136.496583292719805, 36.243399607131202 ], [ 136.511663410810883, 36.246071763739877 ] ] ] } },
{ "type": "Feature", "properties": { "CITY_NAME": "小松市", "S_NAME": "西俣町", "JINKO": 6, "medical_area": "17_南加賀医療圏", "町丁目名": "小松市西俣町" }, "geometry": { "type": "Polygon", "coordinates": [ [ [ 136.524324890580118, 36.310127284620805 ], [ 136.522458193973534, 36.300526636323823 ], [ 136.502120606823837, 36.300798631622897 ], [ 136.507348199306279, 36.312037274610603 ], [ 136.524324890580118, 36.310127284620805 ] ] ] } },
{ "type": "Feature", "properties": { "CITY_NAME": "小松市", "S_NAME": "西俣町滝上", "JINKO": 0, "medical_area": "17_南加賀医療圏", "町丁目名": "小松市西俣町滝上" }, "geometry": { "type": "Polygon", "coordinates": [ [ [ 136.526103159700568, 36.315764831169737 ], [ 136.524324890580118, 36.310127284620805 ], [ 136.507348199306279, 36.312037274610603 ], [ 136.509777469719552, 36.317258695869874 ], [ 136.526103159700568, 36.315764831169737 ] ] ] } },
{ "type": "Feature", "properties": { "CITY_NAME": "小松市", "S_NAME": "西俣町鳥越", "JINKO": 2, "medical_area": "17_南加賀医療圏", "町丁目名": "小松市西俣町鳥越" }, "geometry": { "type": "Polygon", "coordinates": [ [ [ 136.528256256051804, 36.322481054697668 ], [ 136.526103159700568, 36.315764831169737 ], [ 136.509777469719552, 36.317258695869874 ], [ 136.511997386652126, 36.322029514230522 ], [ 136.519202298155307, 36.326939309913179 ], [ 136.528256256051804, 36.322481054697668 ] ] ] } },
{ "type": "Feature", "properties": { "CITY_NAME": "小松市", "S_NAME": "西俣町茗ケ谷", "JINKO": 4, "medical_area": "17_南加賀医療圏", "町丁目名": "小松市西俣町茗ケ谷" }, "geometry": { "type": "Polygon", "coordinates": [ [ [ 136.522458193973534, 36.300526636323823 ], [ 136.521990806252745, 36.287502190414088 ], [ 136.508511290312754, 36.285852865804145 ], [ 136.508079046733656, 36.286519764279184 ], [ 136.499008419465099, 36.294106758856437 ], [ 136.502120606823837, 36.300798631622897 ], [ 136.522458193973534, 36.300526636323823 ] ] ] } },
{ "type": "Feature", "properties": { "CITY_NAME": "小松市", "S_NAME": "布橋町", "JINKO": 31, "medical_area": "17_南加賀医療圏", "町丁目名": "小松市布橋町" }, "geometry": { "type": "Polygon", "coordinates": [ [ [ 136.506738732213535, 36.346695279610884 ], [ 136.507782717182266, 36.345888826434098 ], [ 136.508872285507408, 36.345393903100835 ], [ 136.509688597829012, 36.344473168856162 ], [ 136.512395990047651, 36.343459656012996 ], [ 136.514709704110544, 36.343351531855284 ], [ 136.515236046267518, 36.343130464832534 ], [ 136.516950585937792, 36.34102075520277 ], [ 136.514391243692813, 36.338641920255867 ], [ 136.51019148714991, 36.333412085811695 ], [ 136.51008033950535, 36.333004674479824 ], [ 136.508045707045994, 36.333768121762134 ], [ 136.504746263301826, 36.335790301202749 ], [ 136.503014254566466, 36.337059980074173 ], [ 136.499529488218741, 36.340255555564681 ], [ 136.498053209267141, 36.34210836291988 ], [ 136.497292712352277, 36.343507286325092 ], [ 136.504520402269435, 36.344952606688111 ], [ 136.506738732213535, 36.346695279610884 ] ] ] } },
{ "type": "Feature", "properties": { "CITY_NAME": "小松市", "S_NAME": "波佐羅町", "JINKO": 59, "medical_area": "17_南加賀医療圏", "町丁目名": "小松市波佐羅町" }, "geometry": { "type": "Polygon", "coordinates": [ [ [ 136.523890853585954, 36.345822830832297 ], [ 136.533960508432074, 36.337576158251231 ], [ 136.519202298155307, 36.326939309913179 ], [ 136.511997386652126, 36.322029514230522 ], [ 136.516302233384863, 36.331279093833636 ], [ 136.524480612710079, 36.340001916249733 ], [ 136.524267162080037, 36.340369616268333 ], [ 136.523352279178283, 36.340733568561156 ], [ 136.521269583520819, 36.34023992700287 ], [ 136.519271736411838, 36.340087222120438 ], [ 136.51753222972593, 36.340503405531308 ], [ 136.516950585937792, 36.34102075520277 ], [ 136.520661674787192, 36.343783495068259 ], [ 136.523890853585954, 36.345822830832297 ] ] ] } },
{ "type": "Feature", "properties": { "CITY_NAME": "小松市", "S_NAME": "花立町", "JINKO": 0, "medical_area": "17_南加賀医療圏", "町丁目名": "小松市花立町" }, "geometry": { "type": "Polygon", "coordinates": [ [ [ 136.594964459727521, 36.217849742180604 ], [ 136.594393131716686, 36.217676617195671 ], [ 136.594003590772786, 36.216969578662095 ], [ 136.593911883777309, 36.21645926387432 ], [ 136.593329144903862, 36.216076354754385 ], [ 136.592028051248406, 36.215942953298814 ], [ 136.591055441745425, 36.215572566373595 ], [ 136.588746922089172, 36.215187828953432 ], [ 136.588306886494308, 36.214977289649859 ], [ 136.587642440568374, 36.214271519959091 ], [ 136.586666581916461, 36.214349346222747 ], [ 136.584981130241516, 36.215018756238614 ], [ 136.584442634024754, 36.21478806192485 ], [ 136.583932342360868, 36.215115881312528 ], [ 136.582388402783948, 36.215012659159967 ], [ 136.581658869661567, 36.214150586377883 ], [ 136.580824276494639, 36.213713955919943 ], [ 136.580725973981828, 36.213232451057578 ], [ 136.579585121112643, 36.212655385764059 ], [ 136.57942927966451, 36.212084451764689 ], [ 136.579675856129057, 36.211548272321366 ], [ 136.579576451845895, 36.211432449109886 ], [ 136.57765631208153, 36.210909204920817 ], [ 136.576786941381243, 36.210978339380908 ], [ 136.576020995327553, 36.210045820306249 ], [ 136.575456786397979, 36.209939348004241 ], [ 136.574747171346445, 36.208966047042168 ], [ 136.573524315527237, 36.208201873796085 ], [ 136.572253884041828, 36.207033548204649 ], [ 136.571455062254671, 36.206591120909152 ], [ 136.570348525923379, 36.206309140808337 ], [ 136.568690350102855, 36.205331079589804 ], [ 136.567425285993835, 36.203823629124052 ], [ 136.567455541263456, 36.203352933735466 ], [ 136.567127087435296, 36.203087787455672 ], [ 136.566783692482971, 36.202345230506005 ], [ 136.567179856214523, 36.201062097195397 ], [ 136.565909541245446, 36.198872099362667 ], [ 136.566036698438126, 36.197920224561869 ], [ 136.565732179495228, 36.196279349833432 ], [ 136.564804504767352, 36.194933407806907 ], [ 136.562295699848619, 36.193048164003258 ], [ 136.561612908443664, 36.191411857427596 ], [ 136.561255132367791, 36.189611972611111 ], [ 136.56082896398965, 36.188386259125991 ], [ 136.56005281269131, 36.187116645360362 ], [ 136.559419274633171, 36.186696577311821 ], [ 136.557746879532289, 36.18419131846494 ], [ 136.557595628881785, 36.183771534805835 ], [ 136.55774063883274, 36.183112450892366 ], [ 136.557211302683413, 36.181973681809197 ], [ 136.556626996147656, 36.181398358150588 ], [ 136.55658989113482, 36.180520181374675 ], [ 136.556907037748886, 36.179995877254605 ], [ 136.556872604081633, 36.179454665585823 ], [ 136.556176446224356, 36.177848522505919 ], [ 136.557493713622591, 36.175806627529504 ], [ 136.556879677608293, 36.174774377250223 ], [ 136.55699111227176, 36.174320288330001 ], [ 136.555756193032096, 36.173136903250047 ], [ 136.555057203231286, 36.172073948212329 ], [ 136.554218059230863, 36.171563182848601 ], [ 136.554239844494134, 36.170646448882884 ], [ 136.554069842045777, 36.170074307713236 ], [ 136.553674632409866, 36.169345507604348 ], [ 136.552930262101199, 36.168642991896235 ], [ 136.553150418385883, 36.167060954907676 ], [ 136.551599301022776, 36.165806770376058 ], [ 136.551449508982273, 36.165546817077704 ], [ 136.551628841985121, 36.164931097476661 ], [ 136.551560173905671, 36.164513894728024 ], [ 136.550444274080547, 36.164323475274195 ], [ 136.549946513504693, 36.162964347545071 ], [ 136.550001599870996, 36.162441636171472 ], [ 136.550460800161346, 36.162035357408428 ], [ 136.550894505643925, 36.161049991282937 ], [ 136.550675870516102, 36.160243711987732 ], [ 136.551578977377204, 36.158694021232634 ], [ 136.550883824065863, 36.15745229605259 ], [ 136.550710076729843, 36.156658411951476 ], [ 136.551598909368238, 36.155395658192617 ], [ 136.55157803659921, 36.154996618879821 ], [ 136.552452255565328, 36.154441642648763 ], [ 136.549484656039709, 36.154117430843449 ], [ 136.547213378272573, 36.153033874481288 ], [ 136.545959972723352, 36.152759437545967 ], [ 136.544109939173325, 36.152723020803869 ], [ 136.540140847718874, 36.153238219335009 ], [ 136.53892306836326, 36.152642347549914 ], [ 136.538028739472168, 36.150855811621916 ], [ 136.537536994384482, 36.150370921316124 ], [ 136.53545982613042, 36.14982409512595 ], [ 136.534670364162508, 36.149391219543105 ], [ 136.532570762838986, 36.147531305286947 ], [ 136.531879131177504, 36.147259693607104 ], [ 136.530836791771776, 36.147455131337757 ], [ 136.530234502982069, 36.148389755106983 ], [ 136.529406389530436, 36.148653303747807 ], [ 136.526764349690865, 36.148505275984256 ], [ 136.526333770083056, 36.148636941951082 ], [ 136.525001064884378, 36.14999636006285 ], [ 136.522074671964589, 36.151235804433817 ], [ 136.522653896325721, 36.153001933050291 ], [ 136.523891092159687, 36.15478420776688 ], [ 136.523872744971527, 36.155548789765582 ], [ 136.524111587058229, 36.156313638146962 ], [ 136.523657917957564, 36.158219634329178 ], [ 136.524307614826853, 36.159682937038475 ], [ 136.52444054153915, 36.160870291387681 ], [ 136.524167670024838, 36.161949286622729 ], [ 136.524266682861509, 36.163022627080892 ], [ 136.524119820951654, 36.163761376263579 ], [ 136.524284805568556, 36.16461027988656 ], [ 136.524921210451936, 36.164827117432075 ], [ 136.524804889474495, 36.165065806476832 ], [ 136.523724477864249, 36.165658299725713 ], [ 136.523259417215201, 36.16611179411624 ], [ 136.523749205776085, 36.16896459534756 ], [ 136.523781458404045, 36.171294631690365 ], [ 136.524023019058177, 36.172319936105794 ], [ 136.523544263418444, 36.173674626599997 ], [ 136.522915128192238, 36.174396267512272 ], [ 136.522815764899917, 36.17527204013853 ], [ 136.52153461809479, 36.176932226467201 ], [ 136.521967472602512, 36.179010487947835 ], [ 136.523699417955839, 36.179969033811588 ], [ 136.524459672818864, 36.180606235826581 ], [ 136.52359947356544, 36.182140808579433 ], [ 136.523859987229571, 36.183025703290895 ], [ 136.52344731673756, 36.184307796168277 ], [ 136.522723881525195, 36.185553986338938 ], [ 136.52264438836113, 36.186852277138172 ], [ 136.523070182648638, 36.187363400886603 ], [ 136.522996654497888, 36.187794398783012 ], [ 136.523233575337031, 36.188986301217419 ], [ 136.523518858095173, 36.189430926641471 ], [ 136.524293950138031, 36.190299666122492 ], [ 136.525193820052095, 36.190530296616679 ], [ 136.536798743772039, 36.204932630400592 ], [ 136.526808375678712, 36.213639159066837 ], [ 136.525555886805023, 36.21535831325653 ], [ 136.524964748366898, 36.216410442223079 ], [ 136.524145830503414, 36.220182901120992 ], [ 136.523443927282955, 36.2243032056302 ], [ 136.523065562959232, 36.227599820950829 ], [ 136.578944170637953, 36.221112451056726 ], [ 136.582135002556441, 36.220619390838671 ], [ 136.592729229976698, 36.218010108506554 ], [ 136.594964459727521, 36.217849742180604 ] ] ] } },
{ "type": "Feature", "properties": { "CITY_NAME": "小松市", "S_NAME": "松岡町", "JINKO": 39, "medical_area": "17_南加賀医療圏", "町丁目名": "小松市松岡町" }, "geometry": { "type": "Polygon", "coordinates": [ [ [ 136.527575900314559, 36.37170372781685 ], [ 136.530105976179556, 36.35970695125571 ], [ 136.538675443973688, 36.359205064076498 ], [ 136.533960508432074, 36.337576158251231 ], [ 136.514942841063203, 36.353148739777289 ], [ 136.515904198636207, 36.354123007344839 ], [ 136.515821940391504, 36.356030529699154 ], [ 136.516184075935314, 36.362428257802044 ], [ 136.516368800970923, 36.364189423950442 ], [ 136.516722237014534, 36.365642483825297 ], [ 136.517778071475306, 36.367536046768095 ], [ 136.518502012888462, 36.368386479764872 ], [ 136.520468255392416, 36.373717878297768 ], [ 136.521074183059966, 36.37478263207467 ], [ 136.521717596250028, 36.375336986920956 ], [ 136.522226786879685, 36.376051845816953 ], [ 136.522913352749413, 36.37641163913095 ], [ 136.525288889406141, 36.370859872606388 ], [ 136.525803012212577, 36.370862634188782 ], [ 136.527575900314559, 36.37170372781685 ] ] ] } },
{ "type": "Feature", "properties": { "CITY_NAME": "小松市", "S_NAME": "丸山町", "JINKO": 4, "medical_area": "17_南加賀医療圏", "町丁目名": "小松市丸山町" }, "geometry": { "type": "Polygon", "coordinates": [ [ [ 136.595534022729908, 36.277792431796733 ], [ 136.596070305043014, 36.277315883704972 ], [ 136.596036834927276, 36.276955313173914 ], [ 136.595503030475413, 36.275920236336709 ], [ 136.595481751479213, 36.275540236336603 ], [ 136.59465745102213, 36.274747275098719 ], [ 136.594415852234022, 36.274059389384696 ], [ 136.594446995185876, 36.273085453534257 ], [ 136.594641313023487, 36.272833108050634 ], [ 136.59476814218965, 36.271937559886396 ], [ 136.595325650059095, 36.271365512240372 ], [ 136.596236830216696, 36.270955871787983 ], [ 136.59638548775655, 36.27036239389043 ], [ 136.59698145591949, 36.269459335953535 ], [ 136.596996392147872, 36.269060027121846 ], [ 136.597744635003608, 36.267889852619511 ], [ 136.598914284284746, 36.267486295399095 ], [ 136.599156693613111, 36.267234190412438 ], [ 136.599451327056244, 36.266407624423358 ], [ 136.599010236277707, 36.26586005186163 ], [ 136.598995325842679, 36.265426501468049 ], [ 136.599395318040479, 36.264999817322398 ], [ 136.599410523725453, 36.264561549923336 ], [ 136.599838315375507, 36.263618727661353 ], [ 136.600297923944424, 36.263260484041716 ], [ 136.601226106653428, 36.262982407097859 ], [ 136.601867085970838, 36.26248866158911 ], [ 136.601991078202985, 36.261972979075843 ], [ 136.602607422549511, 36.261566791595484 ], [ 136.603240284956058, 36.26220293825228 ], [ 136.604588601022755, 36.262033951622733 ], [ 136.605068154353148, 36.262250513644254 ], [ 136.609129601090444, 36.262746525959088 ], [ 136.611612966936889, 36.26246366555683 ], [ 136.612317895499899, 36.262001994555391 ], [ 136.612321686572756, 36.261464756585582 ], [ 136.611999898948113, 36.260058105442013 ], [ 136.610486866575428, 36.259338134792053 ], [ 136.610367388776837, 36.259094777618579 ], [ 136.606722269145791, 36.256815021344721 ], [ 136.605588460681332, 36.255699015166826 ], [ 136.605367621294931, 36.254468472853233 ], [ 136.604954822821213, 36.253319673183377 ], [ 136.603629136698032, 36.252295723403385 ], [ 136.602935763956907, 36.251145569209349 ], [ 136.602312343219324, 36.248244459296743 ], [ 136.602776761136084, 36.247513067656136 ], [ 136.602986715716071, 36.24668747207302 ], [ 136.602849152367298, 36.246304545149897 ], [ 136.602115751371031, 36.2454125012802 ], [ 136.601165129553465, 36.244571088257509 ], [ 136.600761066280597, 36.244000893020839 ], [ 136.600552685638604, 36.242919365105251 ], [ 136.600218468167668, 36.242592726105549 ], [ 136.600120095544725, 36.241868719395896 ], [ 136.600409616916409, 36.241209488223603 ], [ 136.600453537874728, 36.240496649083767 ], [ 136.59994961226468, 36.239020976230137 ], [ 136.600082261034089, 36.238346581777449 ], [ 136.599594352349271, 36.237796384335937 ], [ 136.598022486009711, 36.236800566993644 ], [ 136.59830602220029, 36.235843779955957 ], [ 136.59786560834732, 36.235443220038661 ], [ 136.598246690832013, 36.234421345613384 ], [ 136.598262226332025, 36.233832898422172 ], [ 136.599237731204369, 36.232264662880681 ], [ 136.599930375912379, 36.232231276478245 ], [ 136.600071901851294, 36.231899015512084 ], [ 136.599928217644361, 36.231636179311231 ], [ 136.599182655317122, 36.231148971072528 ], [ 136.599211156556237, 36.230109689562006 ], [ 136.598845376083887, 36.229461754407566 ], [ 136.598451797483762, 36.228179290151054 ], [ 136.598291667792807, 36.226829765731431 ], [ 136.597431622788179, 36.225404823319373 ], [ 136.597094334202239, 36.224397872802669 ], [ 136.596296401070077, 36.222891944085426 ], [ 136.596310172020623, 36.222333644265916 ], [ 136.595621638079166, 36.220917362651107 ], [ 136.595140407989476, 36.217899083019724 ], [ 136.592729229976698, 36.218010108506554 ], [ 136.582135002556441, 36.220619390838671 ], [ 136.578944170637953, 36.221112451056726 ], [ 136.523065562959232, 36.227599820950829 ], [ 136.522409427862527, 36.233673872907936 ], [ 136.522327240919338, 36.235793061742655 ], [ 136.523233887320686, 36.241280999163145 ], [ 136.525234827584342, 36.249130779676612 ], [ 136.528801689627073, 36.258950505344906 ], [ 136.533448130337149, 36.268743317204347 ], [ 136.534473165081096, 36.269929310165615 ], [ 136.537134273132551, 36.272342576516543 ], [ 136.539201984680489, 36.275874530977767 ], [ 136.539503656637351, 36.276100487322005 ], [ 136.540454010636438, 36.276062730347398 ], [ 136.54078233310122, 36.276256767646956 ], [ 136.540906219387608, 36.277261771306904 ], [ 136.541752989321338, 36.27780577941769 ], [ 136.541920930401318, 36.278255418431478 ], [ 136.54275825869945, 36.279157299003224 ], [ 136.543160842677736, 36.279971422083612 ], [ 136.546175694671632, 36.28085257014552 ], [ 136.546673718160946, 36.281282548527194 ], [ 136.546932735882137, 36.281903599647876 ], [ 136.546927831863314, 36.282523281476969 ], [ 136.547558182334825, 36.282911204159731 ], [ 136.54799792291837, 36.284046047305438 ], [ 136.548601564136391, 36.284476565051001 ], [ 136.550066498427555, 36.283560640900866 ], [ 136.551247185619019, 36.283553146982001 ], [ 136.553188276872788, 36.282906240978903 ], [ 136.554016482119806, 36.282892382910013 ], [ 136.554998243075005, 36.283277969091401 ], [ 136.555636828296684, 36.283190618441658 ], [ 136.556406006441279, 36.28213446774825 ], [ 136.556393059002204, 36.280920269738758 ], [ 136.557147858549342, 36.280271767092636 ], [ 136.559001202548245, 36.280791365780964 ], [ 136.560481211412082, 36.280846469162078 ], [ 136.561524232077602, 36.281194263833896 ], [ 136.562708010427457, 36.283102922742046 ], [ 136.563080779194422, 36.283523399577355 ], [ 136.563770945130841, 36.28392645576298 ], [ 136.564111525501289, 36.28394720782908 ], [ 136.564826126074735, 36.283460888803333 ], [ 136.566059214020555, 36.283543214816554 ], [ 136.567220585569686, 36.283786903832429 ], [ 136.568953587424517, 36.284575703781428 ], [ 136.572038392434081, 36.284519804717469 ], [ 136.572580611343682, 36.284294194233816 ], [ 136.572961063880797, 36.283706258933172 ], [ 136.576782759229104, 36.28174647579479 ], [ 136.580593000351058, 36.280783195739168 ], [ 136.580927268202373, 36.280155842409656 ], [ 136.580905802302766, 36.278297339328503 ], [ 136.58114261742756, 36.278107897320368 ], [ 136.583892063540134, 36.27875037400073 ], [ 136.585253853871677, 36.279233534180634 ], [ 136.585722405965015, 36.279540771495597 ], [ 136.586048145585494, 36.280057001713701 ], [ 136.586471021506867, 36.280173406357505 ], [ 136.586943096443747, 36.280004156637908 ], [ 136.587393471344001, 36.279587017125586 ], [ 136.588131900558551, 36.278408842645945 ], [ 136.588708478007391, 36.276829585394367 ], [ 136.589334779198111, 36.276314298081381 ], [ 136.589889206588595, 36.276170869761366 ], [ 136.592707979738549, 36.276481536826786 ], [ 136.5945425964658, 36.277298843190451 ], [ 136.594901107325654, 36.277631748683952 ], [ 136.595534022729908, 36.277792431796733 ] ] ] } },
{ "type": "Feature", "properties": { "CITY_NAME": "小松市", "S_NAME": "赤瀬町", "JINKO": 28, "medical_area": "17_南加賀医療圏", "町丁目名": "小松市赤瀬町" }, "geometry": { "type": "Polygon", "coordinates": [ [ [ 136.494886107980392, 36.311580765978327 ], [ 136.496642902964396, 36.307928347698621 ], [ 136.499853841534076, 36.302798309428837 ], [ 136.500235701641827, 36.301269943949848 ], [ 136.500055055811089, 36.300820984182721 ], [ 136.499529179283627, 36.300295463336084 ], [ 136.496551878629077, 36.297927090248372 ], [ 136.492244651116096, 36.295136927544618 ], [ 136.478962756765924, 36.297148479243994 ], [ 136.476644264210961, 36.297890507096184 ], [ 136.472648693356945, 36.298794465094353 ], [ 136.469274002938334, 36.299032327626378 ], [ 136.470437936813795, 36.300524284452067 ], [ 136.472947255071944, 36.304590876567417 ], [ 136.473621462383051, 36.306303175192511 ], [ 136.473926070611896, 36.307833067356803 ], [ 136.473537900739387, 36.309745208986591 ], [ 136.484450134906922, 36.315021907222587 ], [ 136.484821661552417, 36.313444951430355 ], [ 136.485153241573897, 36.312709936148018 ], [ 136.485579435956964, 36.312317614617214 ], [ 136.486982693971214, 36.311746591300761 ], [ 136.489914226406228, 36.311184256746323 ], [ 136.491930022781474, 36.311221956137274 ], [ 136.494886107980392, 36.311580765978327 ] ] ] } },
{ "type": "Feature", "properties": { "CITY_NAME": "小松市", "S_NAME": "上リ江町", "JINKO": 84, "medical_area": "17_南加賀医療圏", "町丁目名": "小松市上リ江町" }, "geometry": { "type": "Polygon", "coordinates": [ [ [ 136.484392512606235, 36.323853969648049 ], [ 136.484881323291319, 36.322903303375114 ], [ 136.484653252701293, 36.320622214212008 ], [ 136.484808151687929, 36.319178892249326 ], [ 136.484076481035942, 36.319168170170109 ], [ 136.484519589044567, 36.316377690769812 ], [ 136.484450134906922, 36.315021907222587 ], [ 136.473537900739387, 36.309745208986591 ], [ 136.473111354699313, 36.310000294387144 ], [ 136.471973173969076, 36.3115560925879 ], [ 136.471269479855977, 36.313615063336108 ], [ 136.472407415761495, 36.318031239077676 ], [ 136.473191411268004, 36.320425196079917 ], [ 136.474736467301909, 36.323404100573931 ], [ 136.476006405040891, 36.324362851290665 ], [ 136.476759592364573, 36.324662108301055 ], [ 136.477878661771683, 36.324799591428096 ], [ 136.478946487098796, 36.324620064582632 ], [ 136.479503214622667, 36.324241010719668 ], [ 136.479846000894582, 36.323631365094158 ], [ 136.480901376673131, 36.323331596384214 ], [ 136.484392512606235, 36.323853969648049 ] ] ] } },
{ "type": "Feature", "properties": { "CITY_NAME": "小松市", "S_NAME": "打木町", "JINKO": 48, "medical_area": "17_南加賀医療圏", "町丁目名": "小松市打木町" }, "geometry": { "type": "Polygon", "coordinates": [ [ [ 136.491450840531115, 36.325477595426896 ], [ 136.491653809519562, 36.32308145822617 ], [ 136.492862000764887, 36.317583699277698 ], [ 136.493907609176631, 36.313712380320879 ], [ 136.494886107980392, 36.311580765978327 ], [ 136.491930022781474, 36.311221956137274 ], [ 136.489914226406228, 36.311184256746323 ], [ 136.486982693971214, 36.311746591300761 ], [ 136.485579435956964, 36.312317614617214 ], [ 136.485153241573897, 36.312709936148018 ], [ 136.484821661552417, 36.313444951430355 ], [ 136.484450134906922, 36.315021907222587 ], [ 136.484519589044567, 36.316377690769812 ], [ 136.484076481035942, 36.319168170170109 ], [ 136.484808151687929, 36.319178892249326 ], [ 136.484653252701293, 36.320622214212008 ], [ 136.484881323291319, 36.322903303375114 ], [ 136.484392512606235, 36.323853969648049 ], [ 136.487468416618725, 36.324794337186482 ], [ 136.491450840531115, 36.325477595426896 ] ] ] } },
{ "type": "Feature", "properties": { "CITY_NAME": "小松市", "S_NAME": "瀬領町", "JINKO": 518, "medical_area": "17_南加賀医療圏", "町丁目名": "小松市瀬領町" }, "geometry": { "type": "Polygon", "coordinates": [ [ [ 136.505812873127127, 36.335099883438581 ], [ 136.508045707045994, 36.333768121762134 ], [ 136.509140315162853, 36.333312651824698 ], [ 136.516302233384863, 36.331279093833636 ], [ 136.499671461962208, 36.295532463347946 ], [ 136.499270493676875, 36.295862304285656 ], [ 136.49871828425114, 36.295122542534202 ], [ 136.492244651116096, 36.295136927544618 ], [ 136.496551878629077, 36.297927090248372 ], [ 136.499529179283627, 36.300295463336084 ], [ 136.500055055811089, 36.300820984182721 ], [ 136.500235701641827, 36.301269943949848 ], [ 136.499853841534019, 36.302798309428837 ], [ 136.496642902964339, 36.307928347698606 ], [ 136.494432269297903, 36.312339227102882 ], [ 136.493907609176631, 36.313712380320887 ], [ 136.492162298326946, 36.320463107817069 ], [ 136.491511074871596, 36.323976220592208 ], [ 136.491450840531115, 36.325477595426896 ], [ 136.487468416618725, 36.324794337186482 ], [ 136.484392512606263, 36.323853969648049 ], [ 136.480901376673131, 36.323331596384214 ], [ 136.479846000894582, 36.323631365094158 ], [ 136.479503214622724, 36.324241010719668 ], [ 136.478946487098796, 36.324620064582632 ], [ 136.477312190774995, 36.324752637393068 ], [ 136.476006405040891, 36.324362851290665 ], [ 136.474736467301909, 36.32340410057396 ], [ 136.47500840077447, 36.323967049289358 ], [ 136.475048238333869, 36.324662400982263 ], [ 136.474894904268183, 36.327261922345883 ], [ 136.474523308164265, 36.329382272153211 ], [ 136.474062289647918, 36.330341574048575 ], [ 136.473504452145079, 36.330971395657443 ], [ 136.471654666932068, 36.331978470027003 ], [ 136.469632842013937, 36.333344482859893 ], [ 136.468371375314973, 36.33459699672698 ], [ 136.467497819575783, 36.335879609007243 ], [ 136.466994289104264, 36.336147704812603 ], [ 136.46685090729332, 36.33704985799708 ], [ 136.467328491588773, 36.337588178554427 ], [ 136.467866738957298, 36.337331131022189 ], [ 136.468835968362157, 36.337574208018822 ], [ 136.469928373704533, 36.338739400362243 ], [ 136.471039673006231, 36.339284676626107 ], [ 136.472292520486548, 36.340190625680954 ], [ 136.473369421165955, 36.340692276929616 ], [ 136.474152634527911, 36.34076729941323 ], [ 136.474775448930075, 36.341291372138365 ], [ 136.475072183920503, 36.340590582419146 ], [ 136.475690032129705, 36.340000395503345 ], [ 136.475476881892575, 36.338842655600246 ], [ 136.475837656453962, 36.338457489972761 ], [ 136.479070511517676, 36.336581264433285 ], [ 136.481706161796552, 36.336570581948223 ], [ 136.482733531590696, 36.336212442702482 ], [ 136.483928911239872, 36.335248604995279 ], [ 136.484312201477678, 36.335204320693016 ], [ 136.484563041877522, 36.334965266414308 ], [ 136.485073561473797, 36.337445795838676 ], [ 136.486969896484055, 36.342975979377123 ], [ 136.487233952472707, 36.345376041373093 ], [ 136.487099529171473, 36.346280080497124 ], [ 136.486475122290756, 36.347947668743672 ], [ 136.4898721520604, 36.350222324389001 ], [ 136.491316499614868, 36.351596258558395 ], [ 136.492043108661449, 36.352554010321903 ], [ 136.492872140231356, 36.351638046464473 ], [ 136.493916467110381, 36.349289027291121 ], [ 136.495649759169652, 36.347773764106186 ], [ 136.496466083124318, 36.346851990975274 ], [ 136.497316787201243, 36.34662127545581 ], [ 136.497799833358727, 36.345703292628038 ], [ 136.498919332903938, 36.345001654910504 ], [ 136.498864162416027, 36.344479283272754 ], [ 136.49903525176731, 36.343807039592662 ], [ 136.497292712352277, 36.343507286325092 ], [ 136.498496507597963, 36.341505275524241 ], [ 136.499529488218712, 36.340255555564674 ], [ 136.502335931416894, 36.337619951001486 ], [ 136.505812873127127, 36.335099883438581 ] ] ] } },
{ "type": "Feature", "properties": { "CITY_NAME": "小松市", "S_NAME": "長谷町", "JINKO": 217, "medical_area": "17_南加賀医療圏", "町丁目名": "小松市長谷町" }, "geometry": { "type": "Polygon", "coordinates": [ [ [ 136.483167352945543, 36.367144569585776 ], [ 136.484768309422009, 36.367051727456236 ], [ 136.484627239923412, 36.366414991862683 ], [ 136.483798226909727, 36.36519463853363 ], [ 136.48370178593288, 36.364027593887592 ], [ 136.48463157111766, 36.363193373585453 ], [ 136.485033349239245, 36.362454342190674 ], [ 136.485664685696065, 36.362055532047336 ], [ 136.485818124166229, 36.361267164152878 ], [ 136.485230217911237, 36.359232327387502 ], [ 136.485662452677502, 36.357929695487321 ], [ 136.486198606339372, 36.357580960854804 ], [ 136.486640251217835, 36.356811762193409 ], [ 136.486787525074277, 36.355195411903729 ], [ 136.488754987203379, 36.354820741085817 ], [ 136.490106260829236, 36.354317741343692 ], [ 136.490952815700126, 36.353766450356723 ], [ 136.492043108661449, 36.352554010321903 ], [ 136.491316499614868, 36.351596258558395 ], [ 136.4898721520604, 36.350222324389001 ], [ 136.486242423316583, 36.347777499330874 ], [ 136.485135277243813, 36.346473740140468 ], [ 136.483809397558787, 36.34606070805394 ], [ 136.482187059303271, 36.346020616766459 ], [ 136.48151086726358, 36.345505732998625 ], [ 136.481655568519813, 36.346214811346222 ], [ 136.47745434553164, 36.347551491131355 ], [ 136.477965519737268, 36.348130849535551 ], [ 136.478386704394552, 36.349533366171237 ], [ 136.479216618614117, 36.350527262449177 ], [ 136.479770892425393, 36.353295148858791 ], [ 136.480465728920279, 36.354732639620977 ], [ 136.480334268468539, 36.356163331420149 ], [ 136.480056198222456, 36.356506310088676 ], [ 136.479545372038046, 36.356609187845542 ], [ 136.478317412368625, 36.356437941861586 ], [ 136.477314186930528, 36.356076682909709 ], [ 136.476002586336961, 36.354926776433857 ], [ 136.47445526292077, 36.354077998660969 ], [ 136.473893759225376, 36.353464222407034 ], [ 136.47347755928331, 36.352543321075132 ], [ 136.473122981143689, 36.352244132841854 ], [ 136.472675837779889, 36.352352776621295 ], [ 136.470713606686928, 36.351775596055319 ], [ 136.468634119577843, 36.349481461601371 ], [ 136.46815346508032, 36.349249008444083 ], [ 136.467906365954235, 36.349506838783448 ], [ 136.467381132373731, 36.349676258304925 ], [ 136.466849080640827, 36.350609209961675 ], [ 136.466801791653893, 36.351528670722089 ], [ 136.467106497015806, 36.352029619391196 ], [ 136.46724793104039, 36.352723546224006 ], [ 136.467613407602045, 36.353062560445601 ], [ 136.467852207232909, 36.354025565648271 ], [ 136.468778145023322, 36.354775143195958 ], [ 136.46992388772307, 36.355221838298725 ], [ 136.47036491221067, 36.355579629120626 ], [ 136.469913608403942, 36.356663145272513 ], [ 136.469474010239708, 36.356707497896167 ], [ 136.469133693594046, 36.357084231086567 ], [ 136.469113498904363, 36.357367895058623 ], [ 136.470049088055617, 36.360021330117938 ], [ 136.47011765729394, 36.360828153897046 ], [ 136.470951577605291, 36.362861354225807 ], [ 136.471662934799411, 36.363414236733938 ], [ 136.472027907254216, 36.364330408351663 ], [ 136.473771327926983, 36.365297731188193 ], [ 136.47490123731356, 36.365639198206395 ], [ 136.475510382023117, 36.365989778096555 ], [ 136.476868416556016, 36.366191064489364 ], [ 136.478109940757861, 36.367363192172292 ], [ 136.478823587334489, 36.369143050459847 ], [ 136.479821070573252, 36.368763041995983 ], [ 136.48146866944839, 36.36771546106494 ], [ 136.483167352945543, 36.367144569585776 ] ] ] } },
{ "type": "Feature", "properties": { "CITY_NAME": "小松市", "S_NAME": "波佐谷町", "JINKO": 384, "medical_area": "17_南加賀医療圏", "町丁目名": "小松市波佐谷町" }, "geometry": { "type": "Polygon", "coordinates": [ [ [ 136.479986993201379, 36.353880435202441 ], [ 136.479216618614117, 36.350527262449177 ], [ 136.478386704394552, 36.349533366171237 ], [ 136.477965519737268, 36.348130849535551 ], [ 136.47745434553164, 36.347551491131355 ], [ 136.481655568519813, 36.346214811346222 ], [ 136.48151086726358, 36.345505732998625 ], [ 136.482187059303271, 36.346020616766459 ], [ 136.483809397558787, 36.34606070805394 ], [ 136.485135277243813, 36.346473740140468 ], [ 136.486475122290756, 36.347947668743672 ], [ 136.487099529171473, 36.346280080497124 ], [ 136.487233952472707, 36.345376041373093 ], [ 136.486969896484055, 36.342975979377123 ], [ 136.485073561473797, 36.337445795838676 ], [ 136.484563041877522, 36.334965266414308 ], [ 136.482266041086547, 36.336400825217744 ], [ 136.481431469440281, 36.336605128132788 ], [ 136.479281780265666, 36.336505027710132 ], [ 136.476392756611801, 36.338107029684501 ], [ 136.475476881892575, 36.338842655600246 ], [ 136.475690032129705, 36.340000395503345 ], [ 136.475072183920503, 36.340590582419146 ], [ 136.474775448930075, 36.341291372138365 ], [ 136.474152634527911, 36.34076729941323 ], [ 136.473801087391735, 36.34127801390585 ], [ 136.473072176201299, 36.341876521845229 ], [ 136.469288509125988, 36.344239374210296 ], [ 136.467749631775717, 36.345500857533352 ], [ 136.465449309135323, 36.346552529903178 ], [ 136.466408104814207, 36.347283927646792 ], [ 136.466581890946628, 36.347745344498307 ], [ 136.46702805589436, 36.348090955474767 ], [ 136.467267718274798, 36.348807918552204 ], [ 136.468783973571931, 36.349607171282102 ], [ 136.470553669043284, 36.351652537896811 ], [ 136.471341914155261, 36.352037032080545 ], [ 136.472675837779889, 36.352352776621295 ], [ 136.473201350949552, 36.352294790814192 ], [ 136.473656288505339, 36.352815680171581 ], [ 136.473933513565754, 36.353521414637427 ], [ 136.47445526292077, 36.354077998660969 ], [ 136.476002586336961, 36.354926776433857 ], [ 136.477407653596032, 36.356128797504653 ], [ 136.478317412368625, 36.356437941861586 ], [ 136.479545372038046, 36.356609187845542 ], [ 136.479924777285703, 36.356573390428991 ], [ 136.480249072286654, 36.356314782895076 ], [ 136.480465728920279, 36.354732639620977 ], [ 136.479986993201379, 36.353880435202441 ] ] ] } },
{ "type": "Feature", "properties": { "CITY_NAME": "小松市", "S_NAME": "大杉町大杉上町", "JINKO": 3, "medical_area": "17_南加賀医療圏", "町丁目名": "小松市大杉町大杉上町" }, "geometry": { "type": "Polygon", "coordinates": [ [ [ 136.499671461962208, 36.295532463347953 ], [ 136.499008419465099, 36.294106758856437 ], [ 136.508079046733656, 36.286519764279184 ], [ 136.508511290312754, 36.285852865804145 ], [ 136.521990806252745, 36.287502190414088 ], [ 136.530353821973989, 36.281311893322247 ], [ 136.530671146430876, 36.280916119133721 ], [ 136.531350685160902, 36.280721991490189 ], [ 136.531365330423313, 36.280358211607769 ], [ 136.532095247511222, 36.280095518956394 ], [ 136.53239645626968, 36.279696096641018 ], [ 136.53292860060688, 36.279365121610624 ], [ 136.533232316555825, 36.278891353712496 ], [ 136.533092072714595, 36.277871828650959 ], [ 136.534387353323353, 36.276670048093528 ], [ 136.534591601149145, 36.276122679035709 ], [ 136.534756106010718, 36.276588346087571 ], [ 136.535193089722782, 36.276807017409133 ], [ 136.535810460419356, 36.276740816672763 ], [ 136.53634893177869, 36.275830118768027 ], [ 136.536564280997339, 36.275711058860857 ], [ 136.538174689002489, 36.275634076575983 ], [ 136.539201984680489, 36.275874530977767 ], [ 136.537134273132551, 36.272342576516543 ], [ 136.534473165081096, 36.269929310165615 ], [ 136.533448130337149, 36.268743317204347 ], [ 136.528801689627073, 36.258950505344906 ], [ 136.525234827584342, 36.249130779676612 ], [ 136.523233887320686, 36.241280999163145 ], [ 136.522908474230348, 36.239404516283919 ], [ 136.518309479073224, 36.241536504482674 ], [ 136.515066557290822, 36.24334655948104 ], [ 136.510489469015056, 36.246948735634284 ], [ 136.508302027422189, 36.249087722957896 ], [ 136.506932738339998, 36.25093593710281 ], [ 136.505699134016083, 36.253150405242465 ], [ 136.504814471341803, 36.255141794062339 ], [ 136.503744552138215, 36.258509863063345 ], [ 136.503585703205943, 36.259991378459119 ], [ 136.503842250934298, 36.261211005715843 ], [ 136.497754891882181, 36.258112068273967 ], [ 136.496166541145556, 36.262288295380287 ], [ 136.495371280014865, 36.265693443219156 ], [ 136.494783360480824, 36.269625759010765 ], [ 136.494580591145166, 36.280861740821528 ], [ 136.495157267765705, 36.288252852016655 ], [ 136.495905135892684, 36.295128838083031 ], [ 136.498718284251197, 36.295122542534223 ], [ 136.499270493676846, 36.295862304285684 ], [ 136.499671461962208, 36.295532463347953 ] ] ] } },
{ "type": "Feature", "properties": { "CITY_NAME": "小松市", "S_NAME": "大杉町大杉中町", "JINKO": 3, "medical_area": "17_南加賀医療圏", "町丁目名": "小松市大杉町大杉中町" }, "geometry": { "type": "Polygon", "coordinates": [ [ [ 136.49515241070219, 36.267157162177377 ], [ 136.496166541145556, 36.262288295380287 ], [ 136.497754891882181, 36.258112068273967 ], [ 136.494941008891573, 36.256523228333961 ], [ 136.490824232354925, 36.254800810187945 ], [ 136.483608058101709, 36.25135266909367 ], [ 136.482507514684841, 36.255595326324553 ], [ 136.48033740681916, 36.260043124200507 ], [ 136.481404738339734, 36.260980518004914 ], [ 136.482257242720237, 36.261418879721184 ], [ 136.49515241070219, 36.267157162177377 ] ] ] } },
{ "type": "Feature", "properties": { "CITY_NAME": "小松市", "S_NAME": "大杉町大杉本町", "JINKO": 5, "medical_area": "17_南加賀医療圏", "町丁目名": "小松市大杉町大杉本町" }, "geometry": { "type": "Polygon", "coordinates": [ [ [ 136.494941008891573, 36.256523228333961 ], [ 136.503842250934298, 36.261211005715843 ], [ 136.503585703205943, 36.259991378459119 ], [ 136.503744552138215, 36.258509863063345 ], [ 136.504814471341803, 36.255141794062339 ], [ 136.505699134016083, 36.253150405242465 ], [ 136.506932738339998, 36.25093593710281 ], [ 136.508302027422189, 36.249087722957896 ], [ 136.510489469015056, 36.246948735634284 ], [ 136.511663410810883, 36.246071763739877 ], [ 136.496583292719805, 36.243399607131202 ], [ 136.483770705023062, 36.2415276054153 ], [ 136.483819030553548, 36.246901995898803 ], [ 136.483608058101709, 36.25135266909367 ], [ 136.490824232354925, 36.254800810187945 ], [ 136.494941008891573, 36.256523228333961 ] ] ] } },
{ "type": "Feature", "properties": { "CITY_NAME": "小松市", "S_NAME": "大杉町下大杉町", "JINKO": 15, "medical_area": "17_南加賀医療圏", "町丁目名": "小松市大杉町下大杉町" }, "geometry": { "type": "Polygon", "coordinates": [ [ [ 136.48033740681916, 36.260043124200507 ], [ 136.482507514684841, 36.25559532632456 ], [ 136.483608058101709, 36.25135266909367 ], [ 136.483819030553548, 36.246901995898781 ], [ 136.48378022235201, 36.240433790666145 ], [ 136.483421184052332, 36.238006239576748 ], [ 136.482457677617077, 36.235675640244757 ], [ 136.478416777960661, 36.236355749878932 ], [ 136.477897890039799, 36.236611308969742 ], [ 136.476555807474739, 36.238025537617993 ], [ 136.475775993309981, 36.240298630144359 ], [ 136.475987866880558, 36.241266275206286 ], [ 136.474046557512963, 36.242547737220299 ], [ 136.474253359838059, 36.24322604840836 ], [ 136.47410311495193, 36.244751757393793 ], [ 136.474250103050224, 36.245318923482372 ], [ 136.475334312814567, 36.24732572928059 ], [ 136.475166838327709, 36.249953167212695 ], [ 136.475909700411307, 36.252758222377054 ], [ 136.474137493278874, 36.253794387517239 ], [ 136.471885425383761, 36.254089087116483 ], [ 136.469714486342866, 36.254629624193285 ], [ 136.468546778141359, 36.256048820177767 ], [ 136.466552787875429, 36.255810109862992 ], [ 136.466009681738853, 36.256351898915682 ], [ 136.464245879735074, 36.257327038953591 ], [ 136.463159897912277, 36.2583742528305 ], [ 136.462940381746762, 36.259090480112086 ], [ 136.462943544430487, 36.259653061344281 ], [ 136.463453503380521, 36.260406248007136 ], [ 136.463521605858404, 36.26092122513451 ], [ 136.463403849251279, 36.261458381582415 ], [ 136.462805839686808, 36.262197303973934 ], [ 136.46406653478283, 36.263180799451305 ], [ 136.465439334682486, 36.26585340745298 ], [ 136.466523476102168, 36.27023216298609 ], [ 136.467908146790137, 36.277619395340139 ], [ 136.468797607343816, 36.283806652954816 ], [ 136.47005588871184, 36.293387765288301 ], [ 136.470489445038908, 36.299008240482301 ], [ 136.473944734222755, 36.298544481000327 ], [ 136.478962756765924, 36.297148479243994 ], [ 136.492244651116096, 36.295136927544618 ], [ 136.495905135892684, 36.295128838083031 ], [ 136.495157267765705, 36.288252852016655 ], [ 136.494580591145194, 36.280861740821528 ], [ 136.494783360480795, 36.269625759010772 ], [ 136.49515241070219, 36.267157162177377 ], [ 136.481404738339762, 36.260980518004914 ], [ 136.48033740681916, 36.260043124200507 ] ] ] } },
{ "type": "Feature", "properties": { "CITY_NAME": "小松市", "S_NAME": "矢田野町（春日町）", "JINKO": 621, "medical_area": "17_南加賀医療圏", "町丁目名": "小松市矢田野町（春日町）" }, "geometry": { "type": "Polygon", "coordinates": [ [ [ 136.420272497533574, 36.352664391215662 ], [ 136.42067922046391, 36.35215488834249 ], [ 136.421010640771783, 36.352514469517416 ], [ 136.421932706619288, 36.35183364456676 ], [ 136.421038388541774, 36.351000860665771 ], [ 136.422359632803307, 36.350484319384918 ], [ 136.422889100602418, 36.351362922176527 ], [ 136.423444359523643, 36.351367132113076 ], [ 136.42343233285078, 36.351166653629562 ], [ 136.423783843101063, 36.351105791578426 ], [ 136.424312819155659, 36.351477481618709 ], [ 136.425251717317025, 36.351336785045696 ], [ 136.424992374790122, 36.349676826238529 ], [ 136.424524254120115, 36.348641687578997 ], [ 136.418293936257442, 36.350938458366691 ], [ 136.418899572945264, 36.35204029789832 ], [ 136.419578130512008, 36.351782948277268 ], [ 136.419825397327656, 36.352268358090306 ], [ 136.420272497533574, 36.352664391215662 ] ] ] } },
{ "type": "Feature", "properties": { "CITY_NAME": "小松市", "S_NAME": "矢田野町（矢沢町）", "JINKO": 1190, "medical_area": "17_南加賀医療圏", "町丁目名": "小松市矢田野町（矢沢町）" }, "geometry": { "type": "Polygon", "coordinates": [ [ [ 136.418293936257442, 36.350938458366691 ], [ 136.423931927139279, 36.348776366211794 ], [ 136.426841201525008, 36.348125064825759 ], [ 136.427069442361386, 36.349588685281255 ], [ 136.428064350358312, 36.349486474236052 ], [ 136.427986010935541, 36.348969917976113 ], [ 136.429495748388547, 36.348827903348827 ], [ 136.429441345462152, 36.347569717316141 ], [ 136.428986827895898, 36.347655933928465 ], [ 136.427925616211184, 36.345920189796487 ], [ 136.427553533570659, 36.34561765506929 ], [ 136.42616972984456, 36.34566406271518 ], [ 136.417666585700061, 36.348920968131907 ], [ 136.416995653780162, 36.350186449425749 ], [ 136.417388401598544, 36.350154586514684 ], [ 136.417767213537587, 36.350342925532026 ], [ 136.418293936257442, 36.350938458366691 ] ] ] } },
{ "type": "Feature", "properties": { "CITY_NAME": "小松市", "S_NAME": "矢田野町", "JINKO": 1004, "medical_area": "17_南加賀医療圏", "町丁目名": "小松市矢田野町" }, "geometry": { "type": "Polygon", "coordinates": [ [ [ 136.425977730712475, 36.345710943161514 ], [ 136.42421072510561, 36.342638283453297 ], [ 136.423663562131907, 36.342336466738573 ], [ 136.424130029256617, 36.341251204595409 ], [ 136.423997236009882, 36.34090060449293 ], [ 136.425014771900777, 36.340493061593655 ], [ 136.424707798390386, 36.339999289420412 ], [ 136.42443755307059, 36.340020894571104 ], [ 136.423780325015713, 36.339203487857532 ], [ 136.423652086191595, 36.338077732265312 ], [ 136.423310731162189, 36.337577159156709 ], [ 136.424349448484207, 36.336333740246275 ], [ 136.424267209503682, 36.335763919582206 ], [ 136.423741821177231, 36.335143297933541 ], [ 136.424049247352883, 36.334308421203758 ], [ 136.419859283918981, 36.332164360895952 ], [ 136.420849362798094, 36.330681330773579 ], [ 136.420791014135261, 36.330100438285086 ], [ 136.421620258532187, 36.328515565819082 ], [ 136.42101293405463, 36.328200813224839 ], [ 136.419542498679476, 36.328310463050641 ], [ 136.41725366682499, 36.327940017797062 ], [ 136.416524727532561, 36.32813439070916 ], [ 136.416432809394735, 36.327946706566927 ], [ 136.414721588753622, 36.328539762008347 ], [ 136.414866945993225, 36.328798784460908 ], [ 136.414794450840134, 36.330863152004554 ], [ 136.415634161544517, 36.330425828188439 ], [ 136.416154221874791, 36.330410844839861 ], [ 136.415857153985712, 36.330747332936731 ], [ 136.41521977725489, 36.331000386981302 ], [ 136.415284775882014, 36.331173359288634 ], [ 136.414744647116549, 36.331347924908044 ], [ 136.415246320660003, 36.332054793898578 ], [ 136.414861114270849, 36.332416347998524 ], [ 136.414928088334079, 36.332737640273329 ], [ 136.414596310090815, 36.333080661464628 ], [ 136.414790928996439, 36.333303000035251 ], [ 136.4142341000138, 36.333856654131736 ], [ 136.413829933298672, 36.333916294559927 ], [ 136.412862203424055, 36.334876099578928 ], [ 136.412359951175944, 36.335144985338871 ], [ 136.411355349715933, 36.336442689321615 ], [ 136.412704348825855, 36.336806943645065 ], [ 136.412394158275617, 36.337092601651243 ], [ 136.412128776533933, 36.337705035830297 ], [ 136.411783626927871, 36.337625114706796 ], [ 136.411488104469555, 36.338385057157552 ], [ 136.411152449986901, 36.338312973267861 ], [ 136.410835980951759, 36.338996992755632 ], [ 136.41123819481615, 36.339478186309229 ], [ 136.409256189045237, 36.340093045466126 ], [ 136.406142509266118, 36.340734789930416 ], [ 136.406008955424369, 36.340533573817979 ], [ 136.404769853879174, 36.340372585426302 ], [ 136.40435093646542, 36.341024231216885 ], [ 136.417666585700061, 36.348920968131907 ], [ 136.425977730712475, 36.345710943161514 ] ] ] } },
{ "type": "Feature", "properties": { "CITY_NAME": "小松市", "S_NAME": "島町", "JINKO": 1604, "medical_area": "17_南加賀医療圏", "町丁目名": "小松市島町" }, "geometry": { "type": "Polygon", "coordinates": [ [ [ 136.440731027391593, 36.356008520140954 ], [ 136.440797015920225, 36.355862126741513 ], [ 136.441333583858096, 36.355925403825488 ], [ 136.441588384619024, 36.355420809286308 ], [ 136.441406213773121, 36.354808909129986 ], [ 136.441710307477422, 36.354888187035613 ], [ 136.441041403372083, 36.352101050318304 ], [ 136.439414377881633, 36.351601429200819 ], [ 136.439262764384296, 36.35128155999314 ], [ 136.438109139331033, 36.350940074043699 ], [ 136.43769072106565, 36.349800871587334 ], [ 136.432560967505452, 36.347319617480053 ], [ 136.43215285258816, 36.348343083589413 ], [ 136.431975432785975, 36.348310541751019 ], [ 136.431795644957589, 36.348753499253966 ], [ 136.430117301145089, 36.34896292160515 ], [ 136.429528179008713, 36.349368461366645 ], [ 136.429495748388547, 36.348827903348827 ], [ 136.429376550451394, 36.348833002358553 ], [ 136.427986010935541, 36.348969917976113 ], [ 136.428064350358312, 36.349486474236052 ], [ 136.427069442361386, 36.349588685281255 ], [ 136.426841201525008, 36.348125064825759 ], [ 136.424524254120115, 36.348641687578997 ], [ 136.424992374790122, 36.349676826238529 ], [ 136.425251717317025, 36.351336785045696 ], [ 136.424312819155659, 36.351477481618709 ], [ 136.423783843101063, 36.351105791578426 ], [ 136.42343233285078, 36.351166653629562 ], [ 136.423444359523643, 36.351367132113076 ], [ 136.422889100602418, 36.351362922176527 ], [ 136.422359632803307, 36.350484319384918 ], [ 136.421038388541774, 36.351000860665771 ], [ 136.421932706619288, 36.35183364456676 ], [ 136.421010640771783, 36.352514469517416 ], [ 136.42067922046391, 36.35215488834249 ], [ 136.420272497533574, 36.352664391215662 ], [ 136.419825397327656, 36.352268358090306 ], [ 136.419578130512008, 36.351782948277268 ], [ 136.418899572945264, 36.35204029789832 ], [ 136.420391193225498, 36.354009962279747 ], [ 136.420854748012289, 36.353883743812943 ], [ 136.421835838084604, 36.354480338740672 ], [ 136.422114015184292, 36.354407294432313 ], [ 136.422311305516445, 36.354856293397432 ], [ 136.423202107882219, 36.355388168303222 ], [ 136.423979422888408, 36.354852404912435 ], [ 136.422801213175774, 36.353068239387568 ], [ 136.423423343349612, 36.352262497949994 ], [ 136.424434495616737, 36.353638177410488 ], [ 136.425786272705523, 36.353044313957099 ], [ 136.425488094598222, 36.352388418783441 ], [ 136.425730927545175, 36.35240730154414 ], [ 136.426377233392117, 36.352835872688495 ], [ 136.427378882966849, 36.354125808372885 ], [ 136.428739940458968, 36.355204920715657 ], [ 136.429557357183057, 36.355342274956243 ], [ 136.430574920633092, 36.355133632722868 ], [ 136.430720663206444, 36.354852251131099 ], [ 136.432840471894679, 36.354563461009235 ], [ 136.434154490236693, 36.354767109151986 ], [ 136.436955183753554, 36.354394764036691 ], [ 136.437315434531428, 36.353575370395205 ], [ 136.438668464893397, 36.353986746455945 ], [ 136.438294748867094, 36.354813841136306 ], [ 136.438814480932905, 36.35497823679399 ], [ 136.438634432004733, 36.355380209992013 ], [ 136.440731027391593, 36.356008520140954 ] ] ] } },
{ "type": "Feature", "properties": { "CITY_NAME": "小松市", "S_NAME": "符津町", "JINKO": 1717, "medical_area": "17_南加賀医療圏", "町丁目名": "小松市符津町" }, "geometry": { "type": "Polygon", "coordinates": [ [ [ 136.421882623351223, 36.367222417145648 ], [ 136.423179052158702, 36.367265919762801 ], [ 136.423466305020554, 36.366510073887383 ], [ 136.425520651975063, 36.363359757717305 ], [ 136.427154925682771, 36.364544983375104 ], [ 136.427636853586904, 36.364304725314149 ], [ 136.427497959113424, 36.364080126356548 ], [ 136.428312077733835, 36.363700751841357 ], [ 136.428509553855804, 36.363999577955418 ], [ 136.430167596426458, 36.363244624404196 ], [ 136.430909911645216, 36.363240271689257 ], [ 136.432682774701874, 36.362388309966597 ], [ 136.434855803181108, 36.362391384606447 ], [ 136.437328149953572, 36.361947341917229 ], [ 136.437749629892437, 36.362052597650703 ], [ 136.437669062898181, 36.361689108863139 ], [ 136.439968887824023, 36.361379454494298 ], [ 136.440209014265321, 36.35994107172553 ], [ 136.43991144859848, 36.358548281490158 ], [ 136.438959396690308, 36.358558550990452 ], [ 136.438370102935892, 36.355569244955205 ], [ 136.437887233738593, 36.355147701467764 ], [ 136.437775606001168, 36.354787375379892 ], [ 136.436955183753554, 36.354394764036691 ], [ 136.434154490236693, 36.354767109151986 ], [ 136.432840471894679, 36.354563461009235 ], [ 136.430720663206444, 36.354852251131099 ], [ 136.430574920633092, 36.355133632722868 ], [ 136.429557357183057, 36.355342274956243 ], [ 136.428698868838893, 36.355185125097201 ], [ 136.427826055090179, 36.354406723540592 ], [ 136.427231885071251, 36.35483383643394 ], [ 136.426688252254991, 36.35418669521421 ], [ 136.426360807670704, 36.35486760526031 ], [ 136.425037171391637, 36.355428419812988 ], [ 136.424280881940831, 36.354692553237989 ], [ 136.423596821590792, 36.354271359988914 ], [ 136.425916042317169, 36.357662198068432 ], [ 136.424823142472661, 36.357301440788618 ], [ 136.42353802705361, 36.357182745891826 ], [ 136.422723972824684, 36.358531943100665 ], [ 136.420474320986415, 36.35789336482145 ], [ 136.421241675941758, 36.357574598096086 ], [ 136.421743751108096, 36.357033065115793 ], [ 136.420391193225498, 36.354009962279747 ], [ 136.418899572945264, 36.35204029789832 ], [ 136.417018844584504, 36.352753460807008 ], [ 136.418995750244648, 36.356321649052084 ], [ 136.417970451615389, 36.3569549391663 ], [ 136.416915799400272, 36.358590697433307 ], [ 136.416303032745219, 36.359007673302337 ], [ 136.416821031181371, 36.360628069943139 ], [ 136.418338731447733, 36.362583858138464 ], [ 136.420852728327048, 36.364888293664457 ], [ 136.420871684402726, 36.365518856841035 ], [ 136.420456844790948, 36.366824909104849 ], [ 136.42087750803816, 36.367696395045904 ], [ 136.421882623351223, 36.367222417145648 ] ] ] } },
{ "type": "Feature", "properties": { "CITY_NAME": "小松市", "S_NAME": "松生町", "JINKO": 429, "medical_area": "17_南加賀医療圏", "町丁目名": "小松市松生町" }, "geometry": { "type": "Polygon", "coordinates": [ [ [ 136.422723972824684, 36.358531943100665 ], [ 136.42353802705361, 36.357182745891826 ], [ 136.424823142472661, 36.357301440788618 ], [ 136.425916042317169, 36.357662198068432 ], [ 136.423979422888408, 36.354852404912435 ], [ 136.423202107882219, 36.355388168303222 ], [ 136.422487448974721, 36.354902541860945 ], [ 136.421466198753876, 36.35484638167307 ], [ 136.420563349959764, 36.354394618597041 ], [ 136.421743751108096, 36.357033065115793 ], [ 136.421241675941758, 36.357574598096086 ], [ 136.420474320986415, 36.35789336482145 ], [ 136.422723972824684, 36.358531943100665 ] ] ] } },
{ "type": "Feature", "properties": { "CITY_NAME": "小松市", "S_NAME": "蓑輪町", "JINKO": 0, "medical_area": "17_南加賀医療圏", "町丁目名": "小松市蓑輪町" }, "geometry": { "type": "Polygon", "coordinates": [ [ [ 136.422311305516445, 36.354856293397447 ], [ 136.422114015184292, 36.354407294432313 ], [ 136.421835838084604, 36.354480338740672 ], [ 136.420854748012289, 36.353883743812943 ], [ 136.420391193225498, 36.354009962279747 ], [ 136.420563349959764, 36.354394618597041 ], [ 136.421244831555299, 36.354768268065243 ], [ 136.421939832611912, 36.354906950222635 ], [ 136.422311305516445, 36.354856293397447 ] ] ] } },
{ "type": "Feature", "properties": { "CITY_NAME": "小松市", "S_NAME": "蓑輪町", "JINKO": 372, "medical_area": "17_南加賀医療圏", "町丁目名": "小松市蓑輪町" }, "geometry": { "type": "Polygon", "coordinates": [ [ [ 136.426360807670704, 36.35486760526031 ], [ 136.426688252254991, 36.35418669521421 ], [ 136.427231885071251, 36.35483383643394 ], [ 136.427826055090179, 36.354406723540592 ], [ 136.427378882966849, 36.354125808372899 ], [ 136.426377233392117, 36.352835872688495 ], [ 136.425730927545175, 36.352407301544183 ], [ 136.425488094598222, 36.352388418783441 ], [ 136.425786272705523, 36.353044313957099 ], [ 136.424434495616737, 36.353638177410488 ], [ 136.423423343349612, 36.352262497949994 ], [ 136.422801213175774, 36.353068239387568 ], [ 136.423596821590792, 36.354271359988914 ], [ 136.424280881940831, 36.354692553237989 ], [ 136.424912044902953, 36.355369226950884 ], [ 136.426360807670704, 36.35486760526031 ] ] ] } },
{ "type": "Feature", "properties": { "CITY_NAME": "小松市", "S_NAME": "矢崎町", "JINKO": 724, "medical_area": "17_南加賀医療圏", "町丁目名": "小松市矢崎町" }, "geometry": { "type": "Polygon", "coordinates": [ [ [ 136.435820392082348, 36.370809313991913 ], [ 136.437702033712952, 36.370186509364217 ], [ 136.439571096607722, 36.370245623936405 ], [ 136.441793920421048, 36.369463451740899 ], [ 136.441132508422726, 36.368087215980594 ], [ 136.439709500652697, 36.366518942856558 ], [ 136.438722596091594, 36.364640187689091 ], [ 136.438483204181267, 36.363593853289132 ], [ 136.437749629892437, 36.362052597650703 ], [ 136.437328149953572, 36.361947341917229 ], [ 136.434855803181108, 36.362391384606447 ], [ 136.43283149425551, 36.362356219488056 ], [ 136.431697517444093, 36.362761889820348 ], [ 136.430909911645216, 36.363240271689257 ], [ 136.430167596426458, 36.363244624404196 ], [ 136.428509553855889, 36.36399957795539 ], [ 136.428312077733835, 36.363700751841343 ], [ 136.427497959113424, 36.364080126356548 ], [ 136.42843923474112, 36.364835027466739 ], [ 136.428699656899028, 36.364774496284063 ], [ 136.429280087269802, 36.365625058317036 ], [ 136.429021021378105, 36.366462700610107 ], [ 136.428742749256799, 36.366578357519387 ], [ 136.429226412640446, 36.367334349211731 ], [ 136.428973557136999, 36.367468437207002 ], [ 136.430218005660464, 36.369247849610623 ], [ 136.432430728128423, 36.368257207313562 ], [ 136.432691886234096, 36.368618913830417 ], [ 136.433087023519988, 36.368443955949893 ], [ 136.433577053614897, 36.369167128144362 ], [ 136.433900891392682, 36.369038721221401 ], [ 136.434884240222061, 36.370472044867043 ], [ 136.435376698881385, 36.370250687548527 ], [ 136.435820392082348, 36.370809313991913 ] ] ] } },
{ "type": "Feature", "properties": { "CITY_NAME": "小松市", "S_NAME": "木場町", "JINKO": 750, "medical_area": "17_南加賀医療圏", "町丁目名": "小松市木場町" }, "geometry": { "type": "Polygon", "coordinates": [ [ [ 136.445908259183057, 36.378504365484829 ], [ 136.446818205003666, 36.377513590607791 ], [ 136.446999169041959, 36.377727841860278 ], [ 136.447236343372737, 36.377563785728569 ], [ 136.447150276533648, 36.377483000109642 ], [ 136.448387674698409, 36.376795952392335 ], [ 136.449369765661544, 36.377900122481257 ], [ 136.450080581043011, 36.377488161707888 ], [ 136.450700197212882, 36.378224050453603 ], [ 136.450862183138184, 36.378144798530194 ], [ 136.450223888279965, 36.377413830123146 ], [ 136.451819886322284, 36.376500719200557 ], [ 136.452342318452679, 36.376676847028492 ], [ 136.452258446196538, 36.37635539476836 ], [ 136.452688718826209, 36.376097227236222 ], [ 136.452357666330585, 36.375679028573813 ], [ 136.453864049391882, 36.374727719644795 ], [ 136.453990222737986, 36.374492788483252 ], [ 136.453877597309571, 36.374258960096327 ], [ 136.452579977386307, 36.372813818836946 ], [ 136.452763916225848, 36.372703328422418 ], [ 136.451329079318839, 36.371092492847438 ], [ 136.451494484594747, 36.370975661865991 ], [ 136.450845884588631, 36.370277828663191 ], [ 136.450920043314511, 36.370051987286871 ], [ 136.450267295830201, 36.36921436191426 ], [ 136.452687311562244, 36.367768977251139 ], [ 136.454144724781429, 36.36790227223652 ], [ 136.454121800280376, 36.367370132261172 ], [ 136.455577683352118, 36.367518009119138 ], [ 136.456000842625912, 36.367776930573712 ], [ 136.456695295940648, 36.367871974639073 ], [ 136.457258575193379, 36.36772424177618 ], [ 136.459701166354165, 36.367705593020091 ], [ 136.461042777461444, 36.368060177738784 ], [ 136.46214992406513, 36.367676505600635 ], [ 136.463530393839079, 36.369183375635636 ], [ 136.465836889557522, 36.370768659174892 ], [ 136.466921046036816, 36.371190586704031 ], [ 136.46975460193201, 36.37177421693481 ], [ 136.469834319504088, 36.370957926762152 ], [ 136.46953640831876, 36.37049085944647 ], [ 136.469452190669244, 36.369976427898038 ], [ 136.469462780250979, 36.368477785944776 ], [ 136.469694534365033, 36.368233773895192 ], [ 136.469387174974372, 36.367605304735562 ], [ 136.469454124560997, 36.366685005478686 ], [ 136.469566548004337, 36.366334223614345 ], [ 136.470812984664519, 36.365560095763293 ], [ 136.470953198753847, 36.365004974396157 ], [ 136.471448995261198, 36.364420986341663 ], [ 136.471471123499299, 36.364085126816434 ], [ 136.47011765729394, 36.360828153897046 ], [ 136.470049088055617, 36.360021330117938 ], [ 136.469113498904363, 36.357367895058623 ], [ 136.469133693594046, 36.357084231086567 ], [ 136.469474010239708, 36.356707497896167 ], [ 136.469913608403942, 36.356663145272513 ], [ 136.47036491221067, 36.355579629120626 ], [ 136.46992388772307, 36.355221838298725 ], [ 136.468778145023322, 36.354775143195958 ], [ 136.467852207232909, 36.354025565648271 ], [ 136.467613407602045, 36.353062560445601 ], [ 136.46724793104039, 36.352723546224006 ], [ 136.467106497015806, 36.352029619391196 ], [ 136.466787137809717, 36.351473456821317 ], [ 136.466802342921227, 36.350759996357695 ], [ 136.467299616132323, 36.349759494099182 ], [ 136.46815346508032, 36.349249008444083 ], [ 136.467267718274798, 36.348807918552204 ], [ 136.46702805589436, 36.348090955474767 ], [ 136.466581890946628, 36.347745344498307 ], [ 136.466408104814207, 36.347283927646792 ], [ 136.46563270958498, 36.346643448651356 ], [ 136.464655915476811, 36.346232437597791 ], [ 136.46371538113857, 36.346137061448346 ], [ 136.462940645011059, 36.345712971794086 ], [ 136.461801095432207, 36.345861388952251 ], [ 136.459970416334954, 36.345267696700063 ], [ 136.458545354346569, 36.345035697463118 ], [ 136.458131009520883, 36.345090405641969 ], [ 136.457125730977964, 36.345737730537088 ], [ 136.457245053987663, 36.346127511023482 ], [ 136.457151521011212, 36.346292408818563 ], [ 136.456561792894888, 36.346097214440157 ], [ 136.457411081899863, 36.344260810202911 ], [ 136.456859600339612, 36.343034831544237 ], [ 136.456430227094671, 36.342463278842708 ], [ 136.455988299116115, 36.342177890344217 ], [ 136.455515615148244, 36.342385976456399 ], [ 136.455117822911234, 36.343369901951604 ], [ 136.455346241849497, 36.343758188288483 ], [ 136.455055397445022, 36.343837386550689 ], [ 136.45474231274099, 36.343615001487926 ], [ 136.454296231962786, 36.343719531994019 ], [ 136.454844850748742, 36.343340463280306 ], [ 136.455121179558205, 36.342377076909649 ], [ 136.456021293688167, 36.341159432525103 ], [ 136.456086421568898, 36.340345103858311 ], [ 136.455541011892507, 36.340037695471764 ], [ 136.45456748459452, 36.340073113821063 ], [ 136.453645291315013, 36.340363526533238 ], [ 136.452739429516413, 36.340083171443247 ], [ 136.451326952777407, 36.340420797965862 ], [ 136.450818184490828, 36.340867997959698 ], [ 136.449950597132698, 36.342175271619773 ], [ 136.449212255771982, 36.342609112399003 ], [ 136.448447445353054, 36.342701142908595 ], [ 136.44716626876442, 36.343770422193352 ], [ 136.449223924386501, 36.345656093970284 ], [ 136.450411920125447, 36.347378909988784 ], [ 136.451152491644365, 36.349136099749927 ], [ 136.450132419829202, 36.34973739994247 ], [ 136.449422110997318, 36.35154595005941 ], [ 136.44877038750127, 36.351991993536281 ], [ 136.448137972442908, 36.352192182399328 ], [ 136.447789317290017, 36.351452816937012 ], [ 136.445587646486644, 36.351332364345268 ], [ 136.445377917457762, 36.351248077107527 ], [ 136.445359551521022, 36.350751811206059 ], [ 136.440815767472287, 36.351455734716318 ], [ 136.441710307477422, 36.354888187035613 ], [ 136.441406213773121, 36.354808909129986 ], [ 136.441588384619024, 36.355420809286265 ], [ 136.441333583858096, 36.355925403825488 ], [ 136.440797015920225, 36.355862126741513 ], [ 136.440731027391593, 36.356008520140946 ], [ 136.438634432004733, 36.355380209992013 ], [ 136.438814480932905, 36.35497823679399 ], [ 136.438294748867094, 36.354813841136306 ], [ 136.438668464893397, 36.353986746455945 ], [ 136.437315434531428, 36.353575370395205 ], [ 136.436955183753554, 36.354394764036691 ], [ 136.437775606001168, 36.354787375379892 ], [ 136.437887233738593, 36.355147701467764 ], [ 136.438370102935892, 36.355569244955198 ], [ 136.438959396690308, 36.358558550990452 ], [ 136.43991144859848, 36.358548281490158 ], [ 136.440209014265321, 36.359941071725508 ], [ 136.439968887824023, 36.361379454494298 ], [ 136.437669062898181, 36.361689108863118 ], [ 136.438483204181267, 36.363593853289103 ], [ 136.438722596091594, 36.364640187689091 ], [ 136.439709500652697, 36.366518942856558 ], [ 136.441132508422726, 36.368087215980594 ], [ 136.441793920421048, 36.369463451740899 ], [ 136.441474521390148, 36.36961037648323 ], [ 136.442892258053433, 36.370860201734878 ], [ 136.44366640847079, 36.370293249077626 ], [ 136.445747280854221, 36.372264201277169 ], [ 136.445715419463625, 36.372692752318308 ], [ 136.446268899663721, 36.37319258906107 ], [ 136.446245916434833, 36.373668858319768 ], [ 136.446765531072288, 36.374145885051611 ], [ 136.446521221600733, 36.374410190876134 ], [ 136.446779034375339, 36.374697604331693 ], [ 136.446496805397828, 36.375041910314465 ], [ 136.446630784016179, 36.37530850833803 ], [ 136.446241497276048, 36.375827655412557 ], [ 136.446391052934217, 36.377430779630011 ], [ 136.445908259183057, 36.378504365484829 ] ] ] } },
{ "type": "Feature", "properties": { "CITY_NAME": "小松市", "S_NAME": "木場台", "JINKO": 514, "medical_area": "17_南加賀医療圏", "町丁目名": "小松市木場台" }, "geometry": { "type": "Polygon", "coordinates": [ [ [ 136.449422110997318, 36.35154595005941 ], [ 136.450132419829202, 36.34973739994247 ], [ 136.445524352338623, 36.350284508320847 ], [ 136.445566207788602, 36.350720614426301 ], [ 136.445359551521022, 36.350751811206059 ], [ 136.445377917457762, 36.351248077107527 ], [ 136.447789317290017, 36.351452816937012 ], [ 136.448137972442908, 36.352192182399328 ], [ 136.44840199407389, 36.352156671073779 ], [ 136.449422110997318, 36.35154595005941 ] ] ] } },
{ "type": "Feature", "properties": { "CITY_NAME": "小松市", "S_NAME": "粟津町", "JINKO": 462, "medical_area": "17_南加賀医療圏", "町丁目名": "小松市粟津町" }, "geometry": { "type": "Polygon", "coordinates": [ [ [ 136.446629471625812, 36.332655333334415 ], [ 136.447003664808619, 36.332023310304706 ], [ 136.447095214739875, 36.332681952875703 ], [ 136.448052072607851, 36.33253823149014 ], [ 136.448859432816278, 36.331152788034039 ], [ 136.449294273367769, 36.330795896389397 ], [ 136.44913490214384, 36.330462514840264 ], [ 136.449322696570903, 36.330299979954816 ], [ 136.449353655029768, 36.329878850210044 ], [ 136.448305153373298, 36.327866943534787 ], [ 136.448715640617962, 36.327300124121862 ], [ 136.449415991408074, 36.326778342374674 ], [ 136.44994646346467, 36.325532450313844 ], [ 136.447399663282255, 36.324369219186345 ], [ 136.446365681779469, 36.323683563439197 ], [ 136.445557180074445, 36.323500833533892 ], [ 136.445144291420263, 36.323598345737274 ], [ 136.445209347744083, 36.323987694571109 ], [ 136.443836294620638, 36.327685416561842 ], [ 136.442820104167566, 36.328905555537133 ], [ 136.442820429651533, 36.329124839789458 ], [ 136.442065207558556, 36.32975329279212 ], [ 136.442293993477222, 36.329991153739094 ], [ 136.441850110119816, 36.330538743443228 ], [ 136.44173030385511, 36.331002980958303 ], [ 136.443152038874075, 36.331224042073075 ], [ 136.443503551579226, 36.331152610268248 ], [ 136.443469022836666, 36.331514044078091 ], [ 136.444272981188391, 36.332250644446511 ], [ 136.445636877607654, 36.331558461379856 ], [ 136.446339395552684, 36.332385077219769 ], [ 136.446108466040329, 36.332449400614585 ], [ 136.446249234421771, 36.332769760863101 ], [ 136.446629471625812, 36.332655333334415 ] ] ] } },
{ "type": "Feature", "properties": { "CITY_NAME": "小松市", "S_NAME": "井口町", "JINKO": 469, "medical_area": "17_南加賀医療圏", "町丁目名": "小松市井口町" }, "geometry": { "type": "Polygon", "coordinates": [ [ [ 136.449218500994959, 36.337451597293921 ], [ 136.451014770313407, 36.337318146403092 ], [ 136.451908262283922, 36.336846455171724 ], [ 136.455825632440195, 36.33398926539143 ], [ 136.454482256602489, 36.332758958892221 ], [ 136.45344449482505, 36.332335133978049 ], [ 136.453412077255877, 36.332148819303079 ], [ 136.453305200518201, 36.332276097580056 ], [ 136.452817155571978, 36.332069251633904 ], [ 136.451459666379918, 36.333171646156266 ], [ 136.449850376752863, 36.332304317203857 ], [ 136.449385731998291, 36.332703346093034 ], [ 136.44912144986111, 36.332493779097206 ], [ 136.448869672286889, 36.332705637016744 ], [ 136.448733176295775, 36.332420831717386 ], [ 136.448248149309052, 36.332241763851712 ], [ 136.448052072607851, 36.33253823149014 ], [ 136.447095214739875, 36.332681952875703 ], [ 136.447003664808619, 36.332023310304706 ], [ 136.446629471625812, 36.332655333334415 ], [ 136.446045886108408, 36.332829709356162 ], [ 136.445835991159896, 36.333095312486378 ], [ 136.444842559599266, 36.333612361667711 ], [ 136.444075727379328, 36.334482362769116 ], [ 136.445383122562333, 36.33558576738271 ], [ 136.446016597477296, 36.335089197997576 ], [ 136.446269552705189, 36.335275760361668 ], [ 136.445455224754085, 36.336768190087142 ], [ 136.44617518650503, 36.337202456639673 ], [ 136.447290034029464, 36.336707174131554 ], [ 136.447721856376688, 36.336802076355561 ], [ 136.44830288835044, 36.337248040039206 ], [ 136.449218500994959, 36.337451597293921 ] ] ] } },
{ "type": "Feature", "properties": { "CITY_NAME": "小松市", "S_NAME": "おびし町", "JINKO": 331, "medical_area": "17_南加賀医療圏", "町丁目名": "小松市おびし町" }, "geometry": { "type": "Polygon", "coordinates": [ [ [ 136.448937269742942, 36.337865693337186 ], [ 136.447721856376688, 36.336802076355561 ], [ 136.447290034029464, 36.336707174131554 ], [ 136.446419035486599, 36.337083399987414 ], [ 136.446184826211578, 36.337616785106377 ], [ 136.446204884882718, 36.338355678412931 ], [ 136.446873202905152, 36.33869651764347 ], [ 136.447046892210238, 36.339523259861785 ], [ 136.447583573623177, 36.340308707451783 ], [ 136.448910769900181, 36.340561148605651 ], [ 136.449411216143744, 36.340173049956711 ], [ 136.44947086719489, 36.339526971959081 ], [ 136.448937269742942, 36.337865693337186 ] ] ] } },
{ "type": "Feature", "properties": { "CITY_NAME": "小松市", "S_NAME": "小山田町", "JINKO": 41, "medical_area": "17_南加賀医療圏", "町丁目名": "小松市小山田町" }, "geometry": { "type": "Polygon", "coordinates": [ [ [ 136.474152634527911, 36.340767299413237 ], [ 136.473369421165955, 36.340692276929637 ], [ 136.472292520486548, 36.340190625680954 ], [ 136.471039673006231, 36.339284676626107 ], [ 136.469848483134541, 36.338680426681641 ], [ 136.469597603037442, 36.338267002033071 ], [ 136.46861184924137, 36.33746450683428 ], [ 136.467689769559144, 36.33734093853333 ], [ 136.467328491588773, 36.337588178554427 ], [ 136.466885004603711, 36.337134618123891 ], [ 136.466851342856273, 36.336850006051698 ], [ 136.462526471892602, 36.33665796370456 ], [ 136.456269268069377, 36.336893590315142 ], [ 136.455412446950504, 36.336261514591925 ], [ 136.453776308024942, 36.335484003243067 ], [ 136.451908262283922, 36.336846455171724 ], [ 136.451014770313407, 36.337318146403092 ], [ 136.449803057894599, 36.337489747347036 ], [ 136.44830288835044, 36.337248040039206 ], [ 136.44893726974297, 36.337865693337172 ], [ 136.449502526878007, 36.339733593443178 ], [ 136.449411216143744, 36.340173049956711 ], [ 136.448793286830949, 36.340560441861875 ], [ 136.448592970588692, 36.341170364241478 ], [ 136.448438825866873, 36.341870190573218 ], [ 136.448577391079596, 36.342643381511635 ], [ 136.449212255771982, 36.342609112399003 ], [ 136.449950597132613, 36.342175271619801 ], [ 136.450818184490828, 36.340867997959712 ], [ 136.451511022474648, 36.34033948964489 ], [ 136.452739429516413, 36.340083171443247 ], [ 136.453645291315013, 36.340363526533238 ], [ 136.45456748459452, 36.340073113821063 ], [ 136.455736822713618, 36.34009582050065 ], [ 136.45613227031518, 36.340500448455188 ], [ 136.455957224482233, 36.341329014614104 ], [ 136.455258522808435, 36.342126999156115 ], [ 136.454871261313542, 36.342909657777362 ], [ 136.454844850748742, 36.343340463280306 ], [ 136.454296231962843, 36.343719531994019 ], [ 136.454742312741047, 36.343615001487905 ], [ 136.455055397444994, 36.343837386550689 ], [ 136.455346241849497, 36.343758188288483 ], [ 136.455117822911234, 36.343369901951604 ], [ 136.455515615148244, 36.342385976456342 ], [ 136.455988299116115, 36.342177890344217 ], [ 136.456430227094671, 36.3424632788427 ], [ 136.456859600339612, 36.343034831544237 ], [ 136.457411081899835, 36.344260810202911 ], [ 136.456545464549492, 36.346021287206916 ], [ 136.457011774486944, 36.346288795505401 ], [ 136.457244929434268, 36.346141273744252 ], [ 136.457125730977964, 36.345737730537088 ], [ 136.458131009520883, 36.345090405641969 ], [ 136.458545354346597, 36.345035697463103 ], [ 136.459970416334954, 36.345267696700063 ], [ 136.461801095432207, 36.345861388952265 ], [ 136.462940645011059, 36.345712971794107 ], [ 136.463941967479371, 36.346201692524872 ], [ 136.464655915476811, 36.346232437597791 ], [ 136.465449309135323, 36.346552529903178 ], [ 136.465746870233573, 36.346486405724633 ], [ 136.467749631775717, 36.345500857533352 ], [ 136.469288509125988, 36.344239374210268 ], [ 136.473072176201299, 36.341876521845229 ], [ 136.473801087391735, 36.34127801390585 ], [ 136.474152634527911, 36.340767299413237 ] ] ] } },
{ "type": "Feature", "properties": { "CITY_NAME": "小松市", "S_NAME": "白山田町", "JINKO": 196, "medical_area": "17_南加賀医療圏", "町丁目名": "小松市白山田町" }, "geometry": { "type": "Polygon", "coordinates": [ [ [ 136.451459666379918, 36.333171646156266 ], [ 136.452817155571978, 36.332069251633904 ], [ 136.452411123161653, 36.331953895777552 ], [ 136.451536324543241, 36.331054639921916 ], [ 136.449034219801007, 36.331023688653971 ], [ 136.448248149309052, 36.332241763851712 ], [ 136.448733176295775, 36.332420831717386 ], [ 136.448869672286889, 36.332705637016744 ], [ 136.44912144986111, 36.332493779097206 ], [ 136.449385731998291, 36.332703346093034 ], [ 136.449850376752863, 36.332304317203857 ], [ 136.451459666379918, 36.333171646156266 ] ] ] } },
{ "type": "Feature", "properties": { "CITY_NAME": "小松市", "S_NAME": "白山田町", "JINKO": 0, "medical_area": "17_南加賀医療圏", "町丁目名": "小松市白山田町" }, "geometry": { "type": "Polygon", "coordinates": [ [ [ 136.456269268069377, 36.336893590315114 ], [ 136.462526471892602, 36.33665796370456 ], [ 136.466851342856273, 36.336850006051669 ], [ 136.467056661049668, 36.336067837843053 ], [ 136.467497819575783, 36.335879609007243 ], [ 136.468371375314973, 36.33459699672698 ], [ 136.469632842013937, 36.333344482859893 ], [ 136.471654666932068, 36.331978470027003 ], [ 136.473504452145079, 36.330971395657443 ], [ 136.474062289647918, 36.330341574048575 ], [ 136.474523308164265, 36.329382272153211 ], [ 136.474795874971875, 36.327690567342607 ], [ 136.473317026841301, 36.327428319874329 ], [ 136.471763320007312, 36.327443985285029 ], [ 136.469688672406733, 36.327801650373488 ], [ 136.463246529653219, 36.32941546800123 ], [ 136.455825632440195, 36.33398926539143 ], [ 136.453776308024942, 36.335484003243096 ], [ 136.455412446950504, 36.336261514591939 ], [ 136.456269268069377, 36.336893590315114 ] ] ] } },
{ "type": "Feature", "properties": { "CITY_NAME": "小松市", "S_NAME": "津波倉町", "JINKO": 339, "medical_area": "17_南加賀医療圏", "町丁目名": "小松市津波倉町" }, "geometry": { "type": "Polygon", "coordinates": [ [ [ 136.446184826211578, 36.337616785106377 ], [ 136.446419035486599, 36.337083399987414 ], [ 136.44617518650503, 36.337202456639673 ], [ 136.445455224754085, 36.336768190087142 ], [ 136.445059765551633, 36.337579399735546 ], [ 136.444137205933401, 36.33854419507383 ], [ 136.443305340384967, 36.339231606111312 ], [ 136.441574449219871, 36.340142235066004 ], [ 136.441154872551749, 36.340962501160718 ], [ 136.440189214432024, 36.341483014262934 ], [ 136.440101522872538, 36.341916280382542 ], [ 136.440235035524665, 36.342403739668029 ], [ 136.440093836433249, 36.342745924967801 ], [ 136.438739195509072, 36.343136499540805 ], [ 136.438303136795838, 36.343365139212992 ], [ 136.437983324637457, 36.343825911578783 ], [ 136.438536399687251, 36.345574659570545 ], [ 136.440919348677966, 36.351441163209607 ], [ 136.445566207788602, 36.350720614426301 ], [ 136.445524352338623, 36.350284508320847 ], [ 136.450132419829202, 36.34973739994247 ], [ 136.451152491644365, 36.349136099749927 ], [ 136.450411920125447, 36.347378909988784 ], [ 136.449223924386501, 36.345656093970284 ], [ 136.44716626876442, 36.343770422193352 ], [ 136.448577391079596, 36.342643381511635 ], [ 136.448438825866873, 36.341870190573218 ], [ 136.448793286830949, 36.340560441861875 ], [ 136.447583573623177, 36.340308707451783 ], [ 136.447046892210238, 36.339523259861785 ], [ 136.446873202905152, 36.33869651764347 ], [ 136.446231232509859, 36.338410154893147 ], [ 136.446184826211578, 36.337616785106377 ] ] ] } },
{ "type": "Feature", "properties": { "CITY_NAME": "小松市", "S_NAME": "戸津町", "JINKO": 293, "medical_area": "17_南加賀医療圏", "町丁目名": "小松市戸津町" }, "geometry": { "type": "Polygon", "coordinates": [ [ [ 136.441679426020642, 36.338501723239311 ], [ 136.442799794727961, 36.337620002952178 ], [ 136.44202821848495, 36.336962251605989 ], [ 136.443752102569164, 36.335538818888146 ], [ 136.444075727379328, 36.334482362769116 ], [ 136.444695865097174, 36.33373763871576 ], [ 136.446249234421771, 36.332769760863101 ], [ 136.446108466040329, 36.332449400614585 ], [ 136.446339395552684, 36.332385077219769 ], [ 136.445636877607654, 36.331558461379856 ], [ 136.444272981188391, 36.332250644446511 ], [ 136.443469022836666, 36.331514044078091 ], [ 136.443503551579226, 36.331152610268248 ], [ 136.443152038874075, 36.331224042073075 ], [ 136.44173030385511, 36.331002980958303 ], [ 136.441607902838655, 36.331248973922811 ], [ 136.441125458632058, 36.331312244568061 ], [ 136.440254680941166, 36.33195959198607 ], [ 136.439607008208611, 36.331973263039274 ], [ 136.439733654220049, 36.331697372902696 ], [ 136.438196403880852, 36.331490524083357 ], [ 136.438657708457185, 36.330255800388095 ], [ 136.432186819482581, 36.328391802614377 ], [ 136.431769670743449, 36.328967894923146 ], [ 136.43209216992858, 36.330404871719864 ], [ 136.431741620110813, 36.331960426397096 ], [ 136.431754684782788, 36.332878199746865 ], [ 136.43148560347035, 36.333075252381434 ], [ 136.431134810745846, 36.334654209363819 ], [ 136.430501279562236, 36.336093294853448 ], [ 136.437703772268264, 36.33738434954666 ], [ 136.439053066579049, 36.337803964197413 ], [ 136.440209321172347, 36.338377416486821 ], [ 136.440882872984872, 36.337867575183992 ], [ 136.441679426020642, 36.338501723239311 ] ] ] } },
{ "type": "Feature", "properties": { "CITY_NAME": "小松市", "S_NAME": "南陽町", "JINKO": 328, "medical_area": "17_南加賀医療圏", "町丁目名": "小松市南陽町" }, "geometry": { "type": "Polygon", "coordinates": [ [ [ 136.441154525814227, 36.331307106551129 ], [ 136.441655835704466, 36.331203326676011 ], [ 136.441850110119816, 36.330538743443228 ], [ 136.442131257448921, 36.330176492283783 ], [ 136.441056046837218, 36.329136938476772 ], [ 136.439657323518958, 36.328742997493165 ], [ 136.439009060401617, 36.32945622733827 ], [ 136.438196403880852, 36.331490524083357 ], [ 136.439733654220049, 36.331697372902696 ], [ 136.439607008208611, 36.331973263039295 ], [ 136.440254680941166, 36.33195959198607 ], [ 136.441154525814227, 36.331307106551129 ] ] ] } },
{ "type": "Feature", "properties": { "CITY_NAME": "小松市", "S_NAME": "西荒谷町", "JINKO": 18, "medical_area": "17_南加賀医療圏", "町丁目名": "小松市西荒谷町" }, "geometry": { "type": "Polygon", "coordinates": [ [ [ 136.453305200518201, 36.332276097580056 ], [ 136.453506642518619, 36.332186641106638 ], [ 136.45344449482505, 36.332335133978042 ], [ 136.454482256602489, 36.332758958892242 ], [ 136.455825632440195, 36.33398926539143 ], [ 136.463246529653247, 36.329415468001201 ], [ 136.466788261138618, 36.328524211525696 ], [ 136.466337983039409, 36.327304548324904 ], [ 136.462840568599859, 36.321201913966007 ], [ 136.459548406347807, 36.315866134807912 ], [ 136.454979153946738, 36.310225284580589 ], [ 136.450202273091122, 36.30544806661986 ], [ 136.44863928316434, 36.303510353755186 ], [ 136.447432120467965, 36.302733779792909 ], [ 136.444702198871852, 36.304017508812599 ], [ 136.44408476512595, 36.304454442130641 ], [ 136.443322602755217, 36.305353695552448 ], [ 136.444067137121465, 36.306140025663908 ], [ 136.444278527699339, 36.306577259656869 ], [ 136.445669032144195, 36.311145640173059 ], [ 136.446450810918975, 36.316320680164417 ], [ 136.446389749102224, 36.318273361138495 ], [ 136.44583018789919, 36.320536884718969 ], [ 136.445557180074445, 36.323500833533934 ], [ 136.446365681779469, 36.323683563439211 ], [ 136.447399663282255, 36.324369219186345 ], [ 136.449946463464642, 36.325532450313844 ], [ 136.4515300834654, 36.326458529753708 ], [ 136.456624179359977, 36.328378497071853 ], [ 136.456093619857683, 36.330121932890791 ], [ 136.454974929170305, 36.330766000770438 ], [ 136.454478444939724, 36.33131592786733 ], [ 136.452817155571978, 36.332069251633904 ], [ 136.453305200518201, 36.332276097580056 ] ] ] } },
{ "type": "Feature", "properties": { "CITY_NAME": "小松市", "S_NAME": "西原町", "JINKO": 105, "medical_area": "17_南加賀医療圏", "町丁目名": "小松市西原町" }, "geometry": { "type": "Polygon", "coordinates": [ [ [ 136.449034219801007, 36.331023688653971 ], [ 136.451382645576814, 36.33101682804746 ], [ 136.451811862549135, 36.330607262191833 ], [ 136.452351175650875, 36.32743246354535 ], [ 136.45282841900638, 36.326888881539901 ], [ 136.4515300834654, 36.326458529753701 ], [ 136.44994646346467, 36.325532450313844 ], [ 136.449415991408074, 36.326778342374674 ], [ 136.448715640617962, 36.327300124121862 ], [ 136.448305153373298, 36.327866943534787 ], [ 136.449370568224964, 36.329942070760495 ], [ 136.449322696570903, 36.330299979954816 ], [ 136.449138478471241, 36.330418708519659 ], [ 136.449294273367769, 36.330795896389397 ], [ 136.449034219801007, 36.331023688653971 ] ] ] } },
{ "type": "Feature", "properties": { "CITY_NAME": "小松市", "S_NAME": "馬場町", "JINKO": 158, "medical_area": "17_南加賀医療圏", "町丁目名": "小松市馬場町" }, "geometry": { "type": "Polygon", "coordinates": [ [ [ 136.445557180074445, 36.323500833533934 ], [ 136.44583018789919, 36.320536884718969 ], [ 136.446389749102224, 36.318273361138495 ], [ 136.446450810918975, 36.316320680164417 ], [ 136.445669032144195, 36.311145640173059 ], [ 136.444278527699339, 36.306577259656869 ], [ 136.444067137121465, 36.306140025663908 ], [ 136.443322602755217, 36.305353695552448 ], [ 136.441623992427452, 36.307291352249194 ], [ 136.440384668040821, 36.308217854416945 ], [ 136.439654025966661, 36.30845544044778 ], [ 136.437200432186046, 36.310491679556286 ], [ 136.436494564042334, 36.311356233997834 ], [ 136.435469121387911, 36.313590429108075 ], [ 136.434753115354425, 36.314715600830525 ], [ 136.434442031525435, 36.315585692541582 ], [ 136.433238966284307, 36.317530178168553 ], [ 136.432413854842451, 36.319241102098076 ], [ 136.432622394009513, 36.319900269457165 ], [ 136.432379663907426, 36.320845211371072 ], [ 136.432481730155558, 36.321410593785416 ], [ 136.432640792245621, 36.321622592442225 ], [ 136.433541982766087, 36.3220253364006 ], [ 136.432636599788708, 36.323295138578736 ], [ 136.434911486763838, 36.324426297851893 ], [ 136.435342942040194, 36.323805231214003 ], [ 136.43570328559764, 36.323819841149437 ], [ 136.436647455816399, 36.322907113857674 ], [ 136.43786188748237, 36.322210182163261 ], [ 136.438395500719878, 36.321729346698056 ], [ 136.438695019924666, 36.321687738752352 ], [ 136.439854489514516, 36.320708026608457 ], [ 136.443294277453788, 36.322143205185561 ], [ 136.445557180074445, 36.323500833533934 ] ] ] } },
{ "type": "Feature", "properties": { "CITY_NAME": "小松市", "S_NAME": "日用町", "JINKO": 20, "medical_area": "17_南加賀医療圏", "町丁目名": "小松市日用町" }, "geometry": { "type": "Polygon", "coordinates": [ [ [ 136.474795874971875, 36.327690567342607 ], [ 136.47500840077447, 36.323967049289358 ], [ 136.473191411268004, 36.320425196079917 ], [ 136.472407415761495, 36.318031239077676 ], [ 136.471269479855977, 36.313615063336108 ], [ 136.468321546385084, 36.30796248712177 ], [ 136.46354177087332, 36.301849099502704 ], [ 136.462733664277806, 36.301335443099973 ], [ 136.462070207637993, 36.301359441236691 ], [ 136.45665012909393, 36.301696590950606 ], [ 136.455029467956365, 36.302009676269115 ], [ 136.452328308554428, 36.302254220427088 ], [ 136.449855464540462, 36.302267364476386 ], [ 136.447432120467965, 36.302733779792909 ], [ 136.44863928316434, 36.303510353755186 ], [ 136.450202273091122, 36.30544806661986 ], [ 136.454979153946738, 36.310225284580589 ], [ 136.459548406347807, 36.315866134807912 ], [ 136.462840568599859, 36.321201913966007 ], [ 136.466337983039409, 36.327304548324904 ], [ 136.466788261138618, 36.328524211525696 ], [ 136.471763320007312, 36.327443985285029 ], [ 136.473317026841272, 36.327428319874336 ], [ 136.474795874971875, 36.327690567342607 ] ] ] } },
{ "type": "Feature", "properties": { "CITY_NAME": "小松市", "S_NAME": "牧口町", "JINKO": 37, "medical_area": "17_南加賀医療圏", "町丁目名": "小松市牧口町" }, "geometry": { "type": "Polygon", "coordinates": [ [ [ 136.452817155571978, 36.332069251633904 ], [ 136.454478444939724, 36.33131592786733 ], [ 136.454974929170305, 36.330766000770438 ], [ 136.456093619857683, 36.330121932890791 ], [ 136.456624179359977, 36.328378497071853 ], [ 136.45282841900638, 36.326888881539901 ], [ 136.452351175650875, 36.32743246354535 ], [ 136.451811862549135, 36.330607262191833 ], [ 136.451382645576814, 36.33101682804746 ], [ 136.451754609712992, 36.331183944492878 ], [ 136.452411123161653, 36.331953895777552 ], [ 136.452817155571978, 36.332069251633904 ] ] ] } },
{ "type": "Feature", "properties": { "CITY_NAME": "小松市", "S_NAME": "滝ケ原町", "JINKO": 170, "medical_area": "17_南加賀医療圏", "町丁目名": "小松市滝ケ原町" }, "geometry": { "type": "Polygon", "coordinates": [ [ [ 136.427196456471535, 36.3041685768791 ], [ 136.430119755917076, 36.300573529548046 ], [ 136.432162556451885, 36.298579265520729 ], [ 136.435186466209302, 36.294891264014765 ], [ 136.437348056937736, 36.29301953513896 ], [ 136.44731128469212, 36.286659751831316 ], [ 136.452772876974819, 36.282545452884229 ], [ 136.465431301176551, 36.275269106703078 ], [ 136.46646684511694, 36.275831775806012 ], [ 136.467606699716299, 36.276011289380122 ], [ 136.466523476102168, 36.27023216298609 ], [ 136.465439334682486, 36.26585340745298 ], [ 136.463937672711467, 36.263027182142871 ], [ 136.462805839686808, 36.262197303973934 ], [ 136.462538819442727, 36.263582950818027 ], [ 136.461581628634576, 36.263823759482278 ], [ 136.460447410353908, 36.264802832552704 ], [ 136.459180639959982, 36.26456129925085 ], [ 136.456157730707559, 36.265493526042569 ], [ 136.455814044338098, 36.26540159068697 ], [ 136.455329805657811, 36.264769428791197 ], [ 136.453678459779269, 36.263886984265888 ], [ 136.453093337339936, 36.264458518095324 ], [ 136.452513298864858, 36.264681357546571 ], [ 136.450980614453442, 36.264636560507917 ], [ 136.450598993088533, 36.264928767852219 ], [ 136.449675829999961, 36.265206890515699 ], [ 136.447817399335008, 36.265412749691841 ], [ 136.446242132753241, 36.265001833075473 ], [ 136.445475691008482, 36.265099499396406 ], [ 136.444300822326539, 36.263615299630686 ], [ 136.442406807684307, 36.263307030405066 ], [ 136.441791148209944, 36.263431498135638 ], [ 136.441175656912577, 36.263804931456832 ], [ 136.440781507742599, 36.263809052181763 ], [ 136.440011046518549, 36.264494790339214 ], [ 136.437826663683211, 36.264575949902017 ], [ 136.436690312228649, 36.264823037474535 ], [ 136.435911122081478, 36.264385469819302 ], [ 136.434737788912997, 36.264100810015805 ], [ 136.434292588754005, 36.264180586095236 ], [ 136.433370975301699, 36.264692373344815 ], [ 136.431031488418796, 36.264340525759756 ], [ 136.429798676381239, 36.263984248631225 ], [ 136.429136022542423, 36.264535073987332 ], [ 136.428292019403528, 36.265654721130772 ], [ 136.426290923340758, 36.265256148077775 ], [ 136.425224739328002, 36.265392011922607 ], [ 136.424433764708198, 36.265799558622739 ], [ 136.423486648653409, 36.266562312588377 ], [ 136.422547862147951, 36.266931434248164 ], [ 136.42041376834419, 36.267368074171145 ], [ 136.420254601442764, 36.267547046221416 ], [ 136.420418638301214, 36.268316726554495 ], [ 136.420251176588209, 36.269365550830678 ], [ 136.420850448682643, 36.270130434084344 ], [ 136.420917379705173, 36.270880766450453 ], [ 136.420778879014563, 36.272293480594449 ], [ 136.420270761541673, 36.273137702839357 ], [ 136.420744191658713, 36.273943856669071 ], [ 136.420645304767106, 36.274593541171335 ], [ 136.421122209819913, 36.276012788288433 ], [ 136.421058777840585, 36.276181216907418 ], [ 136.41963298127385, 36.27749792800541 ], [ 136.419047328458845, 36.277778754796167 ], [ 136.416870682556606, 36.277658833763091 ], [ 136.415927163674979, 36.277796722163963 ], [ 136.415840273676451, 36.278405833390991 ], [ 136.416087701913284, 36.279182735687712 ], [ 136.415796886246682, 36.280109451602321 ], [ 136.415906834880076, 36.280722931303721 ], [ 136.415798987958993, 36.28150385088847 ], [ 136.415427147446621, 36.281620330176452 ], [ 136.414207462962992, 36.281568881328674 ], [ 136.413619928803598, 36.282031028666466 ], [ 136.412660356920696, 36.283025427420881 ], [ 136.411708961315242, 36.285179778825139 ], [ 136.412861988618261, 36.286550181909263 ], [ 136.412986256985533, 36.2876796179198 ], [ 136.414769697433144, 36.288553736088204 ], [ 136.415467852476468, 36.28966363045776 ], [ 136.4158602804184, 36.292453567182605 ], [ 136.415806149885071, 36.292628970167129 ], [ 136.415490559592939, 36.292760290743566 ], [ 136.414235270998972, 36.292522140729147 ], [ 136.413552617478928, 36.293451035952273 ], [ 136.413319186673561, 36.2943706489935 ], [ 136.413401441651615, 36.295158932024513 ], [ 136.413651956563342, 36.295572569217946 ], [ 136.415314919624677, 36.296231419549407 ], [ 136.415446848818874, 36.296523114879562 ], [ 136.415174372856768, 36.29683652294456 ], [ 136.41486451837838, 36.297925335224441 ], [ 136.414278858386496, 36.298885143256889 ], [ 136.412697837549103, 36.299808397701348 ], [ 136.412783363107934, 36.300257345051556 ], [ 136.413299817888202, 36.301048384626981 ], [ 136.412961669237404, 36.302198408529613 ], [ 136.413325827630842, 36.303025136082326 ], [ 136.415371565684325, 36.30280058949014 ], [ 136.415474748648137, 36.302970891277127 ], [ 136.414671893880382, 36.303935420419585 ], [ 136.414697242123367, 36.304420349773295 ], [ 136.415126250036877, 36.304956297377281 ], [ 136.417250114243728, 36.304798610638073 ], [ 136.422125155580403, 36.303773392708436 ], [ 136.425737901209942, 36.307281747463485 ], [ 136.426181519273428, 36.305715929983378 ], [ 136.427196456471535, 36.3041685768791 ] ] ] } },
{ "type": "Feature", "properties": { "CITY_NAME": "小松市", "S_NAME": "那谷町", "JINKO": 559, "medical_area": "17_南加賀医療圏", "町丁目名": "小松市那谷町" }, "geometry": { "type": "Polygon", "coordinates": [ [ [ 136.424488956125487, 36.322188869256749 ], [ 136.422551174747667, 36.318498097223959 ], [ 136.422191745104584, 36.318308136079089 ], [ 136.422407451044023, 36.317905831374432 ], [ 136.424087429395939, 36.316702609606487 ], [ 136.425193217404683, 36.316382168227065 ], [ 136.425647376897047, 36.31603227999414 ], [ 136.425784268867375, 36.31586284550017 ], [ 136.425503476476734, 36.315362455494842 ], [ 136.429737233694055, 36.311831112830944 ], [ 136.430454160217209, 36.310751993702347 ], [ 136.428958050582509, 36.310001847537634 ], [ 136.427092694417439, 36.308615913981001 ], [ 136.422125155580403, 36.303773392708436 ], [ 136.417250114243728, 36.304798610638073 ], [ 136.415126250036877, 36.304956297377281 ], [ 136.413693278402604, 36.306050138641588 ], [ 136.412742944719611, 36.306001758277013 ], [ 136.411533234356114, 36.307230297224876 ], [ 136.411257315077933, 36.307895120394811 ], [ 136.410611097204679, 36.308133416881866 ], [ 136.409841195839505, 36.308782960209946 ], [ 136.409435118667517, 36.308962185085605 ], [ 136.40784920887242, 36.30883095211297 ], [ 136.406926184577003, 36.309049306336405 ], [ 136.406429505061681, 36.30931275524113 ], [ 136.405808355686446, 36.310048101458925 ], [ 136.405042293590242, 36.310297717076764 ], [ 136.404901883032267, 36.310878546274758 ], [ 136.404675151456843, 36.311095264250476 ], [ 136.404166946711513, 36.310995070250058 ], [ 136.403396430112849, 36.310166008706943 ], [ 136.402908186971331, 36.311096098294982 ], [ 136.402126464407445, 36.311406218021055 ], [ 136.401944698778493, 36.311623216565138 ], [ 136.402198134938629, 36.312503466462914 ], [ 136.403040850100155, 36.313611695228431 ], [ 136.403036713145411, 36.314035844350265 ], [ 136.402839422361552, 36.314301222585314 ], [ 136.402389329118336, 36.314395299119973 ], [ 136.402786965822827, 36.315076508379732 ], [ 136.402625687047305, 36.315493598225338 ], [ 136.40363985629088, 36.315912138232804 ], [ 136.403838920503091, 36.315464974819136 ], [ 136.404852162735409, 36.315684453699212 ], [ 136.404842086728422, 36.316031431750254 ], [ 136.404344647735002, 36.316439271354852 ], [ 136.405238862757528, 36.317090505447737 ], [ 136.405611682441361, 36.317867509622808 ], [ 136.405806499588806, 36.317946232171472 ], [ 136.406031133448522, 36.317409706116003 ], [ 136.40679855974841, 36.317698608526463 ], [ 136.407375113491327, 36.317493542787211 ], [ 136.407904094863341, 36.317537770643575 ], [ 136.408141259307428, 36.317771690738603 ], [ 136.408859022889089, 36.31796127160586 ], [ 136.408814492048691, 36.318445149779947 ], [ 136.409223603179242, 36.319054550865928 ], [ 136.412136396113567, 36.320191932515684 ], [ 136.413270293873978, 36.320403532710863 ], [ 136.417605024203255, 36.320715133056666 ], [ 136.416736932671938, 36.321920880690527 ], [ 136.416670401958811, 36.322272814124318 ], [ 136.417641440391975, 36.323525620891616 ], [ 136.417989299803281, 36.324555716109025 ], [ 136.417753687240491, 36.324864729132827 ], [ 136.417051426117155, 36.32515668468271 ], [ 136.418956568325797, 36.327386459892558 ], [ 136.427502950249277, 36.325744448916772 ], [ 136.425962932108632, 36.32414309343617 ], [ 136.424488956125487, 36.322188869256749 ] ] ] } },
{ "type": "Feature", "properties": { "CITY_NAME": "小松市", "S_NAME": "菩提町", "JINKO": 87, "medical_area": "17_南加賀医療圏", "町丁目名": "小松市菩提町" }, "geometry": { "type": "Polygon", "coordinates": [ [ [ 136.434442031525435, 36.315585692541582 ], [ 136.434753115354425, 36.314715600830525 ], [ 136.435469121387911, 36.313590429108075 ], [ 136.436494564042334, 36.311356233997834 ], [ 136.437200432186046, 36.310491679556286 ], [ 136.439654025966661, 36.30845544044778 ], [ 136.440384668040821, 36.308217854416945 ], [ 136.441322498430509, 36.30755637835351 ], [ 136.44408476512595, 36.304454442130641 ], [ 136.444702198871852, 36.304017508812599 ], [ 136.447432120467965, 36.302733779792909 ], [ 136.448819398696003, 36.30237285221628 ], [ 136.452328308554428, 36.302254220427088 ], [ 136.455029467956365, 36.302009676269115 ], [ 136.45665012909393, 36.301696590950606 ], [ 136.462070207637993, 36.301359441236691 ], [ 136.462733664277806, 36.301335443099973 ], [ 136.46354177087332, 36.301849099502704 ], [ 136.468321546385084, 36.30796248712177 ], [ 136.471269479855977, 36.313615063336108 ], [ 136.471973173969076, 36.3115560925879 ], [ 136.472532800584929, 36.310649357566845 ], [ 136.473602601589931, 36.309625394719426 ], [ 136.473926070611896, 36.307833067356803 ], [ 136.473621462383051, 36.306303175192511 ], [ 136.472947255071944, 36.304590876567417 ], [ 136.470437936813795, 36.300524284452067 ], [ 136.469274002938334, 36.299032327626378 ], [ 136.470489445038908, 36.299008240482301 ], [ 136.470055888711812, 36.293387765288301 ], [ 136.467606699716299, 36.276011289380122 ], [ 136.466466845116969, 36.275831775806012 ], [ 136.465431301176551, 36.275269106703092 ], [ 136.452772876974819, 36.282545452884229 ], [ 136.44731128469212, 36.286659751831316 ], [ 136.437348056937765, 36.293019535138939 ], [ 136.435186466209302, 36.294891264014765 ], [ 136.432162556451885, 36.298579265520743 ], [ 136.430119755917076, 36.300573529548046 ], [ 136.426538325651336, 36.305149191347411 ], [ 136.426181519273456, 36.305715929983357 ], [ 136.425737901209942, 36.307281747463485 ], [ 136.427092694417439, 36.308615913981001 ], [ 136.430056563631808, 36.310635049270665 ], [ 136.433251801512625, 36.311238562080426 ], [ 136.434246949570706, 36.311688622152801 ], [ 136.434599485740478, 36.312554343359949 ], [ 136.434565736242803, 36.313752177601714 ], [ 136.434238086670831, 36.315039422979737 ], [ 136.434442031525435, 36.315585692541582 ] ] ] } },
{ "type": "Feature", "properties": { "CITY_NAME": "小松市", "S_NAME": "上荒屋町", "JINKO": 351, "medical_area": "17_南加賀医療圏", "町丁目名": "小松市上荒屋町" }, "geometry": { "type": "Polygon", "coordinates": [ [ [ 136.439836257509114, 36.328706636604984 ], [ 136.43848550399531, 36.327306256510788 ], [ 136.439035714278617, 36.326695196109611 ], [ 136.438516907656719, 36.326400339037278 ], [ 136.438979465285712, 36.325735967966807 ], [ 136.439361207090514, 36.3242736271079 ], [ 136.441080204419222, 36.321264783613472 ], [ 136.439854489514516, 36.320708026608457 ], [ 136.438695019924666, 36.321687738752352 ], [ 136.438395500719878, 36.321729346698049 ], [ 136.43786188748237, 36.322210182163261 ], [ 136.436647455816399, 36.322907113857653 ], [ 136.43570328559764, 36.323819841149437 ], [ 136.435342942040194, 36.323805231213967 ], [ 136.434911486763838, 36.324426297851893 ], [ 136.432636599788708, 36.323295138578729 ], [ 136.433541982766087, 36.322025336400586 ], [ 136.432640792245621, 36.321622592442225 ], [ 136.432481730155558, 36.321410593785416 ], [ 136.432379663907426, 36.320845211371058 ], [ 136.432622394009513, 36.319900269457165 ], [ 136.432413854842451, 36.31924110209809 ], [ 136.433238966284307, 36.317530178168518 ], [ 136.434442031525435, 36.315585692541575 ], [ 136.434238086670831, 36.315039422979723 ], [ 136.434565736242803, 36.313752177601714 ], [ 136.434599485740478, 36.312554343359942 ], [ 136.434246949570706, 36.311688622152793 ], [ 136.432697098842823, 36.311101366444909 ], [ 136.430454160217209, 36.310751993702347 ], [ 136.429737233694055, 36.311831112830944 ], [ 136.425503476476763, 36.315362455494814 ], [ 136.425784268867375, 36.31586284550017 ], [ 136.425647376897047, 36.31603227999414 ], [ 136.425193217404683, 36.316382168227065 ], [ 136.424087429395939, 36.316702609606487 ], [ 136.422407451044023, 36.317905831374432 ], [ 136.422191745104584, 36.318308136079089 ], [ 136.422551174747667, 36.318498097223959 ], [ 136.424488956125487, 36.322188869256749 ], [ 136.425962932108632, 36.32414309343617 ], [ 136.427793531453801, 36.325951359499811 ], [ 136.429535114004153, 36.326833923380214 ], [ 136.4308383021, 36.327027615400986 ], [ 136.43049135670077, 36.327261894720621 ], [ 136.430328542181059, 36.327994543323321 ], [ 136.430345808946043, 36.328231325359994 ], [ 136.430742491360888, 36.328557205721829 ], [ 136.431769670743449, 36.328967894923146 ], [ 136.432186819482581, 36.328391802614377 ], [ 136.438657708457185, 36.330255800388095 ], [ 136.439009060401617, 36.32945622733827 ], [ 136.439584139076516, 36.328790706359449 ], [ 136.439836257509114, 36.328706636604984 ] ] ] } },
{ "type": "Feature", "properties": { "CITY_NAME": "小松市", "S_NAME": "下粟津町", "JINKO": 2084, "medical_area": "17_南加賀医療圏", "町丁目名": "小松市下粟津町" }, "geometry": { "type": "Polygon", "coordinates": [ [ [ 136.440919348677966, 36.351441163209607 ], [ 136.437981026911473, 36.344073195243439 ], [ 136.43808407559672, 36.343595180058649 ], [ 136.438303136795838, 36.343365139212992 ], [ 136.439559349038802, 36.342909122755415 ], [ 136.439036129558048, 36.342228299537091 ], [ 136.433154599066114, 36.342400536830091 ], [ 136.43252789012277, 36.341900428512012 ], [ 136.431296472595847, 36.340096460411978 ], [ 136.430830106610983, 36.34010517143701 ], [ 136.430183907243844, 36.33975622809271 ], [ 136.430128115767417, 36.339432583088467 ], [ 136.428397136889487, 36.337161933786405 ], [ 136.427009734682883, 36.337466656111609 ], [ 136.42727128571056, 36.338080670388045 ], [ 136.425610212046536, 36.338353527020899 ], [ 136.424835628709417, 36.338683292863074 ], [ 136.42554783354575, 36.339669902434224 ], [ 136.424707798390386, 36.339999289420412 ], [ 136.425014771900777, 36.340493061593655 ], [ 136.423997236009882, 36.34090060449293 ], [ 136.424130029256617, 36.341251204595409 ], [ 136.423682564881204, 36.34238840365623 ], [ 136.42421072510561, 36.342638283453297 ], [ 136.425977730712475, 36.345710943161514 ], [ 136.427553533570659, 36.34561765506929 ], [ 136.427925616211184, 36.345920189796487 ], [ 136.428986827895898, 36.347655933928465 ], [ 136.429441345462152, 36.347569717316141 ], [ 136.429528179008713, 36.349368461366645 ], [ 136.430117301145089, 36.34896292160515 ], [ 136.431795644957589, 36.348753499253966 ], [ 136.431975432785975, 36.348310541751019 ], [ 136.43215285258816, 36.348343083589413 ], [ 136.432560967505452, 36.347319617480053 ], [ 136.43769072106565, 36.349800871587334 ], [ 136.438109139331033, 36.350940074043699 ], [ 136.439262764384296, 36.35128155999314 ], [ 136.439414377881633, 36.351601429200819 ], [ 136.441041403372083, 36.352101050318304 ], [ 136.440815767472287, 36.351455734716318 ], [ 136.440919348677966, 36.351441163209607 ] ] ] } },
{ "type": "Feature", "properties": { "CITY_NAME": "小松市", "S_NAME": "林町", "JINKO": 577, "medical_area": "17_南加賀医療圏", "町丁目名": "小松市林町" }, "geometry": { "type": "Polygon", "coordinates": [ [ [ 136.440235035524665, 36.342403739668029 ], [ 136.440101522872538, 36.341916280382542 ], [ 136.440189214432024, 36.341483014262934 ], [ 136.441154872551749, 36.340962501160718 ], [ 136.441574449219871, 36.340142235066004 ], [ 136.443305340384967, 36.339231606111312 ], [ 136.444594336518094, 36.338096835327676 ], [ 136.445059765551633, 36.337579399735546 ], [ 136.446269552705189, 36.335275760361668 ], [ 136.446016597477296, 36.335089197997576 ], [ 136.445383122562333, 36.33558576738271 ], [ 136.444075727379328, 36.334482362769116 ], [ 136.443752102569164, 36.335538818888146 ], [ 136.44202821848495, 36.336962251605989 ], [ 136.442799794727961, 36.337620002952178 ], [ 136.441679426020642, 36.338501723239311 ], [ 136.440882872984872, 36.337867575183992 ], [ 136.440209321172347, 36.338377416486821 ], [ 136.439053066579049, 36.337803964197413 ], [ 136.437196420177003, 36.337267320172401 ], [ 136.429741592581053, 36.335999421828895 ], [ 136.429802120815339, 36.336781726202105 ], [ 136.428397136889487, 36.337161933786405 ], [ 136.430128115767417, 36.339432583088467 ], [ 136.430183907243844, 36.33975622809271 ], [ 136.430830106610983, 36.34010517143701 ], [ 136.431296472595847, 36.340096460411978 ], [ 136.43252789012277, 36.341900428512012 ], [ 136.433154599066114, 36.342400536830091 ], [ 136.439036129558048, 36.342228299537091 ], [ 136.439559349038802, 36.342909122755415 ], [ 136.440093836433249, 36.342745924967801 ], [ 136.440235035524665, 36.342403739668029 ] ] ] } },
{ "type": "Feature", "properties": { "CITY_NAME": "小松市", "S_NAME": "二ツ梨町", "JINKO": 632, "medical_area": "17_南加賀医療圏", "町丁目名": "小松市二ツ梨町" }, "geometry": { "type": "Polygon", "coordinates": [ [ [ 136.429808378770019, 36.336717733020038 ], [ 136.429741592581053, 36.335999421828895 ], [ 136.430501279562236, 36.33609329485342 ], [ 136.431134810745846, 36.334654209363798 ], [ 136.431355800586715, 36.333433944977621 ], [ 136.43148560347035, 36.333075252381406 ], [ 136.431754684782788, 36.332878199746865 ], [ 136.431741620110813, 36.331960426397096 ], [ 136.43209216992858, 36.330404871719864 ], [ 136.431769670743449, 36.328967894923146 ], [ 136.430742491360888, 36.328557205721829 ], [ 136.430345808946043, 36.328231325359994 ], [ 136.43049135670077, 36.327261894720621 ], [ 136.4308383021, 36.327027615400986 ], [ 136.429185400437461, 36.326705506376385 ], [ 136.427502950249277, 36.325744448916772 ], [ 136.418956568325797, 36.327386459892558 ], [ 136.419196160478776, 36.327774113073275 ], [ 136.419064675422845, 36.327984964941727 ], [ 136.418808403390045, 36.328023345339837 ], [ 136.417410573703052, 36.327746401243139 ], [ 136.415258858502114, 36.326926634356646 ], [ 136.415487696383678, 36.327226781180535 ], [ 136.415684161033028, 36.327154939033676 ], [ 136.415807448879292, 36.327383024944979 ], [ 136.416094363371258, 36.327297566681914 ], [ 136.41725366682499, 36.327940017797062 ], [ 136.419542498679476, 36.328310463050641 ], [ 136.42101293405463, 36.328200813224839 ], [ 136.421620258532187, 36.328515565819082 ], [ 136.420791014135261, 36.330100438285086 ], [ 136.420849362798094, 36.330681330773579 ], [ 136.419859283918981, 36.332164360895952 ], [ 136.424049247352883, 36.334308421203758 ], [ 136.423741821177231, 36.335143297933541 ], [ 136.424267209503682, 36.335763919582206 ], [ 136.424349448484207, 36.336333740246275 ], [ 136.423310731162189, 36.337577159156709 ], [ 136.423652086191595, 36.338077732265312 ], [ 136.423741940617731, 36.339130451114428 ], [ 136.42443755307059, 36.340020894571104 ], [ 136.42554783354575, 36.339669902434224 ], [ 136.424835628709417, 36.338683292863074 ], [ 136.425610212046536, 36.338353527020899 ], [ 136.42727128571056, 36.338080670388045 ], [ 136.427009734682883, 36.337466656111609 ], [ 136.429808378770019, 36.336717733020038 ] ] ] } },
{ "type": "Feature", "properties": { "CITY_NAME": "小松市", "S_NAME": "湯上町", "JINKO": 172, "medical_area": "17_南加賀医療圏", "町丁目名": "小松市湯上町" }, "geometry": { "type": "Polygon", "coordinates": [ [ [ 136.443294277453788, 36.322143205185576 ], [ 136.441080204419222, 36.321264783613472 ], [ 136.439133989017506, 36.324787359955927 ], [ 136.438979465285712, 36.325735967966807 ], [ 136.438516907656719, 36.326400339037292 ], [ 136.439035714278617, 36.326695196109632 ], [ 136.43848550399531, 36.327306256510788 ], [ 136.439836257509114, 36.328706636604984 ], [ 136.441056046837218, 36.329136938476772 ], [ 136.442131257448921, 36.330176492283783 ], [ 136.442293993477222, 36.329991153739066 ], [ 136.442065207558556, 36.32975329279212 ], [ 136.442820429651533, 36.329124839789444 ], [ 136.442820104167566, 36.328905555537133 ], [ 136.443836294620638, 36.327685416561842 ], [ 136.445209347744083, 36.323987694571109 ], [ 136.445144291420263, 36.323598345737274 ], [ 136.445557180074445, 36.323500833533892 ], [ 136.443294277453788, 36.322143205185576 ] ] ] } },
{ "type": "Feature", "properties": { "CITY_NAME": "小松市", "S_NAME": "四丁町", "JINKO": 556, "medical_area": "17_南加賀医療圏", "町丁目名": "小松市四丁町" }, "geometry": { "type": "Polygon", "coordinates": [ [ [ 136.411241969534927, 36.360313108701007 ], [ 136.415076687203708, 36.357688574024152 ], [ 136.416303032745219, 36.359007673302337 ], [ 136.416915799400272, 36.358590697433307 ], [ 136.417970451615389, 36.3569549391663 ], [ 136.418995750244648, 36.356321649052084 ], [ 136.417018844584504, 36.352753460807008 ], [ 136.415063709603459, 36.353507682300958 ], [ 136.416725625268242, 36.355775664885705 ], [ 136.416370104808294, 36.356017058653968 ], [ 136.414672671686986, 36.35377732304655 ], [ 136.414320078362636, 36.353549962733489 ], [ 136.414379449326077, 36.353421682803742 ], [ 136.413522356104295, 36.352697586732127 ], [ 136.412184685200344, 36.353620396446139 ], [ 136.411733157761176, 36.353182113619297 ], [ 136.410874248538818, 36.35376289755618 ], [ 136.411539415944389, 36.354395625589767 ], [ 136.409601875322181, 36.357320574857646 ], [ 136.410573370551674, 36.357832422837063 ], [ 136.410077270752765, 36.358472516273906 ], [ 136.410440491853393, 36.358674105985052 ], [ 136.409980760701131, 36.359193513675606 ], [ 136.409576313214785, 36.358970409985197 ], [ 136.408512378571714, 36.360372808115564 ], [ 136.409095969137894, 36.360752687836559 ], [ 136.409000488439091, 36.360877468718883 ], [ 136.410626001275489, 36.361941510180465 ], [ 136.41115161358897, 36.361507755561881 ], [ 136.410765999827703, 36.361183199064811 ], [ 136.411241969534927, 36.360313108701007 ] ] ] } },
{ "type": "Feature", "properties": { "CITY_NAME": "小松市", "S_NAME": "月津町", "JINKO": 1271, "medical_area": "17_南加賀医療圏", "町丁目名": "小松市月津町" }, "geometry": { "type": "Polygon", "coordinates": [ [ [ 136.409601875322181, 36.357320574857646 ], [ 136.411539415944389, 36.354395625589767 ], [ 136.410874248538818, 36.353762897556152 ], [ 136.411733157761176, 36.353182113619297 ], [ 136.412184685200344, 36.353620396446139 ], [ 136.413522356104295, 36.352697586732127 ], [ 136.414379449326077, 36.353421682803742 ], [ 136.414320078362636, 36.353549962733474 ], [ 136.414672671686986, 36.35377732304655 ], [ 136.416370104808294, 36.356017058653968 ], [ 136.416725625268242, 36.355775664885705 ], [ 136.415063709603459, 36.353507682300958 ], [ 136.418899572945264, 36.35204029789832 ], [ 136.418226709516517, 36.35075040775979 ], [ 136.417485606098808, 36.35018347213942 ], [ 136.416619920955782, 36.350140799697058 ], [ 136.415856472879653, 36.349600468263709 ], [ 136.414474063007248, 36.349367084980656 ], [ 136.41403511089851, 36.349507062229705 ], [ 136.408894275714829, 36.348983012790562 ], [ 136.40399572977384, 36.347028766748686 ], [ 136.398384465273836, 36.346250199835879 ], [ 136.397146356106333, 36.346611002393225 ], [ 136.396959548790107, 36.347404681836665 ], [ 136.396610970071521, 36.347919451030116 ], [ 136.395331020988579, 36.348724607488954 ], [ 136.394931933735904, 36.349931178854121 ], [ 136.394109807936189, 36.351041294043966 ], [ 136.393430831435552, 36.352974315164737 ], [ 136.39603155049204, 36.353694923886124 ], [ 136.396275307713665, 36.353407790321405 ], [ 136.397719395732253, 36.35395337784329 ], [ 136.398225077225931, 36.353193127658699 ], [ 136.404436474610833, 36.356011222122767 ], [ 136.404845148309875, 36.355545084173592 ], [ 136.405754448813127, 36.355353481233706 ], [ 136.408431785955401, 36.356869119294018 ], [ 136.409601875322181, 36.357320574857646 ] ], [ [ 136.409939401617038, 36.350991254890829 ], [ 136.411549341719621, 36.350082556482846 ], [ 136.412803177273645, 36.350309448400012 ], [ 136.413160878542698, 36.350692393559477 ], [ 136.412483564472183, 36.351218293404401 ], [ 136.412597970240114, 36.351558886617468 ], [ 136.411417817023676, 36.351931992819225 ], [ 136.410621650871946, 36.351709386577333 ], [ 136.409939401617038, 36.350991254890829 ] ] ] } },
{ "type": "Feature", "properties": { "CITY_NAME": "小松市", "S_NAME": "月美丘", "JINKO": 229, "medical_area": "17_南加賀医療圏", "町丁目名": "小松市月美丘" }, "geometry": { "type": "Polygon", "coordinates": [ [ [ 136.412803177273645, 36.350309448400012 ], [ 136.411549341719621, 36.350082556482846 ], [ 136.409939401617038, 36.350991254890829 ], [ 136.410621650871946, 36.351709386577362 ], [ 136.411417817023676, 36.351931992819225 ], [ 136.412597970240114, 36.351558886617468 ], [ 136.412483564472183, 36.351218293404401 ], [ 136.413160878542698, 36.350692393559477 ], [ 136.412803177273645, 36.350309448400012 ] ] ] } },
{ "type": "Feature", "properties": { "CITY_NAME": "小松市", "S_NAME": "額見町", "JINKO": 509, "medical_area": "17_南加賀医療圏", "町丁目名": "小松市額見町" }, "geometry": { "type": "Polygon", "coordinates": [ [ [ 136.403728970034507, 36.365072715405667 ], [ 136.406283378063307, 36.362197408013984 ], [ 136.406306806332253, 36.360052717306715 ], [ 136.408515611650216, 36.361328429010626 ], [ 136.409095969137894, 36.360752687836559 ], [ 136.408512378571714, 36.360372808115564 ], [ 136.409576313214785, 36.358970409985197 ], [ 136.409980760701131, 36.359193513675606 ], [ 136.410440491853393, 36.358674105985052 ], [ 136.410077270752765, 36.358472516273906 ], [ 136.410573370551674, 36.357832422837063 ], [ 136.408431785955401, 36.356869119294018 ], [ 136.405754448813127, 36.355353481233706 ], [ 136.404845148309875, 36.355545084173592 ], [ 136.404436474610833, 36.356011222122767 ], [ 136.398225077225931, 36.353193127658699 ], [ 136.397719395732253, 36.35395337784329 ], [ 136.396275307713665, 36.353407790321405 ], [ 136.39603155049204, 36.353694923886124 ], [ 136.393430831435552, 36.352974315164737 ], [ 136.393129973685433, 36.353710713432093 ], [ 136.392062518939497, 36.353908588856285 ], [ 136.390984718882237, 36.355758467441468 ], [ 136.391280425713546, 36.357402980326285 ], [ 136.392449962050506, 36.358191320495358 ], [ 136.393996697577336, 36.357744183576628 ], [ 136.394891314865646, 36.357759456359425 ], [ 136.396501698900295, 36.358017335052025 ], [ 136.397008018345758, 36.358615695334699 ], [ 136.397101241144043, 36.359911304256883 ], [ 136.396531804593451, 36.361545519872479 ], [ 136.395395814081638, 36.362723809549692 ], [ 136.395563611279556, 36.363620004704565 ], [ 136.397332150400445, 36.364564523803764 ], [ 136.398835508911162, 36.364945531561951 ], [ 136.401727924113487, 36.364768719527291 ], [ 136.403728970034507, 36.365072715405667 ] ] ] } },
{ "type": "Feature", "properties": { "CITY_NAME": "小松市", "S_NAME": "矢田町", "JINKO": 509, "medical_area": "17_南加賀医療圏", "町丁目名": "小松市矢田町" }, "geometry": { "type": "Polygon", "coordinates": [ [ [ 136.414176342160744, 36.346828902040421 ], [ 136.40435093646542, 36.341024231216885 ], [ 136.403136296194248, 36.342429657313403 ], [ 136.403609527673211, 36.34518484467187 ], [ 136.403085198345309, 36.346891584874122 ], [ 136.40399572977384, 36.347028766748664 ], [ 136.408757177848372, 36.348948458723839 ], [ 136.412071170941857, 36.349288601268562 ], [ 136.414081701637684, 36.347005218647709 ], [ 136.414176342160744, 36.346828902040421 ] ] ] } },
{ "type": "Feature", "properties": { "CITY_NAME": "小松市", "S_NAME": "矢田新町", "JINKO": 50, "medical_area": "17_南加賀医療圏", "町丁目名": "小松市矢田新町" }, "geometry": { "type": "Polygon", "coordinates": [ [ [ 136.403085198345309, 36.346891584874122 ], [ 136.403609527673211, 36.345184844671898 ], [ 136.403136296194248, 36.342429657313403 ], [ 136.404769853879174, 36.340372585426337 ], [ 136.403683619189763, 36.340108574859222 ], [ 136.402943933045094, 36.340247502249454 ], [ 136.401939401885301, 36.339753431074662 ], [ 136.400610119767151, 36.339971710190355 ], [ 136.40040391285919, 36.339074481417185 ], [ 136.399872707199222, 36.339163684512584 ], [ 136.399715749356943, 36.338482201579282 ], [ 136.399404511128495, 36.338298774398282 ], [ 136.397651588606635, 36.338599344320393 ], [ 136.397780941031698, 36.339947859850632 ], [ 136.395491556389317, 36.342320254210932 ], [ 136.395414706272561, 36.342612987706083 ], [ 136.395861410492927, 36.34307660777106 ], [ 136.396400934585245, 36.343127946374914 ], [ 136.398727759641361, 36.345204927115475 ], [ 136.398641014962521, 36.345985762868956 ], [ 136.398384465273836, 36.346250199835879 ], [ 136.403085198345309, 36.346891584874122 ] ] ] } },
{ "type": "Feature", "properties": { "CITY_NAME": "小松市", "S_NAME": "湖東町", "JINKO": 0, "medical_area": "17_南加賀医療圏", "町丁目名": "小松市湖東町" }, "geometry": { "type": "Polygon", "coordinates": [ [ [ 136.405655067238229, 36.374667528337064 ], [ 136.407693168197028, 36.373057528341526 ], [ 136.409614346182764, 36.37301592577284 ], [ 136.411183208773679, 36.371773220100998 ], [ 136.411286775047387, 36.371875347411844 ], [ 136.412050395774514, 36.37131523611351 ], [ 136.412801372340539, 36.371178736452151 ], [ 136.413942969836, 36.371303810179796 ], [ 136.413859509285203, 36.371021810276318 ], [ 136.411730114631439, 36.369617753517623 ], [ 136.408191428867468, 36.369061824023127 ], [ 136.406006252686154, 36.368552760369333 ], [ 136.40424941223776, 36.366994107913271 ], [ 136.403993955469559, 36.365421168817612 ], [ 136.403574296882482, 36.364989988625496 ], [ 136.401727924113459, 36.364768719527291 ], [ 136.398835508911162, 36.364945531561951 ], [ 136.397332150400416, 36.364564523803764 ], [ 136.39579748398387, 36.363783401637939 ], [ 136.395459931677692, 36.363381295226418 ], [ 136.395395814081638, 36.362723809549699 ], [ 136.396531804593451, 36.361545519872479 ], [ 136.397150762984552, 36.359664045064463 ], [ 136.39700801834573, 36.358615695334706 ], [ 136.396501698900323, 36.358017335052025 ], [ 136.394891314865646, 36.357759456359439 ], [ 136.393996697577336, 36.357744183576628 ], [ 136.392449962050449, 36.358191320495358 ], [ 136.391280425713546, 36.357402980326285 ], [ 136.390984718882237, 36.35575846744149 ], [ 136.392062518939497, 36.353908588856306 ], [ 136.393129973685433, 36.353710713432093 ], [ 136.394109807936189, 36.351041294043966 ], [ 136.394931933735904, 36.349931178854121 ], [ 136.395331020988579, 36.348724607488954 ], [ 136.396610970071521, 36.347919451030116 ], [ 136.396959548790107, 36.347404681836665 ], [ 136.397146356106333, 36.346611002393225 ], [ 136.398589710940058, 36.346123527150695 ], [ 136.398727759641361, 36.345204927115475 ], [ 136.397582095006669, 36.344125889778709 ], [ 136.387286645802163, 36.353440312360583 ], [ 136.394321824799647, 36.363949866044429 ], [ 136.393430243046765, 36.364360007825738 ], [ 136.393982447274226, 36.364984646095238 ], [ 136.393116774694931, 36.365757755486023 ], [ 136.394485539831663, 36.36664285952147 ], [ 136.39562011943238, 36.366674136444907 ], [ 136.395766853920122, 36.367085056643326 ], [ 136.395022747697851, 36.3677396184573 ], [ 136.396710596408525, 36.368876973025095 ], [ 136.397771476890625, 36.370754738352133 ], [ 136.397869983594603, 36.370971491577549 ], [ 136.397736478024001, 36.371311624718572 ], [ 136.396962387325232, 36.371685554515778 ], [ 136.397438445894949, 36.372860325294788 ], [ 136.398139881283726, 36.373694186310537 ], [ 136.399272104831766, 36.374839526026747 ], [ 136.401990484708364, 36.375836542165942 ], [ 136.405655067238229, 36.374667528337064 ] ] ] } },
{ "type": "Feature", "properties": { "CITY_NAME": "小松市", "S_NAME": "義仲町", "JINKO": 332, "medical_area": "17_南加賀医療圏", "町丁目名": "小松市義仲町" }, "geometry": { "type": "Polygon", "coordinates": [ [ [ 136.420049797224863, 36.414914704491672 ], [ 136.418346238373886, 36.413882427886612 ], [ 136.416531643213062, 36.415235266103451 ], [ 136.418564223064038, 36.417458271172436 ], [ 136.420122766426573, 36.416183289498264 ], [ 136.419594605535451, 36.415810574570024 ], [ 136.420049797224863, 36.414914704491672 ] ] ] } },
{ "type": "Feature", "properties": { "CITY_NAME": "小松市", "S_NAME": "扇原町", "JINKO": 117, "medical_area": "17_南加賀医療圏", "町丁目名": "小松市扇原町" }, "geometry": { "type": "Polygon", "coordinates": [ [ [ 136.416995653780162, 36.350186449425749 ], [ 136.417666585700061, 36.348920968131907 ], [ 136.414176342160744, 36.346828902040421 ], [ 136.412071170941857, 36.349288601268562 ], [ 136.41403511089851, 36.349507062229705 ], [ 136.414474063007248, 36.349367084980656 ], [ 136.415856472879653, 36.349600468263709 ], [ 136.416619920955782, 36.350140799697058 ], [ 136.416995653780162, 36.350186449425749 ] ] ] } },
{ "type": "Feature", "properties": { "CITY_NAME": "小松市", "S_NAME": "八里台", "JINKO": 1013, "medical_area": "17_南加賀医療圏", "町丁目名": "小松市八里台" }, "geometry": { "type": "Polygon", "coordinates": [ [ [ 136.526069125684273, 36.429854707236771 ], [ 136.526312669159637, 36.429941168472851 ], [ 136.52655340107583, 36.429824403810066 ], [ 136.526737355738533, 36.429524502738126 ], [ 136.527229859539517, 36.429357534124016 ], [ 136.527492786220648, 36.428874046140599 ], [ 136.527916280687919, 36.428642811769528 ], [ 136.527790429919634, 36.428198073588774 ], [ 136.528534261922687, 36.427857277027478 ], [ 136.528764528044405, 36.427376110386476 ], [ 136.528813962648599, 36.426653708159627 ], [ 136.528978753658151, 36.426574185832727 ], [ 136.528169548056155, 36.426422201376099 ], [ 136.526345603513249, 36.426867446826584 ], [ 136.524176227529068, 36.425875078180603 ], [ 136.523923615776198, 36.424719061327956 ], [ 136.523591758118613, 36.424485344847305 ], [ 136.522731830386732, 36.425029807626295 ], [ 136.521704525004111, 36.425150235574115 ], [ 136.521740714886391, 36.425846553955587 ], [ 136.522155847513886, 36.426087242398751 ], [ 136.52211784367546, 36.426641567844484 ], [ 136.52257798300073, 36.426728303177555 ], [ 136.522251069463607, 36.427394385954109 ], [ 136.522331023211734, 36.428358984180001 ], [ 136.522518802144219, 36.428563548479652 ], [ 136.523312393639799, 36.429213271901332 ], [ 136.523658080148778, 36.429255062415855 ], [ 136.524316317769632, 36.428927278800991 ], [ 136.524654020010701, 36.429007817531868 ], [ 136.525000653028997, 36.430010288465596 ], [ 136.525484372680353, 36.430423550341054 ], [ 136.525875489036451, 36.430272955387011 ], [ 136.526069125684273, 36.429854707236771 ] ] ] } },
{ "type": "Feature", "properties": { "CITY_NAME": "小松市", "S_NAME": "こまつの杜", "JINKO": 0, "medical_area": "17_南加賀医療圏", "町丁目名": "小松市こまつの杜" }, "geometry": { "type": "Polygon", "coordinates": [ [ [ 136.45294366442198, 36.405703426902818 ], [ 136.456689552676409, 36.405406116438712 ], [ 136.456897364636973, 36.404905471403616 ], [ 136.456569902600648, 36.40098479094771 ], [ 136.454565635890646, 36.401073810183519 ], [ 136.454703002227262, 36.402051594913978 ], [ 136.452826410350553, 36.402115125502505 ], [ 136.45294366442198, 36.405703426902818 ] ] ] } },
{ "type": "Feature", "properties": { "CITY_NAME": "加賀市", "S_NAME": "大聖寺馬場町", "JINKO": 171, "medical_area": "17_南加賀医療圏", "町丁目名": "加賀市大聖寺馬場町" }, "geometry": { "type": "Polygon", "coordinates": [ [ [ 136.306327698296684, 36.306601204233012 ], [ 136.30817400444468, 36.306433159624532 ], [ 136.3083889290927, 36.306959219895383 ], [ 136.30934957778058, 36.30665700754367 ], [ 136.308334755979217, 36.304823967021143 ], [ 136.30765401198272, 36.305106528779184 ], [ 136.307645481031301, 36.304972302354109 ], [ 136.306647633607696, 36.305217483008946 ], [ 136.305279060359368, 36.305072837060372 ], [ 136.305963006557818, 36.306738098466582 ], [ 136.306220867049859, 36.306807442162111 ], [ 136.306435580986346, 36.307264537845974 ], [ 136.306327698296684, 36.306601204233012 ] ] ] } },
{ "type": "Feature", "properties": { "CITY_NAME": "加賀市", "S_NAME": "大聖寺錦町", "JINKO": 459, "medical_area": "17_南加賀医療圏", "町丁目名": "加賀市大聖寺錦町" }, "geometry": { "type": "Polygon", "coordinates": [ [ [ 136.305963006557818, 36.306738098466582 ], [ 136.305205136469823, 36.304834247053961 ], [ 136.304421389909436, 36.304919113700002 ], [ 136.303902213939352, 36.304787400202471 ], [ 136.304088825081408, 36.304651375585557 ], [ 136.303656677174871, 36.304134419542564 ], [ 136.303086320007196, 36.304159143639033 ], [ 136.301780929930061, 36.303593640442998 ], [ 136.300965513834285, 36.303015016205897 ], [ 136.301028503292713, 36.302227295148484 ], [ 136.30045694407039, 36.301258643343189 ], [ 136.299028447843654, 36.300116059181242 ], [ 136.298510462315051, 36.299888501393177 ], [ 136.297435983093891, 36.300121006525977 ], [ 136.296997605825766, 36.300385414020596 ], [ 136.296959565865762, 36.30056014274912 ], [ 136.297158444881802, 36.300744936771757 ], [ 136.297895092273819, 36.300989860723014 ], [ 136.298252649581315, 36.302074801476472 ], [ 136.298140852493333, 36.302327432374511 ], [ 136.297020488851587, 36.303108766424067 ], [ 136.298098561650846, 36.30361422473711 ], [ 136.298183125528766, 36.303918942073501 ], [ 136.300521892713363, 36.304569943865538 ], [ 136.301900830470288, 36.304743307811762 ], [ 136.304520649178869, 36.305834597739178 ], [ 136.304984536670929, 36.305805586090607 ], [ 136.305169820121705, 36.306043074781094 ], [ 136.304905373598984, 36.306295562729161 ], [ 136.304916789799023, 36.306585982184941 ], [ 136.305213418747684, 36.306800227486335 ], [ 136.305963006557818, 36.306738098466582 ] ] ] } },
{ "type": "Feature", "properties": { "CITY_NAME": "加賀市", "S_NAME": "大聖寺関町", "JINKO": 49, "medical_area": "17_南加賀医療圏", "町丁目名": "加賀市大聖寺関町" }, "geometry": { "type": "Polygon", "coordinates": [ [ [ 136.306581542568892, 36.305215598046608 ], [ 136.30650608555689, 36.304712504835571 ], [ 136.306773808940818, 36.30456459686566 ], [ 136.306512837587661, 36.304280235013294 ], [ 136.305820910481032, 36.304053044165251 ], [ 136.305049224386039, 36.304283749724163 ], [ 136.305154471587656, 36.304537315299314 ], [ 136.305028914590082, 36.30472996851028 ], [ 136.305279060359368, 36.305072837060365 ], [ 136.306581542568892, 36.305215598046608 ] ] ] } },
{ "type": "Feature", "properties": { "CITY_NAME": "加賀市", "S_NAME": "大聖寺今出町", "JINKO": 115, "medical_area": "17_南加賀医療圏", "町丁目名": "加賀市大聖寺今出町" }, "geometry": { "type": "Polygon", "coordinates": [ [ [ 136.305154471587599, 36.304537315299299 ], [ 136.304956147830836, 36.30398341372824 ], [ 136.304778987950073, 36.303988263669332 ], [ 136.304203254815405, 36.302840195604738 ], [ 136.304822677278082, 36.302619910442054 ], [ 136.304542957198151, 36.302112209848872 ], [ 136.303474758141789, 36.302460358042865 ], [ 136.30254850589921, 36.302179000266499 ], [ 136.301021763110214, 36.302215452672193 ], [ 136.300965513834285, 36.303015016205897 ], [ 136.301780929930061, 36.303593640442998 ], [ 136.303086320007196, 36.304159143639033 ], [ 136.303656677174871, 36.304134419542564 ], [ 136.304088825081408, 36.304651375585557 ], [ 136.303902213939352, 36.304787400202471 ], [ 136.304421389909436, 36.304919113700002 ], [ 136.305205136469823, 36.304834247053961 ], [ 136.305028914590082, 36.304729968510244 ], [ 136.305154471587599, 36.304537315299299 ] ] ] } },
{ "type": "Feature", "properties": { "CITY_NAME": "加賀市", "S_NAME": "大聖寺西栄町", "JINKO": 82, "medical_area": "17_南加賀医療圏", "町丁目名": "加賀市大聖寺西栄町" }, "geometry": { "type": "Polygon", "coordinates": [ [ [ 136.306512837587661, 36.304280235013294 ], [ 136.306037533072754, 36.303315401835164 ], [ 136.305015109722348, 36.303005243135289 ], [ 136.304822677278082, 36.302619910442054 ], [ 136.304203254815434, 36.302840195604738 ], [ 136.304778987950016, 36.303988263669332 ], [ 136.304956147830836, 36.303983413728218 ], [ 136.305130375298944, 36.304268702582831 ], [ 136.305820910481032, 36.304053044165251 ], [ 136.306512837587661, 36.304280235013294 ] ] ] } },
{ "type": "Feature", "properties": { "CITY_NAME": "加賀市", "S_NAME": "大聖寺西町", "JINKO": 352, "medical_area": "17_南加賀医療圏", "町丁目名": "加賀市大聖寺西町" }, "geometry": { "type": "Polygon", "coordinates": [ [ [ 136.30560542565064, 36.302275962773578 ], [ 136.305534542898187, 36.30118448467924 ], [ 136.305177742808922, 36.300669999136872 ], [ 136.304777510522911, 36.299424097248348 ], [ 136.304108119786378, 36.299437260295178 ], [ 136.303304266961788, 36.298905144309849 ], [ 136.303228551476963, 36.298506851018722 ], [ 136.303587358929832, 36.29783593236121 ], [ 136.303400301643052, 36.297595857750032 ], [ 136.301163307573262, 36.297007744316964 ], [ 136.300404044897675, 36.295947995779407 ], [ 136.297675201105193, 36.296492293636078 ], [ 136.298041569188769, 36.296811667658282 ], [ 136.297763508667742, 36.296887155398117 ], [ 136.297856830803028, 36.297205975173121 ], [ 136.29817283343769, 36.297122651833547 ], [ 136.298332422882766, 36.297367694916232 ], [ 136.298089066705586, 36.297557255857207 ], [ 136.298444658938365, 36.298496822002349 ], [ 136.299037021849784, 36.298613038789092 ], [ 136.299816306274266, 36.299467871683554 ], [ 136.299557517039119, 36.299830262772524 ], [ 136.299570719114172, 36.300106824655387 ], [ 136.29923813677371, 36.300275580138447 ], [ 136.30045694407039, 36.301258643343189 ], [ 136.301021763110214, 36.302215452672193 ], [ 136.30254850589921, 36.302179000266499 ], [ 136.303474758141789, 36.302460358042865 ], [ 136.304542957198151, 36.302112209848872 ], [ 136.305015109722348, 36.303005243135289 ], [ 136.306037533072754, 36.303315401835135 ], [ 136.30560542565064, 36.302275962773578 ] ] ] } },
{ "type": "Feature", "properties": { "CITY_NAME": "加賀市", "S_NAME": "白望台", "JINKO": 79, "medical_area": "17_南加賀医療圏", "町丁目名": "加賀市白望台" }, "geometry": { "type": "Polygon", "coordinates": [ [ [ 136.298701885563418, 36.298518439305049 ], [ 136.298100647104718, 36.298637821114674 ], [ 136.297654227103379, 36.299368815023151 ], [ 136.29923813677371, 36.300275580138447 ], [ 136.299570719114172, 36.300106824655387 ], [ 136.299557517039119, 36.299830262772524 ], [ 136.299816306274266, 36.299467871683554 ], [ 136.299590160551872, 36.299082250834388 ], [ 136.298701885563418, 36.298518439305049 ] ] ] } },
{ "type": "Feature", "properties": { "CITY_NAME": "加賀市", "S_NAME": "大聖寺越前町", "JINKO": 35, "medical_area": "17_南加賀医療圏", "町丁目名": "加賀市大聖寺越前町" }, "geometry": { "type": "Polygon", "coordinates": [ [ [ 136.307645481031329, 36.304972302354123 ], [ 136.307724041259235, 36.304424689286328 ], [ 136.307374048458769, 36.30434102772454 ], [ 136.30650608555689, 36.304712504835571 ], [ 136.306581542568892, 36.305215598046608 ], [ 136.307645481031329, 36.304972302354123 ] ] ] } },
{ "type": "Feature", "properties": { "CITY_NAME": "加賀市", "S_NAME": "大聖寺三ツ屋町", "JINKO": 29, "medical_area": "17_南加賀医療圏", "町丁目名": "加賀市大聖寺三ツ屋町" }, "geometry": { "type": "Polygon", "coordinates": [ [ [ 136.30765401198272, 36.305106528779184 ], [ 136.308334755979217, 36.304823967021143 ], [ 136.308180681574299, 36.30446074183012 ], [ 136.308701629206439, 36.304074302243023 ], [ 136.308414170200393, 36.303563458768949 ], [ 136.30855646155004, 36.303422426349876 ], [ 136.308296201201017, 36.303239534387707 ], [ 136.308440544314749, 36.303093872533196 ], [ 136.308318147204005, 36.302999349091507 ], [ 136.307880229350104, 36.303548677912545 ], [ 136.308156548801179, 36.303845643506307 ], [ 136.307724041259235, 36.304424689286328 ], [ 136.30765401198272, 36.305106528779184 ] ] ] } },
{ "type": "Feature", "properties": { "CITY_NAME": "加賀市", "S_NAME": "大聖寺中町", "JINKO": 131, "medical_area": "17_南加賀医療圏", "町丁目名": "加賀市大聖寺中町" }, "geometry": { "type": "Polygon", "coordinates": [ [ [ 136.310086576897788, 36.306409339159934 ], [ 136.308701629206439, 36.304074302243023 ], [ 136.308180681574299, 36.30446074183012 ], [ 136.30937382273072, 36.30669896843402 ], [ 136.310086576897788, 36.306409339159934 ] ] ] } },
{ "type": "Feature", "properties": { "CITY_NAME": "加賀市", "S_NAME": "大聖寺神明町", "JINKO": 94, "medical_area": "17_南加賀医療圏", "町丁目名": "加賀市大聖寺神明町" }, "geometry": { "type": "Polygon", "coordinates": [ [ [ 136.306766532098237, 36.304530183903417 ], [ 136.307374048458769, 36.30434102772454 ], [ 136.307724041259235, 36.304424689286328 ], [ 136.308156548801179, 36.303845643506307 ], [ 136.307880229350104, 36.303548677912545 ], [ 136.308318147204005, 36.302999349091507 ], [ 136.308004636750042, 36.30258037673083 ], [ 136.309277123714651, 36.301528216434455 ], [ 136.308785307983214, 36.301012774543793 ], [ 136.307818969575692, 36.301221222750847 ], [ 136.305534542898187, 36.30118448467924 ], [ 136.305780920332353, 36.302801604944285 ], [ 136.306766532098237, 36.304530183903417 ] ] ] } },
{ "type": "Feature", "properties": { "CITY_NAME": "加賀市", "S_NAME": "大聖寺下屋敷町", "JINKO": 123, "medical_area": "17_南加賀医療圏", "町丁目名": "加賀市大聖寺下屋敷町" }, "geometry": { "type": "Polygon", "coordinates": [ [ [ 136.31009175326966, 36.301248893823676 ], [ 136.309934049335993, 36.300859806354453 ], [ 136.310442691193657, 36.300744525932707 ], [ 136.309490543044319, 36.29872211551244 ], [ 136.308925762678484, 36.297921378098792 ], [ 136.307871188673403, 36.297819531221762 ], [ 136.307524220029109, 36.298049285071272 ], [ 136.306626798089383, 36.297522292914437 ], [ 136.306161746742987, 36.298657935930365 ], [ 136.30472037653746, 36.298767533137266 ], [ 136.303647700761985, 36.298090444340595 ], [ 136.303587358929832, 36.29783593236121 ], [ 136.303263938017921, 36.298389978767887 ], [ 136.303231837116414, 36.298737221375838 ], [ 136.303513883091256, 36.299142707267762 ], [ 136.304108119786378, 36.299437260295178 ], [ 136.304777510522911, 36.299424097248348 ], [ 136.305177742808922, 36.300669999136872 ], [ 136.305534542898187, 36.30118448467924 ], [ 136.307818969575692, 36.301221222750847 ], [ 136.308785307983214, 36.301012774543793 ], [ 136.309277123714651, 36.301528216434455 ], [ 136.309386298492171, 36.301249612522646 ], [ 136.31009175326966, 36.301248893823676 ] ] ] } },
{ "type": "Feature", "properties": { "CITY_NAME": "加賀市", "S_NAME": "大聖寺大新道", "JINKO": 51, "medical_area": "17_南加賀医療圏", "町丁目名": "加賀市大聖寺大新道" }, "geometry": { "type": "Polygon", "coordinates": [ [ [ 136.310131790887993, 36.303200695810851 ], [ 136.30919511969222, 36.301621273731826 ], [ 136.308637758638014, 36.301990273711588 ], [ 136.309091622389502, 36.302802010338169 ], [ 136.309002116711611, 36.302873150927127 ], [ 136.30926278704743, 36.30301858656906 ], [ 136.309493398887582, 36.30343854423657 ], [ 136.310131790887993, 36.303200695810851 ] ] ] } },
{ "type": "Feature", "properties": { "CITY_NAME": "加賀市", "S_NAME": "大聖寺新屋敷町", "JINKO": 38, "medical_area": "17_南加賀医療圏", "町丁目名": "加賀市大聖寺新屋敷町" }, "geometry": { "type": "Polygon", "coordinates": [ [ [ 136.309986962941423, 36.304503368704559 ], [ 136.310829171112232, 36.3041863217829 ], [ 136.310262020194955, 36.303152164199069 ], [ 136.309396579671358, 36.303478406536115 ], [ 136.309986962941423, 36.304503368704559 ] ] ] } },
{ "type": "Feature", "properties": { "CITY_NAME": "加賀市", "S_NAME": "大聖寺五軒町", "JINKO": 62, "medical_area": "17_南加賀医療圏", "町丁目名": "加賀市大聖寺五軒町" }, "geometry": { "type": "Polygon", "coordinates": [ [ [ 136.31119780352725, 36.305381806192536 ], [ 136.312033568868515, 36.305041856596731 ], [ 136.3119065456915, 36.304844576597752 ], [ 136.311280731712628, 36.304925756011393 ], [ 136.310829171112232, 36.3041863217829 ], [ 136.309986962941423, 36.304503368704559 ], [ 136.310426225926619, 36.305237191662798 ], [ 136.310867475615368, 36.305090269768684 ], [ 136.31119780352725, 36.305381806192536 ] ] ] } },
{ "type": "Feature", "properties": { "CITY_NAME": "加賀市", "S_NAME": "大聖寺中新道", "JINKO": 155, "medical_area": "17_南加賀医療圏", "町丁目名": "加賀市大聖寺中新道" }, "geometry": { "type": "Polygon", "coordinates": [ [ [ 136.309986962941423, 36.304503368704559 ], [ 136.30926278704743, 36.30301858656906 ], [ 136.309002116711611, 36.302873150927127 ], [ 136.309091622389502, 36.302802010338127 ], [ 136.308637758638014, 36.301990273711603 ], [ 136.308004636750042, 36.30258037673083 ], [ 136.308440544314749, 36.303093872533196 ], [ 136.308296201201017, 36.303239534387707 ], [ 136.30855646155004, 36.303422426349876 ], [ 136.308414170200393, 36.303563458768949 ], [ 136.309290214602811, 36.305088306251342 ], [ 136.30973149642324, 36.304938537022679 ], [ 136.309576269380528, 36.304672085218066 ], [ 136.309986962941423, 36.304503368704559 ] ] ] } },
{ "type": "Feature", "properties": { "CITY_NAME": "加賀市", "S_NAME": "大聖寺魚町", "JINKO": 49, "medical_area": "17_南加賀医療圏", "町丁目名": "加賀市大聖寺魚町" }, "geometry": { "type": "Polygon", "coordinates": [ [ [ 136.311403598168425, 36.3059567658131 ], [ 136.31119780352725, 36.305381806192536 ], [ 136.310867475615368, 36.305090269768684 ], [ 136.310409890520958, 36.305243446840606 ], [ 136.310545437981887, 36.305448464211828 ], [ 136.30969362752802, 36.305751396259424 ], [ 136.310086576897788, 36.306409339159934 ], [ 136.311403598168425, 36.3059567658131 ] ] ] } },
{ "type": "Feature", "properties": { "CITY_NAME": "加賀市", "S_NAME": "大聖寺観音町", "JINKO": 45, "medical_area": "17_南加賀医療圏", "町丁目名": "加賀市大聖寺観音町" }, "geometry": { "type": "Polygon", "coordinates": [ [ [ 136.310545437981887, 36.305448464211828 ], [ 136.309986962941423, 36.304503368704559 ], [ 136.309576269380528, 36.304672085218066 ], [ 136.309731496423268, 36.304938537022679 ], [ 136.309290214602811, 36.305088306251342 ], [ 136.30969362752802, 36.305751396259424 ], [ 136.310545437981887, 36.305448464211828 ] ] ] } },
{ "type": "Feature", "properties": { "CITY_NAME": "加賀市", "S_NAME": "大聖寺東横町", "JINKO": 107, "medical_area": "17_南加賀医療圏", "町丁目名": "加賀市大聖寺東横町" }, "geometry": { "type": "Polygon", "coordinates": [ [ [ 136.311612259662752, 36.304956325739653 ], [ 136.31216930243815, 36.30453930015198 ], [ 136.311685522013022, 36.303768577980634 ], [ 136.3118951813791, 36.30303432796709 ], [ 136.311581254463505, 36.303121045986217 ], [ 136.31137729133971, 36.30272941332629 ], [ 136.311867327213434, 36.302701688420711 ], [ 136.312001177234634, 36.301939614218732 ], [ 136.311093169544307, 36.301912597597763 ], [ 136.311101583260466, 36.301246757711489 ], [ 136.309386298492171, 36.301249612522646 ], [ 136.309195119692248, 36.301621273731811 ], [ 136.310131790887993, 36.303200695810851 ], [ 136.310262020194955, 36.303152164199069 ], [ 136.311280731712628, 36.304925756011393 ], [ 136.311612259662752, 36.304956325739653 ] ] ] } },
{ "type": "Feature", "properties": { "CITY_NAME": "加賀市", "S_NAME": "大聖寺本町", "JINKO": 144, "medical_area": "17_南加賀医療圏", "町丁目名": "加賀市大聖寺本町" }, "geometry": { "type": "Polygon", "coordinates": [ [ [ 136.309220514658904, 36.307408236636689 ], [ 136.309810322806783, 36.30746329754858 ], [ 136.312155626330622, 36.30667500530086 ], [ 136.31229958940213, 36.306578444310269 ], [ 136.312085556469896, 36.305976531198972 ], [ 136.311403598168425, 36.3059567658131 ], [ 136.3083889290927, 36.306959219895383 ], [ 136.308692340598583, 36.307769702924411 ], [ 136.309302201471041, 36.307598611824552 ], [ 136.309220514658904, 36.307408236636689 ] ] ] } },
{ "type": "Feature", "properties": { "CITY_NAME": "加賀市", "S_NAME": "大聖寺八間道", "JINKO": 76, "medical_area": "17_南加賀医療圏", "町丁目名": "加賀市大聖寺八間道" }, "geometry": { "type": "Polygon", "coordinates": [ [ [ 136.309766209824147, 36.308623723589591 ], [ 136.31050154602579, 36.308767941489677 ], [ 136.311090240409811, 36.309307583407119 ], [ 136.311556416485473, 36.309182134916938 ], [ 136.311134372542739, 36.308143778399511 ], [ 136.310886592618033, 36.308209810665829 ], [ 136.310680788919598, 36.30797735854312 ], [ 136.310512619705236, 36.308018366087218 ], [ 136.310171762292953, 36.307337106275476 ], [ 136.309220514658904, 36.307408236636689 ], [ 136.309302201471041, 36.307598611824552 ], [ 136.308692340598583, 36.307769702924411 ], [ 136.30817400444468, 36.306433159624532 ], [ 136.306327698296684, 36.306601204233012 ], [ 136.306421726986571, 36.307480280226414 ], [ 136.305403650807222, 36.307631591572154 ], [ 136.305175102341678, 36.307846844724196 ], [ 136.305641633443003, 36.308258581329603 ], [ 136.306447084374327, 36.308504999947026 ], [ 136.306770463552454, 36.3087954058851 ], [ 136.306762286736927, 36.309349438010265 ], [ 136.306007972312131, 36.30968881397861 ], [ 136.305803733105478, 36.311418340302929 ], [ 136.307585444354913, 36.309695957984381 ], [ 136.309766209824147, 36.308623723589591 ] ] ] } },
{ "type": "Feature", "properties": { "CITY_NAME": "加賀市", "S_NAME": "大聖寺片原町", "JINKO": 12, "medical_area": "17_南加賀医療圏", "町丁目名": "加賀市大聖寺片原町" }, "geometry": { "type": "Polygon", "coordinates": [ [ [ 136.310745544363328, 36.308093575555617 ], [ 136.311447541914106, 36.308032515936823 ], [ 136.311366406319223, 36.307791310429167 ], [ 136.311873167967462, 36.307788136651247 ], [ 136.311747039064045, 36.307444938765322 ], [ 136.310762445115188, 36.307693768525603 ], [ 136.310856570372152, 36.30792436623129 ], [ 136.310680788919598, 36.307977358543127 ], [ 136.310745544363328, 36.308093575555617 ] ] ] } },
{ "type": "Feature", "properties": { "CITY_NAME": "加賀市", "S_NAME": "大聖寺仲町", "JINKO": 45, "medical_area": "17_南加賀医療圏", "町丁目名": "加賀市大聖寺仲町" }, "geometry": { "type": "Polygon", "coordinates": [ [ [ 136.312667950256099, 36.30996109444181 ], [ 136.311873167967462, 36.307788136651247 ], [ 136.311366406319223, 36.307791310429167 ], [ 136.311447541914106, 36.308032515936823 ], [ 136.311134372542739, 36.308143778399511 ], [ 136.311556416485473, 36.309182134916938 ], [ 136.311090240409811, 36.309307583407097 ], [ 136.311487890767523, 36.310277995337664 ], [ 136.311896619291815, 36.310426664654486 ], [ 136.312667950256099, 36.30996109444181 ] ] ] } },
{ "type": "Feature", "properties": { "CITY_NAME": "加賀市", "S_NAME": "大聖寺福田町", "JINKO": 82, "medical_area": "17_南加賀医療圏", "町丁目名": "加賀市大聖寺福田町" }, "geometry": { "type": "Polygon", "coordinates": [ [ [ 136.313226582884823, 36.309422819193664 ], [ 136.312456508896105, 36.307280564719932 ], [ 136.311747039064045, 36.3074449387653 ], [ 136.312667950256099, 36.30996109444181 ], [ 136.313226582884823, 36.309422819193664 ] ] ] } },
{ "type": "Feature", "properties": { "CITY_NAME": "加賀市", "S_NAME": "大聖寺鷹匠町", "JINKO": 67, "medical_area": "17_南加賀医療圏", "町丁目名": "加賀市大聖寺鷹匠町" }, "geometry": { "type": "Polygon", "coordinates": [ [ [ 136.313764429735755, 36.309058938543025 ], [ 136.313457248710421, 36.308046863067794 ], [ 136.313100306751892, 36.308135815395254 ], [ 136.31289937739885, 36.307559942667012 ], [ 136.313247657268221, 36.307491243560598 ], [ 136.313153880150423, 36.307260124026769 ], [ 136.312509135340633, 36.307440206273519 ], [ 136.313226582884823, 36.309422819193664 ], [ 136.313764429735755, 36.309058938543025 ] ] ] } },
{ "type": "Feature", "properties": { "CITY_NAME": "加賀市", "S_NAME": "大聖寺奥鷹匠町", "JINKO": 112, "medical_area": "17_南加賀医療圏", "町丁目名": "加賀市大聖寺奥鷹匠町" }, "geometry": { "type": "Polygon", "coordinates": [ [ [ 136.31510221767283, 36.308067452822385 ], [ 136.314171168232093, 36.308024205472059 ], [ 136.314109876020353, 36.307637313812684 ], [ 136.31363563510314, 36.306853493202759 ], [ 136.313824780586884, 36.306787071650227 ], [ 136.31352806887196, 36.306316844119749 ], [ 136.313413113840511, 36.306143584206637 ], [ 136.313088077833356, 36.306378510882851 ], [ 136.313247657268192, 36.307491243560591 ], [ 136.31289937739885, 36.307559942666984 ], [ 136.313100306751892, 36.308135815395254 ], [ 136.313457248710421, 36.308046863067794 ], [ 136.313848479812691, 36.309025671057292 ], [ 136.314771253766907, 36.308638760496244 ], [ 136.315081636693066, 36.308367745049573 ], [ 136.31510221767283, 36.308067452822385 ] ] ] } },
{ "type": "Feature", "properties": { "CITY_NAME": "加賀市", "S_NAME": "大聖寺法華坊町", "JINKO": 113, "medical_area": "17_南加賀医療圏", "町丁目名": "加賀市大聖寺法華坊町" }, "geometry": { "type": "Polygon", "coordinates": [ [ [ 136.315098534102788, 36.308031989361226 ], [ 136.314949652838209, 36.307306821740312 ], [ 136.315167590062885, 36.306905066129623 ], [ 136.315903306622374, 36.306246054294455 ], [ 136.316463341638183, 36.306334773938936 ], [ 136.316561105197337, 36.306199894822008 ], [ 136.316380277061228, 36.305893596222404 ], [ 136.315913600480343, 36.30568355462951 ], [ 136.315443569749505, 36.305781882870292 ], [ 136.315485293771189, 36.305600874184336 ], [ 136.314588854221569, 36.305641950679167 ], [ 136.3147069982071, 36.305944392164676 ], [ 136.314059902640793, 36.306341398503378 ], [ 136.313459831088238, 36.305696604069432 ], [ 136.313274987846569, 36.305823254918799 ], [ 136.313824780586884, 36.306787071650227 ], [ 136.31363563510314, 36.306853493202759 ], [ 136.314109876020353, 36.307637313812684 ], [ 136.314171168232093, 36.308024205472059 ], [ 136.315098534102788, 36.308031989361226 ] ] ] } },
{ "type": "Feature", "properties": { "CITY_NAME": "加賀市", "S_NAME": "大聖寺京町", "JINKO": 70, "medical_area": "17_南加賀医療圏", "町丁目名": "加賀市大聖寺京町" }, "geometry": { "type": "Polygon", "coordinates": [ [ [ 136.310838417694754, 36.307643476591863 ], [ 136.312797584672325, 36.307106764122146 ], [ 136.31263153846399, 36.306587079638525 ], [ 136.312136536296578, 36.30660591244596 ], [ 136.310134654501638, 36.307286004711024 ], [ 136.310512619705236, 36.308018366087218 ], [ 136.310856570372152, 36.30792436623129 ], [ 136.310838417694754, 36.307643476591863 ] ] ] } },
{ "type": "Feature", "properties": { "CITY_NAME": "加賀市", "S_NAME": "大聖寺寺町", "JINKO": 23, "medical_area": "17_南加賀医療圏", "町丁目名": "加賀市大聖寺寺町" }, "geometry": { "type": "Polygon", "coordinates": [ [ [ 136.312509135340633, 36.307440206273519 ], [ 136.313267242065734, 36.307227029780464 ], [ 136.313050817544394, 36.306723921327098 ], [ 136.31272121232044, 36.306811376419063 ], [ 136.312797584672325, 36.307106764122182 ], [ 136.312432074135728, 36.307215999412215 ], [ 136.312509135340633, 36.307440206273519 ] ] ] } },
{ "type": "Feature", "properties": { "CITY_NAME": "加賀市", "S_NAME": "大聖寺山田町", "JINKO": 20, "medical_area": "17_南加賀医療圏", "町丁目名": "加賀市大聖寺山田町" }, "geometry": { "type": "Polygon", "coordinates": [ [ [ 136.313097333951106, 36.306708517707222 ], [ 136.313088077833356, 36.306378510882851 ], [ 136.313413113840511, 36.306143584206666 ], [ 136.313256090702964, 36.305952708777959 ], [ 136.313033494398638, 36.306015511039838 ], [ 136.312380012344448, 36.305658374529898 ], [ 136.3117571252331, 36.305948766273296 ], [ 136.312085556469896, 36.305976531198993 ], [ 136.312332269305017, 36.306660776055182 ], [ 136.31263153846399, 36.306587079638525 ], [ 136.31272121232044, 36.306811376419063 ], [ 136.313097333951106, 36.306708517707222 ] ] ] } },
{ "type": "Feature", "properties": { "CITY_NAME": "加賀市", "S_NAME": "大聖寺鍛冶町", "JINKO": 27, "medical_area": "17_南加賀医療圏", "町丁目名": "加賀市大聖寺鍛冶町" }, "geometry": { "type": "Polygon", "coordinates": [ [ [ 136.311403598168425, 36.3059567658131 ], [ 136.312380012344448, 36.305658374529898 ], [ 136.313033494398638, 36.306015511039838 ], [ 136.313459831088238, 36.305696604069432 ], [ 136.312897988267423, 36.304953220880044 ], [ 136.312350250235767, 36.305101749492309 ], [ 136.312273259844403, 36.304887153787874 ], [ 136.311171646432371, 36.305419147054231 ], [ 136.311403598168425, 36.3059567658131 ] ] ] } },
{ "type": "Feature", "properties": { "CITY_NAME": "加賀市", "S_NAME": "大聖寺十一町", "JINKO": 38, "medical_area": "17_南加賀医療圏", "町丁目名": "加賀市大聖寺十一町" }, "geometry": { "type": "Polygon", "coordinates": [ [ [ 136.312277038492113, 36.304732314352805 ], [ 136.313248167738124, 36.304262817229542 ], [ 136.313210685071397, 36.303855300046152 ], [ 136.312267236057181, 36.303710209798204 ], [ 136.311704359685564, 36.303859681059194 ], [ 136.312277038492113, 36.304732314352805 ] ] ] } },
{ "type": "Feature", "properties": { "CITY_NAME": "加賀市", "S_NAME": "大聖寺一本橋町", "JINKO": 14, "medical_area": "17_南加賀医療圏", "町丁目名": "加賀市大聖寺一本橋町" }, "geometry": { "type": "Polygon", "coordinates": [ [ [ 136.312350250235767, 36.305101749492309 ], [ 136.313205796513699, 36.304845649459601 ], [ 136.313171652862451, 36.304626431938431 ], [ 136.312825683306841, 36.304699687729631 ], [ 136.312806318413465, 36.304409743263172 ], [ 136.312277038492113, 36.304732314352805 ], [ 136.31216930243815, 36.304539300151966 ], [ 136.311911563588893, 36.304662335118287 ], [ 136.312007607390996, 36.304997628675892 ], [ 136.312273259844403, 36.304887153787874 ], [ 136.312350250235767, 36.305101749492309 ] ] ] } },
{ "type": "Feature", "properties": { "CITY_NAME": "加賀市", "S_NAME": "大聖寺南町", "JINKO": 216, "medical_area": "17_南加賀医療圏", "町丁目名": "加賀市大聖寺南町" }, "geometry": { "type": "Polygon", "coordinates": [ [ [ 136.314144322262223, 36.303855445246626 ], [ 136.314739697015085, 36.303684753881313 ], [ 136.314907981311535, 36.303776040453471 ], [ 136.315939021791877, 36.302834430083209 ], [ 136.315642410807556, 36.302529489592359 ], [ 136.315916956303397, 36.301744366036729 ], [ 136.314395010103027, 36.301277980745596 ], [ 136.314367869015115, 36.301397870642084 ], [ 136.313856498538769, 36.301268930739077 ], [ 136.311101583260466, 36.301246757711489 ], [ 136.311093169544307, 36.301912597597763 ], [ 136.312001177234634, 36.301939614218732 ], [ 136.311867327213434, 36.302701688420711 ], [ 136.31137729133971, 36.30272941332629 ], [ 136.311581254463505, 36.303121045986217 ], [ 136.3118951813791, 36.30303432796709 ], [ 136.311704359685535, 36.303859681059194 ], [ 136.312267236057238, 36.303710209798183 ], [ 136.313210685071397, 36.303855300046152 ], [ 136.313437752859983, 36.303589327433357 ], [ 136.313862895805244, 36.303641962330971 ], [ 136.313958425677271, 36.304047289476387 ], [ 136.314144322262223, 36.303855445246626 ] ] ] } },
{ "type": "Feature", "properties": { "CITY_NAME": "加賀市", "S_NAME": "大聖寺荒町", "JINKO": 80, "medical_area": "17_南加賀医療圏", "町丁目名": "加賀市大聖寺荒町" }, "geometry": { "type": "Polygon", "coordinates": [ [ [ 136.314588854221569, 36.305641950679167 ], [ 136.315485293771189, 36.305600874184336 ], [ 136.315443569749505, 36.305781882870292 ], [ 136.31575809364287, 36.305736664164748 ], [ 136.31603857668631, 36.305318102221328 ], [ 136.315812963945632, 36.304866861479944 ], [ 136.3135307674047, 36.304751645744474 ], [ 136.312897585749511, 36.304918365152744 ], [ 136.312911299698669, 36.305128390411518 ], [ 136.314059902640793, 36.306341398503378 ], [ 136.3147069982071, 36.305944392164676 ], [ 136.314588854221569, 36.305641950679167 ] ] ] } },
{ "type": "Feature", "properties": { "CITY_NAME": "加賀市", "S_NAME": "大聖寺鉄砲町", "JINKO": 58, "medical_area": "17_南加賀医療圏", "町丁目名": "加賀市大聖寺鉄砲町" }, "geometry": { "type": "Polygon", "coordinates": [ [ [ 136.315380943383616, 36.304917572774585 ], [ 136.315500974642447, 36.304559486365562 ], [ 136.315103961979162, 36.304343531180805 ], [ 136.315350148903633, 36.304174279103115 ], [ 136.314739697015057, 36.303684753881313 ], [ 136.313958425677271, 36.304047289476387 ], [ 136.313862895805244, 36.303641962330971 ], [ 136.313437752860011, 36.303589327433357 ], [ 136.313201685324998, 36.303795176818141 ], [ 136.313248167738124, 36.304262817229542 ], [ 136.312806318413465, 36.304409743263172 ], [ 136.312825683306841, 36.304699687729631 ], [ 136.313171652862451, 36.304626431938431 ], [ 136.313205796513699, 36.304845649459601 ], [ 136.313785247640851, 36.304756136983912 ], [ 136.315380943383616, 36.304917572774585 ] ] ] } },
{ "type": "Feature", "properties": { "CITY_NAME": "加賀市", "S_NAME": "大聖寺田原町", "JINKO": 198, "medical_area": "17_南加賀医療圏", "町丁目名": "加賀市大聖寺田原町" }, "geometry": { "type": "Polygon", "coordinates": [ [ [ 136.317318657984202, 36.305234783328203 ], [ 136.317349058049729, 36.302587561844398 ], [ 136.316024298491016, 36.301664194642761 ], [ 136.315642410807556, 36.302529489592359 ], [ 136.315939021791877, 36.302834430083209 ], [ 136.314907981311535, 36.303776040453471 ], [ 136.315350148903576, 36.304174279103115 ], [ 136.315103961979133, 36.304343531180805 ], [ 136.315500974642418, 36.304559486365562 ], [ 136.315380943383616, 36.304917572774585 ], [ 136.316590117691533, 36.304899177254171 ], [ 136.316575918249754, 36.305141215230606 ], [ 136.317070669818861, 36.305438105976108 ], [ 136.317318657984202, 36.305234783328203 ] ] ] } },
{ "type": "Feature", "properties": { "CITY_NAME": "加賀市", "S_NAME": "大聖寺弓町", "JINKO": 174, "medical_area": "17_南加賀医療圏", "町丁目名": "加賀市大聖寺弓町" }, "geometry": { "type": "Polygon", "coordinates": [ [ [ 136.318798768799468, 36.306992673326434 ], [ 136.318876689758667, 36.30676203509001 ], [ 136.319200218761381, 36.30692165672744 ], [ 136.319352735777386, 36.306759001133898 ], [ 136.319381770638529, 36.30664042472587 ], [ 136.319026931894882, 36.306512406302794 ], [ 136.319414848976436, 36.306100477923977 ], [ 136.31901739360211, 36.305867562481374 ], [ 136.318756848972669, 36.306117220919944 ], [ 136.318472661284204, 36.305956009310009 ], [ 136.318265726886438, 36.306147182731102 ], [ 136.317818839771462, 36.305900502349438 ], [ 136.318016409626722, 36.305666488307033 ], [ 136.317318657984202, 36.305234783328203 ], [ 136.317070669818861, 36.305438105976108 ], [ 136.316575918249754, 36.305141215230606 ], [ 136.316590117691533, 36.304899177254171 ], [ 136.315812963945632, 36.304866861479944 ], [ 136.31603857668631, 36.305318102221328 ], [ 136.31575809364287, 36.305736664164748 ], [ 136.316380277061228, 36.305893596222404 ], [ 136.316737417719878, 36.30632147757531 ], [ 136.317075996702528, 36.306192216298264 ], [ 136.318388169404045, 36.306816379912881 ], [ 136.31835854079884, 36.306989552915688 ], [ 136.318798768799468, 36.306992673326434 ] ] ] } },
{ "type": "Feature", "properties": { "CITY_NAME": "加賀市", "S_NAME": "大聖寺金子町", "JINKO": 53, "medical_area": "17_南加賀医療圏", "町丁目名": "加賀市大聖寺金子町" }, "geometry": { "type": "Polygon", "coordinates": [ [ [ 136.318167127319612, 36.306712083296162 ], [ 136.317075996702528, 36.306192216298264 ], [ 136.316737417719878, 36.30632147757531 ], [ 136.316561105197337, 36.306199894822008 ], [ 136.316463341638183, 36.306334773938922 ], [ 136.317310698632411, 36.307545572673192 ], [ 136.318079247374186, 36.307323074131645 ], [ 136.318167127319612, 36.306712083296162 ] ] ] } },
{ "type": "Feature", "properties": { "CITY_NAME": "加賀市", "S_NAME": "大聖寺木呂場町", "JINKO": 31, "medical_area": "17_南加賀医療圏", "町丁目名": "加賀市大聖寺木呂場町" }, "geometry": { "type": "Polygon", "coordinates": [ [ [ 136.318535371431977, 36.30805832133376 ], [ 136.318410591210949, 36.307123136332585 ], [ 136.318560745129957, 36.306994189461776 ], [ 136.318358540798897, 36.306989552915688 ], [ 136.318388169404045, 36.306816379912881 ], [ 136.318167127319612, 36.306712083296162 ], [ 136.318079247374186, 36.307323074131645 ], [ 136.317310698632411, 36.307545572673192 ], [ 136.317339174340106, 36.307815196110163 ], [ 136.317888879431422, 36.30804732887897 ], [ 136.318535371431977, 36.30805832133376 ] ] ] } },
{ "type": "Feature", "properties": { "CITY_NAME": "加賀市", "S_NAME": "大聖寺菅生町", "JINKO": 57, "medical_area": "17_南加賀医療圏", "町丁目名": "加賀市大聖寺菅生町" }, "geometry": { "type": "Polygon", "coordinates": [ [ [ 136.32018043185937, 36.307427835384189 ], [ 136.320214857939078, 36.307180871649415 ], [ 136.320490842307919, 36.307184372207495 ], [ 136.320460880152098, 36.306826163676199 ], [ 136.320199091003644, 36.306805124189779 ], [ 136.320201384721116, 36.306593244041117 ], [ 136.319381770638529, 36.30664042472587 ], [ 136.319200218761381, 36.30692165672744 ], [ 136.318876689758667, 36.30676203509001 ], [ 136.318798768799468, 36.306992673326434 ], [ 136.318410591210949, 36.307123136332585 ], [ 136.318535371431921, 36.30805832133376 ], [ 136.32018043185937, 36.307427835384189 ] ] ] } },
{ "type": "Feature", "properties": { "CITY_NAME": "加賀市", "S_NAME": "大聖寺永町", "JINKO": 479, "medical_area": "17_南加賀医療圏", "町丁目名": "加賀市大聖寺永町" }, "geometry": { "type": "Polygon", "coordinates": [ [ [ 136.324565055397414, 36.308962981410545 ], [ 136.323628424598382, 36.307161643821296 ], [ 136.322168864456472, 36.305859081908572 ], [ 136.322123478501084, 36.306388486941202 ], [ 136.321769665951877, 36.306463052387585 ], [ 136.321574926129415, 36.307047624165882 ], [ 136.321135314199012, 36.307349532810477 ], [ 136.320494814747946, 36.307420236958585 ], [ 136.320475015325343, 36.307183872474532 ], [ 136.320214857939078, 36.307180871649415 ], [ 136.32018043185937, 36.307427835384189 ], [ 136.318714317775232, 36.308017872452652 ], [ 136.317626285746201, 36.307979915113478 ], [ 136.318183250431986, 36.309795927490256 ], [ 136.318742436654333, 36.310671278085209 ], [ 136.318667759584685, 36.311364424128662 ], [ 136.320138375887325, 36.311730118188294 ], [ 136.32109914110211, 36.311643301944478 ], [ 136.321667324347345, 36.311344097711086 ], [ 136.322618800171256, 36.30937787422959 ], [ 136.324565055397414, 36.308962981410545 ] ] ] } },
{ "type": "Feature", "properties": { "CITY_NAME": "加賀市", "S_NAME": "大聖寺天神下町", "JINKO": 15, "medical_area": "17_南加賀医療圏", "町丁目名": "加賀市大聖寺天神下町" }, "geometry": { "type": "Polygon", "coordinates": [ [ [ 136.321361431279229, 36.312850906312441 ], [ 136.321765852840912, 36.312587720484224 ], [ 136.321328004566169, 36.311540748609936 ], [ 136.320871449463766, 36.311693688495993 ], [ 136.320914005004965, 36.312319925571913 ], [ 136.321361431279229, 36.312850906312441 ] ] ] } },
{ "type": "Feature", "properties": { "CITY_NAME": "加賀市", "S_NAME": "大聖寺藤ノ木町", "JINKO": 30, "medical_area": "17_南加賀医療圏", "町丁目名": "加賀市大聖寺藤ノ木町" }, "geometry": { "type": "Polygon", "coordinates": [ [ [ 136.321105364963245, 36.313417366886945 ], [ 136.321361431279229, 36.312850906312441 ], [ 136.320914005004965, 36.312319925571913 ], [ 136.320871449463766, 36.311693688495993 ], [ 136.320138375887325, 36.311730118188294 ], [ 136.318458561109679, 36.311346007121024 ], [ 136.318571529143583, 36.311670550044333 ], [ 136.319718607382924, 36.311980445991459 ], [ 136.319446072312729, 36.312235369249009 ], [ 136.319895186914579, 36.312681841023249 ], [ 136.320190899055774, 36.312656755202909 ], [ 136.320407640826829, 36.313192516026483 ], [ 136.321105364963245, 36.313417366886945 ] ] ] } },
{ "type": "Feature", "properties": { "CITY_NAME": "加賀市", "S_NAME": "大聖寺大名竹町", "JINKO": 72, "medical_area": "17_南加賀医療圏", "町丁目名": "加賀市大聖寺大名竹町" }, "geometry": { "type": "Polygon", "coordinates": [ [ [ 136.316640465646628, 36.311616084883269 ], [ 136.318667759584685, 36.311364424128641 ], [ 136.318686890472037, 36.310563052889442 ], [ 136.318505967536225, 36.310336038405431 ], [ 136.31813063328741, 36.310516160399565 ], [ 136.317954622395007, 36.310349696853827 ], [ 136.316133965820285, 36.310833017168918 ], [ 136.316202468015689, 36.311077508463228 ], [ 136.316441556971768, 36.311035167105331 ], [ 136.316640465646628, 36.311616084883269 ] ] ] } },
{ "type": "Feature", "properties": { "CITY_NAME": "加賀市", "S_NAME": "大聖寺耳聞山仲町", "JINKO": 52, "medical_area": "17_南加賀医療圏", "町丁目名": "加賀市大聖寺耳聞山仲町" }, "geometry": { "type": "Polygon", "coordinates": [ [ [ 136.318505967536225, 36.310336038405431 ], [ 136.318183250431986, 36.309795927490242 ], [ 136.316574873764552, 36.310151205217785 ], [ 136.316625491281059, 36.31046446556693 ], [ 136.316471257756319, 36.310503749329996 ], [ 136.316523697892364, 36.310633464290532 ], [ 136.316989850363996, 36.31059826124762 ], [ 136.317954622395007, 36.310349696853827 ], [ 136.31813063328741, 36.310516160399565 ], [ 136.318505967536225, 36.310336038405431 ] ] ] } },
{ "type": "Feature", "properties": { "CITY_NAME": "加賀市", "S_NAME": "大聖寺亀町", "JINKO": 37, "medical_area": "17_南加賀医療圏", "町丁目名": "加賀市大聖寺亀町" }, "geometry": { "type": "Polygon", "coordinates": [ [ [ 136.316523697892364, 36.310633464290532 ], [ 136.316574873764552, 36.310151205217785 ], [ 136.318183250431986, 36.309795927490242 ], [ 136.318042651035341, 36.309348639003808 ], [ 136.317673085798702, 36.309454447855209 ], [ 136.317726054546284, 36.309583603836174 ], [ 136.316232368798126, 36.309920010940992 ], [ 136.316349932706117, 36.310196747493578 ], [ 136.315982978970993, 36.310301794838004 ], [ 136.315877502373525, 36.310065525390343 ], [ 136.315760710649045, 36.310101694188916 ], [ 136.316133965820285, 36.310833017168918 ], [ 136.316523697892364, 36.310633464290532 ] ] ] } },
{ "type": "Feature", "properties": { "CITY_NAME": "加賀市", "S_NAME": "大聖寺麻畠町", "JINKO": 52, "medical_area": "17_南加賀医療圏", "町丁目名": "加賀市大聖寺麻畠町" }, "geometry": { "type": "Polygon", "coordinates": [ [ [ 136.314835153802363, 36.311086443509176 ], [ 136.315922810660425, 36.310802719920083 ], [ 136.315760710649045, 36.310101694188916 ], [ 136.314918139966949, 36.310368222014482 ], [ 136.31480818218273, 36.310535647497701 ], [ 136.314919573280747, 36.310771856096743 ], [ 136.314695128416645, 36.310843484564657 ], [ 136.314835153802363, 36.311086443509176 ] ] ] } },
{ "type": "Feature", "properties": { "CITY_NAME": "加賀市", "S_NAME": "大聖寺耳聞山町", "JINKO": 373, "medical_area": "17_南加賀医療圏", "町丁目名": "加賀市大聖寺耳聞山町" }, "geometry": { "type": "Polygon", "coordinates": [ [ [ 136.31491813996692, 36.310368222014482 ], [ 136.315877502373553, 36.310065525390307 ], [ 136.315982978970993, 36.310301794838004 ], [ 136.316349932706117, 36.310196747493578 ], [ 136.316232368798126, 36.309920010941006 ], [ 136.317726054546284, 36.309583603836181 ], [ 136.317673085798702, 36.309454447855202 ], [ 136.318042651035341, 36.309348639003808 ], [ 136.317626285746201, 36.307979915113478 ], [ 136.317339174340106, 36.307815196110163 ], [ 136.317310698632411, 36.307545572673192 ], [ 136.316359473616842, 36.3062628521606 ], [ 136.315903306622374, 36.306246054294455 ], [ 136.315167590062885, 36.306905066129623 ], [ 136.314949652838209, 36.307306821740312 ], [ 136.315119356164956, 36.308227158357596 ], [ 136.315034246194017, 36.308429790194459 ], [ 136.313764429735755, 36.309058938543025 ], [ 136.314011619481391, 36.309430105698141 ], [ 136.313775244567125, 36.309582934238861 ], [ 136.314156542063188, 36.310187534622244 ], [ 136.314338947563215, 36.310127205051288 ], [ 136.314695128416673, 36.310843484564657 ], [ 136.314919573280747, 36.31077185609675 ], [ 136.31480818218273, 36.310535647497701 ], [ 136.31491813996692, 36.310368222014482 ] ] ] } },
{ "type": "Feature", "properties": { "CITY_NAME": "加賀市", "S_NAME": "大聖寺新町", "JINKO": 76, "medical_area": "17_南加賀医療圏", "町丁目名": "加賀市大聖寺新町" }, "geometry": { "type": "Polygon", "coordinates": [ [ [ 136.313746508072597, 36.310997612242694 ], [ 136.313510838253961, 36.310200092741034 ], [ 136.313939276479971, 36.309785969444988 ], [ 136.313775244567125, 36.309582934238861 ], [ 136.314011619481391, 36.309430105698141 ], [ 136.313764429735755, 36.309058938543025 ], [ 136.312667950256099, 36.30996109444181 ], [ 136.312945999091085, 36.310916004025891 ], [ 136.31279675847378, 36.311254737184548 ], [ 136.313376275913583, 36.311290835795106 ], [ 136.313361019794797, 36.311166243229756 ], [ 136.313746508072597, 36.310997612242694 ] ] ] } },
{ "type": "Feature", "properties": { "CITY_NAME": "加賀市", "S_NAME": "大聖寺松ケ根町", "JINKO": 26, "medical_area": "17_南加賀医療圏", "町丁目名": "加賀市大聖寺松ケ根町" }, "geometry": { "type": "Polygon", "coordinates": [ [ [ 136.314338947563215, 36.310127205051288 ], [ 136.314156542063188, 36.310187534622244 ], [ 136.313939276479942, 36.309785969444967 ], [ 136.313743293049214, 36.309848469031067 ], [ 136.313587591555006, 36.310022326771737 ], [ 136.313673409689699, 36.310154146967356 ], [ 136.313510838253961, 36.310200092741042 ], [ 136.313598773923729, 36.310632224339344 ], [ 136.314467676675349, 36.310424652684922 ], [ 136.314338947563215, 36.310127205051288 ] ] ] } },
{ "type": "Feature", "properties": { "CITY_NAME": "加賀市", "S_NAME": "大聖寺相生町", "JINKO": 32, "medical_area": "17_南加賀医療圏", "町丁目名": "加賀市大聖寺相生町" }, "geometry": { "type": "Polygon", "coordinates": [ [ [ 136.314704233206044, 36.31086224314322 ], [ 136.314467676675349, 36.310424652684922 ], [ 136.313598773923729, 36.310632224339344 ], [ 136.313781743589033, 36.311085136703831 ], [ 136.314704233206044, 36.31086224314322 ] ] ] } },
{ "type": "Feature", "properties": { "CITY_NAME": "加賀市", "S_NAME": "大聖寺北片原町", "JINKO": 52, "medical_area": "17_南加賀医療圏", "町丁目名": "加賀市大聖寺北片原町" }, "geometry": { "type": "Polygon", "coordinates": [ [ [ 136.311662833675285, 36.311066180029414 ], [ 136.3127840372116, 36.31106531469522 ], [ 136.312945999091085, 36.310916004025891 ], [ 136.312667950256099, 36.30996109444181 ], [ 136.311707981184327, 36.310445629848978 ], [ 136.311360514305875, 36.310056808063557 ], [ 136.311171509644623, 36.310109357430825 ], [ 136.311410782681094, 36.310694587557443 ], [ 136.311655252860106, 36.310725133057332 ], [ 136.311662833675285, 36.311066180029414 ] ] ] } },
{ "type": "Feature", "properties": { "CITY_NAME": "加賀市", "S_NAME": "大聖寺番場町", "JINKO": 120, "medical_area": "17_南加賀医療圏", "町丁目名": "加賀市大聖寺番場町" }, "geometry": { "type": "Polygon", "coordinates": [ [ [ 136.307639474968852, 36.310756931184351 ], [ 136.310264521409465, 36.309996903514723 ], [ 136.310426888692774, 36.310351310267038 ], [ 136.311360514305875, 36.310056808063557 ], [ 136.310921172942074, 36.30907254299624 ], [ 136.310159857967363, 36.308623125921166 ], [ 136.309766209824147, 36.308623723589591 ], [ 136.308257960391757, 36.309278851720101 ], [ 136.307115471415187, 36.310173835346319 ], [ 136.307639474968852, 36.310756931184351 ] ] ] } },
{ "type": "Feature", "properties": { "CITY_NAME": "加賀市", "S_NAME": "大聖寺殿町", "JINKO": 43, "medical_area": "17_南加賀医療圏", "町丁目名": "加賀市大聖寺殿町" }, "geometry": { "type": "Polygon", "coordinates": [ [ [ 136.309627363585946, 36.310863699086639 ], [ 136.310213580043097, 36.310660994746485 ], [ 136.310261804322749, 36.310809376472648 ], [ 136.310749700886419, 36.310671555441473 ], [ 136.310264521409465, 36.309996903514701 ], [ 136.309388558104132, 36.310276600996318 ], [ 136.309627363585946, 36.310863699086639 ] ] ] } },
{ "type": "Feature", "properties": { "CITY_NAME": "加賀市", "S_NAME": "大聖寺新組町", "JINKO": 40, "medical_area": "17_南加賀医療圏", "町丁目名": "加賀市大聖寺新組町" }, "geometry": { "type": "Polygon", "coordinates": [ [ [ 136.308805884952648, 36.311100058724392 ], [ 136.309004420307986, 36.310805407878185 ], [ 136.309110260623925, 36.311014755916339 ], [ 136.309627363585946, 36.310863699086639 ], [ 136.309388558104132, 36.310276600996318 ], [ 136.308078924754199, 36.31067428901499 ], [ 136.308271967096942, 36.311261060279598 ], [ 136.308805884952648, 36.311100058724392 ] ] ] } },
{ "type": "Feature", "properties": { "CITY_NAME": "加賀市", "S_NAME": "大聖寺上福田町", "JINKO": 305, "medical_area": "17_南加賀医療圏", "町丁目名": "加賀市大聖寺上福田町" }, "geometry": { "type": "Polygon", "coordinates": [ [ [ 136.311660701512352, 36.312663404956218 ], [ 136.311639377178466, 36.311421441965976 ], [ 136.312113903404992, 36.311360898493092 ], [ 136.312079070603232, 36.311125129197364 ], [ 136.311663697417629, 36.311098645647995 ], [ 136.311655252860106, 36.310725133057332 ], [ 136.3108266980027, 36.310853762796889 ], [ 136.310749700886419, 36.310671555441473 ], [ 136.310261804322749, 36.310809376472676 ], [ 136.310213580043097, 36.310660994746485 ], [ 136.309110260623982, 36.311014755916339 ], [ 136.309004420307986, 36.310805407878185 ], [ 136.308887551090749, 36.310848294989093 ], [ 136.308969247092477, 36.311027831999617 ], [ 136.308271967096942, 36.311261060279598 ], [ 136.308078924754199, 36.310674289014976 ], [ 136.307205123479349, 36.310945573715273 ], [ 136.307424455181518, 36.311411431401545 ], [ 136.307369107183661, 36.311532139285042 ], [ 136.306970491056262, 36.31152417261363 ], [ 136.306958975522917, 36.311772811535654 ], [ 136.305607366602942, 36.312029175832478 ], [ 136.305573152925206, 36.313060115342687 ], [ 136.308916312677923, 36.313011485692762 ], [ 136.311660701512352, 36.312663404956218 ] ] ] } },
{ "type": "Feature", "properties": { "CITY_NAME": "加賀市", "S_NAME": "大聖寺新旗陽町", "JINKO": 37, "medical_area": "17_南加賀医療圏", "町丁目名": "加賀市大聖寺新旗陽町" }, "geometry": { "type": "Polygon", "coordinates": [ [ [ 136.311410782681094, 36.310694587557443 ], [ 136.311171509644623, 36.310109357430811 ], [ 136.310587442865852, 36.310307045104402 ], [ 136.310826698002671, 36.310853762796889 ], [ 136.311410782681094, 36.310694587557443 ] ] ] } },
{ "type": "Feature", "properties": { "CITY_NAME": "加賀市", "S_NAME": "大聖寺曙町", "JINKO": 15, "medical_area": "17_南加賀医療圏", "町丁目名": "加賀市大聖寺曙町" }, "geometry": { "type": "Polygon", "coordinates": [ [ [ 136.315966982660626, 36.311748562057701 ], [ 136.316640465646628, 36.311616084883269 ], [ 136.316441556971768, 36.311035167105331 ], [ 136.316202468015689, 36.311077508463228 ], [ 136.316033544063487, 36.310435792811589 ], [ 136.315840215782458, 36.31050218612922 ], [ 136.316015751514215, 36.31111177300383 ], [ 136.315906658327577, 36.311127932173271 ], [ 136.315966982660626, 36.311748562057701 ] ] ] } },
{ "type": "Feature", "properties": { "CITY_NAME": "加賀市", "S_NAME": "大聖寺新栄町", "JINKO": 119, "medical_area": "17_南加賀医療圏", "町丁目名": "加賀市大聖寺新栄町" }, "geometry": { "type": "Polygon", "coordinates": [ [ [ 136.315966982660655, 36.311748562057723 ], [ 136.315922810660425, 36.310802719920083 ], [ 136.315218427329711, 36.310889206928387 ], [ 136.315090602864927, 36.311091641060791 ], [ 136.314835153802363, 36.311086443509176 ], [ 136.314704233206044, 36.31086224314322 ], [ 136.313658757142832, 36.311018989866589 ], [ 136.313361019794797, 36.311166243229756 ], [ 136.313376275913583, 36.311290835795106 ], [ 136.312730409771746, 36.31124419521192 ], [ 136.312791852714639, 36.31242237087298 ], [ 136.315966982660655, 36.311748562057723 ] ] ] } },
{ "type": "Feature", "properties": { "CITY_NAME": "加賀市", "S_NAME": "大聖寺朝日町", "JINKO": 630, "medical_area": "17_南加賀医療圏", "町丁目名": "加賀市大聖寺朝日町" }, "geometry": { "type": "Polygon", "coordinates": [ [ [ 136.314066884462164, 36.316926387337411 ], [ 136.31528098018029, 36.315415312954919 ], [ 136.316843039659517, 36.314479619402114 ], [ 136.317352012235517, 36.313819554949916 ], [ 136.317432888370348, 36.312435708697947 ], [ 136.317255064352452, 36.311466181811056 ], [ 136.311203278639255, 36.312758393747217 ], [ 136.311324301453112, 36.314820318740345 ], [ 136.312966730724185, 36.314782683270188 ], [ 136.313003409323017, 36.316285761275402 ], [ 136.313685208650526, 36.316279882311527 ], [ 136.313843236848953, 36.316947396270329 ], [ 136.314066884462164, 36.316926387337411 ] ] ] } },
{ "type": "Feature", "properties": { "CITY_NAME": "加賀市", "S_NAME": "大聖寺新川町", "JINKO": 88, "medical_area": "17_南加賀医療圏", "町丁目名": "加賀市大聖寺新川町" }, "geometry": { "type": "Polygon", "coordinates": [ [ [ 136.312791852714639, 36.31242237087298 ], [ 136.312765304108495, 36.311036171684542 ], [ 136.311662833675285, 36.311066180029414 ], [ 136.312079070603232, 36.311125129197364 ], [ 136.312113903404992, 36.311360898493092 ], [ 136.311639377178466, 36.311421441965976 ], [ 136.311660701512352, 36.312663404956218 ], [ 136.312791852714639, 36.31242237087298 ] ] ] } },
{ "type": "Feature", "properties": { "CITY_NAME": "加賀市", "S_NAME": "大聖寺松島町", "JINKO": 66, "medical_area": "17_南加賀医療圏", "町丁目名": "加賀市大聖寺松島町" }, "geometry": { "type": "Polygon", "coordinates": [ [ [ 136.305573152925177, 36.313060115342708 ], [ 136.305607366602914, 36.312029175832478 ], [ 136.306958975522917, 36.311772811535626 ], [ 136.306970491056262, 36.31152417261363 ], [ 136.307369107183661, 36.311532139285042 ], [ 136.307205123479349, 36.310945573715273 ], [ 136.30763947496888, 36.310756931184351 ], [ 136.307115471415159, 36.310173835346305 ], [ 136.306092865045372, 36.311208591278621 ], [ 136.30492361280821, 36.311835875741345 ], [ 136.304966876361107, 36.312054843558727 ], [ 136.30541191446153, 36.312034495105486 ], [ 136.305375776893897, 36.313050281651691 ], [ 136.305573152925177, 36.313060115342708 ] ] ] } },
{ "type": "Feature", "properties": { "CITY_NAME": "加賀市", "S_NAME": "大聖寺松島団地", "JINKO": 29, "medical_area": "17_南加賀医療圏", "町丁目名": "加賀市大聖寺松島団地" }, "geometry": { "type": "Polygon", "coordinates": [ [ [ 136.305375776893897, 36.313050281651691 ], [ 136.30541191446153, 36.312034495105486 ], [ 136.304966876361107, 36.312054843558727 ], [ 136.30492361280821, 36.311835875741345 ], [ 136.302832765771143, 36.312094066239368 ], [ 136.302522208999221, 36.312383850381877 ], [ 136.302653159497424, 36.312610810048803 ], [ 136.303183276098025, 36.312820021235119 ], [ 136.305375776893897, 36.313050281651691 ] ] ] } },
{ "type": "Feature", "properties": { "CITY_NAME": "加賀市", "S_NAME": "大聖寺菅生", "JINKO": 141, "medical_area": "17_南加賀医療圏", "町丁目名": "加賀市大聖寺菅生" }, "geometry": { "type": "Polygon", "coordinates": [ [ [ 136.321378814525019, 36.307203568844045 ], [ 136.321691722899544, 36.30688150874176 ], [ 136.321769665951877, 36.306463052387585 ], [ 136.322123478501084, 36.306388486941202 ], [ 136.322241877970839, 36.305469776134636 ], [ 136.322164908885981, 36.300789147169461 ], [ 136.317562148101274, 36.301116033499277 ], [ 136.316658097120438, 36.302102072808779 ], [ 136.320910792137482, 36.305000984715399 ], [ 136.320723259497157, 36.305699037145587 ], [ 136.320481650346721, 36.305726759147838 ], [ 136.320436745859382, 36.306210684168704 ], [ 136.319848419340644, 36.306203844817176 ], [ 136.319865196198606, 36.306638742493682 ], [ 136.320201384721116, 36.306593244041117 ], [ 136.320199091003644, 36.306805124189779 ], [ 136.320460880152098, 36.306826163676199 ], [ 136.320494814747946, 36.307420236958585 ], [ 136.321378814525019, 36.307203568844045 ] ] ] } },
{ "type": "Feature", "properties": { "CITY_NAME": "加賀市", "S_NAME": "大聖寺敷地", "JINKO": 232, "medical_area": "17_南加賀医療圏", "町丁目名": "加賀市大聖寺敷地" }, "geometry": { "type": "Polygon", "coordinates": [ [ [ 136.326583349711996, 36.314498209292417 ], [ 136.327423770003861, 36.314368082360438 ], [ 136.326305548290776, 36.313154791133854 ], [ 136.325762353635241, 36.312181476061767 ], [ 136.324565055397414, 36.308962981410545 ], [ 136.322618800171256, 36.30937787422959 ], [ 136.321979409387893, 36.310914444026352 ], [ 136.321328004566169, 36.311540748609936 ], [ 136.321765852840912, 36.312587720484224 ], [ 136.321265257392611, 36.31294334234066 ], [ 136.321105364963245, 36.313417366886945 ], [ 136.322137512374212, 36.314270651766648 ], [ 136.322285343664106, 36.314172172709661 ], [ 136.325424683949166, 36.31460366455449 ], [ 136.325929046940701, 36.315475672809967 ], [ 136.326417376879931, 36.315621966908829 ], [ 136.326490523308678, 36.315461947697635 ], [ 136.325930810669689, 36.314874428991878 ], [ 136.326583349711996, 36.314498209292417 ] ] ] } },
{ "type": "Feature", "properties": { "CITY_NAME": "加賀市", "S_NAME": "大聖寺東敷地町", "JINKO": 146, "medical_area": "17_南加賀医療圏", "町丁目名": "加賀市大聖寺東敷地町" }, "geometry": { "type": "Polygon", "coordinates": [ [ [ 136.332274682038872, 36.318147801958489 ], [ 136.332770374860303, 36.316952655228192 ], [ 136.332784943965578, 36.316320096696863 ], [ 136.329501650025236, 36.315492053954131 ], [ 136.327423770003861, 36.314368082360438 ], [ 136.326583349711996, 36.314498209292417 ], [ 136.325930810669689, 36.314874428991878 ], [ 136.32691274490611, 36.315720780833253 ], [ 136.329548770396343, 36.316544362587081 ], [ 136.330556229570277, 36.317092402337437 ], [ 136.331215842543429, 36.31768313494625 ], [ 136.332274682038872, 36.318147801958489 ] ] ] } },
{ "type": "Feature", "properties": { "CITY_NAME": "加賀市", "S_NAME": "大聖寺春日町", "JINKO": 170, "medical_area": "17_南加賀医療圏", "町丁目名": "加賀市大聖寺春日町" }, "geometry": { "type": "Polygon", "coordinates": [ [ [ 136.33158013978624, 36.317853114036701 ], [ 136.329548770396343, 36.316544362587081 ], [ 136.327874108932292, 36.316118266740254 ], [ 136.326490523308678, 36.315461947697635 ], [ 136.326417376879931, 36.315621966908829 ], [ 136.326132003966251, 36.315549973983643 ], [ 136.326061773529176, 36.316159184780581 ], [ 136.327350227089568, 36.316730737428792 ], [ 136.327503704636257, 36.316519284179826 ], [ 136.328633893023721, 36.317003813592812 ], [ 136.328670358409795, 36.317319642016088 ], [ 136.329845351757399, 36.317334316626187 ], [ 136.329934033594526, 36.317974707744149 ], [ 136.330872698042469, 36.317773041887939 ], [ 136.331136806496033, 36.3178822275813 ], [ 136.332860984048949, 36.319145893283675 ], [ 136.333194189795165, 36.319736484124235 ], [ 136.333486941935718, 36.319656922632539 ], [ 136.332842408020127, 36.31839865449551 ], [ 136.33158013978624, 36.317853114036701 ] ] ] } },
{ "type": "Feature", "properties": { "CITY_NAME": "加賀市", "S_NAME": "大聖寺敷地", "JINKO": 70, "medical_area": "17_南加賀医療圏", "町丁目名": "加賀市大聖寺敷地" }, "geometry": { "type": "Polygon", "coordinates": [ [ [ 136.327338332973056, 36.317344653477164 ], [ 136.328441154205876, 36.317412523471141 ], [ 136.328670358409795, 36.317319642016088 ], [ 136.328633893023721, 36.317003813592812 ], [ 136.327503704636257, 36.316519284179826 ], [ 136.327350227089568, 36.316730737428792 ], [ 136.326061773529176, 36.316159184780581 ], [ 136.326387660823343, 36.31693864955642 ], [ 136.32615194424281, 36.317151703926783 ], [ 136.326609264116627, 36.317545654275669 ], [ 136.327338332973056, 36.317344653477164 ] ] ] } },
{ "type": "Feature", "properties": { "CITY_NAME": "加賀市", "S_NAME": "大聖寺平床", "JINKO": 136, "medical_area": "17_南加賀医療圏", "町丁目名": "加賀市大聖寺平床" }, "geometry": { "type": "Polygon", "coordinates": [ [ [ 136.32957459101317, 36.328034624747836 ], [ 136.329295223639093, 36.327362833925335 ], [ 136.328459156327, 36.326397338281133 ], [ 136.328562973059149, 36.325378295101913 ], [ 136.329454993320923, 36.324826341352946 ], [ 136.329506608563776, 36.324466031886836 ], [ 136.329255542004688, 36.324371967081909 ], [ 136.328602582280098, 36.323405569526955 ], [ 136.328533234483643, 36.322941368448461 ], [ 136.328232493426214, 36.322537787361085 ], [ 136.328252696346482, 36.321640529879382 ], [ 136.328535673371789, 36.320725786889092 ], [ 136.328276648036535, 36.320140031261552 ], [ 136.328402057921522, 36.319827484065939 ], [ 136.328992188465691, 36.319464475730243 ], [ 136.329210348335721, 36.318916428605085 ], [ 136.330215438678039, 36.317955202853213 ], [ 136.329849858606423, 36.317905435031115 ], [ 136.329845351757399, 36.317334316626187 ], [ 136.329288956229931, 36.317270325590904 ], [ 136.32822850948844, 36.317453945024567 ], [ 136.327513555006846, 36.317328704661627 ], [ 136.326609264116684, 36.317545654275669 ], [ 136.32615194424281, 36.317151703926783 ], [ 136.326387660823343, 36.31693864955642 ], [ 136.326061773529233, 36.316159184780567 ], [ 136.326132003966251, 36.315549973983643 ], [ 136.325854657425651, 36.315378829070553 ], [ 136.325668198523658, 36.314830124439816 ], [ 136.325424683949166, 36.314603664554483 ], [ 136.322285343664106, 36.314172172709661 ], [ 136.32213751237424, 36.31427065176662 ], [ 136.321105364963245, 36.313417366886945 ], [ 136.320111050727206, 36.313017142018786 ], [ 136.319138003604877, 36.313216378047983 ], [ 136.318705638826287, 36.313704947736575 ], [ 136.318776671725459, 36.314005992825059 ], [ 136.319750051905658, 36.31499829052099 ], [ 136.319651041193623, 36.315328230026637 ], [ 136.319377941868055, 36.315553859609203 ], [ 136.318947396518865, 36.3151428989311 ], [ 136.318173161814855, 36.31486475481443 ], [ 136.317864490827247, 36.31495276097786 ], [ 136.31748617837647, 36.315589815281463 ], [ 136.317283822250744, 36.3156613948047 ], [ 136.317199024181349, 36.314673234854439 ], [ 136.316843039659517, 36.314479619402114 ], [ 136.31528098018029, 36.315415312954897 ], [ 136.314142089258894, 36.316859189589252 ], [ 136.314136612815275, 36.317082488146148 ], [ 136.315364840377612, 36.317575429483014 ], [ 136.315544567266244, 36.3177691350324 ], [ 136.315926610243935, 36.319199992039493 ], [ 136.316650317264987, 36.319519118762038 ], [ 136.31707605999182, 36.320133996018832 ], [ 136.318101767269894, 36.320961396711539 ], [ 136.318573677197094, 36.320986214971235 ], [ 136.318757053388453, 36.3212064862362 ], [ 136.318799017032745, 36.321743514880261 ], [ 136.318454571148237, 36.322434505323358 ], [ 136.318580938854893, 36.323751460768996 ], [ 136.318720797601969, 36.324070174361289 ], [ 136.319191918315056, 36.323968595977398 ], [ 136.319453877156519, 36.324277083903411 ], [ 136.319336263893092, 36.324806645533528 ], [ 136.319714342381047, 36.325425472759264 ], [ 136.319719957281848, 36.325880639741733 ], [ 136.320102643784054, 36.325823215713143 ], [ 136.320711839808695, 36.327152167163881 ], [ 136.321909426663552, 36.328038694855053 ], [ 136.3224594734547, 36.327720556940172 ], [ 136.322518511766702, 36.327158472804932 ], [ 136.322780839109925, 36.326949939694757 ], [ 136.323073490392119, 36.327368512641499 ], [ 136.323698534003853, 36.327471667434047 ], [ 136.323492003632452, 36.327678447183949 ], [ 136.323530311227984, 36.328065160286549 ], [ 136.325181813925809, 36.32844175087844 ], [ 136.326651466895953, 36.328469257976693 ], [ 136.327428843740506, 36.327974495398976 ], [ 136.328136727529596, 36.327769076280227 ], [ 136.328834508283421, 36.327776078107625 ], [ 136.32957459101317, 36.328034624747836 ] ] ] } },
{ "type": "Feature", "properties": { "CITY_NAME": "加賀市", "S_NAME": "大聖寺岡町", "JINKO": 157, "medical_area": "17_南加賀医療圏", "町丁目名": "加賀市大聖寺岡町" }, "geometry": { "type": "Polygon", "coordinates": [ [ [ 136.316843039659517, 36.314479619402114 ], [ 136.317199024181349, 36.314673234854439 ], [ 136.317283822250744, 36.3156613948047 ], [ 136.31748617837647, 36.315589815281463 ], [ 136.317864490827247, 36.31495276097786 ], [ 136.318173161814855, 36.31486475481443 ], [ 136.318947396518865, 36.3151428989311 ], [ 136.319377941868055, 36.315553859609203 ], [ 136.319651041193623, 36.315328230026637 ], [ 136.319750051905658, 36.31499829052099 ], [ 136.318776671725459, 36.314005992825059 ], [ 136.318705638826287, 36.313704947736575 ], [ 136.319138003604877, 36.313216378047983 ], [ 136.319505687922089, 36.313068694312172 ], [ 136.320111050727206, 36.313017142018786 ], [ 136.320407640826829, 36.313192516026483 ], [ 136.32023379323735, 36.312704620313959 ], [ 136.319895186914579, 36.312681841023249 ], [ 136.319446072312729, 36.312235369249009 ], [ 136.319718607382924, 36.311980445991459 ], [ 136.318571529143583, 36.311670550044333 ], [ 136.318458561109679, 36.311346007121024 ], [ 136.317255064352452, 36.311466181811056 ], [ 136.317432888370348, 36.312435708697947 ], [ 136.317403463416753, 36.313656042787741 ], [ 136.316843039659517, 36.314479619402114 ] ] ] } },
{ "type": "Feature", "properties": { "CITY_NAME": "加賀市", "S_NAME": "大聖寺畑町", "JINKO": 49, "medical_area": "17_南加賀医療圏", "町丁目名": "加賀市大聖寺畑町" }, "geometry": { "type": "Polygon", "coordinates": [ [ [ 136.308214671110221, 36.317782267466278 ], [ 136.309373926248497, 36.317779832955118 ], [ 136.310522824756447, 36.317521833350646 ], [ 136.310949250249109, 36.317335937704833 ], [ 136.311416377759826, 36.316832607847346 ], [ 136.311886104971393, 36.31705497031701 ], [ 136.3117606223461, 36.317376090795285 ], [ 136.313328091287644, 36.317164002131065 ], [ 136.314050829462133, 36.317785300910273 ], [ 136.315175363046308, 36.317806186903383 ], [ 136.315670390640747, 36.318167452913734 ], [ 136.315509697297188, 36.317711503776763 ], [ 136.315234408840723, 36.317472935989628 ], [ 136.314227214821926, 36.317167202243375 ], [ 136.314142089258894, 36.316859189589266 ], [ 136.313967104732257, 36.316973343436743 ], [ 136.31375313907489, 36.316864305940143 ], [ 136.313685208650526, 36.316279882311527 ], [ 136.313003409323017, 36.316285761275402 ], [ 136.312966730724185, 36.314782683270188 ], [ 136.311324301453112, 36.314820318740345 ], [ 136.311203278639255, 36.312758393747217 ], [ 136.308019514686947, 36.313069447597584 ], [ 136.303731146383399, 36.312894627640837 ], [ 136.303581063203097, 36.3160142478362 ], [ 136.305057107066062, 36.316632441391782 ], [ 136.305922680948157, 36.317527482843367 ], [ 136.306831462910083, 36.317634942527633 ], [ 136.307356782209837, 36.318111019491106 ], [ 136.307733240858056, 36.318135194581473 ], [ 136.308214671110221, 36.317782267466278 ] ] ] } },
{ "type": "Feature", "properties": { "CITY_NAME": "加賀市", "S_NAME": "大聖寺畑山町", "JINKO": 75, "medical_area": "17_南加賀医療圏", "町丁目名": "加賀市大聖寺畑山町" }, "geometry": { "type": "Polygon", "coordinates": [ [ [ 136.318720797601969, 36.324070174361289 ], [ 136.31853479862491, 36.323600844400779 ], [ 136.318454571148237, 36.322434505323358 ], [ 136.318799017032745, 36.321743514880261 ], [ 136.318757053388453, 36.3212064862362 ], [ 136.318573677197094, 36.320986214971235 ], [ 136.318101767269894, 36.320961396711539 ], [ 136.31707605999182, 36.320133996018832 ], [ 136.316650317264987, 36.319519118762038 ], [ 136.315926610243935, 36.319199992039493 ], [ 136.315670390640719, 36.318167452913734 ], [ 136.315175363046251, 36.317806186903375 ], [ 136.314219809049092, 36.317855189014622 ], [ 136.313328091287616, 36.317164002131086 ], [ 136.3117606223461, 36.317376090795257 ], [ 136.311886104971393, 36.31705497031701 ], [ 136.311416377759826, 36.316832607847353 ], [ 136.310949250249109, 36.317335937704833 ], [ 136.310522824756447, 36.317521833350618 ], [ 136.309373926248497, 36.317779832955118 ], [ 136.308214671110221, 36.317782267466256 ], [ 136.307552520533108, 36.318168223170879 ], [ 136.306831462910083, 36.317634942527633 ], [ 136.305922680948157, 36.317527482843367 ], [ 136.305057107066062, 36.316632441391782 ], [ 136.303581063203097, 36.3160142478362 ], [ 136.303297353550363, 36.320781937590716 ], [ 136.304295987720934, 36.321930859889697 ], [ 136.305037656275317, 36.323401528339197 ], [ 136.306670681806565, 36.323762844591812 ], [ 136.308499725412332, 36.323348185090765 ], [ 136.310858510035587, 36.323867958531416 ], [ 136.311468219575232, 36.323553390840416 ], [ 136.312117751758734, 36.323584112850462 ], [ 136.313861525060133, 36.324212867511065 ], [ 136.314699325517068, 36.324005699022457 ], [ 136.315822304556036, 36.324058143216782 ], [ 136.317536476800257, 36.324628406644457 ], [ 136.318720797601969, 36.324070174361289 ] ] ] } },
{ "type": "Feature", "properties": { "CITY_NAME": "加賀市", "S_NAME": "大聖寺下福田町", "JINKO": 252, "medical_area": "17_南加賀医療圏", "町丁目名": "加賀市大聖寺下福田町" }, "geometry": { "type": "Polygon", "coordinates": [ [ [ 136.295007367095138, 36.309231836652408 ], [ 136.28604403395525, 36.30368630087289 ], [ 136.285389757335878, 36.30525881940185 ], [ 136.285483004977721, 36.307005474214591 ], [ 136.28604765483496, 36.308552323256023 ], [ 136.287056741080846, 36.310381333827557 ], [ 136.288087016400311, 36.311853756701453 ], [ 136.289419235243287, 36.313363129029028 ], [ 136.290522862828027, 36.314383958917979 ], [ 136.291915027965899, 36.315263639211537 ], [ 136.296371474853458, 36.316694262648099 ], [ 136.298937173172135, 36.318459858806712 ], [ 136.301903735687176, 36.319696973793171 ], [ 136.303297353550363, 36.320781937590716 ], [ 136.303731146383399, 36.312894627640837 ], [ 136.301945549449187, 36.312513958218808 ], [ 136.295007367095138, 36.309231836652408 ] ] ] } },
{ "type": "Feature", "properties": { "CITY_NAME": "加賀市", "S_NAME": "大聖寺荻生町", "JINKO": 57, "medical_area": "17_南加賀医療圏", "町丁目名": "加賀市大聖寺荻生町" }, "geometry": { "type": "Polygon", "coordinates": [ [ [ 136.306752831358267, 36.308879982419278 ], [ 136.306447084374327, 36.308504999947026 ], [ 136.305641633443003, 36.308258581329603 ], [ 136.305203334292116, 36.307945339899888 ], [ 136.305290048776044, 36.307678229744781 ], [ 136.306260396002614, 36.307555832629525 ], [ 136.306467983007366, 36.307387461366339 ], [ 136.306220867049859, 36.306807442162111 ], [ 136.305309747466794, 36.306821164960624 ], [ 136.304966913502511, 36.306671327627342 ], [ 136.304905373598984, 36.306295562729161 ], [ 136.305169820121705, 36.306043074781094 ], [ 136.305083982267405, 36.305851575962357 ], [ 136.304520649178869, 36.305834597739178 ], [ 136.301900830470288, 36.304743307811762 ], [ 136.300521892713363, 36.304569943865538 ], [ 136.298400046192199, 36.303999763679499 ], [ 136.29807223754068, 36.303830792789654 ], [ 136.298098561650846, 36.30361422473711 ], [ 136.297227224457146, 36.30320567591334 ], [ 136.298192206121058, 36.304833077689025 ], [ 136.298157487810016, 36.305484684523769 ], [ 136.297367041115933, 36.306821567252634 ], [ 136.297401982535234, 36.308625559931762 ], [ 136.297194724374066, 36.308738893826096 ], [ 136.296747218986894, 36.308654141271745 ], [ 136.296121655311055, 36.306886583899384 ], [ 136.295451015260369, 36.306498388245714 ], [ 136.295136558043993, 36.305973829084813 ], [ 136.294902183761963, 36.305038760866303 ], [ 136.294394318173346, 36.304416538197358 ], [ 136.293704168247103, 36.30393186836659 ], [ 136.29276336427688, 36.303771295550895 ], [ 136.291806534607758, 36.304025421078897 ], [ 136.290199604914505, 36.304911817172346 ], [ 136.289274024547524, 36.305720881170075 ], [ 136.295007367095138, 36.309231836652408 ], [ 136.301732961174991, 36.31242433975379 ], [ 136.302809615588501, 36.312757441562979 ], [ 136.303183276098025, 36.312820021235119 ], [ 136.302533953809672, 36.312454802127277 ], [ 136.302832765771143, 36.312094066239389 ], [ 136.304711801479129, 36.311896803768967 ], [ 136.305803733105478, 36.311418340302929 ], [ 136.306007972312131, 36.30968881397861 ], [ 136.306762286736927, 36.309349438010265 ], [ 136.306752831358267, 36.308879982419278 ] ] ] } },
{ "type": "Feature", "properties": { "CITY_NAME": "加賀市", "S_NAME": "大聖寺三ツ町", "JINKO": 66, "medical_area": "17_南加賀医療圏", "町丁目名": "加賀市大聖寺三ツ町" }, "geometry": { "type": "Polygon", "coordinates": [ [ [ 136.29276336427688, 36.303771295550895 ], [ 136.293704168247103, 36.30393186836659 ], [ 136.294489214549145, 36.304526507018906 ], [ 136.294748898954396, 36.304422819541358 ], [ 136.293509657984316, 36.301530862610662 ], [ 136.291981315270931, 36.301937338251726 ], [ 136.291865573474951, 36.301840699838266 ], [ 136.292043331690479, 36.301135852870921 ], [ 136.291981335610046, 36.300370954904999 ], [ 136.291599361705778, 36.300140067101765 ], [ 136.290198561546163, 36.301190686502089 ], [ 136.287449111068668, 36.302333309165725 ], [ 136.286755411014298, 36.302850937754584 ], [ 136.28604403395525, 36.30368630087289 ], [ 136.289274024547524, 36.305720881170075 ], [ 136.290667294077224, 36.30462081998386 ], [ 136.291806534607758, 36.304025421078897 ], [ 136.29276336427688, 36.303771295550895 ] ] ] } },
{ "type": "Feature", "properties": { "CITY_NAME": "加賀市", "S_NAME": "大聖寺錦城ケ丘町", "JINKO": 416, "medical_area": "17_南加賀医療圏", "町丁目名": "加賀市大聖寺錦城ケ丘町" }, "geometry": { "type": "Polygon", "coordinates": [ [ [ 136.298192206121058, 36.304833077689025 ], [ 136.297227224457146, 36.30320567591334 ], [ 136.296274475015736, 36.302820926204532 ], [ 136.295232663717883, 36.301764267096559 ], [ 136.294405732385684, 36.301542503244576 ], [ 136.293509657984316, 36.301530862610662 ], [ 136.294748898954396, 36.304422819541358 ], [ 136.294489214549145, 36.304526507018906 ], [ 136.294902183761963, 36.305038760866303 ], [ 136.295136558043993, 36.305973829084813 ], [ 136.295451015260369, 36.306498388245714 ], [ 136.296121655311055, 36.306886583899384 ], [ 136.296648387387393, 36.308490457678779 ], [ 136.296892673277767, 36.308747787875404 ], [ 136.297401982535234, 36.308625559931762 ], [ 136.297367041115933, 36.306821567252634 ], [ 136.298157487810016, 36.305484684523769 ], [ 136.298192206121058, 36.304833077689025 ] ], [ [ 136.295286130637862, 36.303634120763974 ], [ 136.296071668760703, 36.303567633699444 ], [ 136.295986533878278, 36.304229998560238 ], [ 136.29529558423593, 36.304230497320845 ], [ 136.295286130637862, 36.303634120763974 ] ] ] } },
{ "type": "Feature", "properties": { "CITY_NAME": "加賀市", "S_NAME": "大聖寺錦城ケ丘町大聖寺雇用促進住宅", "JINKO": 38, "medical_area": "17_南加賀医療圏", "町丁目名": "加賀市大聖寺錦城ケ丘町大聖寺雇用促進住宅" }, "geometry": { "type": "Polygon", "coordinates": [ [ [ 136.296071668760732, 36.303567633699444 ], [ 136.295286130637862, 36.303634120763974 ], [ 136.29529558423593, 36.304230497320845 ], [ 136.295986533878278, 36.304229998560231 ], [ 136.296071668760732, 36.303567633699444 ] ] ] } },
{ "type": "Feature", "properties": { "CITY_NAME": "加賀市", "S_NAME": "大聖寺上木町", "JINKO": 353, "medical_area": "17_南加賀医療圏", "町丁目名": "加賀市大聖寺上木町" }, "geometry": { "type": "Polygon", "coordinates": [ [ [ 136.271723621010096, 36.29168877945736 ], [ 136.269219386500282, 36.290836983400553 ], [ 136.266236321724449, 36.296243404343976 ], [ 136.266717619248197, 36.296442759638879 ], [ 136.266496056765163, 36.297035670094331 ], [ 136.258487574920366, 36.304765434136783 ], [ 136.260544985580196, 36.306222087921583 ], [ 136.261532507001078, 36.306715347553855 ], [ 136.261979189867532, 36.307181946437765 ], [ 136.262165343826979, 36.307641190425144 ], [ 136.26393927185174, 36.308783843934947 ], [ 136.264626482317453, 36.309539766548234 ], [ 136.267437999412635, 36.311678847517847 ], [ 136.268416694212249, 36.312754170346054 ], [ 136.269858840281387, 36.313905941019662 ], [ 136.271578029017917, 36.315871804520242 ], [ 136.273609914304757, 36.317371375555808 ], [ 136.276121551971301, 36.319777497908319 ], [ 136.277403279634626, 36.318262351157529 ], [ 136.283620275180311, 36.311971199459215 ], [ 136.28659788549831, 36.309596404044989 ], [ 136.285683457352917, 36.307698732810358 ], [ 136.285353215110916, 36.306256020052921 ], [ 136.28544357350475, 36.304975601829575 ], [ 136.28604403395525, 36.30368630087289 ], [ 136.278346237937853, 36.298808944264607 ], [ 136.276629404269443, 36.297264773253005 ], [ 136.273320166047938, 36.292718098354641 ], [ 136.271723621010096, 36.29168877945736 ] ] ] } },
{ "type": "Feature", "properties": { "CITY_NAME": "加賀市", "S_NAME": "大聖寺瀬越町", "JINKO": 129, "medical_area": "17_南加賀医療圏", "町丁目名": "加賀市大聖寺瀬越町" }, "geometry": { "type": "Polygon", "coordinates": [ [ [ 136.266236321724449, 36.296243404343976 ], [ 136.269219386500282, 36.290836983400553 ], [ 136.267808246705641, 36.290522591481974 ], [ 136.266949187032139, 36.290678865635684 ], [ 136.265460616948559, 36.291637595966662 ], [ 136.263046865668628, 36.293570707479951 ], [ 136.262449479376926, 36.293899240438883 ], [ 136.260945289316368, 36.294303563193182 ], [ 136.25891966864441, 36.294392724514573 ], [ 136.256707785623291, 36.293879157179155 ], [ 136.25534898514141, 36.293805075586228 ], [ 136.255161222118517, 36.294730074432472 ], [ 136.256551249814152, 36.294753015177385 ], [ 136.257007021255362, 36.295042954964622 ], [ 136.256612378052353, 36.303436305501073 ], [ 136.258487574920366, 36.304765434136783 ], [ 136.266496056765163, 36.297035670094331 ], [ 136.266717619248197, 36.296442759638879 ], [ 136.266236321724449, 36.296243404343976 ] ] ] } },
{ "type": "Feature", "properties": { "CITY_NAME": "加賀市", "S_NAME": "大聖寺東町", "JINKO": 258, "medical_area": "17_南加賀医療圏", "町丁目名": "加賀市大聖寺東町" }, "geometry": { "type": "Polygon", "coordinates": [ [ [ 136.319782184112057, 36.306672937805018 ], [ 136.319848419340644, 36.306203844817176 ], [ 136.320436745859382, 36.306210684168704 ], [ 136.320481650346721, 36.305726759147838 ], [ 136.320723259497157, 36.305699037145587 ], [ 136.320910792137482, 36.305000984715399 ], [ 136.317349058049729, 36.302587561844398 ], [ 136.317318657984202, 36.305234783328203 ], [ 136.318016409626722, 36.305666488307033 ], [ 136.317818839771462, 36.305900502349438 ], [ 136.318265726886438, 36.306147182731102 ], [ 136.318472661284204, 36.305956009310009 ], [ 136.318756848972669, 36.306117220919944 ], [ 136.31901739360211, 36.305867562481374 ], [ 136.319414848976436, 36.306100477923977 ], [ 136.319026931894882, 36.306512406302794 ], [ 136.319782184112057, 36.306672937805018 ] ] ] } },
{ "type": "Feature", "properties": { "CITY_NAME": "加賀市", "S_NAME": "大聖寺緑ケ丘町", "JINKO": 228, "medical_area": "17_南加賀医療圏", "町丁目名": "加賀市大聖寺緑ケ丘町" }, "geometry": { "type": "Polygon", "coordinates": [ [ [ 136.298212367349805, 36.301761994959129 ], [ 136.297895092273819, 36.300989860723014 ], [ 136.296959565865762, 36.30056014274912 ], [ 136.296997605825766, 36.300385414020596 ], [ 136.297435983093891, 36.300121006525977 ], [ 136.298510462315051, 36.299888501393177 ], [ 136.297654227103379, 36.299368815023151 ], [ 136.297973351732878, 36.298743356255287 ], [ 136.298445765111381, 36.298546081447114 ], [ 136.298089066705586, 36.297557255857207 ], [ 136.298332422882766, 36.297367694916232 ], [ 136.29817283343769, 36.297122651833547 ], [ 136.297856830803028, 36.297205975173121 ], [ 136.297763508667742, 36.296887155398117 ], [ 136.298041569188769, 36.296811667658282 ], [ 136.297861136500217, 36.296617489303927 ], [ 136.297675201105193, 36.296492293636078 ], [ 136.292338192609179, 36.297352709207907 ], [ 136.292425424350171, 36.297984469744968 ], [ 136.292295542741329, 36.298920543185488 ], [ 136.291599361705778, 36.300140067101765 ], [ 136.291981335610046, 36.300370954904999 ], [ 136.292043331690479, 36.301135852870921 ], [ 136.291865573474951, 36.301840699838266 ], [ 136.291981315270931, 36.301937338251726 ], [ 136.293509657984316, 36.301530862610662 ], [ 136.294690162535261, 36.301582528157063 ], [ 136.295232663717883, 36.301764267096559 ], [ 136.296274475015736, 36.302820926204532 ], [ 136.297020488851587, 36.303108766424067 ], [ 136.298140852493333, 36.302327432374511 ], [ 136.298212367349805, 36.301761994959129 ] ] ] } },
{ "type": "Feature", "properties": { "CITY_NAME": "加賀市", "S_NAME": "山代温泉", "JINKO": 546, "medical_area": "17_南加賀医療圏", "町丁目名": "加賀市山代温泉" }, "geometry": { "type": "Polygon", "coordinates": [ [ [ 136.369886710110819, 36.293988848162371 ], [ 136.370610561481215, 36.2927596865132 ], [ 136.371014271112216, 36.291357011368845 ], [ 136.37011936658817, 36.290156275014532 ], [ 136.369162462521871, 36.288367861499417 ], [ 136.370141960375122, 36.288062061183282 ], [ 136.370521487008489, 36.288935074634878 ], [ 136.371851029259858, 36.288723985479777 ], [ 136.372025986989485, 36.289112143574727 ], [ 136.372261684237344, 36.289119888333609 ], [ 136.372186936438084, 36.29060782073514 ], [ 136.372604088510712, 36.290621544284477 ], [ 136.372564527939971, 36.291409951325697 ], [ 136.37297815396613, 36.291128169945935 ], [ 136.373281965668099, 36.288670126972491 ], [ 136.372730042757553, 36.288654085340269 ], [ 136.371819953274439, 36.284373788551299 ], [ 136.374297197726946, 36.285219810902596 ], [ 136.376397795833014, 36.276234254530863 ], [ 136.362562553142368, 36.276226662395565 ], [ 136.35956457075801, 36.278324333056467 ], [ 136.35988510695833, 36.278880692388519 ], [ 136.360409040538656, 36.278921700746757 ], [ 136.360457819393588, 36.279302489100736 ], [ 136.360203615890867, 36.279617481149735 ], [ 136.360075231665519, 36.280473979295657 ], [ 136.360712536693882, 36.281980981016581 ], [ 136.361464784750126, 36.282967593745155 ], [ 136.361416815822366, 36.283691806004768 ], [ 136.361677307984934, 36.28411121234258 ], [ 136.361466195157902, 36.284623996169394 ], [ 136.361414813218772, 36.285350226091154 ], [ 136.361707264391299, 36.285478209030899 ], [ 136.36184231028443, 36.285877021365373 ], [ 136.362235473954371, 36.286013056122023 ], [ 136.362850853158903, 36.2866813517984 ], [ 136.362724498189749, 36.286790888381908 ], [ 136.362108654325567, 36.286709739450622 ], [ 136.36236121402348, 36.287352523648686 ], [ 136.361282812861759, 36.287243879982682 ], [ 136.360707257402453, 36.287735183303639 ], [ 136.361311580245228, 36.289149147796593 ], [ 136.362067720901479, 36.289137284058114 ], [ 136.362359652702395, 36.289749334931329 ], [ 136.362560604877501, 36.289684887158515 ], [ 136.362705102916181, 36.289892722785694 ], [ 136.363093395332129, 36.28981055784449 ], [ 136.363199883257522, 36.29034961265706 ], [ 136.36465402491703, 36.291691658676243 ], [ 136.365063913245649, 36.291905109749436 ], [ 136.36677898196325, 36.291889709471306 ], [ 136.36696065867477, 36.292180207286584 ], [ 136.366887898712804, 36.292415243884939 ], [ 136.367601447919156, 36.29277921072525 ], [ 136.367482280960559, 36.293138669877813 ], [ 136.367631036919221, 36.293399918504186 ], [ 136.36898930883433, 36.293194426691336 ], [ 136.36947458813205, 36.293359994146329 ], [ 136.369886710110819, 36.293988848162371 ] ] ] } },
{ "type": "Feature", "properties": { "CITY_NAME": "加賀市", "S_NAME": "山代温泉", "JINKO": 970, "medical_area": "17_南加賀医療圏", "町丁目名": "加賀市山代温泉" }, "geometry": { "type": "Polygon", "coordinates": [ [ [ 136.368446403601922, 36.301885536366953 ], [ 136.368700718209595, 36.301862308539512 ], [ 136.368680122931437, 36.303081287926538 ], [ 136.369824860230466, 36.303233188152817 ], [ 136.370164748448275, 36.303049745195494 ], [ 136.370064662891338, 36.302909597398163 ], [ 136.370225153167382, 36.301925380481556 ], [ 136.370893296883111, 36.301186579756568 ], [ 136.370489256186545, 36.300776603685797 ], [ 136.370435133686044, 36.300436196584137 ], [ 136.371721723230252, 36.299471862278615 ], [ 136.372251622970339, 36.297875173245679 ], [ 136.372876656973034, 36.29737740807623 ], [ 136.373213880151496, 36.296767218888874 ], [ 136.37100283402691, 36.295326472348584 ], [ 136.371135831302666, 36.295231141570049 ], [ 136.371192259322981, 36.294676225401005 ], [ 136.370769996029537, 36.293939878874383 ], [ 136.370267422086755, 36.294174504172304 ], [ 136.369908127962191, 36.294089291259731 ], [ 136.36947458813205, 36.293359994146329 ], [ 136.368786705127093, 36.293147378364608 ], [ 136.367631036919221, 36.293399918504186 ], [ 136.367482280960559, 36.293138669877813 ], [ 136.367601447919156, 36.29277921072525 ], [ 136.366887898712804, 36.292415243884939 ], [ 136.36696065867477, 36.292180207286584 ], [ 136.36677898196325, 36.291889709471306 ], [ 136.364992319857663, 36.291889561044975 ], [ 136.364299768493623, 36.291345557619685 ], [ 136.363141926558541, 36.292014815763537 ], [ 136.363515061316775, 36.292801306715219 ], [ 136.363854042883389, 36.294468345288536 ], [ 136.364078301930192, 36.294829648322306 ], [ 136.363765863709574, 36.295035578335046 ], [ 136.364050525431907, 36.296555990917774 ], [ 136.363460008680704, 36.296881125798777 ], [ 136.362882657380482, 36.29695680956744 ], [ 136.363186087783362, 36.298588141059106 ], [ 136.362031005425223, 36.298773934472976 ], [ 136.362036974161327, 36.298971862089473 ], [ 136.359942606151151, 36.300067598241256 ], [ 136.358965215771519, 36.30015886865673 ], [ 136.358990379327821, 36.30183452022581 ], [ 136.362795801032348, 36.302131378654011 ], [ 136.364741878642974, 36.30183438943606 ], [ 136.364395273202263, 36.304642586805215 ], [ 136.367937669638138, 36.303818662123028 ], [ 136.368178817770314, 36.303406720136159 ], [ 136.368446403601922, 36.301885536366953 ] ] ] } },
{ "type": "Feature", "properties": { "CITY_NAME": "加賀市", "S_NAME": "山代温泉", "JINKO": 2421, "medical_area": "17_南加賀医療圏", "町丁目名": "加賀市山代温泉" }, "geometry": { "type": "Polygon", "coordinates": [ [ [ 136.363854042883389, 36.294468345288536 ], [ 136.363515061316775, 36.292801306715219 ], [ 136.363140568961256, 36.292859325206763 ], [ 136.360675142529999, 36.291845395879683 ], [ 136.360288994801209, 36.292959868833123 ], [ 136.358860253132377, 36.292280502773764 ], [ 136.356888960067892, 36.290697864242908 ], [ 136.353507032475619, 36.292775981725711 ], [ 136.353703593791806, 36.293144278361169 ], [ 136.354581593584783, 36.293931850344755 ], [ 136.354676114767472, 36.294529341148447 ], [ 136.354312253336388, 36.295791400187149 ], [ 136.35353524647752, 36.29660020002661 ], [ 136.353506439946131, 36.297489494130161 ], [ 136.353064126608984, 36.298312677223414 ], [ 136.352941608116481, 36.29947241209215 ], [ 136.352528090420662, 36.300401930428471 ], [ 136.35688331458482, 36.30051295390345 ], [ 136.356827461734156, 36.301649311284798 ], [ 136.358992827790246, 36.301740503915298 ], [ 136.358965215771519, 36.30015886865673 ], [ 136.359942606151151, 36.300067598241256 ], [ 136.362036974161327, 36.298971862089473 ], [ 136.362031005425223, 36.298773934472976 ], [ 136.363186087783362, 36.298588141059106 ], [ 136.362882657380482, 36.29695680956744 ], [ 136.363460008680704, 36.296881125798777 ], [ 136.364050525431907, 36.296555990917774 ], [ 136.363765863709574, 36.295035578335046 ], [ 136.364078301930192, 36.294829648322306 ], [ 136.363854042883389, 36.294468345288536 ] ] ] } },
{ "type": "Feature", "properties": { "CITY_NAME": "加賀市", "S_NAME": "山代温泉", "JINKO": 2312, "medical_area": "17_南加賀医療圏", "町丁目名": "加賀市山代温泉" }, "geometry": { "type": "Polygon", "coordinates": [ [ [ 136.360288994801209, 36.292959868833123 ], [ 136.360675142529999, 36.291845395879683 ], [ 136.363140568961256, 36.292859325206763 ], [ 136.363515061316775, 36.292801306715219 ], [ 136.363141926558541, 36.292014815763537 ], [ 136.364299768493623, 36.291345557619685 ], [ 136.363199883257522, 36.29034961265706 ], [ 136.363093395332129, 36.28981055784449 ], [ 136.362705102916181, 36.289892722785694 ], [ 136.362560604877501, 36.289684887158515 ], [ 136.362359652702395, 36.289749334931329 ], [ 136.362067720901479, 36.289137284058114 ], [ 136.361311580245228, 36.289149147796593 ], [ 136.360707257402453, 36.287735183303639 ], [ 136.361282812861759, 36.287243879982682 ], [ 136.362412328501705, 36.287320777094024 ], [ 136.362108654325567, 36.286709739450622 ], [ 136.362724498189749, 36.286790888381908 ], [ 136.362850853158903, 36.2866813517984 ], [ 136.362235473954371, 36.286013056122023 ], [ 136.361618839807676, 36.285781099838033 ], [ 136.361062330270386, 36.285791472115839 ], [ 136.360279692360479, 36.28582918528825 ], [ 136.359888047836506, 36.286094947626871 ], [ 136.359783027622683, 36.285179633284713 ], [ 136.355302724458483, 36.285549758152008 ], [ 136.354737766569258, 36.287441555378159 ], [ 136.351429776344844, 36.285657529131491 ], [ 136.350732992021449, 36.28596914467461 ], [ 136.351131022941075, 36.286036672253289 ], [ 136.351243209964196, 36.288049863078186 ], [ 136.352583514982967, 36.288128298373465 ], [ 136.353718683777174, 36.288573672613346 ], [ 136.353435606813036, 36.291027600445055 ], [ 136.353570137900903, 36.291271712006669 ], [ 136.353507032475619, 36.292775981725711 ], [ 136.356888960067892, 36.290697864242908 ], [ 136.358860253132377, 36.292280502773764 ], [ 136.360288994801209, 36.292959868833123 ] ] ] } },
{ "type": "Feature", "properties": { "CITY_NAME": "加賀市", "S_NAME": "山代温泉", "JINKO": 1646, "medical_area": "17_南加賀医療圏", "町丁目名": "加賀市山代温泉" }, "geometry": { "type": "Polygon", "coordinates": [ [ [ 136.355302724458483, 36.285549758152008 ], [ 136.359783027622683, 36.285179633284713 ], [ 136.359888047836506, 36.286094947626871 ], [ 136.360279692360479, 36.28582918528825 ], [ 136.36184231028443, 36.285877021365373 ], [ 136.361707264391299, 36.285478209030899 ], [ 136.361414813218772, 36.285350226091154 ], [ 136.361466195157902, 36.284623996169394 ], [ 136.361677307984934, 36.28411121234258 ], [ 136.361416815822366, 36.283691806004768 ], [ 136.361464784750126, 36.282967593745155 ], [ 136.360712536693882, 36.281980981016581 ], [ 136.360075231665519, 36.280473979295657 ], [ 136.360203615890867, 36.279617481149735 ], [ 136.360457819393588, 36.279302489100736 ], [ 136.360409040538656, 36.278921700746757 ], [ 136.35988510695833, 36.278880692388519 ], [ 136.35956457075801, 36.278324333056467 ], [ 136.355724779604088, 36.278563766195411 ], [ 136.355337335010347, 36.279988629043835 ], [ 136.354708343137759, 36.280729438975101 ], [ 136.354450161965161, 36.281316753291691 ], [ 136.353744214108133, 36.280973687759236 ], [ 136.35296410058271, 36.280831313096265 ], [ 136.352459091516948, 36.284200438658438 ], [ 136.352183634611094, 36.28489115066526 ], [ 136.351429776344844, 36.285657529131491 ], [ 136.354737766569258, 36.287441555378159 ], [ 136.355302724458483, 36.285549758152008 ] ] ] } },
{ "type": "Feature", "properties": { "CITY_NAME": "加賀市", "S_NAME": "山代温泉", "JINKO": 339, "medical_area": "17_南加賀医療圏", "町丁目名": "加賀市山代温泉" }, "geometry": { "type": "Polygon", "coordinates": [ [ [ 136.372110651770498, 36.294305282720849 ], [ 136.372121730248324, 36.294044854007055 ], [ 136.371717240674201, 36.29359627285821 ], [ 136.371920564514994, 36.293315401077969 ], [ 136.37179069574276, 36.2929313275243 ], [ 136.372564527939971, 36.291409951325697 ], [ 136.372604088510712, 36.290621544284477 ], [ 136.372186936438084, 36.29060782073514 ], [ 136.372261684237344, 36.289119888333609 ], [ 136.372025986989485, 36.289112143574727 ], [ 136.371851029259858, 36.288723985479777 ], [ 136.370521487008489, 36.288935074634878 ], [ 136.370141960375122, 36.288062061183282 ], [ 136.369162462521871, 36.288367861499417 ], [ 136.37011936658817, 36.290156275014532 ], [ 136.371014271112216, 36.291357011368845 ], [ 136.370610561481215, 36.2927596865132 ], [ 136.369808308194905, 36.294043896822579 ], [ 136.370267422086755, 36.294174504172304 ], [ 136.370769996029537, 36.293939878874383 ], [ 136.371192259322981, 36.294676225401005 ], [ 136.371135831302666, 36.295231141570049 ], [ 136.37100283402691, 36.295326472348584 ], [ 136.371225353444373, 36.295434430336336 ], [ 136.372110651770498, 36.294305282720849 ] ] ] } },
{ "type": "Feature", "properties": { "CITY_NAME": "加賀市", "S_NAME": "尾俣町", "JINKO": 112, "medical_area": "17_南加賀医療圏", "町丁目名": "加賀市尾俣町" }, "geometry": { "type": "Polygon", "coordinates": [ [ [ 136.372627965687826, 36.296375191528512 ], [ 136.372534219587976, 36.295635738317706 ], [ 136.372700646415922, 36.295468703541573 ], [ 136.372677715797209, 36.29515672217115 ], [ 136.373219436174395, 36.294956183423842 ], [ 136.373326090830631, 36.2940695090603 ], [ 136.373690294238259, 36.293515893432364 ], [ 136.374064246124135, 36.291903807357016 ], [ 136.373993273357485, 36.291182084861148 ], [ 136.374162212071866, 36.290670986085722 ], [ 136.374679094654084, 36.29055834102715 ], [ 136.381664480760122, 36.281471337279342 ], [ 136.380005958315593, 36.273265190026528 ], [ 136.378479432041473, 36.267327679616429 ], [ 136.374297197726946, 36.285219810902596 ], [ 136.371819953274439, 36.284373788551299 ], [ 136.372730042757553, 36.288654085340269 ], [ 136.373281965668099, 36.288670126972491 ], [ 136.373097130717383, 36.290887891846637 ], [ 136.37232116700838, 36.29167700193107 ], [ 136.37230109838967, 36.292146632015573 ], [ 136.37179069574276, 36.2929313275243 ], [ 136.371920564514994, 36.293315401077969 ], [ 136.371743710713815, 36.293747549493254 ], [ 136.372121730248324, 36.294044854007055 ], [ 136.372100946798412, 36.294421765427863 ], [ 136.371511332243585, 36.294945696283683 ], [ 136.371225353444373, 36.295434430336336 ], [ 136.372627965687826, 36.296375191528512 ] ] ] } },
{ "type": "Feature", "properties": { "CITY_NAME": "加賀市", "S_NAME": "桂谷町", "JINKO": 26, "medical_area": "17_南加賀医療圏", "町丁目名": "加賀市桂谷町" }, "geometry": { "type": "Polygon", "coordinates": [ [ [ 136.362562553142368, 36.276226662395565 ], [ 136.376397795833014, 36.276234254530863 ], [ 136.378479432041445, 36.267327679616429 ], [ 136.388065321585827, 36.25658760200745 ], [ 136.388003447337297, 36.256252979941564 ], [ 136.388403347933405, 36.255745451112503 ], [ 136.388412863885947, 36.25552269998402 ], [ 136.388060297169602, 36.255274142943108 ], [ 136.386472375884267, 36.25501162395738 ], [ 136.385890846534608, 36.254474238211877 ], [ 136.384708634511469, 36.254231967622225 ], [ 136.384381601508466, 36.253238877772311 ], [ 136.384478068027363, 36.25228375070138 ], [ 136.384209998869977, 36.251924317606388 ], [ 136.381701012240626, 36.251403605077023 ], [ 136.38137384362085, 36.251512864355341 ], [ 136.381567611241195, 36.253144221610683 ], [ 136.381489482365652, 36.254070141121083 ], [ 136.380843111604236, 36.254939571900152 ], [ 136.380138032561376, 36.255169469562254 ], [ 136.379682751841756, 36.255049205580612 ], [ 136.379010037176926, 36.254575691566835 ], [ 136.378437325349182, 36.254601243583046 ], [ 136.377700686396565, 36.255798411363109 ], [ 136.376065622406827, 36.256626091524844 ], [ 136.375209324019437, 36.258191847515263 ], [ 136.372504260317896, 36.261275684559791 ], [ 136.371512557095343, 36.261890634849919 ], [ 136.371159450069513, 36.26293947360373 ], [ 136.368956944504959, 36.265025067388116 ], [ 136.369320597744462, 36.266250172250309 ], [ 136.365864601186502, 36.273153825264437 ], [ 136.362562553142368, 36.276226662395565 ] ] ] } },
{ "type": "Feature", "properties": { "CITY_NAME": "加賀市", "S_NAME": "河南町", "JINKO": 380, "medical_area": "17_南加賀医療圏", "町丁目名": "加賀市河南町" }, "geometry": { "type": "Polygon", "coordinates": [ [ [ 136.352459091516948, 36.284200438658438 ], [ 136.35296410058271, 36.280831313096265 ], [ 136.353744214108133, 36.280973687759236 ], [ 136.354450161965161, 36.281316753291691 ], [ 136.354708343137759, 36.280729438975101 ], [ 136.355337335010347, 36.279988629043835 ], [ 136.355691564018542, 36.278992231446743 ], [ 136.355743803039218, 36.278002499459426 ], [ 136.354185211452261, 36.277925630151955 ], [ 136.353412176022914, 36.277547608783173 ], [ 136.35368768917948, 36.276428280079429 ], [ 136.354226135036214, 36.275519553621088 ], [ 136.354540927144996, 36.274451062674331 ], [ 136.340890795286384, 36.270890716373863 ], [ 136.341033048123336, 36.274553841848373 ], [ 136.348341691407967, 36.280106110672719 ], [ 136.348262841249237, 36.281553867677154 ], [ 136.348619494691008, 36.281901068760533 ], [ 136.348927367736565, 36.28274004867172 ], [ 136.348369314882376, 36.283733674941011 ], [ 136.347286744435138, 36.289611107806515 ], [ 136.348992494187826, 36.289708192685247 ], [ 136.34920532686462, 36.288014912748658 ], [ 136.349579961841016, 36.287224815928163 ], [ 136.349915190641099, 36.286760267908711 ], [ 136.35088293710848, 36.28599243594946 ], [ 136.350732992021449, 36.28596914467461 ], [ 136.351429776344844, 36.285657529131491 ], [ 136.352183634611094, 36.28489115066526 ], [ 136.352459091516948, 36.284200438658438 ] ] ] } },
{ "type": "Feature", "properties": { "CITY_NAME": "加賀市", "S_NAME": "淀町", "JINKO": 89, "medical_area": "17_南加賀医療圏", "町丁目名": "加賀市淀町" }, "geometry": { "type": "Polygon", "coordinates": [ [ [ 136.355782033836562, 36.274666685307174 ], [ 136.354570160682101, 36.27437379254863 ], [ 136.354226135036214, 36.275519553621088 ], [ 136.35368768917948, 36.276428280079429 ], [ 136.353412176022914, 36.277547608783173 ], [ 136.353662225698599, 36.277718803727026 ], [ 136.353781086800979, 36.277417518824286 ], [ 136.355430278610783, 36.275939028695156 ], [ 136.355750713970906, 36.275198135357961 ], [ 136.355782033836562, 36.274666685307174 ] ] ] } },
{ "type": "Feature", "properties": { "CITY_NAME": "加賀市", "S_NAME": "荒木町", "JINKO": 69, "medical_area": "17_南加賀医療圏", "町丁目名": "加賀市荒木町" }, "geometry": { "type": "Polygon", "coordinates": [ [ [ 136.348341691407967, 36.280106110672719 ], [ 136.341033048123336, 36.274553841848373 ], [ 136.341289079486472, 36.288585093792328 ], [ 136.343248812781894, 36.289269991451519 ], [ 136.347286744435138, 36.289611107806515 ], [ 136.348369314882376, 36.283733674941011 ], [ 136.348927367736565, 36.28274004867172 ], [ 136.348619494691008, 36.281901068760533 ], [ 136.348262841249237, 36.281553867677154 ], [ 136.348341691407967, 36.280106110672719 ] ] ] } },
{ "type": "Feature", "properties": { "CITY_NAME": "加賀市", "S_NAME": "別所町", "JINKO": 1170, "medical_area": "17_南加賀医療圏", "町丁目名": "加賀市別所町" }, "geometry": { "type": "Polygon", "coordinates": [ [ [ 136.355724779604088, 36.278563766195411 ], [ 136.35956457075801, 36.278324333056467 ], [ 136.362562553142368, 36.276226662395565 ], [ 136.36586460118653, 36.273153825264437 ], [ 136.369320597744462, 36.266250172250309 ], [ 136.368956944504959, 36.265025067388116 ], [ 136.371159450069513, 36.26293947360373 ], [ 136.370427158072744, 36.262056541498175 ], [ 136.369142096100546, 36.261073047410171 ], [ 136.367538868399265, 36.263893278137687 ], [ 136.36610299813438, 36.264277765669682 ], [ 136.365245701413357, 36.264715362226788 ], [ 136.362995184497805, 36.266928043026255 ], [ 136.363585205699792, 36.267343177087461 ], [ 136.363391999752849, 36.267548057128991 ], [ 136.362094207277011, 36.268347654316457 ], [ 136.360115938636682, 36.269180620707239 ], [ 136.358784000069278, 36.270640032819465 ], [ 136.359004849318183, 36.270884896448152 ], [ 136.359146973818724, 36.271479513550673 ], [ 136.35895964617157, 36.27192224909237 ], [ 136.358772940029411, 36.271907821714549 ], [ 136.358298845293717, 36.272595280705417 ], [ 136.357502988400086, 36.272182083736283 ], [ 136.35659791277763, 36.273496430919543 ], [ 136.356667788184836, 36.273802780450119 ], [ 136.356954354173013, 36.273982311717852 ], [ 136.357943651256988, 36.274146866666122 ], [ 136.357695817343711, 36.27514336827771 ], [ 136.355782033836562, 36.274666685307174 ], [ 136.355750713970906, 36.275198135357961 ], [ 136.355430278610783, 36.275939028695156 ], [ 136.353691835391885, 36.277605504747982 ], [ 136.353662225698599, 36.277718803727026 ], [ 136.354185211452261, 36.277925630151955 ], [ 136.355743803039218, 36.278002499459426 ], [ 136.355724779604088, 36.278563766195411 ] ] ] } },
{ "type": "Feature", "properties": { "CITY_NAME": "加賀市", "S_NAME": "加茂町", "JINKO": 381, "medical_area": "17_南加賀医療圏", "町丁目名": "加賀市加茂町" }, "geometry": { "type": "Polygon", "coordinates": [ [ [ 136.362300880897408, 36.314873750588177 ], [ 136.362351488341801, 36.314427457536446 ], [ 136.362921334218129, 36.314468529024403 ], [ 136.362762247541582, 36.313838437242516 ], [ 136.365342259791646, 36.314047416417274 ], [ 136.366008900765053, 36.308493475431327 ], [ 136.366318994118103, 36.308504772720333 ], [ 136.366504702884981, 36.307646592463279 ], [ 136.36668355083134, 36.307655463135234 ], [ 136.367107378923009, 36.304067223448065 ], [ 136.364395273202263, 36.304642586805215 ], [ 136.364741878642974, 36.30183438943606 ], [ 136.362795801032348, 36.302131378654011 ], [ 136.356827461734156, 36.301649311284798 ], [ 136.356477042634538, 36.306193279888376 ], [ 136.355922250443513, 36.306233520869043 ], [ 136.355881657806663, 36.307490346111472 ], [ 136.355368492026543, 36.309841793519659 ], [ 136.354784863133887, 36.311082883993819 ], [ 136.354222912306454, 36.31180937920665 ], [ 136.353541165882746, 36.312543814605256 ], [ 136.353204351967719, 36.312523953379035 ], [ 136.352996227254152, 36.314251483433999 ], [ 136.362300880897408, 36.314873750588177 ] ] ] } },
{ "type": "Feature", "properties": { "CITY_NAME": "加賀市", "S_NAME": "西島町", "JINKO": 228, "medical_area": "17_南加賀医療圏", "町丁目名": "加賀市西島町" }, "geometry": { "type": "Polygon", "coordinates": [ [ [ 136.365775630118947, 36.320023129481385 ], [ 136.36613042832596, 36.317164264537062 ], [ 136.369667848949831, 36.317405918139599 ], [ 136.369914944763423, 36.315215547358818 ], [ 136.370505086239575, 36.315263794570818 ], [ 136.370835169287488, 36.313601786203819 ], [ 136.37242580636169, 36.313799952823686 ], [ 136.373246630608975, 36.309625803664332 ], [ 136.373405681695516, 36.307596218220915 ], [ 136.372478749583195, 36.306409087902232 ], [ 136.372532353208186, 36.305883873125431 ], [ 136.370164748448275, 36.303049745195494 ], [ 136.369824860230466, 36.303233188152817 ], [ 136.368680122931437, 36.303081287926538 ], [ 136.368671364317009, 36.301840743787857 ], [ 136.368408703053746, 36.301974494428428 ], [ 136.368073213449634, 36.303680155289797 ], [ 136.367811238949429, 36.303899422227666 ], [ 136.367107378923009, 36.304067223448065 ], [ 136.36668355083134, 36.307655463135234 ], [ 136.366504702884981, 36.307646592463279 ], [ 136.366318994118103, 36.308504772720333 ], [ 136.366008900765053, 36.308493475431327 ], [ 136.365342259791646, 36.314047416417274 ], [ 136.362762247541582, 36.313838437242516 ], [ 136.362921334218129, 36.314468529024403 ], [ 136.362351488341801, 36.314427457536446 ], [ 136.362300880897408, 36.314873750588177 ], [ 136.363034072187389, 36.314910322415834 ], [ 136.362923635868356, 36.319837328208891 ], [ 136.365775630118947, 36.320023129481385 ] ] ] } },
{ "type": "Feature", "properties": { "CITY_NAME": "加賀市", "S_NAME": "七日市町", "JINKO": 73, "medical_area": "17_南加賀医療圏", "町丁目名": "加賀市七日市町" }, "geometry": { "type": "Polygon", "coordinates": [ [ [ 136.372418456791905, 36.320453110284369 ], [ 136.372842076596953, 36.316384620319219 ], [ 136.372960120013289, 36.316394731875796 ], [ 136.373120862892137, 36.315882805610912 ], [ 136.373166343533086, 36.314622483761063 ], [ 136.373601182691544, 36.313932799488143 ], [ 136.370835169287488, 36.313601786203819 ], [ 136.370505086239575, 36.315263794570818 ], [ 136.369914944763423, 36.315215547358818 ], [ 136.369667848949831, 36.317405918139599 ], [ 136.36613042832596, 36.317164264537062 ], [ 136.365775630118947, 36.320023129481385 ], [ 136.372418456791905, 36.320453110284369 ] ] ] } },
{ "type": "Feature", "properties": { "CITY_NAME": "加賀市", "S_NAME": "七日市新町", "JINKO": 168, "medical_area": "17_南加賀医療圏", "町丁目名": "加賀市七日市新町" }, "geometry": { "type": "Polygon", "coordinates": [ [ [ 136.374834093710945, 36.308324109252986 ], [ 136.375288763016755, 36.306855247839017 ], [ 136.374513167907935, 36.307061584815735 ], [ 136.374169661416971, 36.305770535014673 ], [ 136.373906532753153, 36.305812551399868 ], [ 136.37399280890213, 36.306063322142371 ], [ 136.373547544037933, 36.306163553196008 ], [ 136.3736055976903, 36.306529822316342 ], [ 136.373148325498448, 36.30666436723282 ], [ 136.372849051017937, 36.306083861612251 ], [ 136.372488585120294, 36.306194052566099 ], [ 136.37282180180236, 36.306978549243787 ], [ 136.373988968561804, 36.308281967188776 ], [ 136.374834093710945, 36.308324109252986 ] ] ] } },
{ "type": "Feature", "properties": { "CITY_NAME": "加賀市", "S_NAME": "庄町", "JINKO": 394, "medical_area": "17_南加賀医療圏", "町丁目名": "加賀市庄町" }, "geometry": { "type": "Polygon", "coordinates": [ [ [ 136.379419039091431, 36.326533307309553 ], [ 136.379677243075832, 36.318937696698342 ], [ 136.378505606147314, 36.318908647051288 ], [ 136.378718546096877, 36.31262518313121 ], [ 136.378887021532847, 36.312628687194028 ], [ 136.378907702573485, 36.312336981982334 ], [ 136.378204534380103, 36.31200699052831 ], [ 136.379459468623082, 36.311406405975248 ], [ 136.379506592273657, 36.310716917350952 ], [ 136.379211101508474, 36.310679696908736 ], [ 136.379123232349798, 36.311052180469105 ], [ 136.377685358234658, 36.310796937474109 ], [ 136.375088140016402, 36.309224460655521 ], [ 136.374834093710945, 36.308324109252986 ], [ 136.373988968561832, 36.308281967188776 ], [ 136.373405681695516, 36.307596218220915 ], [ 136.373246630608975, 36.309625803664332 ], [ 136.37242580636169, 36.313799952823686 ], [ 136.373601182691544, 36.313932799488143 ], [ 136.373166343533086, 36.314622483761063 ], [ 136.373120862892137, 36.315882805610912 ], [ 136.372960120013289, 36.316394731875796 ], [ 136.372842076596953, 36.316384620319219 ], [ 136.372418456791905, 36.320453110284369 ], [ 136.373708778644158, 36.320517539072569 ], [ 136.373522730061779, 36.326271374837532 ], [ 136.378234148677222, 36.326296300729766 ], [ 136.379419039091431, 36.326533307309553 ] ] ] } },
{ "type": "Feature", "properties": { "CITY_NAME": "加賀市", "S_NAME": "桑原町", "JINKO": 305, "medical_area": "17_南加賀医療圏", "町丁目名": "加賀市桑原町" }, "geometry": { "type": "Polygon", "coordinates": [ [ [ 136.379656908576379, 36.319524026067121 ], [ 136.383283162763405, 36.319512032866257 ], [ 136.382947688456539, 36.318702115222585 ], [ 136.384460582800557, 36.318745110944299 ], [ 136.385454242186938, 36.318561311394994 ], [ 136.386211332101396, 36.318771084359923 ], [ 136.387362239257726, 36.319484031153969 ], [ 136.387888144128993, 36.319040620798745 ], [ 136.388309579781804, 36.318086947490762 ], [ 136.388379328238159, 36.317476822639556 ], [ 136.389126083947929, 36.315686563868006 ], [ 136.389071924083993, 36.314893834771595 ], [ 136.388793611351844, 36.314105984337971 ], [ 136.388120566067244, 36.312787635783209 ], [ 136.387644290261733, 36.312190002634303 ], [ 136.386006087537339, 36.311063186340462 ], [ 136.385478101046488, 36.309547870510116 ], [ 136.384787366913912, 36.308904562727996 ], [ 136.383092245941413, 36.308739617707161 ], [ 136.383044586710866, 36.308920960590349 ], [ 136.383486932610339, 36.309112874555559 ], [ 136.382856165745693, 36.308990135687296 ], [ 136.382912500649951, 36.311140449576982 ], [ 136.379611915279924, 36.311212763849404 ], [ 136.379227083261611, 36.311581917438907 ], [ 136.378204534380103, 36.31200699052831 ], [ 136.378907702573485, 36.312336981982334 ], [ 136.378887021532847, 36.312628687194028 ], [ 136.378718546096877, 36.31262518313121 ], [ 136.378505606147314, 36.318908647051288 ], [ 136.379677243075832, 36.318937696698342 ], [ 136.379656908576379, 36.319524026067121 ] ] ] } },
{ "type": "Feature", "properties": { "CITY_NAME": "加賀市", "S_NAME": "若葉台", "JINKO": 512, "medical_area": "17_南加賀医療圏", "町丁目名": "加賀市若葉台" }, "geometry": { "type": "Polygon", "coordinates": [ [ [ 136.375288763016755, 36.306855247839017 ], [ 136.376468459903748, 36.30480850635913 ], [ 136.377874301922418, 36.30197986219337 ], [ 136.377126556155332, 36.302379888487962 ], [ 136.374856692624149, 36.302208528311034 ], [ 136.373462333730799, 36.303514257368349 ], [ 136.373670939439819, 36.303890888911162 ], [ 136.373571586826444, 36.305120774257183 ], [ 136.373845858975329, 36.305696431200083 ], [ 136.372849051017937, 36.306083861612251 ], [ 136.373148325498448, 36.306664367232834 ], [ 136.3736055976903, 36.306529822316342 ], [ 136.373547544037933, 36.306163553195994 ], [ 136.37399280890213, 36.306063322142386 ], [ 136.37390653275321, 36.305812551399875 ], [ 136.374169661416971, 36.305770535014673 ], [ 136.374513167907992, 36.307061584815777 ], [ 136.375288763016755, 36.306855247839017 ] ] ] } },
{ "type": "Feature", "properties": { "CITY_NAME": "加賀市", "S_NAME": "勅使町", "JINKO": 259, "medical_area": "17_南加賀医療圏", "町丁目名": "加賀市勅使町" }, "geometry": { "type": "Polygon", "coordinates": [ [ [ 136.387905555370594, 36.304955188397521 ], [ 136.396033219019557, 36.304940944344501 ], [ 136.395675048948164, 36.303876644598049 ], [ 136.395227161945655, 36.303549375939831 ], [ 136.394338208759024, 36.301517867198093 ], [ 136.393630986134667, 36.300562475074543 ], [ 136.392257464831005, 36.299372977390938 ], [ 136.392010265633843, 36.299363946525929 ], [ 136.391967060970103, 36.298640837622031 ], [ 136.391103721212801, 36.298865687439388 ], [ 136.389801884617555, 36.300117603701224 ], [ 136.388136496024771, 36.30233203599866 ], [ 136.387905555370594, 36.304955188397521 ] ] ] } },
{ "type": "Feature", "properties": { "CITY_NAME": "加賀市", "S_NAME": "宇谷町", "JINKO": 265, "medical_area": "17_南加賀医療圏", "町丁目名": "加賀市宇谷町" }, "geometry": { "type": "Polygon", "coordinates": [ [ [ 136.409407673334101, 36.303853104874115 ], [ 136.41539768325552, 36.302843597679548 ], [ 136.415132719147067, 36.302726353669861 ], [ 136.414291740894413, 36.302987706406803 ], [ 136.413325827630842, 36.303025136082326 ], [ 136.412961669237404, 36.302198408529613 ], [ 136.413299817888202, 36.301048384626981 ], [ 136.412783363107934, 36.300257345051556 ], [ 136.412697837549103, 36.299808397701348 ], [ 136.414278858386496, 36.298885143256889 ], [ 136.41486451837838, 36.297925335224441 ], [ 136.415174372856768, 36.29683652294456 ], [ 136.415446848818874, 36.296523114879562 ], [ 136.415314919624677, 36.296231419549407 ], [ 136.413651956563342, 36.295572569217946 ], [ 136.413401441651615, 36.295158932024513 ], [ 136.413319186673561, 36.2943706489935 ], [ 136.413552617478928, 36.293451035952273 ], [ 136.414235270998972, 36.292522140729147 ], [ 136.415490559592939, 36.292760290743566 ], [ 136.415806149885071, 36.292628970167129 ], [ 136.4158602804184, 36.292453567182605 ], [ 136.415467852476468, 36.28966363045776 ], [ 136.414769697433144, 36.288553736088204 ], [ 136.412986256985533, 36.2876796179198 ], [ 136.412861988618261, 36.286550181909263 ], [ 136.411708961315242, 36.285179778825139 ], [ 136.412288594068883, 36.283800032719824 ], [ 136.3970986511859, 36.295478382563566 ], [ 136.391967060970103, 36.298640837622031 ], [ 136.392010265633843, 36.299363946525929 ], [ 136.392257464831005, 36.299372977390938 ], [ 136.393340582561677, 36.300286313083603 ], [ 136.394338208759024, 36.301517867198093 ], [ 136.395227161945655, 36.303549375939831 ], [ 136.395675048948164, 36.303876644598049 ], [ 136.396210674899635, 36.305524059608707 ], [ 136.397218427900498, 36.304746297350924 ], [ 136.399850399261453, 36.303737064309516 ], [ 136.399795033858396, 36.304744482414691 ], [ 136.399028446594968, 36.30564499233332 ], [ 136.407621156794306, 36.304361426752806 ], [ 136.409407673334101, 36.303853104874115 ] ] ] } },
{ "type": "Feature", "properties": { "CITY_NAME": "加賀市", "S_NAME": "栄谷町", "JINKO": 209, "medical_area": "17_南加賀医療圏", "町丁目名": "加賀市栄谷町" }, "geometry": { "type": "Polygon", "coordinates": [ [ [ 136.404575893273574, 36.32006901435286 ], [ 136.404064738993497, 36.319094525193812 ], [ 136.404357861644939, 36.318816976394885 ], [ 136.404454881061469, 36.318136816638663 ], [ 136.404343497560518, 36.317763576034011 ], [ 136.404678604072188, 36.31767703105961 ], [ 136.404930506319289, 36.317977975770482 ], [ 136.405582177832144, 36.317805890770366 ], [ 136.405238862757528, 36.317090505447759 ], [ 136.404344647735002, 36.316439271354866 ], [ 136.404842086728422, 36.316031431750254 ], [ 136.404852162735409, 36.315684453699212 ], [ 136.403838920503091, 36.315464974819136 ], [ 136.40363985629088, 36.315912138232804 ], [ 136.402625687047305, 36.315493598225352 ], [ 136.402786965822827, 36.31507650837974 ], [ 136.402389329118336, 36.314395299119973 ], [ 136.402839422361552, 36.314301222585328 ], [ 136.403036713145411, 36.314035844350286 ], [ 136.403040850100155, 36.313611695228431 ], [ 136.402198134938629, 36.312503466462914 ], [ 136.401944698778493, 36.311623216565138 ], [ 136.402126464407445, 36.311406218021077 ], [ 136.402908186971331, 36.311096098294982 ], [ 136.403396430112849, 36.310166008706943 ], [ 136.404166946711513, 36.310995070250058 ], [ 136.404675151456843, 36.311095264250483 ], [ 136.404901883032267, 36.310878546274758 ], [ 136.405042293590242, 36.310297717076764 ], [ 136.405808355686446, 36.310048101458925 ], [ 136.406429505061681, 36.30931275524113 ], [ 136.406926184577003, 36.309049306336405 ], [ 136.40784920887242, 36.30883095211297 ], [ 136.409435118667517, 36.308962185085605 ], [ 136.410611097204679, 36.308133416881866 ], [ 136.411257315077933, 36.307895120394811 ], [ 136.411533234356114, 36.307230297224876 ], [ 136.412546958095703, 36.306145952889054 ], [ 136.412742944719611, 36.306001758277013 ], [ 136.413693278402604, 36.306050138641588 ], [ 136.415126250036877, 36.304956297377281 ], [ 136.414697242123367, 36.304420349773295 ], [ 136.414671893880382, 36.303935420419585 ], [ 136.415474748648137, 36.302970891277127 ], [ 136.41539768325552, 36.302843597679548 ], [ 136.409407673334101, 36.303853104874115 ], [ 136.407621156794306, 36.304361426752806 ], [ 136.399028446594968, 36.30564499233332 ], [ 136.399795033858396, 36.304744482414691 ], [ 136.399850399261453, 36.303737064309516 ], [ 136.397218427900498, 36.304746297350924 ], [ 136.395566888462696, 36.306025868232425 ], [ 136.395427855529903, 36.30665513497771 ], [ 136.395752157272113, 36.308367934439488 ], [ 136.395361638874761, 36.309190156000604 ], [ 136.394658258949022, 36.309926986517731 ], [ 136.395931808994732, 36.309894446467766 ], [ 136.395824997005036, 36.310740749533409 ], [ 136.395052352409266, 36.311760705622447 ], [ 136.394851652255767, 36.312608257419612 ], [ 136.393982964710034, 36.313149360892631 ], [ 136.393649133978101, 36.31356609535117 ], [ 136.39366479265982, 36.313927464302289 ], [ 136.39477308924009, 36.314347092226335 ], [ 136.395757211444192, 36.315406770028318 ], [ 136.396366668707429, 36.317596093060118 ], [ 136.396843538583312, 36.317771356390537 ], [ 136.399300226137541, 36.317345502159412 ], [ 136.400054142739492, 36.317589829849886 ], [ 136.401123639618874, 36.318339522695013 ], [ 136.401697893881106, 36.319021755912125 ], [ 136.401872405406777, 36.319388750113596 ], [ 136.401719483386159, 36.319902239444623 ], [ 136.402591691381531, 36.31981466495121 ], [ 136.402983344475587, 36.320114309092631 ], [ 136.402935915623885, 36.320482085749454 ], [ 136.403230509816808, 36.320625866039002 ], [ 136.404306770398534, 36.320411019975502 ], [ 136.404575893273574, 36.32006901435286 ] ] ] } },
{ "type": "Feature", "properties": { "CITY_NAME": "加賀市", "S_NAME": "松山町", "JINKO": 94, "medical_area": "17_南加賀医療圏", "町丁目名": "加賀市松山町" }, "geometry": { "type": "Polygon", "coordinates": [ [ [ 136.38797669945285, 36.318875705275033 ], [ 136.3924775772511, 36.318956726662378 ], [ 136.392526308113389, 36.317899929861149 ], [ 136.392708332605594, 36.317862949264367 ], [ 136.392605944032624, 36.317500877689675 ], [ 136.392076181069598, 36.316921884554539 ], [ 136.392222759291002, 36.316501511636545 ], [ 136.392578124177078, 36.316038136393544 ], [ 136.393297968800596, 36.31583435963875 ], [ 136.39364913397813, 36.313566095351135 ], [ 136.393982964710034, 36.313149360892645 ], [ 136.394851652255767, 36.312608257419598 ], [ 136.395052352409266, 36.311760705622447 ], [ 136.395824997005093, 36.310740749533416 ], [ 136.395931808994732, 36.309894446467766 ], [ 136.393965939290922, 36.310000346704655 ], [ 136.390898653935693, 36.310596752002091 ], [ 136.38939250843373, 36.310677926492261 ], [ 136.388533220404753, 36.310866764504674 ], [ 136.387886202368435, 36.311212198161343 ], [ 136.387644290261733, 36.312190002634303 ], [ 136.388120566067244, 36.312787635783209 ], [ 136.388793611351844, 36.314105984337971 ], [ 136.389071924084021, 36.314893834771595 ], [ 136.389126083947929, 36.315686563868006 ], [ 136.38797669945285, 36.318875705275033 ] ] ] } },
{ "type": "Feature", "properties": { "CITY_NAME": "加賀市", "S_NAME": "清水町", "JINKO": 51, "medical_area": "17_南加賀医療圏", "町丁目名": "加賀市清水町" }, "geometry": { "type": "Polygon", "coordinates": [ [ [ 136.394658258949022, 36.309926986517716 ], [ 136.395678237268811, 36.308665853436807 ], [ 136.395745798005919, 36.308086184796025 ], [ 136.395421023188106, 36.306421577566198 ], [ 136.395566888462696, 36.306025868232432 ], [ 136.396210674899635, 36.305524059608707 ], [ 136.396033219019557, 36.304940944344501 ], [ 136.39053402123551, 36.305047070983612 ], [ 136.390450524252714, 36.306423420671031 ], [ 136.38782485321758, 36.306492051296779 ], [ 136.387861810745193, 36.307647638267923 ], [ 136.385207302170755, 36.307672932216619 ], [ 136.385219104908799, 36.309244718794062 ], [ 136.385651294817563, 36.309923792318081 ], [ 136.386006087537339, 36.311063186340462 ], [ 136.387644290261733, 36.312190002634303 ], [ 136.387886202368435, 36.311212198161343 ], [ 136.388533220404753, 36.310866764504674 ], [ 136.394658258949022, 36.309926986517716 ] ] ] } },
{ "type": "Feature", "properties": { "CITY_NAME": "加賀市", "S_NAME": "河原町", "JINKO": 136, "medical_area": "17_南加賀医療圏", "町丁目名": "加賀市河原町" }, "geometry": { "type": "Polygon", "coordinates": [ [ [ 136.385219104908799, 36.309244718794062 ], [ 136.385207302170755, 36.307672932216619 ], [ 136.387861810745193, 36.307647638267923 ], [ 136.38782485321758, 36.306492051296779 ], [ 136.390450524252714, 36.306423420671017 ], [ 136.390535359244382, 36.304912105868695 ], [ 136.387905555370594, 36.304955188397521 ], [ 136.388136496024771, 36.30233203599866 ], [ 136.385298461221538, 36.303349551882299 ], [ 136.384272024658941, 36.305248145543615 ], [ 136.3820089024357, 36.306929155030303 ], [ 136.382039208321515, 36.307559516457431 ], [ 136.382446543205958, 36.308275752067615 ], [ 136.383092245941413, 36.308739617707161 ], [ 136.384787366913912, 36.308904562727996 ], [ 136.385219104908799, 36.309244718794062 ] ] ] } },
{ "type": "Feature", "properties": { "CITY_NAME": "加賀市", "S_NAME": "二子塚町", "JINKO": 211, "medical_area": "17_南加賀医療圏", "町丁目名": "加賀市二子塚町" }, "geometry": { "type": "Polygon", "coordinates": [ [ [ 136.382912500649951, 36.311140449576982 ], [ 136.382856165745693, 36.308990135687296 ], [ 136.383486932610339, 36.309112874555559 ], [ 136.383044586710866, 36.308920960590349 ], [ 136.383092245941413, 36.308739617707161 ], [ 136.382446543205958, 36.308275752067615 ], [ 136.382039208321515, 36.307559516457431 ], [ 136.381957052433876, 36.307077097180382 ], [ 136.382439005933634, 36.306509415570829 ], [ 136.384123954099266, 36.305406548252179 ], [ 136.385060707142685, 36.303761405368782 ], [ 136.382640999853265, 36.303398121968165 ], [ 136.382404113809173, 36.302749256889228 ], [ 136.382319453336834, 36.303098920872728 ], [ 136.381985531389972, 36.303262472254076 ], [ 136.381138005862937, 36.30302237204603 ], [ 136.381199008348005, 36.302716313004929 ], [ 136.378812645733916, 36.301828121325165 ], [ 136.379140472422392, 36.301120408594969 ], [ 136.378293861005091, 36.300792701465795 ], [ 136.377492201542452, 36.30290143682231 ], [ 136.375406581305299, 36.306472966770016 ], [ 136.374834093710945, 36.308324109252986 ], [ 136.375088140016402, 36.309224460655521 ], [ 136.377728762128555, 36.310814861433549 ], [ 136.379123232349798, 36.311052180469105 ], [ 136.379211101508474, 36.310679696908736 ], [ 136.379506592273657, 36.310716917350952 ], [ 136.379526204718672, 36.311232196338509 ], [ 136.382912500649951, 36.311140449576982 ] ] ] } },
{ "type": "Feature", "properties": { "CITY_NAME": "加賀市", "S_NAME": "上野町", "JINKO": 359, "medical_area": "17_南加賀医療圏", "町丁目名": "加賀市上野町" }, "geometry": { "type": "Polygon", "coordinates": [ [ [ 136.373462333730799, 36.303514257368349 ], [ 136.374856692624149, 36.302208528311034 ], [ 136.377126556155332, 36.302379888487962 ], [ 136.377874301922418, 36.30197986219337 ], [ 136.378203899204266, 36.300898462385945 ], [ 136.378727624859749, 36.300102903731421 ], [ 136.379028763887163, 36.299739001297745 ], [ 136.379427231802282, 36.299894135783731 ], [ 136.379756351680811, 36.299229590741568 ], [ 136.38039137112969, 36.29948361947779 ], [ 136.381734262820146, 36.299493538979966 ], [ 136.38177817165635, 36.299347691421588 ], [ 136.381240671197475, 36.292536418772848 ], [ 136.38010660690955, 36.293109068658417 ], [ 136.379457278267523, 36.292267541513489 ], [ 136.375817378154352, 36.289077034324549 ], [ 136.374679094654084, 36.29055834102715 ], [ 136.375146097033138, 36.290742709416087 ], [ 136.375767356478434, 36.291473144307673 ], [ 136.375785578478968, 36.291709844338875 ], [ 136.375392979829371, 36.292106208343078 ], [ 136.375392122681859, 36.292974469672458 ], [ 136.37549522545541, 36.293102739632289 ], [ 136.376016932017961, 36.293044806737562 ], [ 136.376013272137897, 36.293547637827693 ], [ 136.376181279854507, 36.293660000231796 ], [ 136.376011862434495, 36.293755199750223 ], [ 136.37600738062244, 36.29414605506016 ], [ 136.376225347794076, 36.295550262318258 ], [ 136.374852768641318, 36.295713276632448 ], [ 136.373552221508504, 36.296544293073602 ], [ 136.373092490469048, 36.296678119685041 ], [ 136.373213880151496, 36.296767218888874 ], [ 136.372876656973034, 36.29737740807623 ], [ 136.372251622970339, 36.297875173245679 ], [ 136.371721723230252, 36.299471862278615 ], [ 136.370435133686044, 36.300436196584137 ], [ 136.370489256186545, 36.300776603685797 ], [ 136.370893296883111, 36.301186579756568 ], [ 136.370294442204738, 36.301774989224477 ], [ 136.370064662891338, 36.302909597398163 ], [ 136.372532353208186, 36.305883873125431 ], [ 136.372488585120266, 36.306194052566099 ], [ 136.373845858975329, 36.305696431200083 ], [ 136.373571586826444, 36.305120774257183 ], [ 136.373670939439819, 36.303890888911162 ], [ 136.373462333730799, 36.303514257368349 ] ] ] } },
{ "type": "Feature", "properties": { "CITY_NAME": "加賀市", "S_NAME": "森町", "JINKO": 79, "medical_area": "17_南加賀医療圏", "町丁目名": "加賀市森町" }, "geometry": { "type": "Polygon", "coordinates": [ [ [ 136.385298461221538, 36.303349551882299 ], [ 136.388136496024771, 36.30233203599866 ], [ 136.390004145081434, 36.299887024419498 ], [ 136.387489155050048, 36.299448469221808 ], [ 136.384136169106512, 36.299301648874433 ], [ 136.383480942101983, 36.299423216440118 ], [ 136.383446064137843, 36.29958827470896 ], [ 136.38039137112969, 36.29948361947779 ], [ 136.379756351680811, 36.299229590741568 ], [ 136.379427231802282, 36.299894135783731 ], [ 136.379028763887163, 36.299739001297745 ], [ 136.378293861005091, 36.300792701465795 ], [ 136.379140472422392, 36.301120408594969 ], [ 136.378812645733916, 36.301828121325165 ], [ 136.381199008348005, 36.302716313004929 ], [ 136.381138005862937, 36.30302237204603 ], [ 136.381985531389972, 36.303262472254076 ], [ 136.382319453336834, 36.303098920872728 ], [ 136.382404113809173, 36.302749256889228 ], [ 136.382640999853265, 36.303398121968165 ], [ 136.385060707142685, 36.303761405368782 ], [ 136.385298461221538, 36.303349551882299 ] ] ] } },
{ "type": "Feature", "properties": { "CITY_NAME": "加賀市", "S_NAME": "二ツ屋町", "JINKO": 74, "medical_area": "17_南加賀医療圏", "町丁目名": "加賀市二ツ屋町" }, "geometry": { "type": "Polygon", "coordinates": [ [ [ 136.388974870180789, 36.299765771045358 ], [ 136.390373316066928, 36.290958309419551 ], [ 136.387646883459666, 36.290435037943794 ], [ 136.386677559869696, 36.291292276703231 ], [ 136.382527434781423, 36.29208643012764 ], [ 136.381240671197475, 36.292536418772862 ], [ 136.381734262820146, 36.299493538979966 ], [ 136.383446064137843, 36.299588274708945 ], [ 136.383480942101926, 36.299423216440118 ], [ 136.384777342061966, 36.29928085066301 ], [ 136.387489155050048, 36.299448469221808 ], [ 136.388974870180789, 36.299765771045358 ] ] ] } },
{ "type": "Feature", "properties": { "CITY_NAME": "加賀市", "S_NAME": "小坂町", "JINKO": 98, "medical_area": "17_南加賀医療圏", "町丁目名": "加賀市小坂町" }, "geometry": { "type": "Polygon", "coordinates": [ [ [ 136.390373316066928, 36.290958309419551 ], [ 136.390840572900856, 36.287944883565949 ], [ 136.389774030036619, 36.287878422353494 ], [ 136.389876158733756, 36.287148422721948 ], [ 136.382979306465984, 36.2862348006948 ], [ 136.382144119358514, 36.283844323314874 ], [ 136.381664480760094, 36.281471337279342 ], [ 136.375817378154352, 36.289077034324549 ], [ 136.379457278267523, 36.292267541513503 ], [ 136.38010660690955, 36.293109068658417 ], [ 136.382527434781423, 36.29208643012764 ], [ 136.386677559869696, 36.291292276703231 ], [ 136.387646883459666, 36.290435037943794 ], [ 136.390373316066928, 36.290958309419551 ] ] ] } },
{ "type": "Feature", "properties": { "CITY_NAME": "加賀市", "S_NAME": "横北町", "JINKO": 161, "medical_area": "17_南加賀医療圏", "町丁目名": "加賀市横北町" }, "geometry": { "type": "Polygon", "coordinates": [ [ [ 136.3970986511859, 36.295478382563566 ], [ 136.412288594068883, 36.283800032719824 ], [ 136.40875556478548, 36.282432048372172 ], [ 136.408210775108103, 36.282347265620459 ], [ 136.407050369953225, 36.282513380782937 ], [ 136.406594910953487, 36.283214667346847 ], [ 136.40617680561698, 36.283516791800992 ], [ 136.405375068281671, 36.283544265941998 ], [ 136.403703460976516, 36.28219368999757 ], [ 136.402265506339688, 36.281847639221759 ], [ 136.400370487255202, 36.28088878969546 ], [ 136.39951562230172, 36.280758447850182 ], [ 136.399278297896757, 36.280803377239451 ], [ 136.398093093321336, 36.281777299574998 ], [ 136.397878184468766, 36.28227542003048 ], [ 136.397312265195609, 36.282872897024518 ], [ 136.395409971031967, 36.283618674268865 ], [ 136.394796518134939, 36.28443024706965 ], [ 136.394852221066458, 36.285677894637075 ], [ 136.394470025085127, 36.285895789701073 ], [ 136.394848836326275, 36.286585435583412 ], [ 136.394924526472607, 36.287129385385917 ], [ 136.394728216377644, 36.288533643747748 ], [ 136.391930130793355, 36.288304708197515 ], [ 136.391956138218745, 36.288014400207246 ], [ 136.390840572900856, 36.287944883565949 ], [ 136.388974870180789, 36.299765771045358 ], [ 136.390004145081434, 36.299887024419498 ], [ 136.391103721212801, 36.298865687439388 ], [ 136.391967060970103, 36.298640837622031 ], [ 136.3970986511859, 36.295478382563566 ] ] ] } },
{ "type": "Feature", "properties": { "CITY_NAME": "加賀市", "S_NAME": "水田丸町", "JINKO": 237, "medical_area": "17_南加賀医療圏", "町丁目名": "加賀市水田丸町" }, "geometry": { "type": "Polygon", "coordinates": [ [ [ 136.389783625609709, 36.276064859181318 ], [ 136.379672316257484, 36.271967580246098 ], [ 136.382144119358543, 36.28384432331486 ], [ 136.382979306465984, 36.286234800694807 ], [ 136.389876158733756, 36.287148422721948 ], [ 136.389774030036619, 36.287878422353494 ], [ 136.391956138218745, 36.288014400207246 ], [ 136.391930130793355, 36.288304708197515 ], [ 136.394728216377644, 36.288533643747748 ], [ 136.394929851331284, 36.287471437150444 ], [ 136.394848836326275, 36.286585435583412 ], [ 136.394337015000815, 36.285626387010559 ], [ 136.393709694557742, 36.285224112489217 ], [ 136.392490983780448, 36.283717007472326 ], [ 136.392135643425917, 36.283049438726465 ], [ 136.391137313246901, 36.280344386718681 ], [ 136.390063334019516, 36.278285597854087 ], [ 136.389783625609709, 36.276064859181318 ] ] ] } },
{ "type": "Feature", "properties": { "CITY_NAME": "加賀市", "S_NAME": "柏野町", "JINKO": 131, "medical_area": "17_南加賀医療圏", "町丁目名": "加賀市柏野町" }, "geometry": { "type": "Polygon", "coordinates": [ [ [ 136.39937550837044, 36.280769164948452 ], [ 136.400370487255202, 36.28088878969546 ], [ 136.402265506339688, 36.281847639221759 ], [ 136.403703460976516, 36.28219368999757 ], [ 136.405375068281671, 36.283544265941998 ], [ 136.40617680561698, 36.283516791800992 ], [ 136.406594910953487, 36.283214667346847 ], [ 136.407050369953225, 36.282513380782937 ], [ 136.408210775108103, 36.282347265620459 ], [ 136.40875556478548, 36.282432048372172 ], [ 136.41232351147093, 36.283813559355792 ], [ 136.412660356920696, 36.283025427420881 ], [ 136.414207462962992, 36.281568881328674 ], [ 136.415427147446621, 36.281620330176452 ], [ 136.415798987958993, 36.28150385088847 ], [ 136.415906834880076, 36.280722931303721 ], [ 136.415796886246682, 36.280109451602321 ], [ 136.416087701913284, 36.279182735687712 ], [ 136.415840273676451, 36.278405833390991 ], [ 136.415927163674979, 36.277796722163963 ], [ 136.416870682556606, 36.277658833763091 ], [ 136.419047328458845, 36.277778754796167 ], [ 136.41963298127385, 36.27749792800541 ], [ 136.421058777840585, 36.276181216907418 ], [ 136.421122209819913, 36.276012788288433 ], [ 136.420645304767106, 36.274593541171335 ], [ 136.420744191658713, 36.273943856669071 ], [ 136.420515355735205, 36.27343019821555 ], [ 136.418871864791441, 36.274473920518282 ], [ 136.4170448176435, 36.275121770990019 ], [ 136.416344753672973, 36.275147160119353 ], [ 136.415595167975823, 36.274814678627166 ], [ 136.414230192063229, 36.275044479083249 ], [ 136.411581146562384, 36.274623637162215 ], [ 136.410860818546098, 36.274838832893657 ], [ 136.40899415538189, 36.275879543059787 ], [ 136.407834050539748, 36.275791454646921 ], [ 136.40160112250382, 36.274302530064418 ], [ 136.396276391772773, 36.273265094308869 ], [ 136.395716940715602, 36.27337920938669 ], [ 136.395229003366921, 36.273780419721554 ], [ 136.394036445511176, 36.274333784170913 ], [ 136.392274979053923, 36.274758577801229 ], [ 136.391848457130777, 36.275075699167893 ], [ 136.391570018898761, 36.275972175092718 ], [ 136.390434836804786, 36.275056836778219 ], [ 136.38999989649659, 36.275011991220047 ], [ 136.389778178361723, 36.275220579100662 ], [ 136.389819415452422, 36.276901062354824 ], [ 136.390063334019516, 36.278285597854087 ], [ 136.391137313246901, 36.280344386718681 ], [ 136.392135643425917, 36.283049438726465 ], [ 136.393549410019205, 36.285030979420675 ], [ 136.394245377050765, 36.285518032833927 ], [ 136.394470025085127, 36.285895789701073 ], [ 136.394852221066458, 36.285677894637075 ], [ 136.394746643572262, 36.284619784034547 ], [ 136.395022385709893, 36.283978621680575 ], [ 136.395409971031967, 36.283618674268865 ], [ 136.397312265195609, 36.282872897024518 ], [ 136.397878184468766, 36.28227542003048 ], [ 136.398093093321336, 36.281777299574998 ], [ 136.39937550837044, 36.280769164948452 ] ] ] } },
{ "type": "Feature", "properties": { "CITY_NAME": "加賀市", "S_NAME": "須谷町", "JINKO": 32, "medical_area": "17_南加賀医療圏", "町丁目名": "加賀市須谷町" }, "geometry": { "type": "Polygon", "coordinates": [ [ [ 136.38999989649659, 36.275011991220047 ], [ 136.390434836804786, 36.275056836778219 ], [ 136.391422619455312, 36.275929200267434 ], [ 136.391626408115911, 36.275924064775978 ], [ 136.391928948692254, 36.274718329722099 ], [ 136.391962468502811, 36.273246672948346 ], [ 136.391395902055336, 36.272568368267081 ], [ 136.390649245085598, 36.272138051635118 ], [ 136.389726382130817, 36.271327128793921 ], [ 136.389423442898106, 36.270819177436991 ], [ 136.389307828185594, 36.270220543445561 ], [ 136.388320469602888, 36.270189627177274 ], [ 136.388090160811657, 36.270012594497231 ], [ 136.388475966971356, 36.268270714562007 ], [ 136.388503034971421, 36.266133433969557 ], [ 136.389147929557708, 36.265413490361354 ], [ 136.389314259664957, 36.264353272156207 ], [ 136.390203245196886, 36.263854782515793 ], [ 136.3907592799886, 36.263324816380234 ], [ 136.390948944447672, 36.262100553973788 ], [ 136.390208928264343, 36.261826022076249 ], [ 136.389930139170275, 36.261437220773182 ], [ 136.389848671858488, 36.26088552170954 ], [ 136.390071375659176, 36.258881611555864 ], [ 136.389914468473393, 36.257907245211506 ], [ 136.389529126808071, 36.257306640206536 ], [ 136.38882472986316, 36.256733282685261 ], [ 136.388065321585827, 36.256587602007443 ], [ 136.378479432041473, 36.267327679616429 ], [ 136.379672316257484, 36.271967580246098 ], [ 136.389783625609709, 36.276064859181318 ], [ 136.389778178361723, 36.275220579100662 ], [ 136.38999989649659, 36.275011991220047 ] ] ] } },
{ "type": "Feature", "properties": { "CITY_NAME": "加賀市", "S_NAME": "塔尾町", "JINKO": 85, "medical_area": "17_南加賀医療圏", "町丁目名": "加賀市塔尾町" }, "geometry": { "type": "Polygon", "coordinates": [ [ [ 136.411581146562384, 36.274623637162215 ], [ 136.414230192063229, 36.275044479083249 ], [ 136.415595167975823, 36.274814678627166 ], [ 136.416565623669584, 36.275156010675694 ], [ 136.417413818785974, 36.275053305465555 ], [ 136.418871864791441, 36.274473920518282 ], [ 136.420515355735205, 36.27343019821555 ], [ 136.420270761541673, 36.273137702839357 ], [ 136.420778879014563, 36.272293480594449 ], [ 136.420904362415087, 36.270303257473351 ], [ 136.420346485549146, 36.269564858149678 ], [ 136.420226372677348, 36.269057919346544 ], [ 136.420418638301214, 36.268316726554495 ], [ 136.420254601442764, 36.267547046221416 ], [ 136.42041376834419, 36.267368074171145 ], [ 136.422547862147951, 36.266931434248164 ], [ 136.423486648653409, 36.266562312588377 ], [ 136.424433764708198, 36.265799558622739 ], [ 136.425224739328002, 36.265392011922607 ], [ 136.426290923340758, 36.265256148077775 ], [ 136.428292019403528, 36.265654721130772 ], [ 136.429136022542423, 36.264535073987332 ], [ 136.429798676381239, 36.263984248631225 ], [ 136.429039608516149, 36.263316241019631 ], [ 136.427859093335201, 36.263059262532579 ], [ 136.42737549680237, 36.262776325189193 ], [ 136.426352538322135, 36.260366439402979 ], [ 136.425060971893487, 36.258850220632731 ], [ 136.423371678494192, 36.258511851645814 ], [ 136.422583425289361, 36.258153848644518 ], [ 136.422216454667932, 36.257742998586231 ], [ 136.421333672126849, 36.257490320003718 ], [ 136.417896557860189, 36.258074115931144 ], [ 136.417059543182347, 36.257927622635663 ], [ 136.416843646638341, 36.258339886425269 ], [ 136.413523149497735, 36.260079425995798 ], [ 136.41318671381029, 36.261035697137643 ], [ 136.409811358653741, 36.262618422004294 ], [ 136.408413024230867, 36.263789902144644 ], [ 136.407505118735116, 36.263874928857923 ], [ 136.406253207141901, 36.263115379134696 ], [ 136.403737430450349, 36.264436066493623 ], [ 136.402943996074896, 36.264612582478478 ], [ 136.402359209043311, 36.264487791537746 ], [ 136.4016401678835, 36.263741688780279 ], [ 136.400942704320897, 36.26430216885079 ], [ 136.399282911267079, 36.264775759796521 ], [ 136.396830893540908, 36.265935294738533 ], [ 136.390619832372181, 36.268008625160384 ], [ 136.390140610086064, 36.268312038163742 ], [ 136.38935099764899, 36.269673249967049 ], [ 136.389307828185594, 36.270220543445561 ], [ 136.389539198463041, 36.271088260711785 ], [ 136.390334120778192, 36.271902190611733 ], [ 136.391691849188732, 36.272827107245632 ], [ 136.391962468502811, 36.273246672948346 ], [ 136.391848457130777, 36.275075699167893 ], [ 136.392427440781375, 36.27468524818871 ], [ 136.394036445511176, 36.274333784170913 ], [ 136.395229003366921, 36.273780419721554 ], [ 136.395716940715602, 36.27337920938669 ], [ 136.396276391772773, 36.273265094308869 ], [ 136.40160112250382, 36.274302530064418 ], [ 136.408106001920117, 36.275832452786958 ], [ 136.409177810958852, 36.275852350967995 ], [ 136.410860818546098, 36.274838832893657 ], [ 136.411581146562384, 36.274623637162215 ] ] ] } },
{ "type": "Feature", "properties": { "CITY_NAME": "加賀市", "S_NAME": "片山津温泉", "JINKO": 1225, "medical_area": "17_南加賀医療圏", "町丁目名": "加賀市片山津温泉" }, "geometry": { "type": "Polygon", "coordinates": [ [ [ 136.363389964348727, 36.350330678806287 ], [ 136.363815399345896, 36.350127159845577 ], [ 136.363641572092831, 36.350017855768826 ], [ 136.365664109296517, 36.347029447067669 ], [ 136.365462795403403, 36.346773976042797 ], [ 136.366313112967163, 36.346313729570063 ], [ 136.367795279033487, 36.347460887719109 ], [ 136.367238122066624, 36.346927274850884 ], [ 136.367387314156758, 36.346831846717961 ], [ 136.36756366683602, 36.34701776375281 ], [ 136.369265426567296, 36.345641227470146 ], [ 136.369093827557464, 36.345535536006217 ], [ 136.369350494641225, 36.345157858713783 ], [ 136.368999425770795, 36.344959062248925 ], [ 136.369137751374438, 36.344827512017169 ], [ 136.368298209096594, 36.344128897206815 ], [ 136.368869116933638, 36.343642453525526 ], [ 136.37063228742565, 36.343993009839707 ], [ 136.371010318804707, 36.343738673534524 ], [ 136.371032542232172, 36.344070430904111 ], [ 136.371249126340217, 36.343919577798893 ], [ 136.371379199252686, 36.344163760671201 ], [ 136.371549722951784, 36.344152286460954 ], [ 136.371353743952938, 36.343927486830445 ], [ 136.371601000289502, 36.344039061432454 ], [ 136.371616640533318, 36.344256366304528 ], [ 136.371870485113675, 36.344276069280617 ], [ 136.372660223051469, 36.343862480764919 ], [ 136.372441565202678, 36.342928585614644 ], [ 136.372111875823407, 36.342938901781892 ], [ 136.372059082288388, 36.342557341412842 ], [ 136.370855935342149, 36.342630625985876 ], [ 136.370837888197258, 36.342376377016976 ], [ 136.369779026112127, 36.342442262676819 ], [ 136.36974474300871, 36.342012948237922 ], [ 136.368173172695435, 36.342106677796622 ], [ 136.368069002103113, 36.341216546024967 ], [ 136.36734225214451, 36.341273952382856 ], [ 136.367420800974799, 36.341653820953354 ], [ 136.366466886001604, 36.341832392061811 ], [ 136.366710930366139, 36.342061606088073 ], [ 136.366832662774982, 36.342713037487641 ], [ 136.366299083354107, 36.343174058208341 ], [ 136.365416216477882, 36.343560969851268 ], [ 136.3641614189753, 36.342997548905473 ], [ 136.361638529296158, 36.342476525505752 ], [ 136.361468283742795, 36.34302173817192 ], [ 136.3612212694253, 36.343108793411353 ], [ 136.360321840094002, 36.342885415514246 ], [ 136.35997466574895, 36.342945887477008 ], [ 136.359922722099185, 36.343232903929568 ], [ 136.360276296126671, 36.343575270405097 ], [ 136.359694243395239, 36.34438825303863 ], [ 136.361745707990025, 36.345665733851362 ], [ 136.361652644825796, 36.345965216966945 ], [ 136.362142042181375, 36.34691517411563 ], [ 136.361556793765146, 36.348258478241654 ], [ 136.362196594915616, 36.348648938578357 ], [ 136.361636755113523, 36.349236567352214 ], [ 136.36202343325229, 36.349570170642465 ], [ 136.362419870975828, 36.349351043144154 ], [ 136.362726980923867, 36.349465640105748 ], [ 136.362353935128766, 36.349933177962981 ], [ 136.362937808156659, 36.350593581962372 ], [ 136.363204263364622, 36.350734977279977 ], [ 136.363389964348727, 36.350330678806287 ] ] ] } },
{ "type": "Feature", "properties": { "CITY_NAME": "加賀市", "S_NAME": "片山津町", "JINKO": 1023, "medical_area": "17_南加賀医療圏", "町丁目名": "加賀市片山津町" }, "geometry": { "type": "Polygon", "coordinates": [ [ [ 136.377549575722782, 36.344547197945808 ], [ 136.378413873615813, 36.34407298865208 ], [ 136.379164214950293, 36.344104027321507 ], [ 136.379119627392754, 36.341704300991111 ], [ 136.377941491889374, 36.336865025254049 ], [ 136.377538125750618, 36.336052747534907 ], [ 136.375993503588717, 36.33386555914494 ], [ 136.374464541774529, 36.330860925582954 ], [ 136.37348404382891, 36.33018051057315 ], [ 136.371690360896906, 36.329367469591837 ], [ 136.371689147743041, 36.330087753826305 ], [ 136.366940699913783, 36.330078379440842 ], [ 136.367220700179161, 36.330540496643756 ], [ 136.366456514380332, 36.330728629313491 ], [ 136.366465564776973, 36.330856336708273 ], [ 136.366924189192332, 36.330937092051585 ], [ 136.367108439835704, 36.331368400029284 ], [ 136.367485890540024, 36.331345922748625 ], [ 136.36759354555906, 36.331719829272714 ], [ 136.36807163998796, 36.33191448639937 ], [ 136.367763400896706, 36.33322206789019 ], [ 136.36692279649219, 36.333425960534711 ], [ 136.367024411782438, 36.333769306947531 ], [ 136.366840759725818, 36.333883902167571 ], [ 136.365283557909322, 36.33415288373488 ], [ 136.365245990847313, 36.335221726521091 ], [ 136.364623518335009, 36.335748716648659 ], [ 136.363613172311005, 36.336131345108264 ], [ 136.363195048644116, 36.336103588290797 ], [ 136.362759294977252, 36.335784365091101 ], [ 136.361751770357415, 36.336213221332208 ], [ 136.362870649070942, 36.336118241618927 ], [ 136.363607806419026, 36.336485103740877 ], [ 136.364048835313099, 36.337124844180565 ], [ 136.361831712205031, 36.338110720618779 ], [ 136.362122487938706, 36.33855052770916 ], [ 136.364487237234158, 36.337476919474263 ], [ 136.365268339670621, 36.338136950137461 ], [ 136.363773502528034, 36.338767272201487 ], [ 136.363965362906839, 36.339026029738498 ], [ 136.362702672340447, 36.339258161118074 ], [ 136.360544347796377, 36.340461194610704 ], [ 136.361491084800605, 36.341416342281221 ], [ 136.361638529296158, 36.342476525505752 ], [ 136.3641614189753, 36.342997548905473 ], [ 136.365416216477882, 36.343560969851268 ], [ 136.366299083354107, 36.343174058208341 ], [ 136.366832662774982, 36.342713037487641 ], [ 136.366710930366139, 36.342061606088073 ], [ 136.366466886001604, 36.341832392061811 ], [ 136.367420800974799, 36.341653820953354 ], [ 136.36734225214451, 36.341273952382856 ], [ 136.368069002103113, 36.341216546024967 ], [ 136.368173172695435, 36.342106677796622 ], [ 136.36974474300871, 36.342012948237922 ], [ 136.369779026112127, 36.342442262676819 ], [ 136.370837888197258, 36.342376377016976 ], [ 136.370855935342149, 36.342630625985876 ], [ 136.372059082288388, 36.342557341412842 ], [ 136.372111875823407, 36.342938901781892 ], [ 136.372441565202678, 36.342928585614644 ], [ 136.372660223051469, 36.343862480764919 ], [ 136.373086504540282, 36.343655946163061 ], [ 136.373378079131328, 36.343688533369495 ], [ 136.374270287024473, 36.34402873891181 ], [ 136.376867365162354, 36.344439679671559 ], [ 136.377138985083633, 36.344241582981965 ], [ 136.377549575722782, 36.344547197945808 ] ] ] } },
{ "type": "Feature", "properties": { "CITY_NAME": "加賀市", "S_NAME": "片山津町", "JINKO": 67, "medical_area": "17_南加賀医療圏", "町丁目名": "加賀市片山津町" }, "geometry": { "type": "Polygon", "coordinates": [ [ [ 136.356459901309307, 36.336830627079379 ], [ 136.35886469491976, 36.335658294246016 ], [ 136.358934278397612, 36.335231459744875 ], [ 136.359311621300606, 36.335220135073463 ], [ 136.360032264304976, 36.335386852661813 ], [ 136.360764545516162, 36.336013363328689 ], [ 136.361314450168692, 36.336215849692223 ], [ 136.360207278221509, 36.334997268195231 ], [ 136.359458891597939, 36.334913130744823 ], [ 136.359149470620054, 36.334650219814222 ], [ 136.358687695875943, 36.334866317977536 ], [ 136.35788693731007, 36.334867847005782 ], [ 136.357332655236746, 36.334612991775479 ], [ 136.356555372956308, 36.335129454398263 ], [ 136.356196723782233, 36.335823077237933 ], [ 136.355577191523537, 36.335869153801838 ], [ 136.355694801754964, 36.336435992282226 ], [ 136.355407573453419, 36.336686526646908 ], [ 136.356428406278383, 36.337420882779305 ], [ 136.35670604617863, 36.337028305041514 ], [ 136.356459901309307, 36.336830627079379 ] ] ] } },
{ "type": "Feature", "properties": { "CITY_NAME": "加賀市", "S_NAME": "湖城町一丁目", "JINKO": 268, "medical_area": "17_南加賀医療圏", "町丁目名": "加賀市湖城町一丁目" }, "geometry": { "type": "Polygon", "coordinates": [ [ [ 136.363773502528034, 36.338767272201487 ], [ 136.365268339670621, 36.338136950137461 ], [ 136.364487237234158, 36.337476919474263 ], [ 136.364059585572932, 36.337563265082863 ], [ 136.364051260159101, 36.337722363382731 ], [ 136.359584080404233, 36.339715616753239 ], [ 136.360544347796377, 36.340461194610704 ], [ 136.362702672340447, 36.339258161118074 ], [ 136.363965362906839, 36.339026029738498 ], [ 136.363773502528034, 36.338767272201487 ] ] ] } },
{ "type": "Feature", "properties": { "CITY_NAME": "加賀市", "S_NAME": "湖城町二丁目", "JINKO": 623, "medical_area": "17_南加賀医療圏", "町丁目名": "加賀市湖城町二丁目" }, "geometry": { "type": "Polygon", "coordinates": [ [ [ 136.362969352404633, 36.336192690388323 ], [ 136.362175683027857, 36.33617723412069 ], [ 136.361621974111017, 36.336412025029141 ], [ 136.358104687687273, 36.337954486735484 ], [ 136.358183276265208, 36.338190564112296 ], [ 136.357880891126513, 36.338366581877004 ], [ 136.359584080404233, 36.339715616753239 ], [ 136.362122487938706, 36.33855052770916 ], [ 136.361831712205031, 36.338110720618779 ], [ 136.364048835313099, 36.337124844180565 ], [ 136.363607806419026, 36.336485103740877 ], [ 136.362969352404633, 36.336192690388323 ] ] ] } },
{ "type": "Feature", "properties": { "CITY_NAME": "加賀市", "S_NAME": "湖城町三丁目", "JINKO": 422, "medical_area": "17_南加賀医療圏", "町丁目名": "加賀市湖城町三丁目" }, "geometry": { "type": "Polygon", "coordinates": [ [ [ 136.358104687687273, 36.337954486735484 ], [ 136.362175683027857, 36.33617723412069 ], [ 136.361163937686968, 36.336186710794316 ], [ 136.35993233957609, 36.335338373180242 ], [ 136.358975664279512, 36.335209561688863 ], [ 136.35886469491976, 36.335658294246016 ], [ 136.356459901309307, 36.336830627079379 ], [ 136.35670604617863, 36.337028305041514 ], [ 136.356428406278383, 36.337420882779305 ], [ 136.357880891126513, 36.338366581877004 ], [ 136.358183276265208, 36.338190564112296 ], [ 136.358104687687273, 36.337954486735484 ] ] ] } },
{ "type": "Feature", "properties": { "CITY_NAME": "加賀市", "S_NAME": "潮津町", "JINKO": 1035, "medical_area": "17_南加賀医療圏", "町丁目名": "加賀市潮津町" }, "geometry": { "type": "Polygon", "coordinates": [ [ [ 136.350410205983565, 36.3529728384162 ], [ 136.350708108373738, 36.352481972272003 ], [ 136.350695675513151, 36.352154140477879 ], [ 136.351438112794824, 36.351525475183131 ], [ 136.351563992084891, 36.351590365331994 ], [ 136.351801329663743, 36.351289820514253 ], [ 136.352665660577571, 36.351729665896848 ], [ 136.353398755817381, 36.350925544457787 ], [ 136.359547094715936, 36.352291044597223 ], [ 136.363113238725305, 36.352178114383698 ], [ 136.362720400023278, 36.351305800235949 ], [ 136.363317662111143, 36.350863697640214 ], [ 136.362353935128766, 36.349933177962981 ], [ 136.362726980923867, 36.349465640105748 ], [ 136.362419870975828, 36.349351043144154 ], [ 136.36202343325229, 36.349570170642465 ], [ 136.361636755113523, 36.349236567352214 ], [ 136.362196594915616, 36.348648938578357 ], [ 136.361556793765146, 36.348258478241654 ], [ 136.362142042181375, 36.34691517411563 ], [ 136.361652644825796, 36.345965216966945 ], [ 136.361745707990025, 36.345665733851362 ], [ 136.359694243395239, 36.34438825303863 ], [ 136.360276296126671, 36.343575270405097 ], [ 136.359922722099185, 36.343232903929568 ], [ 136.35997466574895, 36.342945887477008 ], [ 136.361468283742795, 36.34302173817192 ], [ 136.361675830964174, 36.342106013791437 ], [ 136.361572845721128, 36.341599172564969 ], [ 136.361062879216888, 36.340858351834576 ], [ 136.357484258858165, 36.338060802124701 ], [ 136.35548251750572, 36.336768918334869 ], [ 136.355073876290021, 36.336263299625479 ], [ 136.354779763922295, 36.335473127157719 ], [ 136.353679456613179, 36.336088875679678 ], [ 136.352738526015571, 36.336943567393931 ], [ 136.351272603968908, 36.336555612348072 ], [ 136.34982452984832, 36.336427740991802 ], [ 136.349983498965457, 36.336922982102244 ], [ 136.34957843786114, 36.337523154685734 ], [ 136.347147487376645, 36.336582792721664 ], [ 136.346953166651048, 36.33685802573217 ], [ 136.343312914768944, 36.335419083573314 ], [ 136.342793995884108, 36.337052746176532 ], [ 136.342972980116429, 36.337560106753457 ], [ 136.344094493452872, 36.338011785264428 ], [ 136.34470668892854, 36.337988218080049 ], [ 136.345226427669957, 36.338342280472034 ], [ 136.34599033754975, 36.338299330706299 ], [ 136.346789508303061, 36.338862688325669 ], [ 136.347119783100766, 36.338869317068479 ], [ 136.346620007000098, 36.339709979932096 ], [ 136.345988063460169, 36.340247436062526 ], [ 136.346314761710687, 36.340421999664208 ], [ 136.343712893984502, 36.343760060794054 ], [ 136.344459252692872, 36.343852816594165 ], [ 136.344925393879407, 36.344159758264986 ], [ 136.345604324013152, 36.344317767308972 ], [ 136.345405894395896, 36.344991091483358 ], [ 136.345658009464671, 36.345566752443908 ], [ 136.345338743162813, 36.346234879295096 ], [ 136.345942801576172, 36.346988165601907 ], [ 136.346271669836682, 36.346958316318251 ], [ 136.346571515725515, 36.347290409115345 ], [ 136.347445649188842, 36.347594285467096 ], [ 136.347319800988743, 36.347777579504267 ], [ 136.347551044495077, 36.347844706231228 ], [ 136.347408888106457, 36.348473218442066 ], [ 136.349883282002907, 36.349391921243523 ], [ 136.349736488214631, 36.349806821126307 ], [ 136.349149500569894, 36.349825429949561 ], [ 136.348794166462028, 36.350540677798804 ], [ 136.348252307960394, 36.350771553516914 ], [ 136.347771151425775, 36.352291727688389 ], [ 136.348486970788343, 36.352849653576136 ], [ 136.349284111307924, 36.3528960506858 ], [ 136.349562767218714, 36.353192384555712 ], [ 136.350410205983565, 36.3529728384162 ] ] ] } },
{ "type": "Feature", "properties": { "CITY_NAME": "加賀市", "S_NAME": "冨塚町", "JINKO": 353, "medical_area": "17_南加賀医療圏", "町丁目名": "加賀市冨塚町" }, "geometry": { "type": "Polygon", "coordinates": [ [ [ 136.355629191982644, 36.335822332924252 ], [ 136.356196723782233, 36.335823077237933 ], [ 136.356555372956308, 36.335129454398263 ], [ 136.35716414170605, 36.33465121031017 ], [ 136.35788693731007, 36.334867847005782 ], [ 136.358591693296148, 36.334868451154136 ], [ 136.359149470620054, 36.334650219814222 ], [ 136.359458891597939, 36.334913130744823 ], [ 136.360207278221509, 36.334997268195231 ], [ 136.361314450168692, 36.336215849692223 ], [ 136.362453515076339, 36.336011209280471 ], [ 136.362759294977252, 36.335784365091101 ], [ 136.363195048644116, 36.336103588290797 ], [ 136.363613172311005, 36.336131345108264 ], [ 136.364623518335009, 36.335748716648659 ], [ 136.365182220727803, 36.335313568236998 ], [ 136.365327459758419, 36.334905578911084 ], [ 136.365283557909322, 36.33415288373488 ], [ 136.366840759725818, 36.333883902167571 ], [ 136.367024411782438, 36.333769306947531 ], [ 136.36692279649219, 36.333425960534711 ], [ 136.367763400896706, 36.33322206789019 ], [ 136.36807163998796, 36.33191448639937 ], [ 136.36759354555906, 36.331719829272714 ], [ 136.367485890540024, 36.331345922748625 ], [ 136.367108439835704, 36.331368400029284 ], [ 136.366924189192332, 36.330937092051585 ], [ 136.366448988575002, 36.330792402845425 ], [ 136.367220700179161, 36.330540496643756 ], [ 136.366481540741518, 36.329479849437057 ], [ 136.366683798447951, 36.329399703803936 ], [ 136.366730329729961, 36.327195185077422 ], [ 136.367070840068067, 36.327209108963459 ], [ 136.367084860323814, 36.326304752082237 ], [ 136.363954911517283, 36.326285755951822 ], [ 136.361900576008679, 36.325930389951317 ], [ 136.360851588265945, 36.326241651337213 ], [ 136.360243578012586, 36.326121104663954 ], [ 136.359672322022959, 36.326621869057668 ], [ 136.358926953945854, 36.326102512329605 ], [ 136.358350551312526, 36.326638187056233 ], [ 136.358241072509458, 36.326555915647781 ], [ 136.357405809104876, 36.327074311589897 ], [ 136.357398214921801, 36.327345999327086 ], [ 136.357032428522757, 36.327925794413751 ], [ 136.357280646985572, 36.328744590439584 ], [ 136.356782884029798, 36.329094457698496 ], [ 136.356722843816357, 36.329338577018518 ], [ 136.3565017455185, 36.32937203643673 ], [ 136.356158214452165, 36.328271175152281 ], [ 136.354454061434751, 36.329515164190113 ], [ 136.354093804185482, 36.330196799591185 ], [ 136.354132750127349, 36.331273916730311 ], [ 136.354820589281275, 36.335673186302841 ], [ 136.355407573453419, 36.336686526646908 ], [ 136.355694801754964, 36.336435992282226 ], [ 136.355629191982644, 36.335822332924252 ] ] ] } },
{ "type": "Feature", "properties": { "CITY_NAME": "加賀市", "S_NAME": "ときわ台", "JINKO": 410, "medical_area": "17_南加賀医療圏", "町丁目名": "加賀市ときわ台" }, "geometry": { "type": "Polygon", "coordinates": [ [ [ 136.357405809104876, 36.327074311589897 ], [ 136.358926953945854, 36.326102512329605 ], [ 136.359672322022959, 36.326621869057668 ], [ 136.360243578012586, 36.326121104663954 ], [ 136.360851588265945, 36.326241651337213 ], [ 136.361900576008679, 36.325930389951317 ], [ 136.360348021841475, 36.32529884859553 ], [ 136.358538676740579, 36.323982378031218 ], [ 136.358383206228211, 36.325338012565808 ], [ 136.356116433297387, 36.325120812991486 ], [ 136.355188908902022, 36.325281459635569 ], [ 136.355391049820895, 36.325682642961922 ], [ 136.354996940319012, 36.326912421965211 ], [ 136.355288412693682, 36.327257955441581 ], [ 136.355994186030642, 36.327658678640965 ], [ 136.3565017455185, 36.32937203643673 ], [ 136.356722843816357, 36.329338577018518 ], [ 136.356782884029798, 36.329094457698496 ], [ 136.357250925250298, 36.328833631574334 ], [ 136.357032428522757, 36.327925794413751 ], [ 136.357398214921801, 36.327345999327086 ], [ 136.357405809104876, 36.327074311589897 ] ] ] } },
{ "type": "Feature", "properties": { "CITY_NAME": "加賀市", "S_NAME": "弓波町", "JINKO": 266, "medical_area": "17_南加賀医療圏", "町丁目名": "加賀市弓波町" }, "geometry": { "type": "Polygon", "coordinates": [ [ [ 136.367084860323814, 36.326304752082237 ], [ 136.367105057684824, 36.325673051758201 ], [ 136.366435568949271, 36.325054382176809 ], [ 136.366727234881751, 36.324210105283434 ], [ 136.361686512336661, 36.323190379710759 ], [ 136.358593413562431, 36.321933180252373 ], [ 136.358538676740579, 36.323982378031218 ], [ 136.360348021841475, 36.32529884859553 ], [ 136.361570447535371, 36.325846640296483 ], [ 136.363164062196262, 36.326218354573804 ], [ 136.367084860323814, 36.326304752082237 ] ] ] } },
{ "type": "Feature", "properties": { "CITY_NAME": "加賀市", "S_NAME": "作見町", "JINKO": 869, "medical_area": "17_南加賀医療圏", "町丁目名": "加賀市作見町" }, "geometry": { "type": "Polygon", "coordinates": [ [ [ 136.351042258122845, 36.326633215795724 ], [ 136.352575643206762, 36.325871179276419 ], [ 136.352946115645892, 36.325303079115884 ], [ 136.3537899815218, 36.325339868626941 ], [ 136.355019795501761, 36.324942601360057 ], [ 136.355188908902022, 36.325281459635569 ], [ 136.356116433297387, 36.325120812991486 ], [ 136.358383206228211, 36.325338012565808 ], [ 136.358628490434256, 36.323179456595348 ], [ 136.358506314411898, 36.32317282171725 ], [ 136.358486910013482, 36.322726306248498 ], [ 136.358593413562431, 36.321933180252373 ], [ 136.361686512336661, 36.323190379710759 ], [ 136.366727234881751, 36.324210105283434 ], [ 136.367041260516345, 36.324072688471148 ], [ 136.367127786268156, 36.32010553155289 ], [ 136.362923635868356, 36.319837328208891 ], [ 136.363034072187389, 36.314910322415834 ], [ 136.347824891834392, 36.31389056830924 ], [ 136.347714922292369, 36.316045344661141 ], [ 136.350380265628871, 36.316121914058968 ], [ 136.350270746420506, 36.317693804821197 ], [ 136.351104255966732, 36.317749965312714 ], [ 136.351074109649744, 36.318200356474385 ], [ 136.351380359411252, 36.318276597392881 ], [ 136.350982678623694, 36.319127868509405 ], [ 136.35118310969321, 36.3192470285612 ], [ 136.350728198466385, 36.320614210659443 ], [ 136.349967053099107, 36.320433766495377 ], [ 136.349947225737935, 36.321225828326988 ], [ 136.348969104288471, 36.321368970882702 ], [ 136.349396633898067, 36.321645324380277 ], [ 136.348990210474312, 36.322447838469657 ], [ 136.349375080682165, 36.322602199990015 ], [ 136.349100933017695, 36.322701431906573 ], [ 136.349048537199025, 36.323070011891602 ], [ 136.347762695455202, 36.3238665419493 ], [ 136.348293902353532, 36.324855260543238 ], [ 136.348120334197745, 36.325078814559433 ], [ 136.348249035073479, 36.325826973093349 ], [ 136.348367023582881, 36.326126521680351 ], [ 136.348963678688989, 36.326482186240135 ], [ 136.348808517470673, 36.326426029969042 ], [ 136.349140206448112, 36.326992373176708 ], [ 136.350256075038288, 36.32749735617007 ], [ 136.351042258122845, 36.326633215795724 ] ], [ [ 136.350634922158122, 36.323596835052115 ], [ 136.350534566736485, 36.323099280796882 ], [ 136.3512120795302, 36.322991320220993 ], [ 136.351350685643126, 36.323500788138176 ], [ 136.350634922158122, 36.323596835052115 ] ] ] } },
{ "type": "Feature", "properties": { "CITY_NAME": "加賀市", "S_NAME": "作見町作見雇用促進住宅", "JINKO": 41, "medical_area": "17_南加賀医療圏", "町丁目名": "加賀市作見町作見雇用促進住宅" }, "geometry": { "type": "Polygon", "coordinates": [ [ [ 136.350634922158122, 36.323596835052122 ], [ 136.351350685643126, 36.323500788138176 ], [ 136.351212079530171, 36.322991320221021 ], [ 136.350534566736485, 36.323099280796882 ], [ 136.350634922158122, 36.323596835052122 ] ] ] } },
{ "type": "Feature", "properties": { "CITY_NAME": "加賀市", "S_NAME": "小菅波町", "JINKO": 739, "medical_area": "17_南加賀医療圏", "町丁目名": "加賀市小菅波町" }, "geometry": { "type": "Polygon", "coordinates": [ [ [ 136.347762695455202, 36.3238665419493 ], [ 136.349048537199025, 36.323070011891602 ], [ 136.349100933017695, 36.322701431906573 ], [ 136.349375080682165, 36.322602199990015 ], [ 136.348990210474312, 36.322447838469657 ], [ 136.349396633898067, 36.321645324380277 ], [ 136.348969104288471, 36.321368970882702 ], [ 136.349947225737935, 36.321225828326988 ], [ 136.349967053099107, 36.320433766495377 ], [ 136.350728198466385, 36.320614210659443 ], [ 136.35118310969321, 36.3192470285612 ], [ 136.350982678623694, 36.319127868509405 ], [ 136.351380359411252, 36.318276597392881 ], [ 136.351074109649744, 36.318200356474385 ], [ 136.351104255966732, 36.317749965312714 ], [ 136.350270746420506, 36.317693804821197 ], [ 136.350380265628871, 36.316121914058968 ], [ 136.345216821578617, 36.315878399129794 ], [ 136.345163236657555, 36.317287228433706 ], [ 136.339226671265919, 36.31710037315387 ], [ 136.339127233786883, 36.317832429394876 ], [ 136.345754193366588, 36.319432036654746 ], [ 136.346112710821302, 36.319965907927376 ], [ 136.345048006031277, 36.319811296379619 ], [ 136.344833066444039, 36.320462257960649 ], [ 136.344378826474866, 36.320693275392578 ], [ 136.344638543946218, 36.320808667429468 ], [ 136.345132552962355, 36.320427493330385 ], [ 136.345542473115216, 36.320398733995845 ], [ 136.346010608628717, 36.320709740730685 ], [ 136.345958114833337, 36.321069835089936 ], [ 136.34667759649642, 36.320966908444888 ], [ 136.348179106638838, 36.321634918842399 ], [ 136.348300336654972, 36.321856723823522 ], [ 136.347794415471782, 36.322979263494396 ], [ 136.34729477843365, 36.323466305741121 ], [ 136.347762695455202, 36.3238665419493 ] ] ] } },
{ "type": "Feature", "properties": { "CITY_NAME": "加賀市", "S_NAME": "天日町", "JINKO": 69, "medical_area": "17_南加賀医療圏", "町丁目名": "加賀市天日町" }, "geometry": { "type": "Polygon", "coordinates": [ [ [ 136.342122416630474, 36.321637992650679 ], [ 136.341947209730506, 36.320676516999868 ], [ 136.342229059974358, 36.320457486116162 ], [ 136.342742920986694, 36.321060839616301 ], [ 136.343345865472116, 36.320920306741002 ], [ 136.343383456031376, 36.320431226054048 ], [ 136.343527585869026, 36.32032699529973 ], [ 136.344385218494835, 36.320390775612083 ], [ 136.344378826474866, 36.320693275392578 ], [ 136.344833066444039, 36.320462257960649 ], [ 136.345048006031277, 36.319811296379619 ], [ 136.346112710821302, 36.31996590792739 ], [ 136.345754193366588, 36.319432036654746 ], [ 136.341940884961303, 36.318500739862721 ], [ 136.34197365143649, 36.31909028853218 ], [ 136.341692133019336, 36.31927777850558 ], [ 136.341855681581166, 36.319799794012447 ], [ 136.340531120126258, 36.319627539164145 ], [ 136.340530009696835, 36.319732757608428 ], [ 136.340851264319042, 36.320092795806026 ], [ 136.34131773956554, 36.320253874294991 ], [ 136.341529831699177, 36.321107739642528 ], [ 136.342122416630474, 36.321637992650679 ] ] ] } },
{ "type": "Feature", "properties": { "CITY_NAME": "加賀市", "S_NAME": "大菅波町", "JINKO": 273, "medical_area": "17_南加賀医療圏", "町丁目名": "加賀市大菅波町" }, "geometry": { "type": "Polygon", "coordinates": [ [ [ 136.338464124686993, 36.32171531520428 ], [ 136.33893063480113, 36.321568577228419 ], [ 136.33911558154864, 36.32129096923947 ], [ 136.339468320646489, 36.321140836767107 ], [ 136.341467413914074, 36.320854753327936 ], [ 136.34131773956554, 36.320253874294991 ], [ 136.340851264319042, 36.320092795806026 ], [ 136.340531120126258, 36.319627539164145 ], [ 136.341855681581166, 36.319799794012447 ], [ 136.341692133019336, 36.31927777850558 ], [ 136.34197365143649, 36.31909028853218 ], [ 136.341940884961303, 36.318500739862735 ], [ 136.332784943965578, 36.316320096696863 ], [ 136.332770374860303, 36.316952655228192 ], [ 136.332274682038872, 36.318147801958489 ], [ 136.332842408020127, 36.31839865449551 ], [ 136.33406300241748, 36.320616280032375 ], [ 136.33411273484586, 36.32117697311643 ], [ 136.33500744063511, 36.321183519968145 ], [ 136.33558656243045, 36.321453272151061 ], [ 136.337059719385707, 36.32171081842143 ], [ 136.338464124686993, 36.32171531520428 ] ] ] } },
{ "type": "Feature", "properties": { "CITY_NAME": "加賀市", "S_NAME": "西山田町", "JINKO": 402, "medical_area": "17_南加賀医療圏", "町丁目名": "加賀市西山田町" }, "geometry": { "type": "Polygon", "coordinates": [ [ [ 136.342353670075738, 36.33425341559284 ], [ 136.342538195779355, 36.3321122019669 ], [ 136.342239358949485, 36.331915356532129 ], [ 136.341569184032153, 36.331813360502387 ], [ 136.341226977484752, 36.331339052256347 ], [ 136.341431610670924, 36.330812331985072 ], [ 136.342067335967187, 36.330002058869553 ], [ 136.34188773326548, 36.329472687276237 ], [ 136.342142154629926, 36.329266561720523 ], [ 136.341834692109188, 36.32857525033976 ], [ 136.34196215545154, 36.328121010629715 ], [ 136.342561632082578, 36.327454681681402 ], [ 136.34242896103251, 36.327088557651031 ], [ 136.341684736449224, 36.326544061031072 ], [ 136.341277544901175, 36.326533785864889 ], [ 136.340951671236127, 36.326915298328984 ], [ 136.340618500216436, 36.327989012753065 ], [ 136.339440288751916, 36.327491527854683 ], [ 136.338593168659145, 36.327356780466026 ], [ 136.338022953550905, 36.327779011882825 ], [ 136.337486982046698, 36.327422760082349 ], [ 136.337021710276957, 36.327761541317031 ], [ 136.336675542457044, 36.327296131610815 ], [ 136.33601672741932, 36.327086949485874 ], [ 136.335818192073077, 36.325672186093009 ], [ 136.335603720906448, 36.325654889530718 ], [ 136.335592597458628, 36.325481184424753 ], [ 136.335053237571685, 36.325143307120669 ], [ 136.335042977660379, 36.324880153665283 ], [ 136.333709732053393, 36.324911042734058 ], [ 136.333486908418024, 36.325679620574533 ], [ 136.333595645304825, 36.327074753660192 ], [ 136.334734015921157, 36.328266562260403 ], [ 136.334608461473977, 36.329070738505926 ], [ 136.334171713884359, 36.329778015323505 ], [ 136.333418857122069, 36.329949042454039 ], [ 136.333367112230377, 36.331143089901722 ], [ 136.333139309493362, 36.331387827267207 ], [ 136.333367286892155, 36.331938143354435 ], [ 136.342127023676966, 36.334233123926801 ], [ 136.342353670075738, 36.33425341559284 ] ] ] } },
{ "type": "Feature", "properties": { "CITY_NAME": "加賀市", "S_NAME": "東山田町", "JINKO": 138, "medical_area": "17_南加賀医療圏", "町丁目名": "加賀市東山田町" }, "geometry": { "type": "Polygon", "coordinates": [ [ [ 136.34576982400327, 36.330924290385859 ], [ 136.345912229628311, 36.329847142298419 ], [ 136.346651282583309, 36.329768779545439 ], [ 136.349807397252789, 36.327977574262334 ], [ 136.350256075038288, 36.32749735617007 ], [ 136.349193960257765, 36.327035864403598 ], [ 136.348808517470673, 36.326426029969042 ], [ 136.347981224041916, 36.326875771713112 ], [ 136.346872505899881, 36.326662163109212 ], [ 136.346425033492551, 36.326293886089267 ], [ 136.346403958527446, 36.325215016013395 ], [ 136.345758206414502, 36.325219946663545 ], [ 136.344747473314527, 36.324932072274208 ], [ 136.343324017464056, 36.324946637476835 ], [ 136.342714586487688, 36.325676551208211 ], [ 136.342536421798286, 36.325673457170645 ], [ 136.342419915916707, 36.325962946630042 ], [ 136.341300922695552, 36.326288575505799 ], [ 136.341119679892728, 36.326577616915635 ], [ 136.341684736449224, 36.326544061031072 ], [ 136.342131011511299, 36.326809340903587 ], [ 136.342561632082578, 36.327454681681402 ], [ 136.341886765181755, 36.328240361187618 ], [ 136.341931726820121, 36.329029137130739 ], [ 136.342142154629926, 36.329266561720523 ], [ 136.34188773326548, 36.329472687276237 ], [ 136.342067335967187, 36.330002058869553 ], [ 136.341431610670924, 36.330812331985072 ], [ 136.341226977484752, 36.331339052256347 ], [ 136.341569184032153, 36.331813360502387 ], [ 136.342239358949485, 36.331915356532129 ], [ 136.342538195779355, 36.3321122019669 ], [ 136.342353670075738, 36.33425341559284 ], [ 136.34202600617931, 36.335076375465647 ], [ 136.346645388998212, 36.333768943638781 ], [ 136.346529586413027, 36.333376080771906 ], [ 136.345614085033958, 36.332834098514319 ], [ 136.34607987538871, 36.331887666524288 ], [ 136.34576982400327, 36.330924290385859 ] ] ] } },
{ "type": "Feature", "properties": { "CITY_NAME": "加賀市", "S_NAME": "北山田町", "JINKO": 4, "medical_area": "17_南加賀医療圏", "町丁目名": "加賀市北山田町" }, "geometry": { "type": "Polygon", "coordinates": [ [ [ 136.333345946665418, 36.328546279858735 ], [ 136.332927279691546, 36.32816452976612 ], [ 136.332871438395216, 36.327916830124771 ], [ 136.332514275810212, 36.327791089668771 ], [ 136.332761224683139, 36.327275413905582 ], [ 136.332645900390816, 36.326141062597408 ], [ 136.3328236075088, 36.325148304610494 ], [ 136.333709732053393, 36.324911042734058 ], [ 136.333750747011237, 36.323040072897307 ], [ 136.334206094954538, 36.321881817773395 ], [ 136.33406300241748, 36.320616280032375 ], [ 136.333486941935718, 36.319656922632539 ], [ 136.333194189795165, 36.319736484124235 ], [ 136.332860984048949, 36.319145893283675 ], [ 136.332264775775485, 36.318824012650005 ], [ 136.331940179715389, 36.318422421448105 ], [ 136.331136806496033, 36.3178822275813 ], [ 136.33050601747027, 36.317826310226458 ], [ 136.329306934340849, 36.318809766466877 ], [ 136.328992188465691, 36.319464475730243 ], [ 136.328402057921522, 36.319827484065939 ], [ 136.328276648036535, 36.32014003126158 ], [ 136.328535673371789, 36.320725786889092 ], [ 136.328252696346482, 36.321640529879382 ], [ 136.328232493426214, 36.3225377873611 ], [ 136.328533234483643, 36.322941368448461 ], [ 136.328602582280098, 36.323405569526955 ], [ 136.329255542004688, 36.324371967081909 ], [ 136.329506608563776, 36.324466031886836 ], [ 136.329454993320923, 36.324826341352946 ], [ 136.328562973059149, 36.325378295101913 ], [ 136.328459156326971, 36.326397338281133 ], [ 136.329295223639093, 36.327362833925335 ], [ 136.32957459101317, 36.328034624747872 ], [ 136.328834508283421, 36.327776078107625 ], [ 136.328136727529568, 36.327769076280227 ], [ 136.327428843740506, 36.327974495398976 ], [ 136.326651466895953, 36.328469257976714 ], [ 136.325181813925809, 36.32844175087844 ], [ 136.323530311227984, 36.328065160286556 ], [ 136.323492003632481, 36.327678447183963 ], [ 136.322679062570927, 36.327982763253438 ], [ 136.322455537506727, 36.32853928386853 ], [ 136.323098987486844, 36.328970816106853 ], [ 136.323047141829932, 36.329487358599415 ], [ 136.323367059229213, 36.329871686463548 ], [ 136.323198254855754, 36.330065247644768 ], [ 136.323313966752465, 36.330504324382844 ], [ 136.323201766236963, 36.330604639074309 ], [ 136.325904209816741, 36.333290564568067 ], [ 136.328043310700593, 36.332610780073907 ], [ 136.331482659391384, 36.33219657171302 ], [ 136.33249087989725, 36.331851525841685 ], [ 136.333367112230377, 36.331143089901722 ], [ 136.333418857122069, 36.329949042454039 ], [ 136.332944295289451, 36.329929965333612 ], [ 136.332965950618814, 36.329119820084451 ], [ 136.333345946665418, 36.328546279858735 ] ] ] } },
{ "type": "Feature", "properties": { "CITY_NAME": "加賀市", "S_NAME": "希望が丘", "JINKO": 125, "medical_area": "17_南加賀医療圏", "町丁目名": "加賀市希望が丘" }, "geometry": { "type": "Polygon", "coordinates": [ [ [ 136.332944295289479, 36.329929965333619 ], [ 136.334171713884359, 36.329778015323505 ], [ 136.334541706970015, 36.329228129666447 ], [ 136.334718011187846, 36.328545303287171 ], [ 136.334709171732243, 36.328155884522914 ], [ 136.333595645304825, 36.327074753660192 ], [ 136.333486908418024, 36.325679620574533 ], [ 136.333709732053393, 36.324911042734058 ], [ 136.3328236075088, 36.325148304610494 ], [ 136.332645900390816, 36.326141062597408 ], [ 136.332761224683139, 36.327275413905582 ], [ 136.332514275810212, 36.327791089668771 ], [ 136.332871438395244, 36.327916830124792 ], [ 136.332927279691575, 36.328164529766134 ], [ 136.333295199620835, 36.328424929479006 ], [ 136.332965950618814, 36.329119820084451 ], [ 136.332944295289479, 36.329929965333619 ] ] ] } },
{ "type": "Feature", "properties": { "CITY_NAME": "加賀市", "S_NAME": "尾中町", "JINKO": 186, "medical_area": "17_南加賀医療圏", "町丁目名": "加賀市尾中町" }, "geometry": { "type": "Polygon", "coordinates": [ [ [ 136.349954949200111, 36.337040789154791 ], [ 136.34982452984832, 36.336427740991802 ], [ 136.351272603968908, 36.336555612348072 ], [ 136.352738526015571, 36.336943567393931 ], [ 136.353679456613179, 36.336088875679678 ], [ 136.354779763922295, 36.335473127157719 ], [ 136.354132750127349, 36.331273916730311 ], [ 136.354093804185482, 36.330196799591185 ], [ 136.354454061434751, 36.329515164190113 ], [ 136.356158214452165, 36.328271175152281 ], [ 136.355994186030642, 36.327658678640965 ], [ 136.355288412693682, 36.327257955441581 ], [ 136.354996940319012, 36.326912421965211 ], [ 136.355391049820895, 36.325682642961922 ], [ 136.355019795501761, 36.324942601360057 ], [ 136.3537899815218, 36.325339868626941 ], [ 136.352946115645892, 36.325303079115884 ], [ 136.352575643206762, 36.325871179276419 ], [ 136.351042258122845, 36.326633215795724 ], [ 136.349807397252789, 36.327977574262334 ], [ 136.346651282583309, 36.329768779545439 ], [ 136.345912229628311, 36.329847142298419 ], [ 136.34576982400327, 36.330924290385859 ], [ 136.34607987538871, 36.331887666524288 ], [ 136.345614085033958, 36.332834098514319 ], [ 136.346529586413027, 36.333376080771906 ], [ 136.346645388998212, 36.333768943638781 ], [ 136.343464617324287, 36.334678730158245 ], [ 136.343312914768944, 36.335419083573314 ], [ 136.346953166651048, 36.33685802573217 ], [ 136.347147487376645, 36.336582792721664 ], [ 136.34957843786114, 36.337523154685734 ], [ 136.349954949200111, 36.337040789154791 ] ] ] } },
{ "type": "Feature", "properties": { "CITY_NAME": "加賀市", "S_NAME": "松が丘二丁目", "JINKO": 428, "medical_area": "17_南加賀医療圏", "町丁目名": "加賀市松が丘二丁目" }, "geometry": { "type": "Polygon", "coordinates": [ [ [ 136.338166491394958, 36.327732658028417 ], [ 136.338593168659145, 36.327356780466026 ], [ 136.33907064335844, 36.327394270105941 ], [ 136.339141388880392, 36.326858070921688 ], [ 136.339526105864792, 36.326755507897772 ], [ 136.339154077810434, 36.325961013914331 ], [ 136.339173265355981, 36.324761489837329 ], [ 136.335042977660379, 36.324880153665283 ], [ 136.335053237571685, 36.325143307120669 ], [ 136.335592597458628, 36.325481184424753 ], [ 136.335603720906448, 36.325654889530718 ], [ 136.335818192073077, 36.325672186093009 ], [ 136.336065660447559, 36.327149600563899 ], [ 136.336675542457044, 36.327296131610815 ], [ 136.337021710276957, 36.327761541317031 ], [ 136.337486982046698, 36.327422760082349 ], [ 136.33791267756223, 36.32775719643881 ], [ 136.338166491394958, 36.327732658028417 ] ] ] } },
{ "type": "Feature", "properties": { "CITY_NAME": "加賀市", "S_NAME": "松が丘三丁目", "JINKO": 1174, "medical_area": "17_南加賀医療圏", "町丁目名": "加賀市松が丘三丁目" }, "geometry": { "type": "Polygon", "coordinates": [ [ [ 136.333709732053393, 36.324911042734058 ], [ 136.339173265355981, 36.324761489837329 ], [ 136.339015778786262, 36.321506011026564 ], [ 136.338261966322449, 36.321777034160597 ], [ 136.337723641848669, 36.321647024330602 ], [ 136.337059719385707, 36.32171081842143 ], [ 136.33558656243045, 36.321453272151061 ], [ 136.33500744063511, 36.321183519968145 ], [ 136.33411273484586, 36.32117697311643 ], [ 136.334206094954538, 36.321881817773395 ], [ 136.333750747011237, 36.323040072897307 ], [ 136.333709732053393, 36.324911042734058 ] ] ] } },
{ "type": "Feature", "properties": { "CITY_NAME": "加賀市", "S_NAME": "松が丘四丁目", "JINKO": 624, "medical_area": "17_南加賀医療圏", "町丁目名": "加賀市松が丘四丁目" }, "geometry": { "type": "Polygon", "coordinates": [ [ [ 136.341529831699177, 36.321107739642528 ], [ 136.341467413914074, 36.320854753327936 ], [ 136.340953416069709, 36.320893272204216 ], [ 136.33911558154864, 36.32129096923947 ], [ 136.339015778786262, 36.321506011026564 ], [ 136.339173265355981, 36.324761489837329 ], [ 136.342663277271583, 36.324614578489246 ], [ 136.342882447983584, 36.323563765154887 ], [ 136.342372780536749, 36.321939625282219 ], [ 136.341529831699177, 36.321107739642528 ] ] ] } },
{ "type": "Feature", "properties": { "CITY_NAME": "加賀市", "S_NAME": "松が丘一丁目の一", "JINKO": 353, "medical_area": "17_南加賀医療圏", "町丁目名": "加賀市松が丘一丁目の一" }, "geometry": { "type": "Polygon", "coordinates": [ [ [ 136.348641506181337, 36.326413094554681 ], [ 136.348963678688989, 36.326482186240135 ], [ 136.348367023582881, 36.326126521680351 ], [ 136.348249035073479, 36.325826973093349 ], [ 136.348120334197745, 36.325078814559433 ], [ 136.348302741378831, 36.324900276101772 ], [ 136.348211598019446, 36.324538212506681 ], [ 136.34729477843365, 36.323466305741121 ], [ 136.345633926455292, 36.323769492316821 ], [ 136.344135738779869, 36.324340622770642 ], [ 136.342663277271583, 36.324614578489246 ], [ 136.342038060484555, 36.325331144454296 ], [ 136.342714586487688, 36.325676551208211 ], [ 136.343324017464056, 36.324946637476835 ], [ 136.344747473314527, 36.324932072274208 ], [ 136.34575820641453, 36.32521994666353 ], [ 136.346403958527446, 36.325215016013395 ], [ 136.346425033492551, 36.326293886089267 ], [ 136.347250335996478, 36.326825810480791 ], [ 136.348155333860916, 36.326825635102523 ], [ 136.348641506181337, 36.326413094554681 ] ] ] } },
{ "type": "Feature", "properties": { "CITY_NAME": "加賀市", "S_NAME": "松が丘一丁目の二", "JINKO": 283, "medical_area": "17_南加賀医療圏", "町丁目名": "加賀市松が丘一丁目の二" }, "geometry": { "type": "Polygon", "coordinates": [ [ [ 136.347794415471782, 36.322979263494396 ], [ 136.3468228591166, 36.32293314182153 ], [ 136.342860842271392, 36.323450505109889 ], [ 136.342663277271583, 36.324614578489246 ], [ 136.344135738779869, 36.324340622770642 ], [ 136.345633926455292, 36.323769492316821 ], [ 136.347014282621643, 36.323589532774605 ], [ 136.34750516839685, 36.323282467905955 ], [ 136.347794415471782, 36.322979263494396 ] ] ] } },
{ "type": "Feature", "properties": { "CITY_NAME": "加賀市", "S_NAME": "松が丘一丁目の三", "JINKO": 396, "medical_area": "17_南加賀医療圏", "町丁目名": "加賀市松が丘一丁目の三" }, "geometry": { "type": "Polygon", "coordinates": [ [ [ 136.341556602306156, 36.326185466650806 ], [ 136.342419915916707, 36.325962946630042 ], [ 136.342536421798286, 36.325673457170645 ], [ 136.342038060484555, 36.325331144454296 ], [ 136.342663277271583, 36.324614578489246 ], [ 136.339173265355981, 36.324761489837329 ], [ 136.339154077810434, 36.325961013914331 ], [ 136.339526105864792, 36.326755507897772 ], [ 136.339141388880392, 36.326858070921688 ], [ 136.33907064335844, 36.327394270105941 ], [ 136.340618500216436, 36.327989012753065 ], [ 136.341119679892728, 36.326577616915635 ], [ 136.341556602306156, 36.326185466650806 ] ] ] } },
{ "type": "Feature", "properties": { "CITY_NAME": "加賀市", "S_NAME": "白山台", "JINKO": 738, "medical_area": "17_南加賀医療圏", "町丁目名": "加賀市白山台" }, "geometry": { "type": "Polygon", "coordinates": [ [ [ 136.342860842271392, 36.323450505109889 ], [ 136.3468228591166, 36.32293314182153 ], [ 136.347794415471782, 36.322979263494396 ], [ 136.348300336654972, 36.321856723823522 ], [ 136.348249959821885, 36.321698523757355 ], [ 136.34667759649642, 36.320966908444888 ], [ 136.345958114833337, 36.321069835089936 ], [ 136.346010608628717, 36.320709740730685 ], [ 136.345542473115216, 36.320398733995845 ], [ 136.345132552962355, 36.320427493330385 ], [ 136.344541899846462, 36.32080694640598 ], [ 136.344378826474866, 36.320693275392578 ], [ 136.344385218494835, 36.320390775612083 ], [ 136.343527585869026, 36.32032699529973 ], [ 136.343383456031376, 36.320431226054048 ], [ 136.343345865472116, 36.320920306741016 ], [ 136.342742920986694, 36.321060839616301 ], [ 136.342229059974358, 36.320457486116162 ], [ 136.341947209730506, 36.320676516999868 ], [ 136.342122416630474, 36.321637992650679 ], [ 136.342372780536749, 36.321939625282219 ], [ 136.342860842271392, 36.323450505109889 ] ] ] } },
{ "type": "Feature", "properties": { "CITY_NAME": "加賀市", "S_NAME": "小塩辻町", "JINKO": 290, "medical_area": "17_南加賀医療圏", "町丁目名": "加賀市小塩辻町" }, "geometry": { "type": "Polygon", "coordinates": [ [ [ 136.331188921634123, 36.344790863854229 ], [ 136.331671476889255, 36.344419552302107 ], [ 136.331665938086445, 36.344212585208872 ], [ 136.331956064583125, 36.343897946263844 ], [ 136.33155606185656, 36.343432715125893 ], [ 136.331550756532408, 36.343203815231021 ], [ 136.332018358570537, 36.342968813830964 ], [ 136.332945192885404, 36.343276234307162 ], [ 136.333011629835198, 36.342676290690378 ], [ 136.337751108552112, 36.343054110713503 ], [ 136.338942104143683, 36.343919930362603 ], [ 136.339572363069465, 36.34081224344559 ], [ 136.340125752032975, 36.3395178111859 ], [ 136.341335337586429, 36.337779545261789 ], [ 136.342973799872112, 36.338335553615281 ], [ 136.343012324856289, 36.337766288144358 ], [ 136.342793995884108, 36.337052746176532 ], [ 136.343464617324287, 36.334678730158245 ], [ 136.34202600617931, 36.335076375465647 ], [ 136.342353670075738, 36.33425341559284 ], [ 136.337724712919425, 36.333122098722164 ], [ 136.336484410265086, 36.332656507496935 ], [ 136.334128218144173, 36.332205640430459 ], [ 136.333367286892155, 36.331938143354435 ], [ 136.333139309493362, 36.331387827267207 ], [ 136.33192349804591, 36.332098540151286 ], [ 136.328043310700593, 36.332610780073907 ], [ 136.325820127000497, 36.333333099801202 ], [ 136.325954413725924, 36.334566265582644 ], [ 136.325317352849396, 36.335050426690088 ], [ 136.32209484161433, 36.338464406871523 ], [ 136.321038588521674, 36.340224025272015 ], [ 136.321583059588107, 36.341222382699129 ], [ 136.322059191590057, 36.342708429382881 ], [ 136.322182168119809, 36.343790307928622 ], [ 136.322070914751407, 36.345116467706696 ], [ 136.322994606442421, 36.345172900712377 ], [ 136.323776386166486, 36.34499123157314 ], [ 136.325495575573598, 36.344114741063819 ], [ 136.325556123631429, 36.344733351213954 ], [ 136.326161845890425, 36.344460303184441 ], [ 136.327044846598682, 36.344569332069952 ], [ 136.328184931894668, 36.345224266607403 ], [ 136.328328996652829, 36.345539047061969 ], [ 136.328359024269616, 36.34475868453849 ], [ 136.331139096554637, 36.345936539519833 ], [ 136.331188921634123, 36.344790863854229 ] ] ] } },
{ "type": "Feature", "properties": { "CITY_NAME": "加賀市", "S_NAME": "美岬町（大畠町）", "JINKO": 154, "medical_area": "17_南加賀医療圏", "町丁目名": "加賀市美岬町（大畠町）" }, "geometry": { "type": "Polygon", "coordinates": [ [ [ 136.328579789552577, 36.353622874579237 ], [ 136.328841048686172, 36.351147422661484 ], [ 136.329391745746733, 36.35125410726932 ], [ 136.328949328657217, 36.350431680086999 ], [ 136.328789318778718, 36.348409827673038 ], [ 136.328311345623774, 36.347772462394985 ], [ 136.328427535797488, 36.346057689839014 ], [ 136.328184931894668, 36.345224266607403 ], [ 136.327255355549823, 36.344644772503671 ], [ 136.326759732833295, 36.344511850465217 ], [ 136.326064600359842, 36.344471168281856 ], [ 136.325556123631429, 36.344733351213954 ], [ 136.325495575573598, 36.344114741063819 ], [ 136.323776386166486, 36.34499123157314 ], [ 136.322994606442421, 36.345172900712377 ], [ 136.322070914751407, 36.345116467706696 ], [ 136.321655920550626, 36.347480463854474 ], [ 136.321588642882602, 36.34888303410473 ], [ 136.322019028620929, 36.35086064783399 ], [ 136.32297624159267, 36.352593684046496 ], [ 136.323157548819296, 36.352828046954713 ], [ 136.326039539992678, 36.352859166998243 ], [ 136.328579789552577, 36.353622874579237 ] ] ] } },
{ "type": "Feature", "properties": { "CITY_NAME": "加賀市", "S_NAME": "美岬町（千崎町）", "JINKO": 202, "medical_area": "17_南加賀医療圏", "町丁目名": "加賀市美岬町（千崎町）" }, "geometry": { "type": "Polygon", "coordinates": [ [ [ 136.329145653332318, 36.35728914933987 ], [ 136.330483855897, 36.354307487181273 ], [ 136.325704812605125, 36.35280707359059 ], [ 136.322682074796376, 36.352880914493852 ], [ 136.322828532786076, 36.354336520914288 ], [ 136.322109444745394, 36.354990985589595 ], [ 136.321722687144842, 36.355927309102192 ], [ 136.321768856617979, 36.356189900620343 ], [ 136.322129030893763, 36.356272635208519 ], [ 136.322327556580916, 36.356460578341135 ], [ 136.322258440866307, 36.356565525101246 ], [ 136.322506391779882, 36.35650510532043 ], [ 136.322745281462062, 36.356776236484293 ], [ 136.322935730646208, 36.356680277340452 ], [ 136.323267778638694, 36.355957144998634 ], [ 136.323764724615813, 36.355747030653511 ], [ 136.326107465377049, 36.356096073177497 ], [ 136.329145653332318, 36.35728914933987 ] ] ] } },
{ "type": "Feature", "properties": { "CITY_NAME": "加賀市", "S_NAME": "宮地町", "JINKO": 142, "medical_area": "17_南加賀医療圏", "町丁目名": "加賀市宮地町" }, "geometry": { "type": "Polygon", "coordinates": [ [ [ 136.340001223839522, 36.351821621397406 ], [ 136.339591777671757, 36.347838642677331 ], [ 136.341078278501044, 36.348002540101902 ], [ 136.34180328692446, 36.347795895046247 ], [ 136.342154545628432, 36.347193232100153 ], [ 136.342200683251633, 36.346861225016745 ], [ 136.341018871584254, 36.346403731523516 ], [ 136.340848952814241, 36.345745407445008 ], [ 136.34263137522413, 36.3453327154051 ], [ 136.342410674067793, 36.34503330002034 ], [ 136.342651526429307, 36.34461585444965 ], [ 136.340683210106278, 36.343485081368058 ], [ 136.341775009016061, 36.341623347506982 ], [ 136.341412937245735, 36.341213397495601 ], [ 136.34297510792257, 36.33924685577724 ], [ 136.343922566320742, 36.339776157106968 ], [ 136.345988063460169, 36.340247436062526 ], [ 136.346620007000098, 36.339709979932096 ], [ 136.347119783100766, 36.338869317068479 ], [ 136.346789508303061, 36.338862688325669 ], [ 136.34599033754975, 36.338299330706299 ], [ 136.345226427669957, 36.338342280472034 ], [ 136.34470668892854, 36.337988218080049 ], [ 136.344094493452872, 36.338011785264428 ], [ 136.342972980116429, 36.337560106753457 ], [ 136.342973799872112, 36.338335553615281 ], [ 136.341335337586429, 36.337779545261789 ], [ 136.340125752032975, 36.3395178111859 ], [ 136.339572363069465, 36.34081224344559 ], [ 136.338942104143683, 36.343919930362603 ], [ 136.337967262755882, 36.343130840511414 ], [ 136.337398730800118, 36.344854437471284 ], [ 136.336762582878066, 36.345276381186686 ], [ 136.336719021173394, 36.346274671506386 ], [ 136.335291525721544, 36.34640268846708 ], [ 136.334960261922447, 36.347116783271062 ], [ 136.33441202260957, 36.348746390678762 ], [ 136.334877361656481, 36.348718296534436 ], [ 136.335159052240613, 36.351935379544045 ], [ 136.336473093811833, 36.35238050828773 ], [ 136.340001223839522, 36.351821621397406 ] ] ] } },
{ "type": "Feature", "properties": { "CITY_NAME": "加賀市", "S_NAME": "野田町", "JINKO": 347, "medical_area": "17_南加賀医療圏", "町丁目名": "加賀市野田町" }, "geometry": { "type": "Polygon", "coordinates": [ [ [ 136.347754101354298, 36.352107283169573 ], [ 136.348252307960394, 36.350771553516914 ], [ 136.348794166462028, 36.350540677798804 ], [ 136.349149500569894, 36.349825429949561 ], [ 136.349736488214631, 36.349806821126307 ], [ 136.349883282002907, 36.349391921243523 ], [ 136.347408888106457, 36.348473218442066 ], [ 136.347551044495077, 36.347844706231228 ], [ 136.347319800988743, 36.347777579504267 ], [ 136.347445649188842, 36.347594285467096 ], [ 136.346571515725515, 36.347290409115345 ], [ 136.346271669836682, 36.346958316318251 ], [ 136.345942801576172, 36.346988165601907 ], [ 136.345338743162813, 36.346234879295096 ], [ 136.345658009464671, 36.345566752443908 ], [ 136.345405894395896, 36.344991091483358 ], [ 136.345604324013152, 36.344317767308972 ], [ 136.344925393879407, 36.344159758264986 ], [ 136.344459252692872, 36.343852816594165 ], [ 136.343712893984502, 36.343760060794054 ], [ 136.346314761710687, 36.340421999664208 ], [ 136.343922566320742, 36.339776157106968 ], [ 136.34297510792257, 36.33924685577724 ], [ 136.341412937245735, 36.341213397495601 ], [ 136.341775009016061, 36.341623347506982 ], [ 136.340683210106278, 36.343485081368058 ], [ 136.342651526429307, 36.34461585444965 ], [ 136.342410674067793, 36.34503330002034 ], [ 136.34263137522413, 36.3453327154051 ], [ 136.340848952814241, 36.345745407445008 ], [ 136.341018871584254, 36.346403731523516 ], [ 136.342200683251633, 36.346861225016745 ], [ 136.342078611842282, 36.347412169985262 ], [ 136.34180328692446, 36.347795895046247 ], [ 136.341078278501044, 36.348002540101902 ], [ 136.339591777671757, 36.347838642677331 ], [ 136.339991201906798, 36.351674188798327 ], [ 136.341585413836782, 36.351743179002192 ], [ 136.341787451218693, 36.35206436483665 ], [ 136.34190004355699, 36.352043209392029 ], [ 136.341921076236815, 36.351516633300413 ], [ 136.343209098530025, 36.351956616641829 ], [ 136.344002543406276, 36.351875863058311 ], [ 136.346796248714838, 36.352881041160991 ], [ 136.346767424973564, 36.352673950290445 ], [ 136.34781459254944, 36.352599565134263 ], [ 136.347754101354298, 36.352107283169573 ] ] ] } },
{ "type": "Feature", "properties": { "CITY_NAME": "加賀市", "S_NAME": "塩浜町", "JINKO": 431, "medical_area": "17_南加賀医療圏", "町丁目名": "加賀市塩浜町" }, "geometry": { "type": "Polygon", "coordinates": [ [ [ 136.335159052240613, 36.351935379544045 ], [ 136.334877361656481, 36.348718296534436 ], [ 136.33441202260957, 36.348746390678762 ], [ 136.335291525721544, 36.34640268846708 ], [ 136.336719021173394, 36.346274671506386 ], [ 136.336762582878066, 36.345276381186686 ], [ 136.337398730800118, 36.344854437471284 ], [ 136.337967262755882, 36.343130840511414 ], [ 136.333011629835198, 36.342676290690378 ], [ 136.332945192885404, 36.343276234307162 ], [ 136.331828269530519, 36.342986287750215 ], [ 136.331530079780748, 36.343322802437775 ], [ 136.331956064583125, 36.343897946263844 ], [ 136.331665938086445, 36.344212585208872 ], [ 136.331671476889255, 36.344419552302107 ], [ 136.331188921634123, 36.344790863854229 ], [ 136.331139096554637, 36.345936539519833 ], [ 136.328359024269616, 36.34475868453849 ], [ 136.328311345623774, 36.347772462394985 ], [ 136.328789318778718, 36.348409827673038 ], [ 136.328949328657217, 36.350431680086999 ], [ 136.329391745746733, 36.35125410726932 ], [ 136.328841048686172, 36.351147422661484 ], [ 136.328569012031437, 36.353718869720382 ], [ 136.330483855897, 36.354307487181273 ], [ 136.329145653332318, 36.35728914933987 ], [ 136.334999195494561, 36.359503447718595 ], [ 136.340599707459916, 36.362524245372235 ], [ 136.340888894069593, 36.361437414415846 ], [ 136.3386705765503, 36.36045810624222 ], [ 136.337787105844768, 36.35824937258058 ], [ 136.336588830370061, 36.356221499683251 ], [ 136.336992972252602, 36.353950493863472 ], [ 136.336473093811833, 36.35238050828773 ], [ 136.335159052240613, 36.351935379544045 ] ] ] } },
{ "type": "Feature", "properties": { "CITY_NAME": "加賀市", "S_NAME": "篠原町", "JINKO": 192, "medical_area": "17_南加賀医療圏", "町丁目名": "加賀市篠原町" }, "geometry": { "type": "Polygon", "coordinates": [ [ [ 136.353717074164479, 36.358971182427091 ], [ 136.352655167857534, 36.355937551749953 ], [ 136.352665660577571, 36.351729665896848 ], [ 136.351801329663743, 36.351289820514253 ], [ 136.350695675513151, 36.352154140477879 ], [ 136.350708108373738, 36.352481972272003 ], [ 136.350317321882585, 36.353074616844502 ], [ 136.349562767218714, 36.353192384555712 ], [ 136.349284111307924, 36.3528960506858 ], [ 136.348486970788343, 36.352849653576136 ], [ 136.347855948645787, 36.352364717992408 ], [ 136.34781459254944, 36.352599565134263 ], [ 136.346767424973564, 36.352673950290445 ], [ 136.346796248714838, 36.352881041160991 ], [ 136.344002543406276, 36.351875863058311 ], [ 136.343209098530025, 36.351956616641829 ], [ 136.341921076236815, 36.351516633300413 ], [ 136.341872756777889, 36.352055553782236 ], [ 136.341671600930852, 36.352022834234795 ], [ 136.341585413836782, 36.351743179002192 ], [ 136.339991201906798, 36.351674188798327 ], [ 136.340001223839522, 36.351821621397406 ], [ 136.336467009693706, 36.352322272553728 ], [ 136.336992972252602, 36.353950493863472 ], [ 136.336588830370061, 36.356221499683251 ], [ 136.337787105844768, 36.35824937258058 ], [ 136.3386705765503, 36.36045810624222 ], [ 136.340168268847719, 36.361134101300316 ], [ 136.340001163262087, 36.359608519483821 ], [ 136.340904906852188, 36.35747508417456 ], [ 136.341635851127478, 36.356435371466205 ], [ 136.342060270630867, 36.356890831252294 ], [ 136.342871950860541, 36.356852451204752 ], [ 136.34610809249682, 36.357730492576025 ], [ 136.347705155095326, 36.357778584121121 ], [ 136.348404775880283, 36.358265378184818 ], [ 136.346965074726853, 36.359356598536927 ], [ 136.351461625573506, 36.361749100033485 ], [ 136.352348051945398, 36.36051284207722 ], [ 136.353685029244701, 36.35963393813207 ], [ 136.353717074164479, 36.358971182427091 ] ] ] } },
{ "type": "Feature", "properties": { "CITY_NAME": "加賀市", "S_NAME": "篠原新町", "JINKO": 77, "medical_area": "17_南加賀医療圏", "町丁目名": "加賀市篠原新町" }, "geometry": { "type": "Polygon", "coordinates": [ [ [ 136.346819386876945, 36.367066248281361 ], [ 136.347436826242614, 36.36561933821087 ], [ 136.348163341364113, 36.36474309613557 ], [ 136.349794744014702, 36.363318277419168 ], [ 136.351156131629267, 36.362319530009543 ], [ 136.351874767342224, 36.361982760963535 ], [ 136.346965074726853, 36.359356598536927 ], [ 136.348404775880283, 36.358265378184818 ], [ 136.347705155095326, 36.357778584121121 ], [ 136.34610809249682, 36.357730492576025 ], [ 136.342871950860541, 36.356852451204752 ], [ 136.342060270630867, 36.356890831252294 ], [ 136.341635851127478, 36.356435371466205 ], [ 136.340904906852188, 36.35747508417456 ], [ 136.339954742456115, 36.359832933770896 ], [ 136.340168268847719, 36.361134101300316 ], [ 136.340888894069593, 36.361437414415846 ], [ 136.340599707459916, 36.362524245372235 ], [ 136.344302733440145, 36.36418808583803 ], [ 136.34655845841624, 36.365426447778439 ], [ 136.346875748754456, 36.365777406696402 ], [ 136.346403992704523, 36.366979061363935 ], [ 136.346819386876945, 36.367066248281361 ] ] ] } },
{ "type": "Feature", "properties": { "CITY_NAME": "加賀市", "S_NAME": "伊切町", "JINKO": 434, "medical_area": "17_南加賀医療圏", "町丁目名": "加賀市伊切町" }, "geometry": { "type": "Polygon", "coordinates": [ [ [ 136.360001304598683, 36.374540650611472 ], [ 136.362625655488188, 36.372018093982355 ], [ 136.361659999160082, 36.371363481587011 ], [ 136.360976184633017, 36.370353616793061 ], [ 136.361464204952057, 36.369910088237077 ], [ 136.361204700972905, 36.369696711946787 ], [ 136.362119333830748, 36.368768055521436 ], [ 136.361548862639779, 36.368216027411272 ], [ 136.361875980462457, 36.367865483561673 ], [ 136.36025140223083, 36.366446603053056 ], [ 136.361735193009679, 36.365828975009912 ], [ 136.358939387107768, 36.361508315789102 ], [ 136.357738671640078, 36.360408215384645 ], [ 136.357534558349101, 36.360465631935035 ], [ 136.357163569179363, 36.359967830796414 ], [ 136.351156131629267, 36.362319530009543 ], [ 136.348163341364113, 36.36474309613557 ], [ 136.347167650544833, 36.366158709625445 ], [ 136.346819386876945, 36.367066248281361 ], [ 136.347214045863893, 36.367196377839456 ], [ 136.347332669880245, 36.36693404691826 ], [ 136.347502362809962, 36.36690725294963 ], [ 136.348547023287324, 36.367282941320589 ], [ 136.352283701203163, 36.369385564653406 ], [ 136.356509407951108, 36.372178990093353 ], [ 136.35710825079272, 36.372025318472332 ], [ 136.356661299222992, 36.372249398867886 ], [ 136.360001304598683, 36.374540650611472 ] ] ] } },
{ "type": "Feature", "properties": { "CITY_NAME": "加賀市", "S_NAME": "源平町", "JINKO": 127, "medical_area": "17_南加賀医療圏", "町丁目名": "加賀市源平町" }, "geometry": { "type": "Polygon", "coordinates": [ [ [ 136.35285912795905, 36.356412618830056 ], [ 136.356952211918895, 36.355104515018525 ], [ 136.360206341322282, 36.354591401229406 ], [ 136.360517738429706, 36.355982486645104 ], [ 136.360921042138955, 36.356851316233943 ], [ 136.36209996420456, 36.355421028823869 ], [ 136.362191032541233, 36.35502060706466 ], [ 136.362075006370532, 36.354817063128323 ], [ 136.362312872577434, 36.354870013582634 ], [ 136.362442709871317, 36.354593307060149 ], [ 136.363516448329648, 36.353865126872854 ], [ 136.363189618370313, 36.353252845036394 ], [ 136.363113238725305, 36.352178114383698 ], [ 136.359547094715936, 36.352291044597223 ], [ 136.353313193000957, 36.350942883596367 ], [ 136.352604513265391, 36.35182655579645 ], [ 136.352655167857534, 36.355937551749953 ], [ 136.35285912795905, 36.356412618830056 ] ] ] } },
{ "type": "Feature", "properties": { "CITY_NAME": "加賀市", "S_NAME": "手塚町", "JINKO": 161, "medical_area": "17_南加賀医療圏", "町丁目名": "加賀市手塚町" }, "geometry": { "type": "Polygon", "coordinates": [ [ [ 136.360517738429735, 36.355982486645111 ], [ 136.360206341322282, 36.354591401229378 ], [ 136.35754930000121, 36.354996836809164 ], [ 136.356136183990827, 36.355298900473009 ], [ 136.35285912795905, 36.35641261883007 ], [ 136.353717074164479, 36.358971182427091 ], [ 136.353685029244701, 36.35963393813207 ], [ 136.352348051945398, 36.36051284207722 ], [ 136.351461625573506, 36.361749100033485 ], [ 136.351874767342224, 36.361982760963535 ], [ 136.355895114919349, 36.360504572804132 ], [ 136.357874559832993, 36.359598939483469 ], [ 136.359468491271116, 36.358517695781252 ], [ 136.361109836479471, 36.357198906507655 ], [ 136.360517738429735, 36.355982486645111 ] ] ] } },
{ "type": "Feature", "properties": { "CITY_NAME": "加賀市", "S_NAME": "新保町", "JINKO": 563, "medical_area": "17_南加賀医療圏", "町丁目名": "加賀市新保町" }, "geometry": { "type": "Polygon", "coordinates": [ [ [ 136.372085686543983, 36.383537118158401 ], [ 136.373343246059051, 36.382457013806302 ], [ 136.374533498349393, 36.383320412579991 ], [ 136.375935954507042, 36.382030152441168 ], [ 136.376601170271812, 36.381250968829789 ], [ 136.377621318761811, 36.379512460304518 ], [ 136.379051021806674, 36.377996042896484 ], [ 136.379551683294636, 36.37773599923824 ], [ 136.381447582763855, 36.37556687166628 ], [ 136.383162435523104, 36.373295845300362 ], [ 136.383452266763925, 36.372732328635728 ], [ 136.383217281522491, 36.371716725339581 ], [ 136.380916238842758, 36.370492667889074 ], [ 136.380252466316222, 36.369663659988106 ], [ 136.380489362475799, 36.369048272512259 ], [ 136.379842697986703, 36.367436398785117 ], [ 136.378878842407943, 36.366851677141824 ], [ 136.378565769654756, 36.366403606192144 ], [ 136.378710138313039, 36.366288557995425 ], [ 136.380007547985088, 36.366946746804189 ], [ 136.380332630647018, 36.366452259631878 ], [ 136.372400967690879, 36.361415505874561 ], [ 136.371102242562642, 36.362735033121425 ], [ 136.370063933288321, 36.362037942481081 ], [ 136.368042549454458, 36.36124160326213 ], [ 136.366196299481373, 36.360014987318003 ], [ 136.363909276662326, 36.359121869539713 ], [ 136.363353849823739, 36.359195821350028 ], [ 136.3629507084446, 36.358977442756967 ], [ 136.361449636550844, 36.357912664484481 ], [ 136.361109836479471, 36.357198906507655 ], [ 136.358533935876039, 36.359186572702818 ], [ 136.357163569179363, 36.359967830796414 ], [ 136.357534558349101, 36.360465631935035 ], [ 136.357738671640078, 36.360408215384645 ], [ 136.358939387107768, 36.361508315789102 ], [ 136.361735193009679, 36.365828975009912 ], [ 136.36025140223083, 36.366446603053056 ], [ 136.361875980462457, 36.367865483561673 ], [ 136.361548862639779, 36.368216027411272 ], [ 136.362119333830748, 36.368768055521436 ], [ 136.361204700972905, 36.369696711946787 ], [ 136.361464204952057, 36.369910088237077 ], [ 136.360976184633017, 36.370353616793061 ], [ 136.361659999160082, 36.371363481587011 ], [ 136.362625655488188, 36.372018093982355 ], [ 136.360001304598683, 36.374540650611472 ], [ 136.364620483520611, 36.377991121107335 ], [ 136.365149224561975, 36.377943250835528 ], [ 136.364832625503567, 36.378173655096624 ], [ 136.371163815877935, 36.382896585423524 ], [ 136.371419089588812, 36.382891058655858 ], [ 136.371345417485799, 36.383011317481767 ], [ 136.372085686543983, 36.383537118158401 ] ] ] } },
{ "type": "Feature", "properties": { "CITY_NAME": "加賀市", "S_NAME": "柴山町", "JINKO": 393, "medical_area": "17_南加賀医療圏", "町丁目名": "加賀市柴山町" }, "geometry": { "type": "Polygon", "coordinates": [ [ [ 136.38908161591894, 36.368584155222671 ], [ 136.38924478910991, 36.368249089323484 ], [ 136.390213707196892, 36.367719759138438 ], [ 136.390613811796499, 36.368134182318272 ], [ 136.39129044522852, 36.367606653441861 ], [ 136.392000152088173, 36.366964852113114 ], [ 136.392045937491673, 36.366156875253424 ], [ 136.391824967156055, 36.365824788457651 ], [ 136.391451003623217, 36.366278056082031 ], [ 136.390450929182066, 36.366221096885155 ], [ 136.389395283373943, 36.365474880434874 ], [ 136.388964272853315, 36.364178165959181 ], [ 136.388079692826636, 36.363470677946097 ], [ 136.386978694125958, 36.361681713977767 ], [ 136.386766139131055, 36.360603490876493 ], [ 136.389942302799341, 36.358960405922666 ], [ 136.390073505451824, 36.358589410469044 ], [ 136.389352751989321, 36.358114072052764 ], [ 136.386367735922761, 36.357916373804805 ], [ 136.383719160725548, 36.357956148837367 ], [ 136.382290691118385, 36.357566418624337 ], [ 136.381003278466096, 36.356765969668679 ], [ 136.379118204448218, 36.356670509339267 ], [ 136.379005511428858, 36.356823148949488 ], [ 136.377699979634713, 36.356115126754851 ], [ 136.37806416203702, 36.355597851703926 ], [ 136.377332804622085, 36.355088394884469 ], [ 136.37536776811632, 36.354615011891312 ], [ 136.373944967239169, 36.354561473119212 ], [ 136.373788433524226, 36.354762189593046 ], [ 136.373765122020131, 36.355302606869827 ], [ 136.373991579123953, 36.355288680731384 ], [ 136.373983068530066, 36.35577720213972 ], [ 136.373721391563123, 36.356209105877554 ], [ 136.375204982840586, 36.356762324057371 ], [ 136.372859802681575, 36.36093576049506 ], [ 136.372400967690879, 36.361415505874561 ], [ 136.380332630647018, 36.366452259631878 ], [ 136.380007547985088, 36.366946746804189 ], [ 136.380237483011513, 36.367326363523446 ], [ 136.380246042721211, 36.36770457073515 ], [ 136.380525566405424, 36.368044696133431 ], [ 136.381970656089095, 36.368730793809107 ], [ 136.383192623307821, 36.369574610638473 ], [ 136.384305959465564, 36.368416556461725 ], [ 136.385964727412642, 36.369243579069639 ], [ 136.386385856457167, 36.368465117093734 ], [ 136.387072629938814, 36.369211967161093 ], [ 136.386824382672785, 36.369372891999312 ], [ 136.387122565307777, 36.369696157518661 ], [ 136.38908161591894, 36.368584155222671 ] ] ] } },
{ "type": "Feature", "properties": { "CITY_NAME": "加賀市", "S_NAME": "一白町", "JINKO": 288, "medical_area": "17_南加賀医療圏", "町丁目名": "加賀市一白町" }, "geometry": { "type": "Polygon", "coordinates": [ [ [ 136.372859802681575, 36.36093576049506 ], [ 136.375204982840586, 36.356762324057371 ], [ 136.373721391563123, 36.356209105877554 ], [ 136.373983068530066, 36.35577720213972 ], [ 136.373991579123953, 36.355288680731384 ], [ 136.373765122020131, 36.355302606869827 ], [ 136.373788433524226, 36.354762189593046 ], [ 136.373944967239169, 36.354561473119212 ], [ 136.373484149760827, 36.354132204680802 ], [ 136.373727860113206, 36.354047281719289 ], [ 136.373979079680936, 36.354441868310523 ], [ 136.373735930703731, 36.354023889327323 ], [ 136.373499455571505, 36.354047572074933 ], [ 136.373215844255185, 36.353671709920931 ], [ 136.372685245169578, 36.353584394346704 ], [ 136.371673602241884, 36.353811147316598 ], [ 136.371231592836779, 36.353554977685548 ], [ 136.371128270661671, 36.353752556487194 ], [ 136.370459822829218, 36.353963541977762 ], [ 136.370016112725239, 36.354320166360097 ], [ 136.36981271307863, 36.354275555055068 ], [ 136.36996461879977, 36.354017010971269 ], [ 136.369835517117764, 36.354001758866609 ], [ 136.369718058433847, 36.354159568899597 ], [ 136.369799303663228, 36.354387235516484 ], [ 136.369390284593436, 36.354618836022247 ], [ 136.369149940375166, 36.354586581432088 ], [ 136.368858100059839, 36.354909991483972 ], [ 136.368906003039342, 36.35458225406795 ], [ 136.369205356436566, 36.354401325116555 ], [ 136.369376117975634, 36.354479937203813 ], [ 136.369540950362136, 36.353934929468217 ], [ 136.368866840016693, 36.353726779357579 ], [ 136.368584382645111, 36.353889831426144 ], [ 136.367915927710953, 36.353887191916613 ], [ 136.367138649518466, 36.354287566310113 ], [ 136.366677195381101, 36.354197970701712 ], [ 136.366667455674275, 36.354717006632491 ], [ 136.367017998735236, 36.355081607482227 ], [ 136.36680708755236, 36.355005400029746 ], [ 136.366724575962877, 36.355337412737398 ], [ 136.366471721942872, 36.355336611324837 ], [ 136.365971283005166, 36.354913349502894 ], [ 136.365620246839654, 36.355797771001527 ], [ 136.365768041522983, 36.356053799284162 ], [ 136.366074297087607, 36.356067559407741 ], [ 136.366813802611233, 36.355660639139685 ], [ 136.366860895953721, 36.355413124629798 ], [ 136.367002553496405, 36.355724976768172 ], [ 136.367316158817545, 36.355666651563261 ], [ 136.367459127307256, 36.355747828671547 ], [ 136.367395057882021, 36.355910497034799 ], [ 136.367584848193502, 36.355873034794264 ], [ 136.367563096565505, 36.356034189404603 ], [ 136.367808803478397, 36.355976327326083 ], [ 136.367652907985644, 36.356300636875545 ], [ 136.367405643383563, 36.35617824965221 ], [ 136.367322328134549, 36.356486776000203 ], [ 136.366898873318746, 36.356706585726187 ], [ 136.366123412613234, 36.356380592332371 ], [ 136.366514609553661, 36.356804958050546 ], [ 136.365927924829577, 36.356762298048416 ], [ 136.365448546659735, 36.356347270500983 ], [ 136.36510552302471, 36.356336854062953 ], [ 136.365106764853977, 36.356538750838254 ], [ 136.364825765907398, 36.356676563722921 ], [ 136.364382806468257, 36.356301412702067 ], [ 136.364098755116203, 36.355751586789005 ], [ 136.363702306979292, 36.356495136668066 ], [ 136.363015661438055, 36.356846524361188 ], [ 136.362677030850648, 36.356619880030657 ], [ 136.361225707025142, 36.357468525929136 ], [ 136.361745612816605, 36.358173455839335 ], [ 136.363353849823739, 36.359195821350028 ], [ 136.363909276662326, 36.359121869539713 ], [ 136.366196299481373, 36.360014987318003 ], [ 136.368042549454458, 36.36124160326213 ], [ 136.370063933288321, 36.362037942481081 ], [ 136.371102242562642, 36.362735033121425 ], [ 136.372859802681575, 36.36093576049506 ] ] ] } },
{ "type": "Feature", "properties": { "CITY_NAME": "加賀市", "S_NAME": "干拓町", "JINKO": 0, "medical_area": "17_南加賀医療圏", "町丁目名": "加賀市干拓町" }, "geometry": { "type": "Polygon", "coordinates": [ [ [ 136.392680331246538, 36.366138633809157 ], [ 136.393982447274226, 36.364984646095238 ], [ 136.393430243046765, 36.364360007825738 ], [ 136.394321824799647, 36.363949866044429 ], [ 136.387286645802163, 36.353440312360583 ], [ 136.397582095006669, 36.344125889778709 ], [ 136.396316410968751, 36.343067561585691 ], [ 136.395861410492927, 36.34307660777106 ], [ 136.395414706272561, 36.342612987706083 ], [ 136.395619100854248, 36.342271227505989 ], [ 136.395205926828396, 36.342080561488665 ], [ 136.392716956784142, 36.343087842579223 ], [ 136.39063576710717, 36.345123955511305 ], [ 136.389818043955444, 36.345471566559297 ], [ 136.388317489147767, 36.345761771102197 ], [ 136.387820366109679, 36.346040869333017 ], [ 136.387543512830149, 36.346277215239851 ], [ 136.387476999915293, 36.346708676676293 ], [ 136.386929920311246, 36.347503579769423 ], [ 136.386582471550355, 36.347827542116455 ], [ 136.385765446955332, 36.348432323262465 ], [ 136.379270873769627, 36.35448827665649 ], [ 136.377816871993588, 36.355260117827228 ], [ 136.378149421568054, 36.355541663957247 ], [ 136.377699979634713, 36.356115126754851 ], [ 136.379005511428858, 36.356823148949488 ], [ 136.379118204448218, 36.356670509339267 ], [ 136.381003278466096, 36.356765969668679 ], [ 136.382290691118385, 36.357566418624337 ], [ 136.383719160725548, 36.357956148837367 ], [ 136.386367735922761, 36.357916373804805 ], [ 136.389452278012271, 36.358128655242034 ], [ 136.390073505451795, 36.358589410469044 ], [ 136.3900225457175, 36.358909318098199 ], [ 136.386932755935732, 36.360419721936061 ], [ 136.386755231605889, 36.360763556695716 ], [ 136.38687053777798, 36.361467119763937 ], [ 136.388079692826636, 36.363470677946111 ], [ 136.388964272853315, 36.364178165959181 ], [ 136.389303187263408, 36.365377583290091 ], [ 136.390105703757712, 36.36605873336368 ], [ 136.39132194097229, 36.366291201092061 ], [ 136.391667412093312, 36.366165530538133 ], [ 136.391824967156111, 36.365824788457651 ], [ 136.392045937491673, 36.366156875253424 ], [ 136.392680331246538, 36.366138633809157 ] ] ] } },
{ "type": "Feature", "properties": { "CITY_NAME": "加賀市", "S_NAME": "動橋町", "JINKO": 2672, "medical_area": "17_南加賀医療圏", "町丁目名": "加賀市動橋町" }, "geometry": { "type": "Polygon", "coordinates": [ [ [ 136.393813969206747, 36.332015496058119 ], [ 136.394155410008011, 36.329761223870108 ], [ 136.393362300730274, 36.323989355847637 ], [ 136.390886408890054, 36.324181024708821 ], [ 136.390880298948815, 36.324359003818074 ], [ 136.389115099863432, 36.324223607887021 ], [ 136.386420461821302, 36.321781107037083 ], [ 136.386233181888997, 36.321234551651031 ], [ 136.386269955668894, 36.320808906146105 ], [ 136.386683386551169, 36.320145359251043 ], [ 136.387362239257726, 36.319484031153969 ], [ 136.385671250297179, 36.318593782133753 ], [ 136.384460582800557, 36.318745110944299 ], [ 136.382947688456539, 36.318702115222585 ], [ 136.383283162763405, 36.319512032866257 ], [ 136.379656908576379, 36.319524026067121 ], [ 136.379419039091431, 36.326533307309553 ], [ 136.378234148677222, 36.326296300729766 ], [ 136.373341849403715, 36.326278379253601 ], [ 136.373313800285416, 36.330107146617458 ], [ 136.374245866955931, 36.330602742927432 ], [ 136.374727107338742, 36.331417459765959 ], [ 136.379208361729098, 36.331683445729567 ], [ 136.379268040680273, 36.330826687395799 ], [ 136.383216864393717, 36.330896503991205 ], [ 136.384592523790445, 36.33107020349015 ], [ 136.385392836092024, 36.331391866220898 ], [ 136.38521897560716, 36.33191619719301 ], [ 136.385699384024662, 36.332941118130591 ], [ 136.38656629951123, 36.33413749165689 ], [ 136.387141602351477, 36.334644561312246 ], [ 136.387983538422276, 36.334415733659384 ], [ 136.38897050686495, 36.333636083876641 ], [ 136.389282278101831, 36.333576681230191 ], [ 136.388511754703813, 36.331667938388996 ], [ 136.394436125734245, 36.335133049036074 ], [ 136.393813969206747, 36.332015496058119 ] ], [ [ 136.384925460319948, 36.320696780977975 ], [ 136.385822546743185, 36.320698432606164 ], [ 136.385869480049308, 36.321350242604929 ], [ 136.384934775124862, 36.321333559025007 ], [ 136.384925460319948, 36.320696780977975 ] ] ] } },
{ "type": "Feature", "properties": { "CITY_NAME": "加賀市", "S_NAME": "中島町", "JINKO": 290, "medical_area": "17_南加賀医療圏", "町丁目名": "加賀市中島町" }, "geometry": { "type": "Polygon", "coordinates": [ [ [ 136.386977036469261, 36.346764641994497 ], [ 136.388317489147767, 36.345761771102204 ], [ 136.389818043955444, 36.345471566559297 ], [ 136.39063576710717, 36.345123955511347 ], [ 136.392716956784142, 36.343087842579223 ], [ 136.395205926828396, 36.342080561488665 ], [ 136.395666628793037, 36.341622876863596 ], [ 136.39703715203774, 36.338496680243303 ], [ 136.396937489240628, 36.337814367838099 ], [ 136.396231778564953, 36.336627698488464 ], [ 136.396356506057344, 36.336296866497548 ], [ 136.388511754703813, 36.331667938388996 ], [ 136.389298574342746, 36.333460125962461 ], [ 136.388418431154207, 36.334191329958522 ], [ 136.387141602351477, 36.334644561312246 ], [ 136.38785759158597, 36.335488617067583 ], [ 136.387877742166609, 36.336615254443309 ], [ 136.387215964015127, 36.33669061192289 ], [ 136.386802252224385, 36.336909903436187 ], [ 136.385009620089846, 36.337009213368553 ], [ 136.384231014218244, 36.337402412694551 ], [ 136.383332516491379, 36.338881909703794 ], [ 136.383367617584099, 36.339410981780631 ], [ 136.38290645116632, 36.339525476914602 ], [ 136.382291201095086, 36.345766517053491 ], [ 136.383619327271646, 36.346003319105989 ], [ 136.385830860451222, 36.345951845629735 ], [ 136.386484985574782, 36.346164491963719 ], [ 136.386517214055175, 36.346582268284649 ], [ 136.386949895645927, 36.346570398921223 ], [ 136.386977036469261, 36.346764641994497 ] ] ] } },
{ "type": "Feature", "properties": { "CITY_NAME": "加賀市", "S_NAME": "合河町", "JINKO": 496, "medical_area": "17_南加賀医療圏", "町丁目名": "加賀市合河町" }, "geometry": { "type": "Polygon", "coordinates": [ [ [ 136.381083692189435, 36.34585329403739 ], [ 136.382291201095086, 36.345766517053491 ], [ 136.38290645116632, 36.339525476914602 ], [ 136.383367617584099, 36.339410981780631 ], [ 136.383332516491379, 36.338881909703794 ], [ 136.384067055511025, 36.337655960025018 ], [ 136.384231014218244, 36.337402412694551 ], [ 136.385009620089846, 36.337009213368553 ], [ 136.386802252224385, 36.336909903436187 ], [ 136.387215964015127, 36.33669061192289 ], [ 136.387877742166609, 36.336615254443309 ], [ 136.38785759158597, 36.335488617067583 ], [ 136.385908475074615, 36.333327596771525 ], [ 136.38521897560716, 36.33191619719301 ], [ 136.385392836092024, 36.331391866220898 ], [ 136.384592523790445, 36.33107020349015 ], [ 136.383216864393717, 36.330896503991205 ], [ 136.379268040680273, 36.330826687395799 ], [ 136.379208361729098, 36.331683445729567 ], [ 136.374727107338742, 36.331417459765959 ], [ 136.375993503588717, 36.33386555914494 ], [ 136.377538125750618, 36.336052747534907 ], [ 136.377941491889374, 36.336865025254049 ], [ 136.379119627392754, 36.341704300991111 ], [ 136.379164214950293, 36.344104027321507 ], [ 136.379421046393787, 36.344242822589692 ], [ 136.379319338680574, 36.344725309003024 ], [ 136.379826922843222, 36.344820017212356 ], [ 136.379967196405232, 36.345317149041179 ], [ 136.38018354382686, 36.345475250770932 ], [ 136.380586765541437, 36.345510555502628 ], [ 136.381083692189435, 36.34585329403739 ] ] ] } },
{ "type": "Feature", "properties": { "CITY_NAME": "加賀市", "S_NAME": "梶井町", "JINKO": 100, "medical_area": "17_南加賀医療圏", "町丁目名": "加賀市梶井町" }, "geometry": { "type": "Polygon", "coordinates": [ [ [ 136.39353138598122, 36.320797409250694 ], [ 136.393059130280449, 36.317791683479058 ], [ 136.392526308113332, 36.317899929861177 ], [ 136.3924775772511, 36.318956726662378 ], [ 136.38797669945285, 36.318875705275033 ], [ 136.386683386551169, 36.320145359251043 ], [ 136.386269955668894, 36.320808906146105 ], [ 136.386233181888997, 36.321234551651031 ], [ 136.386491292871483, 36.321867746069579 ], [ 136.389115099863432, 36.324223607887021 ], [ 136.390880298948815, 36.324359003818074 ], [ 136.390886408890054, 36.324181024708821 ], [ 136.393362300730274, 36.323989355847637 ], [ 136.392944576211988, 36.320855524131694 ], [ 136.39353138598122, 36.320797409250694 ] ] ] } },
{ "type": "Feature", "properties": { "CITY_NAME": "加賀市", "S_NAME": "梶井町動橋雇用促進住宅", "JINKO": 83, "medical_area": "17_南加賀医療圏", "町丁目名": "加賀市梶井町動橋雇用促進住宅" }, "geometry": { "type": "Polygon", "coordinates": [ [ [ 136.384925460319948, 36.32069678097794 ], [ 136.384934775124862, 36.321333559025007 ], [ 136.385869480049308, 36.321350242604929 ], [ 136.385822546743185, 36.320698432606164 ], [ 136.384925460319948, 36.32069678097794 ] ] ] } },
{ "type": "Feature", "properties": { "CITY_NAME": "加賀市", "S_NAME": "八日市町", "JINKO": 69, "medical_area": "17_南加賀医療圏", "町丁目名": "加賀市八日市町" }, "geometry": { "type": "Polygon", "coordinates": [ [ [ 136.371689147743041, 36.330087753826305 ], [ 136.371690360896906, 36.329367469591837 ], [ 136.373313800285416, 36.330107146617458 ], [ 136.373341849403715, 36.326278379253601 ], [ 136.373522730061779, 36.326271374837532 ], [ 136.373708778644158, 36.320517539072569 ], [ 136.367127786268156, 36.32010553155289 ], [ 136.367041260516345, 36.324072688471148 ], [ 136.366727234881751, 36.324210105283434 ], [ 136.366435568949271, 36.325054382176809 ], [ 136.367105057684824, 36.325673051758201 ], [ 136.367070840068067, 36.327209108963459 ], [ 136.366730329729961, 36.327195185077422 ], [ 136.366709517773756, 36.329232977270706 ], [ 136.36665433302565, 36.329473258238984 ], [ 136.366481540741518, 36.329479849437057 ], [ 136.366940699913783, 36.330078379440842 ], [ 136.371689147743041, 36.330087753826305 ] ] ] } },
{ "type": "Feature", "properties": { "CITY_NAME": "加賀市", "S_NAME": "高塚町", "JINKO": 237, "medical_area": "17_南加賀医療圏", "町丁目名": "加賀市高塚町" }, "geometry": { "type": "Polygon", "coordinates": [ [ [ 136.397651588606635, 36.338599344320421 ], [ 136.399404511128495, 36.338298774398282 ], [ 136.399715749356943, 36.338482201579282 ], [ 136.399872707199222, 36.339163684512584 ], [ 136.40040391285919, 36.339074481417185 ], [ 136.400610119767208, 36.339971710190355 ], [ 136.401939401885301, 36.339753431074662 ], [ 136.402943933045094, 36.340247502249454 ], [ 136.403683619189763, 36.340108574859222 ], [ 136.406008955424369, 36.340533573817979 ], [ 136.406142509266118, 36.340734789930416 ], [ 136.409256189045237, 36.340093045466126 ], [ 136.41123819481615, 36.339478186309229 ], [ 136.410097204989398, 36.338113448500529 ], [ 136.408744559306541, 36.337484601491425 ], [ 136.406446737848569, 36.336858969615214 ], [ 136.406388552739799, 36.336594519414511 ], [ 136.405058531426619, 36.336770284445272 ], [ 136.404871841184843, 36.336449746897124 ], [ 136.404095145055976, 36.336702741972395 ], [ 136.404024452351194, 36.336947924349815 ], [ 136.403535066204341, 36.336585990803783 ], [ 136.403529112473336, 36.336419486739914 ], [ 136.403068382940319, 36.336521158910188 ], [ 136.402599975065556, 36.336284775396052 ], [ 136.402322756601649, 36.335914542905023 ], [ 136.401926972560318, 36.336022541024185 ], [ 136.400052851552999, 36.333999303256434 ], [ 136.39788642820065, 36.332769432370135 ], [ 136.39516139302475, 36.332392649711565 ], [ 136.393884208295134, 36.331819417347269 ], [ 136.393813969206747, 36.332015496058119 ], [ 136.394436125734245, 36.335133049036074 ], [ 136.396356506057344, 36.336296866497548 ], [ 136.396231778564953, 36.336627698488464 ], [ 136.397009968789547, 36.338171034095836 ], [ 136.396981396018475, 36.338760368044383 ], [ 136.396756060171754, 36.339287048011997 ], [ 136.395666628793037, 36.341622876863596 ], [ 136.395205926828396, 36.342080561488665 ], [ 136.395648431295371, 36.34225335819 ], [ 136.39614552697418, 36.341598778050148 ], [ 136.397501077011611, 36.340373225987754 ], [ 136.397790696915365, 36.339902547626544 ], [ 136.397651588606635, 36.338599344320421 ] ] ] } },
{ "type": "Feature", "properties": { "CITY_NAME": "加賀市", "S_NAME": "打越町", "JINKO": 334, "medical_area": "17_南加賀医療圏", "町丁目名": "加賀市打越町" }, "geometry": { "type": "Polygon", "coordinates": [ [ [ 136.410835980951759, 36.338996992755646 ], [ 136.411152449986901, 36.33831297326789 ], [ 136.411488104469555, 36.338385057157552 ], [ 136.411783626927871, 36.337625114706796 ], [ 136.412128776533933, 36.337705035830318 ], [ 136.412394158275617, 36.337092601651243 ], [ 136.412704348825855, 36.336806943645065 ], [ 136.411355349715933, 36.336442689321615 ], [ 136.412359951175944, 36.335144985338871 ], [ 136.412862203424055, 36.334876099578942 ], [ 136.413241998335735, 36.334436724223416 ], [ 136.412475102424281, 36.333094736600287 ], [ 136.405524686851322, 36.332291645736774 ], [ 136.402768963613141, 36.332518487931708 ], [ 136.402425811008584, 36.329865875776214 ], [ 136.394113992390885, 36.330371498506558 ], [ 136.394046695379501, 36.331507276305942 ], [ 136.393884208295134, 36.331819417347269 ], [ 136.39516139302475, 36.332392649711565 ], [ 136.39788642820065, 36.332769432370135 ], [ 136.398430168466035, 36.333049301871391 ], [ 136.400052851552999, 36.333999303256434 ], [ 136.401926972560318, 36.336022541024185 ], [ 136.402322756601649, 36.335914542905023 ], [ 136.402599975065556, 36.336284775396052 ], [ 136.403068382940319, 36.336521158910188 ], [ 136.403529112473336, 36.336419486739914 ], [ 136.403535066204341, 36.336585990803783 ], [ 136.404024452351194, 36.336947924349815 ], [ 136.404095145055976, 36.336702741972395 ], [ 136.404871841184843, 36.336449746897124 ], [ 136.405058531426619, 36.336770284445272 ], [ 136.406388552739799, 36.336594519414511 ], [ 136.406446737848569, 36.336858969615214 ], [ 136.408744559306541, 36.337484601491425 ], [ 136.410097204989398, 36.338113448500529 ], [ 136.410835980951759, 36.338996992755646 ] ] ] } },
{ "type": "Feature", "properties": { "CITY_NAME": "加賀市", "S_NAME": "箱宮町", "JINKO": 652, "medical_area": "17_南加賀医療圏", "町丁目名": "加賀市箱宮町" }, "geometry": { "type": "Polygon", "coordinates": [ [ [ 136.413829933298672, 36.333916294559927 ], [ 136.4142341000138, 36.333856654131736 ], [ 136.414790928996439, 36.333303000035251 ], [ 136.414596310090815, 36.333080661464628 ], [ 136.414928088334079, 36.332737640273329 ], [ 136.414861114270849, 36.332416347998524 ], [ 136.415246320660003, 36.332054793898578 ], [ 136.414744647116549, 36.331347924908044 ], [ 136.415284775882014, 36.331173359288634 ], [ 136.41521977725489, 36.331000386981302 ], [ 136.415857153985712, 36.330747332936731 ], [ 136.416154221874791, 36.330410844839861 ], [ 136.415634161544517, 36.330425828188439 ], [ 136.414794450840134, 36.330863152004554 ], [ 136.414866945993225, 36.328798784460908 ], [ 136.414721588753622, 36.328539762008347 ], [ 136.416432809394735, 36.327946706566927 ], [ 136.416524727532561, 36.32813439070916 ], [ 136.41725366682499, 36.327940017797062 ], [ 136.416094363371258, 36.327297566681914 ], [ 136.415807448879292, 36.327383024944979 ], [ 136.415684161033028, 36.327154939033676 ], [ 136.415487696383678, 36.327226781180535 ], [ 136.415258858502114, 36.326926634356646 ], [ 136.418090942150286, 36.327927090364767 ], [ 136.418808403390045, 36.328023345339837 ], [ 136.419064675422845, 36.327984964941727 ], [ 136.419196160478776, 36.327774113073275 ], [ 136.418897647708349, 36.327205353412275 ], [ 136.417051426117155, 36.32515668468271 ], [ 136.417753687240491, 36.324864729132827 ], [ 136.417989299803281, 36.324555716109025 ], [ 136.417641440391975, 36.323525620891616 ], [ 136.416670401958811, 36.322272814124318 ], [ 136.416736932671938, 36.321920880690527 ], [ 136.417605024203255, 36.320715133056666 ], [ 136.41250121022648, 36.320291087216084 ], [ 136.409938861241187, 36.319279496701597 ], [ 136.409621174347848, 36.319931669900697 ], [ 136.409644134161567, 36.320717091068786 ], [ 136.409290935683003, 36.321289191153021 ], [ 136.408224938417902, 36.32134249643569 ], [ 136.407280508529198, 36.321780344574151 ], [ 136.407022593432089, 36.322367158119128 ], [ 136.407130927872828, 36.323067291153208 ], [ 136.407030525781806, 36.323318285300893 ], [ 136.407490215746407, 36.323801441979406 ], [ 136.407775518381925, 36.325123749868013 ], [ 136.407616490141692, 36.325399821601572 ], [ 136.406990044118203, 36.325522291134 ], [ 136.407130062238792, 36.325862008227645 ], [ 136.407142364838364, 36.326901063483589 ], [ 136.403487259013389, 36.326630541176193 ], [ 136.403583984292965, 36.326759120619563 ], [ 136.403307743437352, 36.32728447999127 ], [ 136.403646060036607, 36.32986273180736 ], [ 136.402425811008584, 36.329865875776214 ], [ 136.402768963613141, 36.332518487931708 ], [ 136.405524686851322, 36.332291645736774 ], [ 136.412475102424281, 36.333094736600287 ], [ 136.413241998335735, 36.334436724223416 ], [ 136.413829933298672, 36.333916294559927 ] ] ] } },
{ "type": "Feature", "properties": { "CITY_NAME": "加賀市", "S_NAME": "分校町", "JINKO": 816, "medical_area": "17_南加賀医療圏", "町丁目名": "加賀市分校町" }, "geometry": { "type": "Polygon", "coordinates": [ [ [ 136.403583984292965, 36.326759120619563 ], [ 136.403487259013389, 36.326630541176193 ], [ 136.407142364838364, 36.326901063483589 ], [ 136.407130062238792, 36.325862008227645 ], [ 136.406990044118203, 36.325522291134 ], [ 136.407616490141692, 36.325399821601572 ], [ 136.407775518381925, 36.325123749868013 ], [ 136.407490215746407, 36.323801441979427 ], [ 136.407030525781806, 36.323318285300893 ], [ 136.407130927872828, 36.323067291153208 ], [ 136.407022593432089, 36.322367158119128 ], [ 136.407280508529198, 36.321780344574165 ], [ 136.408224938417902, 36.321342496435726 ], [ 136.409290935683003, 36.321289191153021 ], [ 136.409644134161539, 36.320717091068794 ], [ 136.409621174347848, 36.319931669900697 ], [ 136.409938861241187, 36.319279496701597 ], [ 136.409172064186293, 36.319021942644973 ], [ 136.408814492048691, 36.318445149779947 ], [ 136.408859022889089, 36.31796127160586 ], [ 136.408141259307428, 36.317771690738638 ], [ 136.407904094863341, 36.317537770643575 ], [ 136.407375113491327, 36.317493542787211 ], [ 136.40679855974841, 36.317698608526506 ], [ 136.405948534554284, 36.317422065187614 ], [ 136.405781161778123, 36.317948217971711 ], [ 136.405582177832144, 36.317805890770366 ], [ 136.404930506319289, 36.317977975770482 ], [ 136.404790378853249, 36.31773315411008 ], [ 136.404481381588624, 36.317666903580673 ], [ 136.404343497560518, 36.317763576034011 ], [ 136.404454881061469, 36.318136816638663 ], [ 136.404357861644939, 36.318816976394885 ], [ 136.404064738993497, 36.319094525193812 ], [ 136.404575893273574, 36.32006901435286 ], [ 136.4040863236512, 36.320533776098003 ], [ 136.403230509816808, 36.320625866039002 ], [ 136.402935915623885, 36.320482085749454 ], [ 136.402983344475587, 36.320114309092631 ], [ 136.402591691381531, 36.31981466495121 ], [ 136.401719483386159, 36.319902239444623 ], [ 136.401872405406777, 36.319388750113596 ], [ 136.401697893881106, 36.319021755912125 ], [ 136.401123639618874, 36.318339522695013 ], [ 136.400054142739492, 36.317589829849886 ], [ 136.399300226137541, 36.317345502159412 ], [ 136.396843538583312, 36.317771356390537 ], [ 136.396366668707429, 36.317596093060118 ], [ 136.395757211444192, 36.315406770028318 ], [ 136.39477308924009, 36.314347092226335 ], [ 136.393621780543924, 36.313842942263712 ], [ 136.393297968800624, 36.31583435963875 ], [ 136.392434662673736, 36.31613479062419 ], [ 136.392076181069598, 36.316921884554539 ], [ 136.392605944032624, 36.317500877689675 ], [ 136.392708332605622, 36.317862949264381 ], [ 136.393059130280449, 36.317791683479058 ], [ 136.393236043142679, 36.318342510782415 ], [ 136.39353138598122, 36.320797409250694 ], [ 136.392944576211988, 36.320855524131694 ], [ 136.394155410008011, 36.329761223870108 ], [ 136.394113992390885, 36.330371498506558 ], [ 136.401236657956758, 36.329865793130026 ], [ 136.403646060036607, 36.32986273180736 ], [ 136.403307743437352, 36.32728447999127 ], [ 136.403583984292965, 36.326759120619563 ] ] ] } },
{ "type": "Feature", "properties": { "CITY_NAME": "加賀市", "S_NAME": "田尻町", "JINKO": 801, "medical_area": "17_南加賀医療圏", "町丁目名": "加賀市田尻町" }, "geometry": { "type": "Polygon", "coordinates": [ [ [ 136.322828532786076, 36.354336520914288 ], [ 136.322670170653453, 36.352911280648918 ], [ 136.323157548819296, 36.352828046954713 ], [ 136.322107724850923, 36.351094358451995 ], [ 136.321588642882602, 36.34888303410473 ], [ 136.321655920550626, 36.347480463854474 ], [ 136.322140984825779, 36.344526697691656 ], [ 136.322140211014073, 36.343250088688251 ], [ 136.321815523610496, 36.34181076800774 ], [ 136.321038588521674, 36.340224025272015 ], [ 136.320812474836174, 36.339894855751304 ], [ 136.31920586578849, 36.339893886298064 ], [ 136.31758182122087, 36.34014469402937 ], [ 136.31707574237825, 36.340089601138381 ], [ 136.31627988048993, 36.340457541044167 ], [ 136.315526761674562, 36.340487326014085 ], [ 136.313231938883149, 36.340117306455923 ], [ 136.31294724177738, 36.340471331386993 ], [ 136.314211938752067, 36.343318095766165 ], [ 136.314305277155768, 36.344585963608949 ], [ 136.314649269970005, 36.345965685448846 ], [ 136.315354916000132, 36.346976752729589 ], [ 136.315012272081475, 36.347999061885297 ], [ 136.315799383733207, 36.350813695982993 ], [ 136.315594648824941, 36.351295340197673 ], [ 136.315998616770656, 36.351422340249556 ], [ 136.316338650595242, 36.3521064024278 ], [ 136.316304588816763, 36.353262352735292 ], [ 136.31731161942281, 36.353363705596657 ], [ 136.317247113395467, 36.353765200918836 ], [ 136.317406273373933, 36.353777137326567 ], [ 136.317470788153713, 36.353374761885227 ], [ 136.318424697587915, 36.353462631871807 ], [ 136.318353201820713, 36.353891078832113 ], [ 136.318121685527842, 36.353873209616324 ], [ 136.318233726385586, 36.353911883003938 ], [ 136.31807831084447, 36.354790339130581 ], [ 136.315666117216011, 36.354687604698753 ], [ 136.31540586927278, 36.354846177328604 ], [ 136.318243422679302, 36.354871738363023 ], [ 136.318400438065851, 36.353853570318591 ], [ 136.3191525834674, 36.353845378184189 ], [ 136.321120899752231, 36.354288282918013 ], [ 136.321620953471609, 36.354515284028643 ], [ 136.322109444745394, 36.354990985589595 ], [ 136.322828532786076, 36.354336520914288 ] ] ] } },
{ "type": "Feature", "properties": { "CITY_NAME": "加賀市", "S_NAME": "小塩町", "JINKO": 439, "medical_area": "17_南加賀医療圏", "町丁目名": "加賀市小塩町" }, "geometry": { "type": "Polygon", "coordinates": [ [ [ 136.315652256147615, 36.354113444435178 ], [ 136.315064720082574, 36.353840699726803 ], [ 136.3151980200293, 36.35316574183264 ], [ 136.316059580336884, 36.353236745136812 ], [ 136.316001769168565, 36.353638287824857 ], [ 136.316214251667475, 36.353661411525039 ], [ 136.316412264227921, 36.352533206100688 ], [ 136.315998616770656, 36.351422340249556 ], [ 136.315594648824941, 36.351295340197673 ], [ 136.315799383733207, 36.350813695982993 ], [ 136.315012272081475, 36.347999061885297 ], [ 136.315385240199163, 36.347117501853411 ], [ 136.314649269970005, 36.345965685448846 ], [ 136.314305277155768, 36.344585963608949 ], [ 136.314211938752067, 36.343318095766165 ], [ 136.31294724177738, 36.340471331386993 ], [ 136.312083970347118, 36.34144778996783 ], [ 136.31051396702577, 36.343763704105122 ], [ 136.310063740354991, 36.344822728946383 ], [ 136.310172247591737, 36.345628084090286 ], [ 136.309914020859765, 36.345937788798501 ], [ 136.31056193074005, 36.345863952473145 ], [ 136.310596465644409, 36.34641464361642 ], [ 136.310142327960193, 36.346636242435089 ], [ 136.310221264609766, 36.346970606963453 ], [ 136.311975335025551, 36.349142737871752 ], [ 136.311763992576829, 36.35072933520906 ], [ 136.311900628965759, 36.351479830466282 ], [ 136.312574082079578, 36.352124109086823 ], [ 136.313743172435721, 36.352608112736668 ], [ 136.313880145620061, 36.352539033114546 ], [ 136.31408746412589, 36.352836114752229 ], [ 136.314419535910616, 36.352827671180499 ], [ 136.314445712849363, 36.353492957205837 ], [ 136.314826278123064, 36.353227977754017 ], [ 136.315111152855422, 36.353261546296082 ], [ 136.31500541477493, 36.353867314157284 ], [ 136.315652256147615, 36.354113444435178 ] ] ] } },
{ "type": "Feature", "properties": { "CITY_NAME": "加賀市", "S_NAME": "橋立町", "JINKO": 328, "medical_area": "17_南加賀医療圏", "町丁目名": "加賀市橋立町" }, "geometry": { "type": "Polygon", "coordinates": [ [ [ 136.312947766252023, 36.353542660409495 ], [ 136.313569829300093, 36.35330647858774 ], [ 136.313858932357135, 36.353662683856008 ], [ 136.314340008839025, 36.353687759863845 ], [ 136.313821607966759, 36.353405573846977 ], [ 136.313957135225934, 36.35293432010323 ], [ 136.313743172435721, 36.352608112736668 ], [ 136.312574082079578, 36.352124109086823 ], [ 136.311900628965759, 36.351479830466282 ], [ 136.311763992576829, 36.35072933520906 ], [ 136.31200195357215, 36.349223755882811 ], [ 136.310221264609766, 36.346970606963453 ], [ 136.310142327960193, 36.346636242435089 ], [ 136.310596465644409, 36.34641464361642 ], [ 136.31056193074005, 36.345863952473145 ], [ 136.309914020859765, 36.345937788798501 ], [ 136.309835762527541, 36.345549566843552 ], [ 136.309518119576836, 36.345602316835432 ], [ 136.309305475083136, 36.345453256825785 ], [ 136.309330781251901, 36.344994347742059 ], [ 136.30897811425308, 36.344709207592366 ], [ 136.308158595372106, 36.345345483412018 ], [ 136.306169521863609, 36.344815898406047 ], [ 136.305651942984923, 36.344221917450469 ], [ 136.305131492147837, 36.344284920486764 ], [ 136.303632132631236, 36.344905396599849 ], [ 136.303245158930366, 36.34467888901046 ], [ 136.302768432222422, 36.344848793319017 ], [ 136.302364755716724, 36.345220657748762 ], [ 136.301027941941896, 36.344880720968511 ], [ 136.300748321697114, 36.345028597545898 ], [ 136.300278000914716, 36.345931684515868 ], [ 136.299667968563085, 36.346105294423957 ], [ 136.299471491694106, 36.346595733577487 ], [ 136.298602249421208, 36.347170328781871 ], [ 136.298008583908484, 36.347177744661089 ], [ 136.29654186975236, 36.348334508342958 ], [ 136.297022363498542, 36.348611956105621 ], [ 136.296553382937589, 36.349106919684914 ], [ 136.297052988549979, 36.34956027805363 ], [ 136.297038961639373, 36.350320781165912 ], [ 136.297693672958644, 36.350257944721463 ], [ 136.297921097530576, 36.350540764427919 ], [ 136.298386819006083, 36.350543263448287 ], [ 136.299130587316682, 36.350981235227856 ], [ 136.299556307623533, 36.351577285728077 ], [ 136.299508898777333, 36.351833786649401 ], [ 136.299141305302129, 36.352125847090761 ], [ 136.299323304472495, 36.352393022224618 ], [ 136.299595975583316, 36.352419323103184 ], [ 136.29979556816275, 36.35200258635119 ], [ 136.299974389309, 36.352156206980816 ], [ 136.300077498645948, 36.351900109083381 ], [ 136.300408685297441, 36.351869168436849 ], [ 136.300503963099231, 36.351714821286912 ], [ 136.30164364718425, 36.351623049449117 ], [ 136.301812660898463, 36.35185316303189 ], [ 136.302313822496757, 36.351673830156052 ], [ 136.302368000654781, 36.351812113357539 ], [ 136.302332315286094, 36.351512661878679 ], [ 136.302653772491908, 36.351353680013652 ], [ 136.302609751595952, 36.351201952098862 ], [ 136.304022183685646, 36.351128318608602 ], [ 136.305496296564598, 36.351421017481336 ], [ 136.306083233943895, 36.351743372500223 ], [ 136.306321896776495, 36.352123596313795 ], [ 136.306251110558264, 36.352584500194169 ], [ 136.306438689854332, 36.353146394659134 ], [ 136.30668754413378, 36.352916578125999 ], [ 136.306933830832378, 36.353107601624508 ], [ 136.307185076114735, 36.352964296109455 ], [ 136.307587134602358, 36.353074447946454 ], [ 136.308317559539773, 36.352506503495157 ], [ 136.309164779579618, 36.352463008728265 ], [ 136.311376485435801, 36.353166458453806 ], [ 136.311758973619817, 36.353538684842384 ], [ 136.312079099970191, 36.353508511867901 ], [ 136.312491758461277, 36.353876445233851 ], [ 136.312926854813867, 36.353720042145596 ], [ 136.312947766252023, 36.353542660409495 ] ] ] } },
{ "type": "Feature", "properties": { "CITY_NAME": "加賀市", "S_NAME": "深田町", "JINKO": 169, "medical_area": "17_南加賀医療圏", "町丁目名": "加賀市深田町" }, "geometry": { "type": "Polygon", "coordinates": [ [ [ 136.309502712317567, 36.344394474003849 ], [ 136.310074714782758, 36.343596723557297 ], [ 136.31023900725549, 36.342524530915199 ], [ 136.310004638459901, 36.342309272661019 ], [ 136.310213081592707, 36.341767634505963 ], [ 136.309778764306998, 36.341532534519459 ], [ 136.309432907316335, 36.340586665565304 ], [ 136.309428754984253, 36.340170876955959 ], [ 136.309629326292452, 36.339863291521816 ], [ 136.308902462900846, 36.339880269196101 ], [ 136.30888980386942, 36.339581931825123 ], [ 136.308143303507705, 36.339374058155741 ], [ 136.308682830074929, 36.339155151653316 ], [ 136.308744270498977, 36.338845338985927 ], [ 136.307591752417324, 36.338832508979529 ], [ 136.307923133801836, 36.33849241954978 ], [ 136.307679035547778, 36.338142538885485 ], [ 136.306561935033812, 36.337417709824678 ], [ 136.306503471434382, 36.336798194284412 ], [ 136.3075873596338, 36.336503880007989 ], [ 136.307722057191427, 36.336338504034842 ], [ 136.307561872916068, 36.335899484411328 ], [ 136.307283443463376, 36.336363842276683 ], [ 136.306974397438978, 36.336310756289038 ], [ 136.306944790288469, 36.336090341566297 ], [ 136.306713326558764, 36.336017462772695 ], [ 136.306203865294947, 36.33655120219062 ], [ 136.305647953438751, 36.336551895012711 ], [ 136.305246188553468, 36.337024508238848 ], [ 136.303724007390372, 36.337486736429184 ], [ 136.303408410426556, 36.337751486053506 ], [ 136.303725256143906, 36.338423658035317 ], [ 136.300822982572782, 36.340474745041071 ], [ 136.302910692052734, 36.341579259304496 ], [ 136.302666430819102, 36.342104812769442 ], [ 136.301889116725221, 36.342408785360306 ], [ 136.303258803512335, 36.342652875557505 ], [ 136.30457135961575, 36.343620362160685 ], [ 136.304677593715894, 36.343963096397722 ], [ 136.304261740155766, 36.344391101908322 ], [ 136.303567238202362, 36.344357969939551 ], [ 136.303632132631236, 36.344905396599849 ], [ 136.305131492147837, 36.344284920486764 ], [ 136.305651942984923, 36.344221917450469 ], [ 136.306169521863609, 36.344815898406047 ], [ 136.308158595372106, 36.345345483412018 ], [ 136.309502712317567, 36.344394474003849 ] ] ] } },
{ "type": "Feature", "properties": { "CITY_NAME": "加賀市", "S_NAME": "宮町", "JINKO": 58, "medical_area": "17_南加賀医療圏", "町丁目名": "加賀市宮町" }, "geometry": { "type": "Polygon", "coordinates": [ [ [ 136.310172247591737, 36.345628084090286 ], [ 136.310063740354991, 36.344822728946383 ], [ 136.31051396702577, 36.343763704105122 ], [ 136.312083970347118, 36.34144778996783 ], [ 136.313231938883149, 36.340117306455923 ], [ 136.315526761674562, 36.340487326014085 ], [ 136.31627988048993, 36.340457541044167 ], [ 136.31707574237825, 36.340089601138381 ], [ 136.320812474836174, 36.339894855751304 ], [ 136.318969748206939, 36.338012775996575 ], [ 136.315592294040954, 36.335928828562274 ], [ 136.313991835329347, 36.334626151630935 ], [ 136.312998093687838, 36.333359214169164 ], [ 136.311348759467023, 36.330108604183771 ], [ 136.311400058114742, 36.331524332132211 ], [ 136.312523408665555, 36.333821655306508 ], [ 136.312433269443744, 36.334738793041069 ], [ 136.311364783269397, 36.335148553217856 ], [ 136.31091682583471, 36.33587891005569 ], [ 136.310016543889304, 36.336200019312649 ], [ 136.307591752417324, 36.338832508979529 ], [ 136.308744270498977, 36.338845338985927 ], [ 136.308682830074929, 36.339155151653316 ], [ 136.308143303507705, 36.339374058155741 ], [ 136.30888980386942, 36.339581931825123 ], [ 136.308902462900846, 36.339880269196101 ], [ 136.309629326292452, 36.339863291521816 ], [ 136.309428754984253, 36.340170876955959 ], [ 136.309432907316335, 36.340586665565304 ], [ 136.309778764306998, 36.341532534519459 ], [ 136.310213081592707, 36.341767634505963 ], [ 136.310004638459901, 36.342309272661019 ], [ 136.310233670128042, 36.342590781286994 ], [ 136.310074714782758, 36.343596723557297 ], [ 136.309428689103697, 36.344509940092934 ], [ 136.30897811425308, 36.344709207592366 ], [ 136.309330781251901, 36.344994347742059 ], [ 136.309305475083136, 36.345453256825785 ], [ 136.309518119576836, 36.345602316835432 ], [ 136.309835762527541, 36.345549566843552 ], [ 136.309914020859765, 36.345937788798501 ], [ 136.310172247591737, 36.345628084090286 ] ] ] } },
{ "type": "Feature", "properties": { "CITY_NAME": "加賀市", "S_NAME": "黒崎町", "JINKO": 433, "medical_area": "17_南加賀医療圏", "町丁目名": "加賀市黒崎町" }, "geometry": { "type": "Polygon", "coordinates": [ [ [ 136.29654186975236, 36.348334508342958 ], [ 136.298008583908484, 36.347177744661089 ], [ 136.298602249421208, 36.347170328781871 ], [ 136.299471491694106, 36.346595733577487 ], [ 136.299667968563085, 36.346105294423957 ], [ 136.300278000914716, 36.345931684515868 ], [ 136.300748321697114, 36.345028597545898 ], [ 136.301027941941896, 36.344880720968511 ], [ 136.301484988155295, 36.344916835184328 ], [ 136.302364755716724, 36.345220657748762 ], [ 136.302768432222422, 36.344848793319017 ], [ 136.303245158930366, 36.34467888901046 ], [ 136.303596950550144, 36.344812594050374 ], [ 136.303567238202362, 36.344357969939551 ], [ 136.304261740155766, 36.344391101908322 ], [ 136.304677593715894, 36.343963096397722 ], [ 136.304371620139875, 36.343351903012604 ], [ 136.303258803512335, 36.342652875557505 ], [ 136.301889116725221, 36.342408785360306 ], [ 136.302666430819102, 36.342104812769442 ], [ 136.302910692052734, 36.341579259304496 ], [ 136.300822982572782, 36.340474745041071 ], [ 136.303725256143906, 36.338423658035317 ], [ 136.303408410426556, 36.337751486053506 ], [ 136.303724007390372, 36.337486736429184 ], [ 136.305123868796954, 36.337084532076076 ], [ 136.305647953438751, 36.336551895012711 ], [ 136.306203865294947, 36.33655120219062 ], [ 136.306522347960765, 36.336291743362779 ], [ 136.305877698877225, 36.335949297134015 ], [ 136.305571554408289, 36.335283668743934 ], [ 136.305784088432006, 36.334964270204637 ], [ 136.306381084515095, 36.334779401365985 ], [ 136.306522082663491, 36.334039638828131 ], [ 136.30704842895517, 36.333837081001363 ], [ 136.30646149288944, 36.333423090335941 ], [ 136.305949633073681, 36.333273247020351 ], [ 136.305991225572967, 36.333035704256268 ], [ 136.306413194609462, 36.332987158117717 ], [ 136.306259483664576, 36.332308296717763 ], [ 136.306423762537179, 36.331865299413387 ], [ 136.306106556354251, 36.331716889184115 ], [ 136.305898541720978, 36.331308465704168 ], [ 136.305041856207708, 36.331276507109706 ], [ 136.304688651283186, 36.330540338808497 ], [ 136.303409579441478, 36.329790359062528 ], [ 136.302819333725921, 36.329839123917701 ], [ 136.302089094502321, 36.330541682652417 ], [ 136.302674190230618, 36.329349473021452 ], [ 136.303280820357145, 36.328776417812982 ], [ 136.303913337210759, 36.328586080259946 ], [ 136.303713559731108, 36.328395522060539 ], [ 136.303163398376938, 36.328503334349548 ], [ 136.302047662948212, 36.328356302190777 ], [ 136.301456419430565, 36.327857689593891 ], [ 136.298821019280041, 36.327504818096486 ], [ 136.298587015932611, 36.328591587694866 ], [ 136.297721019628881, 36.328483851504039 ], [ 136.297154005115175, 36.328737576922933 ], [ 136.297478103845549, 36.329188014807059 ], [ 136.296686237718717, 36.32970008863844 ], [ 136.295857849435066, 36.330678945131424 ], [ 136.294419206340308, 36.330152775377385 ], [ 136.293259298788058, 36.330282730260905 ], [ 136.292560696394133, 36.329918324558534 ], [ 136.291581389676281, 36.330013638266109 ], [ 136.291087040485195, 36.330310173405756 ], [ 136.290848314985766, 36.330757528695223 ], [ 136.290144596600783, 36.331201508413713 ], [ 136.289950529248244, 36.331615394699888 ], [ 136.290113179540469, 36.332493673112651 ], [ 136.286556445674677, 36.335326447138996 ], [ 136.289219663700607, 36.337948604485128 ], [ 136.289178164958031, 36.338172687443873 ], [ 136.289605810261918, 36.339276224572515 ], [ 136.290712495354228, 36.340322532454515 ], [ 136.291331984991928, 36.34130939304314 ], [ 136.29117487564892, 36.344198422366929 ], [ 136.291526043427268, 36.344674129346004 ], [ 136.29166249184081, 36.345524096129012 ], [ 136.291874489811477, 36.345696877065997 ], [ 136.29243425057183, 36.345545054690504 ], [ 136.293222779285742, 36.346363700732823 ], [ 136.295110959614817, 36.34707862524391 ], [ 136.296139639196241, 36.347743084478253 ], [ 136.296310967528314, 36.348263442046864 ], [ 136.29654186975236, 36.348334508342958 ] ] ] } },
{ "type": "Feature", "properties": { "CITY_NAME": "加賀市", "S_NAME": "高尾町", "JINKO": 298, "medical_area": "17_南加賀医療圏", "町丁目名": "加賀市高尾町" }, "geometry": { "type": "Polygon", "coordinates": [ [ [ 136.322455537506727, 36.32853928386853 ], [ 136.322884358675196, 36.327834380083708 ], [ 136.323492003632481, 36.327678447183963 ], [ 136.323698534003853, 36.327471667434047 ], [ 136.323073490392204, 36.327368512641513 ], [ 136.322780839109925, 36.326949939694757 ], [ 136.322518511766702, 36.327158472804932 ], [ 136.3224594734547, 36.327720556940172 ], [ 136.321909426663552, 36.328038694855053 ], [ 136.320711839808695, 36.327152167163916 ], [ 136.320102643784054, 36.325823215713115 ], [ 136.319719957281848, 36.32588063974174 ], [ 136.319714342380991, 36.325425472759264 ], [ 136.319336263893092, 36.324806645533528 ], [ 136.319453877156519, 36.324277083903411 ], [ 136.319191918315056, 36.323968595977398 ], [ 136.317536476800257, 36.324628406644457 ], [ 136.315822304556036, 36.324058143216782 ], [ 136.314699325517068, 36.324005699022457 ], [ 136.313861525060133, 36.324212867511065 ], [ 136.312117751758706, 36.323584112850462 ], [ 136.311468219575232, 36.323553390840416 ], [ 136.310858510035587, 36.323867958531416 ], [ 136.308499725412332, 36.323348185090765 ], [ 136.306670681806594, 36.323762844591812 ], [ 136.305037656275317, 36.323401528339197 ], [ 136.305818424820131, 36.325426314774923 ], [ 136.306615850261579, 36.32649987255968 ], [ 136.307594197531955, 36.327351137922925 ], [ 136.310347501237629, 36.329061407484794 ], [ 136.311223307685083, 36.329946789442658 ], [ 136.312998093687838, 36.333359214169164 ], [ 136.313991835329347, 36.334626151630935 ], [ 136.315592294040954, 36.335928828562274 ], [ 136.318969748206939, 36.338012775996575 ], [ 136.320041223345669, 36.338993816655602 ], [ 136.321038588521674, 36.340224025272015 ], [ 136.32209484161433, 36.338464406871523 ], [ 136.325317352849396, 36.335050426690088 ], [ 136.325954413725924, 36.334566265582644 ], [ 136.325904209816741, 36.333290564568067 ], [ 136.323201766236963, 36.330604639074309 ], [ 136.323313966752465, 36.330504324382844 ], [ 136.323198254855754, 36.330065247644768 ], [ 136.323367059229213, 36.329871686463548 ], [ 136.323047141829932, 36.329487358599415 ], [ 136.323098987486844, 36.328970816106853 ], [ 136.322455537506727, 36.32853928386853 ] ] ] } },
{ "type": "Feature", "properties": { "CITY_NAME": "加賀市", "S_NAME": "片野町", "JINKO": 139, "medical_area": "17_南加賀医療圏", "町丁目名": "加賀市片野町" }, "geometry": { "type": "Polygon", "coordinates": [ [ [ 136.290113179540469, 36.332493673112651 ], [ 136.289950529248244, 36.331615394699888 ], [ 136.290237447245147, 36.3310690121547 ], [ 136.290984103886473, 36.330636997451499 ], [ 136.291087040485195, 36.330310173405756 ], [ 136.291926070752879, 36.329911568938918 ], [ 136.292560696394133, 36.329918324558534 ], [ 136.293259298788058, 36.330282730260905 ], [ 136.294419206340308, 36.330152775377385 ], [ 136.295857849435066, 36.330678945131424 ], [ 136.296686237718717, 36.32970008863844 ], [ 136.297478103845549, 36.329188014807059 ], [ 136.297154005115175, 36.328737576922933 ], [ 136.297721019628881, 36.328483851504039 ], [ 136.298587015932611, 36.328591587694866 ], [ 136.298821019280041, 36.327504818096486 ], [ 136.299662259891562, 36.32760768687816 ], [ 136.305037656275317, 36.323401528339197 ], [ 136.304055117502259, 36.321585948101017 ], [ 136.302179038822004, 36.319860938064103 ], [ 136.298937173172135, 36.318459858806712 ], [ 136.296371474853458, 36.316694262648099 ], [ 136.292568409154029, 36.315543434780643 ], [ 136.290522862828027, 36.314383958917979 ], [ 136.288087016400311, 36.311853756701453 ], [ 136.28659788549831, 36.309596404044989 ], [ 136.283620275180311, 36.311971199459215 ], [ 136.277403279634626, 36.318262351157529 ], [ 136.276121551971301, 36.319777497908319 ], [ 136.278482645960565, 36.322311307264322 ], [ 136.278947663675666, 36.323143897717429 ], [ 136.278988674345044, 36.323556059259843 ], [ 136.279228528676498, 36.323519995780281 ], [ 136.2794148354144, 36.323587176754224 ], [ 136.279605341853227, 36.322991065151953 ], [ 136.279736993069918, 36.322974933439284 ], [ 136.279495447563505, 36.323652656455806 ], [ 136.278784775573143, 36.32356718354994 ], [ 136.277955199534119, 36.324437925141112 ], [ 136.277946970588516, 36.324772200036705 ], [ 136.278258860076647, 36.324860136168468 ], [ 136.278119400689746, 36.325372802699157 ], [ 136.277834040174781, 36.325592398896347 ], [ 136.278022933731108, 36.325830835147414 ], [ 136.277581690760002, 36.326138479050314 ], [ 136.277835094344596, 36.326581053175794 ], [ 136.278419064701637, 36.326846752650113 ], [ 136.278834847645953, 36.327404100843538 ], [ 136.279222060473415, 36.328717353678982 ], [ 136.279533901011149, 36.329210839750274 ], [ 136.27936306192754, 36.329443891367589 ], [ 136.280717200965313, 36.330943680492403 ], [ 136.280564248813107, 36.331172360220407 ], [ 136.281016863808162, 36.331430771947595 ], [ 136.281212981065408, 36.332009928742181 ], [ 136.281486224715593, 36.331978579161458 ], [ 136.284197372815953, 36.333461341786872 ], [ 136.285582370186177, 36.334701746940674 ], [ 136.286556445674677, 36.335326447138996 ], [ 136.290113179540469, 36.332493673112651 ] ] ] } },
{ "type": "Feature", "properties": { "CITY_NAME": "加賀市", "S_NAME": "豊町", "JINKO": 12, "medical_area": "17_南加賀医療圏", "町丁目名": "加賀市豊町" }, "geometry": { "type": "Polygon", "coordinates": [ [ [ 136.307923133801808, 36.338492419549773 ], [ 136.310016543889304, 36.336200019312635 ], [ 136.31091682583471, 36.335878910055655 ], [ 136.311364783269397, 36.335148553217877 ], [ 136.312433269443744, 36.334738793041083 ], [ 136.312523408665555, 36.333821655306508 ], [ 136.311400058114742, 36.331524332132211 ], [ 136.311348759467023, 36.330108604183785 ], [ 136.310347501237629, 36.329061407484794 ], [ 136.307594197531955, 36.327351137922925 ], [ 136.306615850261579, 36.32649987255968 ], [ 136.305818424820131, 36.325426314774923 ], [ 136.305037656275317, 36.323401528339197 ], [ 136.299662259891562, 36.32760768687816 ], [ 136.301456419430565, 36.327857689593891 ], [ 136.302047662948183, 36.328356302190748 ], [ 136.303163398376967, 36.328503334349527 ], [ 136.303713559731108, 36.328395522060539 ], [ 136.303913337210759, 36.328586080259932 ], [ 136.303280820357145, 36.328776417812982 ], [ 136.302674190230618, 36.329349473021452 ], [ 136.302075890326336, 36.330452766622827 ], [ 136.302131042031931, 36.330596447363064 ], [ 136.302819333725921, 36.329839123917701 ], [ 136.303409579441478, 36.329790359062528 ], [ 136.304688651283186, 36.330540338808497 ], [ 136.305041856207652, 36.331276507109692 ], [ 136.30589854172095, 36.331308465704168 ], [ 136.306106556354251, 36.331716889184115 ], [ 136.306423762537207, 36.331865299413366 ], [ 136.306259483664519, 36.332308296717763 ], [ 136.306413194609434, 36.332987158117717 ], [ 136.305991225572967, 36.333035704256268 ], [ 136.305949633073681, 36.333273247020337 ], [ 136.306461492889468, 36.333423090335941 ], [ 136.307048428955198, 36.333837081001363 ], [ 136.30652208266352, 36.334039638828152 ], [ 136.306381084515095, 36.334779401365985 ], [ 136.305784088432006, 36.334964270204637 ], [ 136.305571554408289, 36.335283668743934 ], [ 136.305877698877225, 36.335949297134015 ], [ 136.306522347960822, 36.336291743362764 ], [ 136.306713326558764, 36.336017462772695 ], [ 136.306944790288469, 36.336090341566312 ], [ 136.306974397438978, 36.336310756289038 ], [ 136.307283443463376, 36.336363842276668 ], [ 136.307561872916068, 36.335899484411328 ], [ 136.307722057191427, 36.336338504034842 ], [ 136.3075873596338, 36.336503880007989 ], [ 136.307288566894101, 36.336666246600586 ], [ 136.306697399872689, 36.336644054397333 ], [ 136.306491164389911, 36.337015454642533 ], [ 136.306561935033756, 36.33741770982467 ], [ 136.307598548389251, 36.338062189616245 ], [ 136.307923133801808, 36.338492419549773 ] ] ] } },
{ "type": "Feature", "properties": { "CITY_NAME": "加賀市", "S_NAME": "熊坂町", "JINKO": 328, "medical_area": "17_南加賀医療圏", "町丁目名": "加賀市熊坂町" }, "geometry": { "type": "Polygon", "coordinates": [ [ [ 136.315984063540697, 36.298925745252873 ], [ 136.315372363633401, 36.296516088791087 ], [ 136.315191550854877, 36.296426542695791 ], [ 136.313873705370327, 36.29603721958982 ], [ 136.311999942845375, 36.295931039517512 ], [ 136.298077712625599, 36.273539896910592 ], [ 136.301027839024073, 36.268101808043717 ], [ 136.287721423275883, 36.26160241577071 ], [ 136.284526456542608, 36.271216232871538 ], [ 136.284184115574789, 36.281978283195066 ], [ 136.281582601174136, 36.286479589296178 ], [ 136.28000378654778, 36.289647310588862 ], [ 136.282171952026289, 36.290463245872488 ], [ 136.286363154342723, 36.291234105493551 ], [ 136.288572016732076, 36.292351877195969 ], [ 136.289866567653633, 36.29329805158082 ], [ 136.29122211711217, 36.294812037500847 ], [ 136.29183584122049, 36.295893087238198 ], [ 136.292338192609179, 36.297352709207907 ], [ 136.300404044897675, 36.295947995779407 ], [ 136.301163307573262, 36.297007744316964 ], [ 136.303283485360595, 36.297532876340298 ], [ 136.303647700761985, 36.298090444340595 ], [ 136.304806100542208, 36.2987790991967 ], [ 136.306161746742987, 36.298657935930365 ], [ 136.306594837997494, 36.297525760118212 ], [ 136.307524220029109, 36.298049285071272 ], [ 136.307871188673403, 36.297819531221762 ], [ 136.308925762678484, 36.297921378098792 ], [ 136.308858052448329, 36.296830312782767 ], [ 136.316024298491016, 36.301664194642761 ], [ 136.315984063540697, 36.298925745252873 ] ] ] } },
{ "type": "Feature", "properties": { "CITY_NAME": "加賀市", "S_NAME": "大同町", "JINKO": 379, "medical_area": "17_南加賀医療圏", "町丁目名": "加賀市大同町" }, "geometry": { "type": "Polygon", "coordinates": [ [ [ 136.316024298491016, 36.301664194642761 ], [ 136.310268778989723, 36.297712521885941 ], [ 136.308858052448329, 36.296830312782767 ], [ 136.308787414407874, 36.296910496362564 ], [ 136.308925762678484, 36.297921378098792 ], [ 136.309490543044319, 36.29872211551244 ], [ 136.310442691193657, 36.300744525932707 ], [ 136.309934049335993, 36.300859806354453 ], [ 136.31009175326966, 36.301248893823676 ], [ 136.313856498538769, 36.301268930739077 ], [ 136.314367869015115, 36.301397870642084 ], [ 136.314395010103027, 36.301277980745596 ], [ 136.315916956303397, 36.301744366036729 ], [ 136.316024298491016, 36.301664194642761 ] ] ] } },
{ "type": "Feature", "properties": { "CITY_NAME": "加賀市", "S_NAME": "三木町", "JINKO": 308, "medical_area": "17_南加賀医療圏", "町丁目名": "加賀市三木町" }, "geometry": { "type": "Polygon", "coordinates": [ [ [ 136.281881167008208, 36.29038991460876 ], [ 136.28000378654778, 36.289647310588862 ], [ 136.27856603666288, 36.290019773248176 ], [ 136.279824727591205, 36.292173130680077 ], [ 136.276332059370844, 36.294836561095437 ], [ 136.275484697541856, 36.295765324344515 ], [ 136.276629404269443, 36.297264773253005 ], [ 136.278346237937853, 36.298808944264607 ], [ 136.28604403395525, 36.30368630087289 ], [ 136.286755411014298, 36.302850937754584 ], [ 136.287449111068668, 36.302333309165725 ], [ 136.290198561546163, 36.301190686502089 ], [ 136.291568419059587, 36.300176875012028 ], [ 136.292078571312345, 36.299453407602634 ], [ 136.292389112185816, 36.29850214412555 ], [ 136.292412805977904, 36.297720162322591 ], [ 136.292219168405637, 36.296912020201603 ], [ 136.29122211711217, 36.294812037500847 ], [ 136.289866567653633, 36.29329805158082 ], [ 136.288572016732076, 36.292351877195969 ], [ 136.286363154342723, 36.291234105493551 ], [ 136.281881167008208, 36.29038991460876 ] ] ] } },
{ "type": "Feature", "properties": { "CITY_NAME": "加賀市", "S_NAME": "奥谷町", "JINKO": 67, "medical_area": "17_南加賀医療圏", "町丁目名": "加賀市奥谷町" }, "geometry": { "type": "Polygon", "coordinates": [ [ [ 136.281568276171754, 36.286508212343882 ], [ 136.284184115574845, 36.281978283195066 ], [ 136.284526456542608, 36.271216232871538 ], [ 136.2876901464154, 36.261476472262331 ], [ 136.287409206649357, 36.261610825580746 ], [ 136.285887561143284, 36.261586253928513 ], [ 136.285356557092257, 36.261729712805533 ], [ 136.285149193108111, 36.262518587425305 ], [ 136.285395545518696, 36.26341131047905 ], [ 136.283453981166531, 36.26394627552515 ], [ 136.283303246676297, 36.264105922103113 ], [ 136.283037453498764, 36.265671401691243 ], [ 136.282853828539174, 36.265817410896879 ], [ 136.282182874218023, 36.265701387399858 ], [ 136.280592723879323, 36.264602125459348 ], [ 136.279839170401573, 36.264433673564277 ], [ 136.2788128025378, 36.26500828906552 ], [ 136.277271892094262, 36.264731379044861 ], [ 136.276613495792134, 36.264843187604029 ], [ 136.276106441235072, 36.264727854311765 ], [ 136.275142414272551, 36.265941556066757 ], [ 136.274443819486891, 36.266100489700825 ], [ 136.273838927301995, 36.265818996681936 ], [ 136.273269223013983, 36.265783959279254 ], [ 136.272068972782478, 36.266595744773134 ], [ 136.270979111767218, 36.266069492204309 ], [ 136.268657396072513, 36.266349611922443 ], [ 136.26831890670573, 36.266039281328858 ], [ 136.268305603783148, 36.264992724945692 ], [ 136.268004878238145, 36.26470320162516 ], [ 136.265823651723991, 36.265440865105298 ], [ 136.265669710143356, 36.26560386353438 ], [ 136.265753551617792, 36.266025129071437 ], [ 136.266866686313506, 36.267285149513917 ], [ 136.267462265005406, 36.268377132683554 ], [ 136.268301191458391, 36.269245230158674 ], [ 136.268371650158457, 36.269727947826901 ], [ 136.268039991316584, 36.269920400716622 ], [ 136.267153057695594, 36.269923978963675 ], [ 136.265393262535497, 36.269259260285757 ], [ 136.26375069480423, 36.268867269024668 ], [ 136.263028881268639, 36.268841293610926 ], [ 136.262935586632295, 36.269240716123079 ], [ 136.263216413135297, 36.270155932118726 ], [ 136.263991829116378, 36.271033862178015 ], [ 136.261995165394779, 36.272234544829352 ], [ 136.260983109779289, 36.273201571685604 ], [ 136.261226515538027, 36.273516333139071 ], [ 136.2638754059289, 36.274625277329555 ], [ 136.264286566518223, 36.274977291046788 ], [ 136.264353799342331, 36.275263288641369 ], [ 136.264186816128927, 36.275477713496372 ], [ 136.262031115778967, 36.276013334179211 ], [ 136.262016941550172, 36.276322888727677 ], [ 136.263211194011717, 36.277169160927002 ], [ 136.263776699652084, 36.277265185954107 ], [ 136.265427681167665, 36.278133972221895 ], [ 136.266355708375499, 36.279246027032109 ], [ 136.268828624433183, 36.281168045980863 ], [ 136.270958516628014, 36.283217471586269 ], [ 136.271072839303798, 36.283661693110261 ], [ 136.270869522312381, 36.284338548745083 ], [ 136.271134566750845, 36.285283924624217 ], [ 136.271934144617745, 36.285936601843801 ], [ 136.273348401900677, 36.286483855546209 ], [ 136.273579456008292, 36.286805608269923 ], [ 136.273544422783402, 36.28717037065293 ], [ 136.274547843451188, 36.287224344389756 ], [ 136.27658737452569, 36.286491792092967 ], [ 136.278857747497312, 36.286205506455659 ], [ 136.280787550572853, 36.286295551086589 ], [ 136.281568276171754, 36.286508212343882 ] ] ] } },
{ "type": "Feature", "properties": { "CITY_NAME": "加賀市", "S_NAME": "橘町", "JINKO": 43, "medical_area": "17_南加賀医療圏", "町丁目名": "加賀市橘町" }, "geometry": { "type": "Polygon", "coordinates": [ [ [ 136.28000378654778, 36.289647310588862 ], [ 136.281568276171754, 36.286508212343882 ], [ 136.279921958036681, 36.286204964623984 ], [ 136.277629397729896, 36.286308675010524 ], [ 136.275849993372987, 36.286705241776978 ], [ 136.274547843451188, 36.287224344389756 ], [ 136.273544422783402, 36.28717037065293 ], [ 136.273318544628069, 36.287622377846183 ], [ 136.273334606040123, 36.289279337326199 ], [ 136.273776077141747, 36.289529907058274 ], [ 136.275032892103241, 36.289696626246972 ], [ 136.275040491023532, 36.289846552266155 ], [ 136.274705628339234, 36.289986429959129 ], [ 136.278551316932806, 36.293028115156176 ], [ 136.279824727591205, 36.292173130680069 ], [ 136.27856603666288, 36.290019773248147 ], [ 136.28000378654778, 36.289647310588862 ] ] ] } },
{ "type": "Feature", "properties": { "CITY_NAME": "加賀市", "S_NAME": "永井町", "JINKO": 120, "medical_area": "17_南加賀医療圏", "町丁目名": "加賀市永井町" }, "geometry": { "type": "Polygon", "coordinates": [ [ [ 136.278551316932806, 36.293028115156176 ], [ 136.274705628339234, 36.289986429959157 ], [ 136.275040491023532, 36.28984655226617 ], [ 136.275032892103241, 36.289696626246972 ], [ 136.273776077141747, 36.289529907058274 ], [ 136.273334606040123, 36.289279337326199 ], [ 136.273299243894058, 36.287728587066297 ], [ 136.273579650150566, 36.286963943673079 ], [ 136.273470705888769, 36.286588110960814 ], [ 136.271934144617745, 36.285936601843801 ], [ 136.271325342867982, 36.285522030359338 ], [ 136.270974213999182, 36.284902710786263 ], [ 136.270869522312381, 36.284338548745083 ], [ 136.271072839303798, 36.283661693110261 ], [ 136.270958516628042, 36.283217471586269 ], [ 136.268335359341563, 36.280737669931924 ], [ 136.266355708375499, 36.279246027032109 ], [ 136.265080283936783, 36.277914673084013 ], [ 136.264325579204723, 36.277559427231097 ], [ 136.264323156356113, 36.278102934256232 ], [ 136.262472941515313, 36.279425272999525 ], [ 136.261180651918067, 36.278400064313047 ], [ 136.259889312198794, 36.27795732953355 ], [ 136.258515246714637, 36.278188329541678 ], [ 136.257849215576414, 36.278566420582337 ], [ 136.257907281335576, 36.278981434151149 ], [ 136.256554714305963, 36.279269117478371 ], [ 136.25576983868865, 36.279673455087682 ], [ 136.256037539742749, 36.28034466371691 ], [ 136.256877893098988, 36.281577035988136 ], [ 136.257103839217706, 36.282378166454492 ], [ 136.257113928079463, 36.282896001966421 ], [ 136.256828176749707, 36.283436007628929 ], [ 136.256573896818168, 36.284554228303094 ], [ 136.256581992117532, 36.285941488009357 ], [ 136.256735308606295, 36.286593905118856 ], [ 136.257528688804172, 36.287537725274703 ], [ 136.258555299428508, 36.288207176910859 ], [ 136.258728425350171, 36.28815679074679 ], [ 136.259126344858203, 36.28907606055575 ], [ 136.258947533221544, 36.289346804900624 ], [ 136.25898578615238, 36.28961806588655 ], [ 136.259237583598264, 36.289586051006516 ], [ 136.261057861056514, 36.294278591165202 ], [ 136.262449479376926, 36.293899240438883 ], [ 136.263046865668628, 36.293570707479951 ], [ 136.266385016276018, 36.290988604272485 ], [ 136.267538081822181, 36.290533275046549 ], [ 136.268524623367227, 36.290628382874537 ], [ 136.270882837025454, 36.291334163356986 ], [ 136.272602294401565, 36.292169002638794 ], [ 136.273320166047938, 36.292718098354641 ], [ 136.275484697541856, 36.295765324344515 ], [ 136.276332059370844, 36.294836561095437 ], [ 136.278551316932806, 36.293028115156176 ] ] ] } },
{ "type": "Feature", "properties": { "CITY_NAME": "加賀市", "S_NAME": "吉崎町", "JINKO": 126, "medical_area": "17_南加賀医療圏", "町丁目名": "加賀市吉崎町" }, "geometry": { "type": "Polygon", "coordinates": [ [ [ 136.261057861056514, 36.294278591165202 ], [ 136.259237583598264, 36.289586051006516 ], [ 136.25898578615238, 36.28961806588655 ], [ 136.258947533221544, 36.289346804900624 ], [ 136.259126344858203, 36.28907606055575 ], [ 136.258728425350171, 36.28815679074679 ], [ 136.257468785919201, 36.288645058363294 ], [ 136.256789715978385, 36.288692469055015 ], [ 136.256141752201984, 36.289235863789088 ], [ 136.255070924772326, 36.289474053442063 ], [ 136.254899969229228, 36.290450176568697 ], [ 136.254201895285036, 36.290499731051504 ], [ 136.253806146261951, 36.290309076289972 ], [ 136.253659936633909, 36.290474358640658 ], [ 136.253459785343722, 36.290387867180137 ], [ 136.253649984704538, 36.2902016763285 ], [ 136.253459154385979, 36.29006922584977 ], [ 136.252876660293339, 36.290521497236256 ], [ 136.251798411285193, 36.29083381080553 ], [ 136.25361935268549, 36.293766543327912 ], [ 136.256707785623291, 36.293879157179155 ], [ 136.259311404623702, 36.294422481792068 ], [ 136.261057861056514, 36.294278591165202 ] ] ] } },
{ "type": "Feature", "properties": { "CITY_NAME": "加賀市", "S_NAME": "日谷町", "JINKO": 205, "medical_area": "17_南加賀医療圏", "町丁目名": "加賀市日谷町" }, "geometry": { "type": "Polygon", "coordinates": [ [ [ 136.337644684408303, 36.29314000859609 ], [ 136.341750776191986, 36.292347608712397 ], [ 136.341072170832092, 36.291190417404039 ], [ 136.341013149906729, 36.29080826301022 ], [ 136.342184532083792, 36.290801761136997 ], [ 136.341308093533399, 36.288884889812444 ], [ 136.340890795286384, 36.270890716373863 ], [ 136.340263250622513, 36.269307348027731 ], [ 136.340104696806691, 36.268386885980306 ], [ 136.339878991852231, 36.267857541726919 ], [ 136.329333923361816, 36.261093210075366 ], [ 136.32901958315199, 36.261074020762194 ], [ 136.329213209304754, 36.263054527478026 ], [ 136.331176825050989, 36.273103843462962 ], [ 136.330716144433865, 36.280480528732639 ], [ 136.330251484298429, 36.281045872376794 ], [ 136.328685851697912, 36.28182395947335 ], [ 136.322777186527418, 36.291510952033285 ], [ 136.325823261238753, 36.291424783611653 ], [ 136.326873768367022, 36.291243694586313 ], [ 136.329983504282467, 36.29167687554974 ], [ 136.331180044734509, 36.292561014062201 ], [ 136.334230692115113, 36.292432243285639 ], [ 136.334584631132969, 36.292502263426776 ], [ 136.335184980261971, 36.292945571291909 ], [ 136.336371291005776, 36.293215621844332 ], [ 136.337644684408303, 36.29314000859609 ] ] ] } },
{ "type": "Feature", "properties": { "CITY_NAME": "加賀市", "S_NAME": "直下町", "JINKO": 258, "medical_area": "17_南加賀医療圏", "町丁目名": "加賀市直下町" }, "geometry": { "type": "Polygon", "coordinates": [ [ [ 136.323718585868249, 36.289937740141518 ], [ 136.328685851697912, 36.28182395947335 ], [ 136.330251484298429, 36.281045872376794 ], [ 136.330716144433865, 36.280480528732639 ], [ 136.331176825050989, 36.273103843462962 ], [ 136.329213209304754, 36.263054527478026 ], [ 136.32901958315199, 36.261074020762194 ], [ 136.317633741900636, 36.26546537233898 ], [ 136.324129963721788, 36.281318646543745 ], [ 136.322147479053115, 36.28294830933045 ], [ 136.321867101038947, 36.283295490332215 ], [ 136.321575419018416, 36.284214898034996 ], [ 136.323718585868249, 36.289937740141518 ] ] ] } },
{ "type": "Feature", "properties": { "CITY_NAME": "加賀市", "S_NAME": "曾宇町", "JINKO": 209, "medical_area": "17_南加賀医療圏", "町丁目名": "加賀市曾宇町" }, "geometry": { "type": "Polygon", "coordinates": [ [ [ 136.321867101038947, 36.283295490332215 ], [ 136.324129963721788, 36.281318646543745 ], [ 136.317633741900636, 36.26546537233898 ], [ 136.32901958315199, 36.261074020762194 ], [ 136.329333923361816, 36.261093210075366 ], [ 136.339878991852231, 36.267857541726919 ], [ 136.340890795286384, 36.270890716373863 ], [ 136.354252024134041, 36.274388388437401 ], [ 136.353913665585338, 36.273786779827958 ], [ 136.353736782578693, 36.272538780467521 ], [ 136.353328893477368, 36.272161778659566 ], [ 136.352523059016278, 36.271983999102943 ], [ 136.351965206289009, 36.271513345947966 ], [ 136.351320600700262, 36.269819590911759 ], [ 136.350242778262668, 36.269069204835354 ], [ 136.348473440812, 36.267431433686951 ], [ 136.348316555818315, 36.26707621985868 ], [ 136.348391170593317, 36.266340746724111 ], [ 136.348236228362936, 36.266074666789585 ], [ 136.347703318838825, 36.26582770194144 ], [ 136.34757200190532, 36.265155857014726 ], [ 136.347087613680344, 36.264683949388122 ], [ 136.347272713275743, 36.264192547794785 ], [ 136.348535056306162, 36.262520848378784 ], [ 136.348623365262029, 36.261755332461227 ], [ 136.348205235171804, 36.26105864549254 ], [ 136.348776919292249, 36.259867630114535 ], [ 136.349182768299045, 36.25788647709814 ], [ 136.349131843386459, 36.257492244850617 ], [ 136.350264571389459, 36.256977195824973 ], [ 136.35084685714213, 36.256475263504946 ], [ 136.350876519879876, 36.255620208496964 ], [ 136.351387226588628, 36.255137057998361 ], [ 136.351685392981182, 36.254493440099857 ], [ 136.352469447384834, 36.25375436239721 ], [ 136.352562315292545, 36.252829890553926 ], [ 136.353152019032819, 36.252178603917514 ], [ 136.353004851961913, 36.250308119093425 ], [ 136.352112444602255, 36.249747945060427 ], [ 136.35061990770933, 36.24912104338641 ], [ 136.349837087979779, 36.247747303102187 ], [ 136.349828387979642, 36.24743888552085 ], [ 136.350885196388106, 36.244771939532029 ], [ 136.351806857252768, 36.244802315679109 ], [ 136.353879638552314, 36.243380537594973 ], [ 136.353907361402889, 36.241284760278837 ], [ 136.354383872041041, 36.240073774372114 ], [ 136.352184567013211, 36.237066624044949 ], [ 136.349455548716804, 36.236402353497375 ], [ 136.348846294896163, 36.236085008576467 ], [ 136.348153569282488, 36.235212984338553 ], [ 136.347805679253952, 36.234352944438378 ], [ 136.347487483132767, 36.234071311192231 ], [ 136.346096095524047, 36.234032869450253 ], [ 136.345052035065521, 36.233775165626447 ], [ 136.344305469351013, 36.231799359028969 ], [ 136.34388214481811, 36.231333900773663 ], [ 136.3434511595581, 36.230463657309379 ], [ 136.34309747563313, 36.230162499558155 ], [ 136.341958114587214, 36.229923390156749 ], [ 136.341346840412882, 36.228671230077865 ], [ 136.340564353876971, 36.228033863168434 ], [ 136.339471924534223, 36.227477152294441 ], [ 136.338883752170318, 36.225484865568589 ], [ 136.338584701479959, 36.22537156684627 ], [ 136.338017682598178, 36.225444117233181 ], [ 136.337059511885627, 36.225993640556609 ], [ 136.336215145169803, 36.225921749366918 ], [ 136.335398219295712, 36.226089882790795 ], [ 136.335073125439408, 36.226810620937727 ], [ 136.334338211947909, 36.227340807250236 ], [ 136.332775759406218, 36.227833927797327 ], [ 136.332042833879939, 36.22850311638868 ], [ 136.332226068761685, 36.229539306556603 ], [ 136.331968819226063, 36.230023176388322 ], [ 136.329578311297098, 36.229924402906406 ], [ 136.328233808987505, 36.230403976686283 ], [ 136.327592750370371, 36.230814790702048 ], [ 136.326895114443687, 36.232266843603661 ], [ 136.32623306131174, 36.23232248069376 ], [ 136.324250241016529, 36.231796088690878 ], [ 136.322728880021458, 36.231792051191057 ], [ 136.321346989021862, 36.23305167413406 ], [ 136.320420261512169, 36.233118804457398 ], [ 136.319807331057461, 36.233600117835152 ], [ 136.316868347734726, 36.234718041592359 ], [ 136.316497550366933, 36.235365165450581 ], [ 136.315978684459935, 36.237086367840028 ], [ 136.315401554817697, 36.237691828814214 ], [ 136.315323467094572, 36.238032897608228 ], [ 136.315716377364112, 36.23878257664613 ], [ 136.316790242151939, 36.239647620452722 ], [ 136.317620587969344, 36.240859255282516 ], [ 136.317151131086462, 36.242986061115936 ], [ 136.316535942176841, 36.24328981912781 ], [ 136.316141485032887, 36.244208071680703 ], [ 136.315464992259592, 36.244826220799361 ], [ 136.315314505298517, 36.245736151033512 ], [ 136.315072314320929, 36.24595547588892 ], [ 136.313163769524493, 36.24656485033973 ], [ 136.31224267919427, 36.246474539584831 ], [ 136.310818501032514, 36.246638516664383 ], [ 136.310061259149109, 36.247075193091504 ], [ 136.30954021179943, 36.247078149901576 ], [ 136.30884430601526, 36.2468152909981 ], [ 136.30846308611612, 36.246892930468569 ], [ 136.308061284850027, 36.24771731742036 ], [ 136.306477495720685, 36.24885809814792 ], [ 136.304267224564796, 36.251327343002778 ], [ 136.303707710083273, 36.252575919386089 ], [ 136.303137398180695, 36.253301944857803 ], [ 136.303157830982855, 36.253697312159815 ], [ 136.303525628633025, 36.254473632978268 ], [ 136.303231192150292, 36.255677237693014 ], [ 136.301735488120102, 36.257823347758034 ], [ 136.301070644062065, 36.258113285422247 ], [ 136.300408599736471, 36.258148679498099 ], [ 136.298823508183347, 36.257882647331613 ], [ 136.298152888380372, 36.258694992634211 ], [ 136.296245749088854, 36.259136628501601 ], [ 136.295385815250143, 36.259860510164351 ], [ 136.293471646946983, 36.260918328517342 ], [ 136.291535421251865, 36.26098458771326 ], [ 136.29006826959602, 36.260518372909978 ], [ 136.289092652284779, 36.260484422759816 ], [ 136.2876901464154, 36.261476472262331 ], [ 136.301027839024073, 36.268101808043717 ], [ 136.312897465435555, 36.283541518188251 ], [ 136.316131894602762, 36.282971067343155 ], [ 136.31702210810451, 36.283039127225024 ], [ 136.319818664326789, 36.28373598862153 ], [ 136.320037074292628, 36.28446469006483 ], [ 136.321192103828594, 36.285171114231218 ], [ 136.321863638628059, 36.284842770381893 ], [ 136.321575419018416, 36.284214898034996 ], [ 136.321867101038947, 36.283295490332215 ] ] ] } },
{ "type": "Feature", "properties": { "CITY_NAME": "加賀市", "S_NAME": "百々町", "JINKO": 147, "medical_area": "17_南加賀医療圏", "町丁目名": "加賀市百々町" }, "geometry": { "type": "Polygon", "coordinates": [ [ [ 136.32212374821404, 36.298471466455503 ], [ 136.321977152086106, 36.292780140380017 ], [ 136.323718585868249, 36.289937740141518 ], [ 136.321894339064045, 36.284826529033339 ], [ 136.321125530086505, 36.285159061111045 ], [ 136.320037074292628, 36.28446469006483 ], [ 136.319818664326789, 36.28373598862153 ], [ 136.316770046034691, 36.28300260764437 ], [ 136.316131894602762, 36.282971067343155 ], [ 136.312897465435555, 36.283541518188251 ], [ 136.316056813287048, 36.287649898330578 ], [ 136.316278189416835, 36.287374200074744 ], [ 136.316681736465853, 36.287405514426069 ], [ 136.31746573065351, 36.288491239085019 ], [ 136.319118685363492, 36.289199281902164 ], [ 136.320677960257768, 36.289098444439773 ], [ 136.321042457837564, 36.288881134305775 ], [ 136.320949374941847, 36.289559417923044 ], [ 136.320501840699393, 36.290619048795158 ], [ 136.320392602434055, 36.291688782544654 ], [ 136.320053573367773, 36.292195601848491 ], [ 136.319611621622101, 36.291419004073397 ], [ 136.318174246277948, 36.290604471773243 ], [ 136.31806843220042, 36.28959879928022 ], [ 136.316937492962495, 36.288865532242909 ], [ 136.316215750785517, 36.287894047031209 ], [ 136.316101267935721, 36.292818591891724 ], [ 136.31690514085966, 36.293727766545821 ], [ 136.31691200992978, 36.293960184358333 ], [ 136.317272352479677, 36.294184888510621 ], [ 136.316787340254393, 36.294403583330919 ], [ 136.316417313701834, 36.29536616344798 ], [ 136.316734476283926, 36.295498640719131 ], [ 136.317774133493685, 36.295322187363382 ], [ 136.317041737940201, 36.296542641598123 ], [ 136.317020646278593, 36.297139038138951 ], [ 136.32212374821404, 36.298471466455503 ] ] ] } },
{ "type": "Feature", "properties": { "CITY_NAME": "加賀市", "S_NAME": "細坪町", "JINKO": 47, "medical_area": "17_南加賀医療圏", "町丁目名": "加賀市細坪町" }, "geometry": { "type": "Polygon", "coordinates": [ [ [ 136.31517569383999, 36.295949614725799 ], [ 136.314481160931251, 36.294800488550031 ], [ 136.315071402691444, 36.294839512858779 ], [ 136.315096808249422, 36.294247286055217 ], [ 136.315428884432691, 36.293871745372677 ], [ 136.316719070193159, 36.293658165969575 ], [ 136.316101267935721, 36.292818591891724 ], [ 136.316216752707277, 36.287857864184474 ], [ 136.301027839024073, 36.268101808043717 ], [ 136.298077712625599, 36.273539896910592 ], [ 136.311999942845375, 36.295931039517512 ], [ 136.313873705370327, 36.29603721958982 ], [ 136.315336287858855, 36.296498194844844 ], [ 136.31517569383999, 36.295949614725799 ] ] ] } },
{ "type": "Feature", "properties": { "CITY_NAME": "加賀市", "S_NAME": "白鳥町", "JINKO": 216, "medical_area": "17_南加賀医療圏", "町丁目名": "加賀市白鳥町" }, "geometry": { "type": "Polygon", "coordinates": [ [ [ 136.317041737940201, 36.296542641598123 ], [ 136.317774133493685, 36.295322187363382 ], [ 136.316734476283926, 36.295498640719131 ], [ 136.316417313701834, 36.29536616344798 ], [ 136.316787340254393, 36.294403583330919 ], [ 136.317272352479677, 36.294184888510621 ], [ 136.31691200992978, 36.293960184358333 ], [ 136.316782743918111, 36.293665606742707 ], [ 136.315428884432691, 36.293871745372677 ], [ 136.315096808249422, 36.294247286055217 ], [ 136.315071402691444, 36.294839512858779 ], [ 136.314481160931251, 36.294800488550031 ], [ 136.315280963504961, 36.296155080784899 ], [ 136.315336287858855, 36.296498194844844 ], [ 136.317020646278593, 36.297139038138951 ], [ 136.317041737940201, 36.296542641598123 ] ] ] } },
{ "type": "Feature", "properties": { "CITY_NAME": "加賀市", "S_NAME": "幸町", "JINKO": 179, "medical_area": "17_南加賀医療圏", "町丁目名": "加賀市幸町" }, "geometry": { "type": "Polygon", "coordinates": [ [ [ 136.316658097120438, 36.302102072808779 ], [ 136.317562148101274, 36.301116033499277 ], [ 136.322164908885981, 36.300789147169461 ], [ 136.32212374821404, 36.298471466455503 ], [ 136.31826127782378, 36.297553196118955 ], [ 136.315372363633401, 36.296516088791087 ], [ 136.315783117650057, 36.297648102763283 ], [ 136.315984063540697, 36.298925745252873 ], [ 136.316024298491016, 36.301664194642761 ], [ 136.316658097120438, 36.302102072808779 ] ] ] } },
{ "type": "Feature", "properties": { "CITY_NAME": "加賀市", "S_NAME": "美谷が丘", "JINKO": 269, "medical_area": "17_南加賀医療圏", "町丁目名": "加賀市美谷が丘" }, "geometry": { "type": "Polygon", "coordinates": [ [ [ 136.320949374941847, 36.289559417923044 ], [ 136.321042457837564, 36.288881134305775 ], [ 136.320677960257768, 36.289098444439773 ], [ 136.319118685363492, 36.289199281902164 ], [ 136.31746573065351, 36.288491239085019 ], [ 136.316681736465853, 36.287405514426069 ], [ 136.316278189416835, 36.287374200074744 ], [ 136.316097377831113, 36.287510476141108 ], [ 136.316056813287048, 36.287649898330578 ], [ 136.316937492962495, 36.288865532242909 ], [ 136.31806843220042, 36.28959879928022 ], [ 136.318174246277948, 36.290604471773243 ], [ 136.319611621622101, 36.291419004073397 ], [ 136.320053573367773, 36.292195601848491 ], [ 136.320392602434055, 36.291688782544654 ], [ 136.320501840699393, 36.290619048795158 ], [ 136.320949374941847, 36.289559417923044 ] ] ] } },
{ "type": "Feature", "properties": { "CITY_NAME": "加賀市", "S_NAME": "南郷町", "JINKO": 684, "medical_area": "17_南加賀医療圏", "町丁目名": "加賀市南郷町" }, "geometry": { "type": "Polygon", "coordinates": [ [ [ 136.329356448209865, 36.30898931340198 ], [ 136.330261356063744, 36.307142998725318 ], [ 136.32979867411035, 36.306848194496936 ], [ 136.329775571636674, 36.306682114465403 ], [ 136.330954208229684, 36.305664739683159 ], [ 136.330747514965196, 36.305535112456312 ], [ 136.332024056959654, 36.305521395993779 ], [ 136.334477623657335, 36.302886489272773 ], [ 136.335790573642839, 36.300914790760807 ], [ 136.338197649352082, 36.300643145504644 ], [ 136.338357389639327, 36.300360148587785 ], [ 136.338282974177019, 36.300134638056917 ], [ 136.337537049726876, 36.299344570231426 ], [ 136.337215111062903, 36.298568003308461 ], [ 136.337026292319962, 36.297181590354484 ], [ 136.337230490566554, 36.296610259228515 ], [ 136.338306964053544, 36.29649130658737 ], [ 136.339054715893241, 36.296219285322643 ], [ 136.340907270727598, 36.294296677297311 ], [ 136.342618339964559, 36.293807613123406 ], [ 136.343830191110555, 36.292529716528243 ], [ 136.343048287113049, 36.292052635794448 ], [ 136.337644684408303, 36.29314000859609 ], [ 136.336371291005776, 36.293215621844332 ], [ 136.335184980261971, 36.292945571291909 ], [ 136.334584631132969, 36.292502263426776 ], [ 136.334230692115113, 36.292432243285639 ], [ 136.331180044734509, 36.292561014062201 ], [ 136.329983504282467, 36.29167687554974 ], [ 136.329069197688398, 36.291468576250743 ], [ 136.326873768367022, 36.291243694586313 ], [ 136.325823261238753, 36.291424783611653 ], [ 136.322777186527418, 36.291510952033285 ], [ 136.321977152086106, 36.292780140380017 ], [ 136.322183547105709, 36.305868795966184 ], [ 136.323628424598382, 36.307161643821296 ], [ 136.324565055397414, 36.308962981410545 ], [ 136.325771893037114, 36.309029493199276 ], [ 136.326976455704227, 36.309656366262985 ], [ 136.327942496429927, 36.309934612546655 ], [ 136.328791652853681, 36.309528319823286 ], [ 136.329356448209865, 36.30898931340198 ] ] ] } },
{ "type": "Feature", "properties": { "CITY_NAME": "加賀市", "S_NAME": "下河崎町", "JINKO": 131, "medical_area": "17_南加賀医療圏", "町丁目名": "加賀市下河崎町" }, "geometry": { "type": "Polygon", "coordinates": [ [ [ 136.334154270301383, 36.316647011176265 ], [ 136.334197225366125, 36.316109350042922 ], [ 136.334444775224995, 36.316196550551773 ], [ 136.334573675593504, 36.313711374101274 ], [ 136.335158573574773, 36.313619901145465 ], [ 136.334948758425242, 36.312610429370416 ], [ 136.335235054670505, 36.308469781509821 ], [ 136.33502655063171, 36.30733966589478 ], [ 136.335289124939436, 36.307180609062947 ], [ 136.334574017686919, 36.30579556779233 ], [ 136.333562635263547, 36.3059871146055 ], [ 136.333434925905635, 36.30573486261676 ], [ 136.33258434500965, 36.305693724821744 ], [ 136.332463767197339, 36.305939247466519 ], [ 136.33221620100025, 36.305857076304015 ], [ 136.331995738534033, 36.306137070774867 ], [ 136.330954208229684, 36.305664739683159 ], [ 136.330591559220437, 36.30588342957514 ], [ 136.329775571636674, 36.306682114465403 ], [ 136.32979867411035, 36.306848194496936 ], [ 136.330261356063744, 36.307142998725318 ], [ 136.32959958520172, 36.308616472961049 ], [ 136.328791652853681, 36.309528319823286 ], [ 136.328166270673108, 36.309916079324424 ], [ 136.326976455704227, 36.309656366262985 ], [ 136.325771893037114, 36.309029493199276 ], [ 136.324565055397414, 36.308962981410545 ], [ 136.325762353635241, 36.312181476061767 ], [ 136.326305548290776, 36.313154791133854 ], [ 136.327423770003861, 36.314368082360438 ], [ 136.329501650025236, 36.315492053954131 ], [ 136.334154270301383, 36.316647011176265 ] ] ] } },
{ "type": "Feature", "properties": { "CITY_NAME": "加賀市", "S_NAME": "上河崎町", "JINKO": 581, "medical_area": "17_南加賀医療圏", "町丁目名": "加賀市上河崎町" }, "geometry": { "type": "Polygon", "coordinates": [ [ [ 136.339127233786883, 36.317832429394876 ], [ 136.339226671265919, 36.31710037315387 ], [ 136.345163236657555, 36.317287228433706 ], [ 136.345216821578617, 36.315878399129794 ], [ 136.347714922292369, 36.316045344661141 ], [ 136.348176904106737, 36.305835898330734 ], [ 136.347055105732892, 36.30582820600933 ], [ 136.347064124508847, 36.305606690052279 ], [ 136.347710378376178, 36.305113854741791 ], [ 136.348266169421322, 36.30496093199406 ], [ 136.346808414441284, 36.30452393579295 ], [ 136.346887033933399, 36.304027207624436 ], [ 136.346166968710179, 36.30360339652583 ], [ 136.346268812014131, 36.303447364811902 ], [ 136.344777419413134, 36.302572094437544 ], [ 136.342957005187202, 36.304001404534731 ], [ 136.339536677976582, 36.305262956059863 ], [ 136.338449280928955, 36.306146769907535 ], [ 136.337787772870598, 36.305855615221269 ], [ 136.337684948108404, 36.305593471078446 ], [ 136.336683354814255, 36.304865064797902 ], [ 136.334574017686919, 36.30579556779233 ], [ 136.335289124939436, 36.307180609062947 ], [ 136.33502655063171, 36.30733966589478 ], [ 136.335235054670505, 36.308469781509821 ], [ 136.334948758425242, 36.312610429370416 ], [ 136.335158573574773, 36.313619901145465 ], [ 136.334573675593504, 36.313711374101274 ], [ 136.334444775224995, 36.316196550551773 ], [ 136.334197225366125, 36.316109350042922 ], [ 136.334154270301383, 36.316647011176265 ], [ 136.339127233786883, 36.317832429394876 ] ] ] } },
{ "type": "Feature", "properties": { "CITY_NAME": "加賀市", "S_NAME": "中代町", "JINKO": 304, "medical_area": "17_南加賀医療圏", "町丁目名": "加賀市中代町" }, "geometry": { "type": "Polygon", "coordinates": [ [ [ 136.352996227254152, 36.314251483433999 ], [ 136.353204351967719, 36.312523953379035 ], [ 136.353541165882746, 36.312543814605256 ], [ 136.354784863133887, 36.311082883993819 ], [ 136.355368492026543, 36.309841793519659 ], [ 136.355881657806663, 36.307490346111472 ], [ 136.355922250443513, 36.306233520869043 ], [ 136.356477042634538, 36.306193279888376 ], [ 136.356644712856763, 36.305222124678032 ], [ 136.35688331458482, 36.30051295390345 ], [ 136.352528090420662, 36.300401930428471 ], [ 136.352432769583658, 36.300676900507128 ], [ 136.352058190947162, 36.300738772686358 ], [ 136.348494006897795, 36.301048764596942 ], [ 136.347120635192681, 36.300543350390384 ], [ 136.34581380228127, 36.301846149130498 ], [ 136.344777419413134, 36.302572094437544 ], [ 136.346268812014131, 36.303447364811902 ], [ 136.346166968710179, 36.30360339652583 ], [ 136.346887033933399, 36.304027207624436 ], [ 136.346808414441284, 36.30452393579295 ], [ 136.348266169421322, 36.30496093199406 ], [ 136.347710378376178, 36.305113854741791 ], [ 136.347064124508847, 36.305606690052279 ], [ 136.347055105732892, 36.30582820600933 ], [ 136.348176904106737, 36.305835898330734 ], [ 136.347824891834392, 36.31389056830924 ], [ 136.352996227254152, 36.314251483433999 ] ] ] } },
{ "type": "Feature", "properties": { "CITY_NAME": "加賀市", "S_NAME": "保賀町", "JINKO": 479, "medical_area": "17_南加賀医療圏", "町丁目名": "加賀市保賀町" }, "geometry": { "type": "Polygon", "coordinates": [ [ [ 136.350957779867286, 36.286004053677331 ], [ 136.349915190641099, 36.286760267908711 ], [ 136.349390279486272, 36.287559058341422 ], [ 136.349092006197822, 36.28851501807209 ], [ 136.348963023860705, 36.290223445928135 ], [ 136.34767197602423, 36.292201121779051 ], [ 136.347088956606143, 36.293668166028787 ], [ 136.34719769926474, 36.294189241570237 ], [ 136.346930424100606, 36.296190922575192 ], [ 136.347556649005071, 36.299207811725076 ], [ 136.347506321844264, 36.299977257896728 ], [ 136.347120635192681, 36.300543350390384 ], [ 136.348494006897795, 36.301048764596942 ], [ 136.352432769583658, 36.300676900507128 ], [ 136.352941608116481, 36.29947241209215 ], [ 136.353064126608984, 36.298312677223414 ], [ 136.353506439946131, 36.297489494130161 ], [ 136.35353524647752, 36.29660020002661 ], [ 136.354312253336388, 36.295791400187149 ], [ 136.354676114767472, 36.294529341148447 ], [ 136.354581593584783, 36.293931850344755 ], [ 136.353703593791806, 36.293144278361169 ], [ 136.353444388869747, 36.2926191038434 ], [ 136.35358784975179, 36.292162537296313 ], [ 136.353570137900903, 36.291271712006669 ], [ 136.353435606813036, 36.291027600445055 ], [ 136.353718683777174, 36.288573672613346 ], [ 136.352583514982967, 36.288128298373465 ], [ 136.351243209964196, 36.288049863078186 ], [ 136.351131022941075, 36.286036672253289 ], [ 136.350957779867286, 36.286004053677331 ] ] ] } },
{ "type": "Feature", "properties": { "CITY_NAME": "加賀市", "S_NAME": "黒瀬町", "JINKO": 653, "medical_area": "17_南加賀医療圏", "町丁目名": "加賀市黒瀬町" }, "geometry": { "type": "Polygon", "coordinates": [ [ [ 136.34767197602423, 36.292201121779051 ], [ 136.348858492098998, 36.290456157826966 ], [ 136.348992494187826, 36.289708192685247 ], [ 136.343248812781894, 36.289269991451519 ], [ 136.341289079486472, 36.288585093792328 ], [ 136.341308093533399, 36.288884889812444 ], [ 136.342180735467252, 36.290592634522753 ], [ 136.342184532083792, 36.290801761136997 ], [ 136.341013149906729, 36.29080826301022 ], [ 136.341530799772727, 36.292127255690247 ], [ 136.341750776191986, 36.292347608712397 ], [ 136.343048287113049, 36.292052635794448 ], [ 136.343830191110555, 36.292529716528243 ], [ 136.342618339964559, 36.293807613123406 ], [ 136.340907270727598, 36.294296677297311 ], [ 136.339290609330277, 36.296070171687383 ], [ 136.338306964053544, 36.29649130658737 ], [ 136.337230490566554, 36.296610259228515 ], [ 136.337095560016962, 36.296867057121872 ], [ 136.337072732766416, 36.297739486767647 ], [ 136.337341953359356, 36.298991906731899 ], [ 136.338358405093828, 36.300297208715818 ], [ 136.338034682244484, 36.30092682169839 ], [ 136.338753126606207, 36.302153624763875 ], [ 136.33875547606047, 36.302925613322898 ], [ 136.339296134463552, 36.303208991911383 ], [ 136.339115263546262, 36.304124401636891 ], [ 136.33868684005094, 36.304865449963756 ], [ 136.339588050844981, 36.305291122447002 ], [ 136.342957005187202, 36.304001404534731 ], [ 136.34581380228127, 36.301846149130498 ], [ 136.347275843290191, 36.300398912173037 ], [ 136.347506321844264, 36.299977257896728 ], [ 136.347556649005071, 36.299207811725076 ], [ 136.346980204740049, 36.296594889697076 ], [ 136.346948079020933, 36.29565126508971 ], [ 136.34719769926474, 36.294189241570237 ], [ 136.347088956606143, 36.293668166028787 ], [ 136.34767197602423, 36.292201121779051 ] ] ] } },
{ "type": "Feature", "properties": { "CITY_NAME": "加賀市", "S_NAME": "吸坂町", "JINKO": 102, "medical_area": "17_南加賀医療圏", "町丁目名": "加賀市吸坂町" }, "geometry": { "type": "Polygon", "coordinates": [ [ [ 136.332101497815103, 36.306122706284491 ], [ 136.33221620100025, 36.305857076304015 ], [ 136.332463767197339, 36.305939247466519 ], [ 136.33258434500965, 36.305693724821744 ], [ 136.333434925905635, 36.30573486261676 ], [ 136.333562635263547, 36.3059871146055 ], [ 136.334574017686919, 36.30579556779233 ], [ 136.336683354814255, 36.304865064797902 ], [ 136.337684948108404, 36.305593471078446 ], [ 136.337787772870598, 36.305855615221269 ], [ 136.338449280928955, 36.306146769907535 ], [ 136.339536677976582, 36.305262956059863 ], [ 136.33868684005094, 36.304865449963756 ], [ 136.339115263546262, 36.304124401636891 ], [ 136.339296134463552, 36.303208991911383 ], [ 136.33875547606047, 36.302925613322898 ], [ 136.338753126606207, 36.302153624763875 ], [ 136.338034682244484, 36.30092682169839 ], [ 136.338197649352082, 36.300643145504644 ], [ 136.335790573642839, 36.300914790760807 ], [ 136.334477623657335, 36.302886489272773 ], [ 136.332024056959654, 36.305521395993779 ], [ 136.330747514965196, 36.305535112456312 ], [ 136.332101497815103, 36.306122706284491 ] ] ] } },
{ "type": "Feature", "properties": { "CITY_NAME": "加賀市", "S_NAME": "塩屋町", "JINKO": 565, "medical_area": "17_南加賀医療圏", "町丁目名": "加賀市塩屋町" }, "geometry": { "type": "Polygon", "coordinates": [ [ [ 136.256612378052353, 36.303436305501073 ], [ 136.257007021255362, 36.295042954964622 ], [ 136.256551249814152, 36.294753015177385 ], [ 136.255161222118517, 36.294730074432472 ], [ 136.25534898514141, 36.293805075586228 ], [ 136.25361935268549, 36.293766543327912 ], [ 136.251798411285193, 36.29083381080553 ], [ 136.250344429213499, 36.290916999373415 ], [ 136.249460504748214, 36.291351227726025 ], [ 136.247711080666477, 36.29295033339563 ], [ 136.246723421615172, 36.293429348561808 ], [ 136.245893630288577, 36.294266940161023 ], [ 136.244669557288489, 36.294572897086134 ], [ 136.244069851632872, 36.294896856773065 ], [ 136.243177598369414, 36.295842732169355 ], [ 136.242818836723927, 36.296569645353586 ], [ 136.243057762030389, 36.296923815777468 ], [ 136.244473627241234, 36.29638498057033 ], [ 136.245943052648045, 36.296873031267197 ], [ 136.245989163016986, 36.297115839617717 ], [ 136.246113759187978, 36.297031180730372 ], [ 136.246817400412255, 36.29741060271153 ], [ 136.248567901166183, 36.298798416747559 ], [ 136.249140024278006, 36.299853619224507 ], [ 136.25001803814078, 36.299888295217777 ], [ 136.253538892568542, 36.301479752889769 ], [ 136.255509498975954, 36.302532066497001 ], [ 136.256048354443294, 36.303108452051411 ], [ 136.256612378052353, 36.303436305501073 ] ] ] } },
{ "type": "Feature", "properties": { "CITY_NAME": "加賀市", "S_NAME": "山中温泉こおろぎ町", "JINKO": 142, "medical_area": "17_南加賀医療圏", "町丁目名": "加賀市山中温泉こおろぎ町" }, "geometry": { "type": "Polygon", "coordinates": [ [ [ 136.370856274837308, 36.243138527799914 ], [ 136.371666230258796, 36.242775597098458 ], [ 136.371744775762409, 36.242890026374717 ], [ 136.372030704100553, 36.242773811842419 ], [ 136.371687976175252, 36.242217142971569 ], [ 136.37157626214821, 36.241491210218946 ], [ 136.371649219403025, 36.240965379410966 ], [ 136.372206923730204, 36.240327242029579 ], [ 136.371865616861243, 36.2396398301209 ], [ 136.371050120183213, 36.239250446266901 ], [ 136.369613029555978, 36.239141003907143 ], [ 136.369031451089882, 36.238741827048351 ], [ 136.368299775813398, 36.237207707121556 ], [ 136.368310370650704, 36.236671005757955 ], [ 136.367690382440259, 36.235761813074916 ], [ 136.367135620992684, 36.235258757308621 ], [ 136.36707816666032, 36.234602992571894 ], [ 136.366830520737437, 36.234206019297986 ], [ 136.365374460646905, 36.233946602476522 ], [ 136.364763227740269, 36.233690755248965 ], [ 136.363115179797234, 36.232618601980114 ], [ 136.362313685595524, 36.231891253386948 ], [ 136.3616633585344, 36.231703800956829 ], [ 136.361543141892156, 36.231172365983603 ], [ 136.360472428439664, 36.231215437560941 ], [ 136.361179710620263, 36.231856454696306 ], [ 136.362105989694015, 36.232389769121561 ], [ 136.363751382984304, 36.234042341170678 ], [ 136.364674512123742, 36.23473420632326 ], [ 136.365202143166357, 36.23562790514999 ], [ 136.364688462435424, 36.235953702227015 ], [ 136.365248193362447, 36.236207584218313 ], [ 136.365298996166473, 36.236636741616408 ], [ 136.365670629121382, 36.236960828383658 ], [ 136.365776722119193, 36.237363544709517 ], [ 136.366057819499815, 36.237378838006002 ], [ 136.3662473784604, 36.23717463241605 ], [ 136.366567723845947, 36.237304341714186 ], [ 136.366878004475268, 36.238105359635341 ], [ 136.367595684933832, 36.238750958370993 ], [ 136.367822667250351, 36.239164442312642 ], [ 136.368609611821682, 36.239564995609541 ], [ 136.36923908461938, 36.239537102954756 ], [ 136.370565888747507, 36.242187289691373 ], [ 136.370856274837308, 36.243138527799914 ] ] ] } },
{ "type": "Feature", "properties": { "CITY_NAME": "加賀市", "S_NAME": "山中温泉南町", "JINKO": 141, "medical_area": "17_南加賀医療圏", "町丁目名": "加賀市山中温泉南町" }, "geometry": { "type": "Polygon", "coordinates": [ [ [ 136.372947373229181, 36.245536869366532 ], [ 136.372904439743024, 36.245269944008697 ], [ 136.373274363598597, 36.245134606218514 ], [ 136.37295429152789, 36.244827558945921 ], [ 136.373140367580163, 36.244727033256829 ], [ 136.373133463831351, 36.244387433536758 ], [ 136.373506167042166, 36.243968533215671 ], [ 136.372030704100553, 36.242773811842419 ], [ 136.371744775762409, 36.242890026374717 ], [ 136.371666230258796, 36.242775597098458 ], [ 136.370856274837308, 36.243138527799914 ], [ 136.371163902483318, 36.245046434159669 ], [ 136.372077226783233, 36.24520647311995 ], [ 136.372508120744328, 36.24559112629381 ], [ 136.372947373229181, 36.245536869366532 ] ] ] } },
{ "type": "Feature", "properties": { "CITY_NAME": "加賀市", "S_NAME": "山中温泉栄町", "JINKO": 106, "medical_area": "17_南加賀医療圏", "町丁目名": "加賀市山中温泉栄町" }, "geometry": { "type": "Polygon", "coordinates": [ [ [ 136.374628845827147, 36.245689319002118 ], [ 136.373922181858518, 36.24462077212182 ], [ 136.373547518996105, 36.244692115204487 ], [ 136.373325048438943, 36.24416344356576 ], [ 136.373133463831351, 36.244387433536758 ], [ 136.373140367580163, 36.244727033256829 ], [ 136.37295429152789, 36.244827558945921 ], [ 136.373274363598597, 36.245134606218514 ], [ 136.372904439743024, 36.245269944008697 ], [ 136.373318175294798, 36.24625121834714 ], [ 136.374628845827147, 36.245689319002118 ] ] ] } },
{ "type": "Feature", "properties": { "CITY_NAME": "加賀市", "S_NAME": "山中温泉河鹿町", "JINKO": 85, "medical_area": "17_南加賀医療圏", "町丁目名": "加賀市山中温泉河鹿町" }, "geometry": { "type": "Polygon", "coordinates": [ [ [ 136.375918381768031, 36.245988691270952 ], [ 136.375615479087145, 36.244435389732743 ], [ 136.374918572892284, 36.243863960614199 ], [ 136.373506167042166, 36.243968533215671 ], [ 136.373325048438943, 36.24416344356576 ], [ 136.373547518996105, 36.244692115204487 ], [ 136.373922181858518, 36.24462077212182 ], [ 136.374444732718018, 36.245285834147232 ], [ 136.374847787586305, 36.246199036460105 ], [ 136.375918381768031, 36.245988691270952 ] ] ] } },
{ "type": "Feature", "properties": { "CITY_NAME": "加賀市", "S_NAME": "山中温泉湯の出町", "JINKO": 81, "medical_area": "17_南加賀医療圏", "町丁目名": "加賀市山中温泉湯の出町" }, "geometry": { "type": "Polygon", "coordinates": [ [ [ 136.373470102557633, 36.247112099733485 ], [ 136.373313996748408, 36.246818900968861 ], [ 136.3737559224991, 36.246672756162134 ], [ 136.373318175294798, 36.24625121834714 ], [ 136.372947373229181, 36.245536869366532 ], [ 136.372508120744328, 36.24559112629381 ], [ 136.372077226783233, 36.24520647311995 ], [ 136.371163902483318, 36.245046434159669 ], [ 136.371188376400056, 36.247115239347501 ], [ 136.371652956188001, 36.247075641956627 ], [ 136.371695498571228, 36.246883373503877 ], [ 136.37232209482076, 36.246904820991219 ], [ 136.372513240477019, 36.246690496885705 ], [ 136.372666858004777, 36.246963067202152 ], [ 136.373068677260449, 36.246846318285648 ], [ 136.373229018601677, 36.247184869759927 ], [ 136.373470102557633, 36.247112099733485 ] ] ] } },
{ "type": "Feature", "properties": { "CITY_NAME": "加賀市", "S_NAME": "山中温泉本町二丁目", "JINKO": 111, "medical_area": "17_南加賀医療圏", "町丁目名": "加賀市山中温泉本町二丁目" }, "geometry": { "type": "Polygon", "coordinates": [ [ [ 136.374881896672974, 36.248287269323853 ], [ 136.375010431419639, 36.24773056565828 ], [ 136.374900588785465, 36.247563882987976 ], [ 136.375042636617849, 36.24735615141293 ], [ 136.37480058779235, 36.246865176879922 ], [ 136.374847787586305, 36.246199036460105 ], [ 136.374607716715929, 36.245698649785048 ], [ 136.3734114656028, 36.24621481957012 ], [ 136.3737559224991, 36.246672756162134 ], [ 136.373313996748408, 36.246818900968861 ], [ 136.373470102557633, 36.247112099733485 ], [ 136.373726114196018, 36.247024481533629 ], [ 136.373827903086948, 36.247239499521626 ], [ 136.3740448497648, 36.247284308216571 ], [ 136.374408835756071, 36.24804708707078 ], [ 136.374235036206301, 36.248102052519087 ], [ 136.374254405599089, 36.248370104780797 ], [ 136.374881896672974, 36.248287269323853 ] ] ] } },
{ "type": "Feature", "properties": { "CITY_NAME": "加賀市", "S_NAME": "山中温泉本町一丁目", "JINKO": 45, "medical_area": "17_南加賀医療圏", "町丁目名": "加賀市山中温泉本町一丁目" }, "geometry": { "type": "Polygon", "coordinates": [ [ [ 136.374702605838991, 36.251415566125623 ], [ 136.37506885899441, 36.249786817206086 ], [ 136.374821073205823, 36.249790844420566 ], [ 136.374853498478046, 36.248370620456321 ], [ 136.374254405599089, 36.248370104780797 ], [ 136.374233488297165, 36.250585817769377 ], [ 136.373868961882749, 36.251276688422266 ], [ 136.374702605838991, 36.251415566125623 ] ] ] } },
{ "type": "Feature", "properties": { "CITY_NAME": "加賀市", "S_NAME": "山中温泉東町二丁目", "JINKO": 152, "medical_area": "17_南加賀医療圏", "町丁目名": "加賀市山中温泉東町二丁目" }, "geometry": { "type": "Polygon", "coordinates": [ [ [ 136.375994940946924, 36.248490279707788 ], [ 136.376617597688835, 36.247688045563287 ], [ 136.375918381768031, 36.245988691270952 ], [ 136.374761421052256, 36.246212668460963 ], [ 136.37480058779235, 36.246865176879922 ], [ 136.375042636617849, 36.24735615141293 ], [ 136.374900588785465, 36.247563882987976 ], [ 136.375010431419639, 36.24773056565828 ], [ 136.374853498478046, 36.248370620456321 ], [ 136.375994940946924, 36.248490279707788 ] ] ] } },
{ "type": "Feature", "properties": { "CITY_NAME": "加賀市", "S_NAME": "山中温泉東町一丁目", "JINKO": 113, "medical_area": "17_南加賀医療圏", "町丁目名": "加賀市山中温泉東町一丁目" }, "geometry": { "type": "Polygon", "coordinates": [ [ [ 136.377304243289529, 36.250215611373832 ], [ 136.37664727207823, 36.249668698946834 ], [ 136.375851286262048, 36.249856961901131 ], [ 136.376040686328309, 36.249496573030022 ], [ 136.375994940946924, 36.248490279707788 ], [ 136.374853498478046, 36.248370620456321 ], [ 136.374821073205823, 36.249790844420566 ], [ 136.37506885899441, 36.249786817206086 ], [ 136.374702605838991, 36.251415566125623 ], [ 136.375355894641615, 36.251509201794626 ], [ 136.375358058946375, 36.252104333328745 ], [ 136.375899435010126, 36.252503368638124 ], [ 136.37609098220733, 36.252878878053195 ], [ 136.375445522591434, 36.253584510455774 ], [ 136.374765035921712, 36.254693083614875 ], [ 136.375177471212083, 36.254888716139419 ], [ 136.376330386830347, 36.253698385284238 ], [ 136.376559325424495, 36.253202193520742 ], [ 136.377030195024332, 36.253033610204199 ], [ 136.377344138520215, 36.251899450903622 ], [ 136.377109110235722, 36.250636287802308 ], [ 136.377304243289529, 36.250215611373832 ] ] ] } },
{ "type": "Feature", "properties": { "CITY_NAME": "加賀市", "S_NAME": "山中温泉湯の本町", "JINKO": 119, "medical_area": "17_南加賀医療圏", "町丁目名": "加賀市山中温泉湯の本町" }, "geometry": { "type": "Polygon", "coordinates": [ [ [ 136.374233488297165, 36.250585817769377 ], [ 136.374235036206301, 36.248102052519087 ], [ 136.374408835756071, 36.24804708707078 ], [ 136.3740448497648, 36.247284308216571 ], [ 136.373827903086948, 36.247239499521626 ], [ 136.373726114196018, 36.247024481533629 ], [ 136.373168868854975, 36.247227563091769 ], [ 136.373446009274261, 36.247904062379178 ], [ 136.373601412228112, 36.247871751923931 ], [ 136.373955844117006, 36.249329900907 ], [ 136.373884777185594, 36.249592514423476 ], [ 136.374074638058374, 36.250348138058264 ], [ 136.373894639763023, 36.250345062074835 ], [ 136.373966764634872, 36.250768875272769 ], [ 136.374233488297165, 36.250585817769377 ] ] ] } },
{ "type": "Feature", "properties": { "CITY_NAME": "加賀市", "S_NAME": "山中温泉薬師町", "JINKO": 168, "medical_area": "17_南加賀医療圏", "町丁目名": "加賀市山中温泉薬師町" }, "geometry": { "type": "Polygon", "coordinates": [ [ [ 136.373202107546462, 36.247722478686562 ], [ 136.372998924140148, 36.247477092132378 ], [ 136.373257257022686, 36.247400774041189 ], [ 136.373068677260449, 36.246846318285648 ], [ 136.372666858004777, 36.246963067202152 ], [ 136.372513240477019, 36.246690496885705 ], [ 136.37232209482076, 36.246904820991219 ], [ 136.371695498571228, 36.246883373503877 ], [ 136.371652956188001, 36.247075641956627 ], [ 136.371188376400056, 36.247115239347501 ], [ 136.371117072993059, 36.248548614070465 ], [ 136.371537996545413, 36.249625999385181 ], [ 136.37188904288999, 36.249691190248249 ], [ 136.371928034824975, 36.250158068936905 ], [ 136.372842658434507, 36.249981517474033 ], [ 136.372189407523649, 36.248504413771698 ], [ 136.373269552539341, 36.248341911606325 ], [ 136.373202107546462, 36.247722478686562 ] ] ] } },
{ "type": "Feature", "properties": { "CITY_NAME": "加賀市", "S_NAME": "山中温泉冨士見町", "JINKO": 94, "medical_area": "17_南加賀医療圏", "町丁目名": "加賀市山中温泉冨士見町" }, "geometry": { "type": "Polygon", "coordinates": [ [ [ 136.373966764634872, 36.250768875272769 ], [ 136.373894639763023, 36.250345062074835 ], [ 136.374074638058374, 36.250348138058264 ], [ 136.374033652245771, 36.249776214532645 ], [ 136.373884777185594, 36.249592514423476 ], [ 136.373969484964846, 36.249433740489259 ], [ 136.373711314892091, 36.248255806129023 ], [ 136.373601412228112, 36.247871751923931 ], [ 136.373446009274261, 36.247904062379178 ], [ 136.373167706168914, 36.247411164691812 ], [ 136.372998924140148, 36.247477092132378 ], [ 136.373202107546462, 36.247722478686562 ], [ 136.373269552539341, 36.248341911606325 ], [ 136.372875794495059, 36.248400045287788 ], [ 136.372995931714655, 36.248923472665126 ], [ 136.373247168267142, 36.248887434641702 ], [ 136.373797883095989, 36.250801026248119 ], [ 136.373966764634872, 36.250768875272769 ] ] ] } },
{ "type": "Feature", "properties": { "CITY_NAME": "加賀市", "S_NAME": "山中温泉白山町", "JINKO": 164, "medical_area": "17_南加賀医療圏", "町丁目名": "加賀市山中温泉白山町" }, "geometry": { "type": "Polygon", "coordinates": [ [ [ 136.372665541917684, 36.2515135376903 ], [ 136.37388852490048, 36.251637401579728 ], [ 136.374066388753135, 36.250802875751845 ], [ 136.373797883095989, 36.250801026248119 ], [ 136.373307894631381, 36.249019820048034 ], [ 136.373247168267142, 36.248887434641702 ], [ 136.372995931714655, 36.248923472665126 ], [ 136.372875794495059, 36.248400045287788 ], [ 136.372189407523649, 36.248504413771698 ], [ 136.372842658434507, 36.249981517474033 ], [ 136.371928034824975, 36.250158068936905 ], [ 136.37222429017811, 36.252044979687533 ], [ 136.372665541917684, 36.2515135376903 ] ] ] } },
{ "type": "Feature", "properties": { "CITY_NAME": "加賀市", "S_NAME": "山中温泉西桂木町", "JINKO": 128, "medical_area": "17_南加賀医療圏", "町丁目名": "加賀市山中温泉西桂木町" }, "geometry": { "type": "Polygon", "coordinates": [ [ [ 136.372092879704695, 36.255379463411607 ], [ 136.373290964074187, 36.253965688370108 ], [ 136.373478188388475, 36.254063037667692 ], [ 136.374774928598754, 36.252534513142017 ], [ 136.374765232932162, 36.252083037892916 ], [ 136.375300831622923, 36.252175826699748 ], [ 136.375355894641615, 36.251509201794626 ], [ 136.373868961882749, 36.251276688422266 ], [ 136.37388852490048, 36.251637401579728 ], [ 136.373469483560143, 36.251615332409202 ], [ 136.373771318107259, 36.252155542253831 ], [ 136.373286223719731, 36.253016562757679 ], [ 136.372722506702644, 36.252704166770982 ], [ 136.372445902343429, 36.252274067674335 ], [ 136.372094086218652, 36.252206162862414 ], [ 136.372407910664577, 36.252729097394671 ], [ 136.37316491016162, 36.25323566339609 ], [ 136.372565322951829, 36.254207621167119 ], [ 136.372009707796025, 36.254416300475064 ], [ 136.372177891934967, 36.254745363288983 ], [ 136.371863557013967, 36.255447380236234 ], [ 136.372092879704695, 36.255379463411607 ] ] ] } },
{ "type": "Feature", "properties": { "CITY_NAME": "加賀市", "S_NAME": "山中温泉東桂木町", "JINKO": 156, "medical_area": "17_南加賀医療圏", "町丁目名": "加賀市山中温泉東桂木町" }, "geometry": { "type": "Polygon", "coordinates": [ [ [ 136.374008810138747, 36.25575869347022 ], [ 136.375445522591434, 36.253584510455774 ], [ 136.37609098220733, 36.252878878053195 ], [ 136.375899435010126, 36.252503368638124 ], [ 136.375358058946375, 36.252104333328745 ], [ 136.374765232932162, 36.252083037892916 ], [ 136.374774928598754, 36.252534513142017 ], [ 136.373478188388475, 36.254063037667692 ], [ 136.373290964074187, 36.253965688370108 ], [ 136.372092879704695, 36.255379463411607 ], [ 136.373719621802081, 36.255917765068673 ], [ 136.374008810138747, 36.25575869347022 ] ] ] } },
{ "type": "Feature", "properties": { "CITY_NAME": "加賀市", "S_NAME": "山中温泉上野町", "JINKO": 48, "medical_area": "17_南加賀医療圏", "町丁目名": "加賀市山中温泉上野町" }, "geometry": { "type": "Polygon", "coordinates": [ [ [ 136.370314672855983, 36.255249477369759 ], [ 136.367564431133559, 36.254756619477334 ], [ 136.367514088918114, 36.255235151797187 ], [ 136.36731112094165, 36.255523158989625 ], [ 136.370257832837211, 36.255479142085214 ], [ 136.370314672855983, 36.255249477369759 ] ] ] } },
{ "type": "Feature", "properties": { "CITY_NAME": "加賀市", "S_NAME": "山中温泉上野町", "JINKO": 260, "medical_area": "17_南加賀医療圏", "町丁目名": "加賀市山中温泉上野町" }, "geometry": { "type": "Polygon", "coordinates": [ [ [ 136.372009707796025, 36.254416300475064 ], [ 136.372565322951829, 36.254207621167119 ], [ 136.37316491016162, 36.25323566339609 ], [ 136.372407910664577, 36.252729097394671 ], [ 136.372094086218652, 36.252206162862414 ], [ 136.372445902343429, 36.252274067674335 ], [ 136.372722506702644, 36.252704166770982 ], [ 136.373286223719731, 36.253016562757679 ], [ 136.373771318107259, 36.252155542253831 ], [ 136.373469483560143, 36.251615332409202 ], [ 136.372665541917684, 36.2515135376903 ], [ 136.372322081955076, 36.252028256685676 ], [ 136.371465042143626, 36.252225112229631 ], [ 136.370391808928417, 36.251668199468611 ], [ 136.368424799595061, 36.251639651043547 ], [ 136.367836858142397, 36.251139958697429 ], [ 136.367389472634102, 36.250172416153127 ], [ 136.366559625177047, 36.249570781713039 ], [ 136.36584645111779, 36.248508884752319 ], [ 136.365507416840614, 36.248587621412625 ], [ 136.365838085427868, 36.248859924652685 ], [ 136.365931305942269, 36.249290715342966 ], [ 136.366870563352364, 36.250141944623941 ], [ 136.367040611229669, 36.250515406772671 ], [ 136.367105571670152, 36.25115242703216 ], [ 136.366835716788927, 36.251922256042761 ], [ 136.366967184554994, 36.252345608622804 ], [ 136.366878517595751, 36.25262665276847 ], [ 136.367329582999218, 36.253472675319401 ], [ 136.367564431133559, 36.254756619477334 ], [ 136.370968772043057, 36.255368137665222 ], [ 136.370729223876452, 36.255972271321163 ], [ 136.370776474328096, 36.256481851958313 ], [ 136.371591729985198, 36.255943275201446 ], [ 136.372177891934967, 36.254745363288983 ], [ 136.372009707796025, 36.254416300475064 ] ] ] } },
{ "type": "Feature", "properties": { "CITY_NAME": "加賀市", "S_NAME": "山中温泉塚谷町一丁目", "JINKO": 170, "medical_area": "17_南加賀医療圏", "町丁目名": "加賀市山中温泉塚谷町一丁目" }, "geometry": { "type": "Polygon", "coordinates": [ [ [ 136.369065462622927, 36.257828873321778 ], [ 136.36657950817974, 36.258912877661345 ], [ 136.367067886828124, 36.259444929548323 ], [ 136.366158011479627, 36.260405684757451 ], [ 136.368630329576433, 36.262076156550833 ], [ 136.369607635387013, 36.260279770283638 ], [ 136.36945673819298, 36.259994772840919 ], [ 136.369798690948954, 36.259453458857081 ], [ 136.369607967606612, 36.258724637076426 ], [ 136.369065462622927, 36.257828873321778 ] ] ] } },
{ "type": "Feature", "properties": { "CITY_NAME": "加賀市", "S_NAME": "山中温泉塚谷町二丁目", "JINKO": 140, "medical_area": "17_南加賀医療圏", "町丁目名": "加賀市山中温泉塚谷町二丁目" }, "geometry": { "type": "Polygon", "coordinates": [ [ [ 136.368403751588119, 36.257149646839892 ], [ 136.367882828352492, 36.257056346836549 ], [ 136.367370774576472, 36.256741245318345 ], [ 136.367114477949372, 36.256290516848125 ], [ 136.366991646934849, 36.255539542908899 ], [ 136.36731112094165, 36.255523158989639 ], [ 136.367441456081764, 36.255350401286805 ], [ 136.367581374904233, 36.254714751335221 ], [ 136.367329582999218, 36.253472675319401 ], [ 136.367146616052224, 36.253461841781458 ], [ 136.36711474395679, 36.254021591059974 ], [ 136.366915303379329, 36.254390046835098 ], [ 136.366286459243639, 36.254021333679219 ], [ 136.365895974450325, 36.254479916545648 ], [ 136.365942187425588, 36.255564770622499 ], [ 136.366361288236789, 36.256911488299977 ], [ 136.366427832022936, 36.258270949407304 ], [ 136.368229104742312, 36.25817372081773 ], [ 136.369024400608794, 36.257788907251822 ], [ 136.368403751588119, 36.257149646839892 ] ] ] } },
{ "type": "Feature", "properties": { "CITY_NAME": "加賀市", "S_NAME": "山中温泉塚谷町三丁目", "JINKO": 56, "medical_area": "17_南加賀医療圏", "町丁目名": "加賀市山中温泉塚谷町三丁目" }, "geometry": { "type": "Polygon", "coordinates": [ [ [ 136.369706399494788, 36.257277107952248 ], [ 136.3694738324958, 36.257133086795719 ], [ 136.369862845089557, 36.256502174101364 ], [ 136.370238354605959, 36.256524035749131 ], [ 136.370701414244053, 36.256185494113517 ], [ 136.370968772043057, 36.255368137665222 ], [ 136.370314672855983, 36.255249477369759 ], [ 136.370257832837211, 36.255479142085214 ], [ 136.366991646934878, 36.255539542908913 ], [ 136.367114477949372, 36.256290516848125 ], [ 136.367370774576472, 36.256741245318345 ], [ 136.367882828352492, 36.257056346836549 ], [ 136.368403751588119, 36.257149646839892 ], [ 136.369024400608822, 36.257788907251793 ], [ 136.369706399494788, 36.257277107952248 ] ] ] } },
{ "type": "Feature", "properties": { "CITY_NAME": "加賀市", "S_NAME": "山中温泉塚谷町", "JINKO": 325, "medical_area": "17_南加賀医療圏", "町丁目名": "加賀市山中温泉塚谷町" }, "geometry": { "type": "Polygon", "coordinates": [ [ [ 136.371595029156964, 36.25942497107782 ], [ 136.372352285948068, 36.259302122859467 ], [ 136.373124821240197, 36.258648935245908 ], [ 136.373187277260456, 36.258147158435008 ], [ 136.372917077904361, 36.257554564948251 ], [ 136.373114151213485, 36.256842685763601 ], [ 136.373719621802081, 36.255917765068673 ], [ 136.372092879704695, 36.255379463411607 ], [ 136.371863557013967, 36.255447380236234 ], [ 136.371591729985198, 36.255943275201446 ], [ 136.370776474328096, 36.256481851958313 ], [ 136.370701414244053, 36.256185494113517 ], [ 136.370238354605988, 36.256524035749152 ], [ 136.369862845089557, 36.256502174101364 ], [ 136.3694738324958, 36.257133086795719 ], [ 136.369706399494817, 36.257277107952248 ], [ 136.369024400608794, 36.257788907251822 ], [ 136.369607967606612, 36.258724637076426 ], [ 136.369798690948954, 36.259453458857081 ], [ 136.36945673819298, 36.259994772840919 ], [ 136.369607635387013, 36.260279770283638 ], [ 136.371595029156964, 36.25942497107782 ] ] ] } },
{ "type": "Feature", "properties": { "CITY_NAME": "加賀市", "S_NAME": "山中温泉上原町一丁目", "JINKO": 231, "medical_area": "17_南加賀医療圏", "町丁目名": "加賀市山中温泉上原町一丁目" }, "geometry": { "type": "Polygon", "coordinates": [ [ [ 136.363161787434734, 36.258679512369348 ], [ 136.363030747978769, 36.25463466843572 ], [ 136.36189183644953, 36.254711715981628 ], [ 136.361526316177816, 36.254784771683966 ], [ 136.361165866552284, 36.255159826275232 ], [ 136.360397653754575, 36.256748348375275 ], [ 136.359014649776952, 36.258416398243675 ], [ 136.361770882866779, 36.257883117185678 ], [ 136.36257522046742, 36.258205030216111 ], [ 136.363161787434734, 36.258679512369348 ] ] ] } },
{ "type": "Feature", "properties": { "CITY_NAME": "加賀市", "S_NAME": "山中温泉上原町二丁目", "JINKO": 199, "medical_area": "17_南加賀医療圏", "町丁目名": "加賀市山中温泉上原町二丁目" }, "geometry": { "type": "Polygon", "coordinates": [ [ [ 136.364179470954952, 36.260310835030999 ], [ 136.365780589293166, 36.259232999497272 ], [ 136.366697477778274, 36.258862092186632 ], [ 136.365197021376815, 36.259143546571693 ], [ 136.36471136927068, 36.258796926632108 ], [ 136.364595007524088, 36.255595844968433 ], [ 136.363081013214071, 36.255634216580816 ], [ 136.363161787434734, 36.258679512369348 ], [ 136.36357347962749, 36.259184451521769 ], [ 136.363621014751971, 36.259627871643751 ], [ 136.363760246355895, 36.259776505637731 ], [ 136.363986386879247, 36.25957124798078 ], [ 136.364179470954952, 36.260310835030999 ] ] ] } },
{ "type": "Feature", "properties": { "CITY_NAME": "加賀市", "S_NAME": "山中温泉上原町", "JINKO": 723, "medical_area": "17_南加賀医療圏", "町丁目名": "加賀市山中温泉上原町" }, "geometry": { "type": "Polygon", "coordinates": [ [ [ 136.365931817646583, 36.26434486453045 ], [ 136.367538868399265, 36.263893278137687 ], [ 136.368630329576433, 36.262076156550833 ], [ 136.36617437261279, 36.260472190320364 ], [ 136.367067886828124, 36.259444929548323 ], [ 136.36657950817974, 36.258912877661345 ], [ 136.365780589293166, 36.259232999497272 ], [ 136.364179470954952, 36.260310835030999 ], [ 136.363986386879247, 36.25957124798078 ], [ 136.363760246355895, 36.259776505637731 ], [ 136.36357347962749, 36.259184451521769 ], [ 136.363161787434734, 36.258679512369348 ], [ 136.362062361232063, 36.257918837421329 ], [ 136.358779456288403, 36.258427940310192 ], [ 136.35877760171789, 36.258211279190753 ], [ 136.35849374815092, 36.25822905873013 ], [ 136.358016841511869, 36.257703908557247 ], [ 136.357852874937208, 36.256903497617273 ], [ 136.357204491935647, 36.256889253148024 ], [ 136.356954596462145, 36.257736113918426 ], [ 136.35646668829196, 36.257890369093303 ], [ 136.357084926363541, 36.258071809380262 ], [ 136.357569712435662, 36.258725971357748 ], [ 136.357664833248549, 36.258598294755942 ], [ 136.358046570004603, 36.259340417875983 ], [ 136.358457785409172, 36.259643829279717 ], [ 136.358639373849513, 36.260034295593442 ], [ 136.358563977275594, 36.260272684417835 ], [ 136.359034994869489, 36.260543896579776 ], [ 136.359727791957113, 36.261348000059584 ], [ 136.359609477825529, 36.261676523997131 ], [ 136.359749657414568, 36.261952258763266 ], [ 136.359583154915555, 36.262384293539924 ], [ 136.360096473460061, 36.262906652439284 ], [ 136.360435629514427, 36.262983060303256 ], [ 136.360762272769279, 36.262601969136824 ], [ 136.362081664596786, 36.26202852074892 ], [ 136.3628179988049, 36.261507843089035 ], [ 136.363233370655735, 36.261637897553818 ], [ 136.362741285594495, 36.262825517438436 ], [ 136.362298304573045, 36.263216746655374 ], [ 136.362933262582061, 36.264088279413812 ], [ 136.362602955326054, 36.264318429701248 ], [ 136.36263174469002, 36.264512283140974 ], [ 136.362136887997053, 36.265128615317245 ], [ 136.36227839859373, 36.265487827047387 ], [ 136.361970121620971, 36.266578084924966 ], [ 136.362995184497805, 36.266928043026255 ], [ 136.365245701413357, 36.264715362226788 ], [ 136.365931817646583, 36.26434486453045 ] ] ] } },
{ "type": "Feature", "properties": { "CITY_NAME": "加賀市", "S_NAME": "山中温泉上原町", "JINKO": 0, "medical_area": "17_南加賀医療圏", "町丁目名": "加賀市山中温泉上原町" }, "geometry": { "type": "Polygon", "coordinates": [ [ [ 136.365895974450325, 36.254479916545648 ], [ 136.366286459243639, 36.254021333679219 ], [ 136.366915303379329, 36.254390046835098 ], [ 136.36711474395679, 36.254021591059974 ], [ 136.367106551813521, 36.253546101041934 ], [ 136.367329582999218, 36.253472675319401 ], [ 136.366901155171377, 36.252742557454326 ], [ 136.366967184554994, 36.252345608622804 ], [ 136.366767071189912, 36.252371131202686 ], [ 136.366625655203876, 36.252923109202769 ], [ 136.36495730817353, 36.252435674758949 ], [ 136.364558279726367, 36.253729654828554 ], [ 136.364414106483594, 36.253861196839921 ], [ 136.363728830391779, 36.253894444254342 ], [ 136.363789866921195, 36.254589880264575 ], [ 136.365895974450325, 36.254479916545648 ] ] ] } },
{ "type": "Feature", "properties": { "CITY_NAME": "加賀市", "S_NAME": "山中温泉長谷田町", "JINKO": 819, "medical_area": "17_南加賀医療圏", "町丁目名": "加賀市山中温泉長谷田町" }, "geometry": { "type": "Polygon", "coordinates": [ [ [ 136.363585205699792, 36.267343177087461 ], [ 136.362995184497805, 36.266928043026255 ], [ 136.361970121620971, 36.266578084924966 ], [ 136.36227839859373, 36.265487827047387 ], [ 136.362136887997053, 36.265128615317245 ], [ 136.36263174469002, 36.264512283140974 ], [ 136.362602955326054, 36.264318429701248 ], [ 136.362933262582061, 36.264088279413812 ], [ 136.362298304573045, 36.263216746655374 ], [ 136.362741285594495, 36.262825517438436 ], [ 136.363233370655735, 36.261637897553818 ], [ 136.3628179988049, 36.261507843089035 ], [ 136.360579568621858, 36.262766711620216 ], [ 136.359077948898573, 36.264883633175828 ], [ 136.358552992767642, 36.264647102107588 ], [ 136.359363140765538, 36.263589255474002 ], [ 136.358047379062782, 36.264356184224084 ], [ 136.358264170542554, 36.264647085385228 ], [ 136.357628170962499, 36.265078615483695 ], [ 136.357475894263018, 36.265006628701443 ], [ 136.35680713539989, 36.265646273179108 ], [ 136.356427143493789, 36.265491051870079 ], [ 136.355865313316713, 36.264658577809165 ], [ 136.355245514902805, 36.264547932088071 ], [ 136.355195490373802, 36.26499669672652 ], [ 136.354850563185693, 36.265427651290501 ], [ 136.354517738989273, 36.266318566838827 ], [ 136.356267433934676, 36.266618363534533 ], [ 136.356340496822611, 36.267549791636149 ], [ 136.356158549712234, 36.267883545795634 ], [ 136.355463730954227, 36.26845877374911 ], [ 136.35564820997547, 36.269024338372432 ], [ 136.35638638402196, 36.269226825337107 ], [ 136.356253458461794, 36.26965436287815 ], [ 136.357500827642184, 36.269888495061508 ], [ 136.358784000069278, 36.270640032819465 ], [ 136.360115938636682, 36.269180620707239 ], [ 136.362094207277011, 36.268347654316457 ], [ 136.363585205699792, 36.267343177087461 ] ] ] } },
{ "type": "Feature", "properties": { "CITY_NAME": "加賀市", "S_NAME": "山中温泉宮の杜", "JINKO": 323, "medical_area": "17_南加賀医療圏", "町丁目名": "加賀市山中温泉宮の杜" }, "geometry": { "type": "Polygon", "coordinates": [ [ [ 136.356723629097871, 36.26565021352615 ], [ 136.357475894263018, 36.265006628701443 ], [ 136.357628170962499, 36.265078615483695 ], [ 136.358264170542554, 36.264647085385228 ], [ 136.358047379062782, 36.264356184224084 ], [ 136.359363140765538, 36.263589255474002 ], [ 136.359769320131676, 36.263024285701647 ], [ 136.3601338446542, 36.263296972990311 ], [ 136.360435629514427, 36.262983060303256 ], [ 136.360096473460061, 36.262906652439284 ], [ 136.359612942881313, 36.262455081322528 ], [ 136.359727791957113, 36.261348000059584 ], [ 136.359034994869489, 36.260543896579776 ], [ 136.358563977275594, 36.260272684417835 ], [ 136.358639373849513, 36.260034295593442 ], [ 136.358457785409172, 36.259643829279717 ], [ 136.358046570004603, 36.259340417875983 ], [ 136.357664833248549, 36.258598294755942 ], [ 136.35768161250931, 36.259095689529133 ], [ 136.357990772903008, 36.25960032674795 ], [ 136.357893651648311, 36.260419390402923 ], [ 136.358052368305636, 36.261139341424737 ], [ 136.35791814965836, 36.261593347401863 ], [ 136.357243765017273, 36.262503223589476 ], [ 136.3563094594885, 36.263189633744858 ], [ 136.355875572490675, 36.263320907596636 ], [ 136.355455176617625, 36.26315625689211 ], [ 136.355175867638536, 36.263371696150422 ], [ 136.355339115268094, 36.263651818164313 ], [ 136.355122001937843, 36.264267463078475 ], [ 136.355245514902805, 36.264547932088071 ], [ 136.356050846872989, 36.264818520299961 ], [ 136.356427143493789, 36.265491051870079 ], [ 136.356723629097871, 36.26565021352615 ] ] ] } },
{ "type": "Feature", "properties": { "CITY_NAME": "加賀市", "S_NAME": "山中温泉旭町", "JINKO": 75, "medical_area": "17_南加賀医療圏", "町丁目名": "加賀市山中温泉旭町" }, "geometry": { "type": "Polygon", "coordinates": [ [ [ 136.359077948898573, 36.264883633175799 ], [ 136.3601338446542, 36.263296972990311 ], [ 136.359769320131676, 36.263024285701647 ], [ 136.358552992767642, 36.264647102107588 ], [ 136.359077948898573, 36.264883633175799 ] ] ] } },
{ "type": "Feature", "properties": { "CITY_NAME": "加賀市", "S_NAME": "山中温泉中田町", "JINKO": 383, "medical_area": "17_南加賀医療圏", "町丁目名": "加賀市山中温泉中田町" }, "geometry": { "type": "Polygon", "coordinates": [ [ [ 136.355708012776319, 36.274618568745552 ], [ 136.355568951460953, 36.273948224013722 ], [ 136.35582672253426, 36.272606470814615 ], [ 136.357459970891398, 36.270679851406712 ], [ 136.358123779538261, 36.270287657340937 ], [ 136.357500827642184, 36.269888495061508 ], [ 136.356253458461794, 36.26965436287815 ], [ 136.35638638402196, 36.269226825337107 ], [ 136.35564820997547, 36.269024338372432 ], [ 136.355463730954227, 36.26845877374911 ], [ 136.356158549712234, 36.267883545795634 ], [ 136.356340496822611, 36.267549791636149 ], [ 136.356267433934676, 36.266618363534533 ], [ 136.354517738989273, 36.266318566838827 ], [ 136.354426078667473, 36.266849725784049 ], [ 136.354957955188638, 36.26820756928992 ], [ 136.354226405130106, 36.268164331996324 ], [ 136.354289781436705, 36.26879473042046 ], [ 136.354602854713818, 36.269258794086227 ], [ 136.353800595728046, 36.270827819419125 ], [ 136.353741435977014, 36.272123306529195 ], [ 136.353236015445759, 36.272129707562371 ], [ 136.353736782578693, 36.272538780467521 ], [ 136.353913665585338, 36.273786779827958 ], [ 136.354252024134041, 36.274388388437401 ], [ 136.354715099731123, 36.274358037183731 ], [ 136.355708012776319, 36.274618568745552 ] ] ] } },
{ "type": "Feature", "properties": { "CITY_NAME": "加賀市", "S_NAME": "山中温泉二天町", "JINKO": 3, "medical_area": "17_南加賀医療圏", "町丁目名": "加賀市山中温泉二天町" }, "geometry": { "type": "Polygon", "coordinates": [ [ [ 136.357695817343711, 36.27514336827771 ], [ 136.357943651256988, 36.274146866666122 ], [ 136.356954354172956, 36.273982311717837 ], [ 136.356667788184836, 36.273802780450119 ], [ 136.356597912777602, 36.27349643091955 ], [ 136.357502988400086, 36.272182083736283 ], [ 136.358298845293746, 36.272595280705417 ], [ 136.359158130067925, 36.271578251255796 ], [ 136.359004849318183, 36.270884896448123 ], [ 136.358123779538261, 36.270287657340937 ], [ 136.357459970891398, 36.270679851406712 ], [ 136.356770821263211, 36.271630817074495 ], [ 136.35617628643746, 36.272065789253119 ], [ 136.35582672253426, 36.272606470814615 ], [ 136.355568951460953, 36.273948224013751 ], [ 136.355708012776375, 36.274618568745552 ], [ 136.355999501439243, 36.274801356318854 ], [ 136.357695817343711, 36.27514336827771 ] ] ] } },
{ "type": "Feature", "properties": { "CITY_NAME": "加賀市", "S_NAME": "山中温泉加美谷台一丁目", "JINKO": 232, "medical_area": "17_南加賀医療圏", "町丁目名": "加賀市山中温泉加美谷台一丁目" }, "geometry": { "type": "Polygon", "coordinates": [ [ [ 136.365197021376815, 36.259143546571693 ], [ 136.366697477778274, 36.258862092186632 ], [ 136.368229104742312, 36.25817372081773 ], [ 136.366427832022936, 36.258270949407304 ], [ 136.366327548827144, 36.25670786827262 ], [ 136.365942187425588, 36.255564770622499 ], [ 136.364595007524088, 36.255595844968433 ], [ 136.36471136927068, 36.258796926632108 ], [ 136.365197021376815, 36.259143546571693 ] ] ] } },
{ "type": "Feature", "properties": { "CITY_NAME": "加賀市", "S_NAME": "山中温泉加美谷台二丁目", "JINKO": 101, "medical_area": "17_南加賀医療圏", "町丁目名": "加賀市山中温泉加美谷台二丁目" }, "geometry": { "type": "Polygon", "coordinates": [ [ [ 136.365942187425588, 36.255564770622499 ], [ 136.365895974450325, 36.254479916545648 ], [ 136.363030747978769, 36.25463466843572 ], [ 136.363081013214071, 36.255634216580816 ], [ 136.365942187425588, 36.255564770622499 ] ] ] } },
{ "type": "Feature", "properties": { "CITY_NAME": "加賀市", "S_NAME": "山中温泉下谷町", "JINKO": 183, "medical_area": "17_南加賀医療圏", "町丁目名": "加賀市山中温泉下谷町" }, "geometry": { "type": "Polygon", "coordinates": [ [ [ 136.372580391436742, 36.239531231594718 ], [ 136.371646795501078, 36.238522550178267 ], [ 136.371187839784568, 36.237773115947228 ], [ 136.37118732047233, 36.23724202680922 ], [ 136.370770984010761, 36.236653145702682 ], [ 136.370852273522729, 36.236351080515149 ], [ 136.370079992240704, 36.236408147539393 ], [ 136.36831562607361, 36.236982765429559 ], [ 136.369031451089882, 36.238741827048351 ], [ 136.369613029555978, 36.239141003907143 ], [ 136.371050120183213, 36.239250446266901 ], [ 136.371865616861243, 36.2396398301209 ], [ 136.372085300835778, 36.239952590538927 ], [ 136.372125376761176, 36.240543422826981 ], [ 136.371567694134427, 36.241179165694554 ], [ 136.371687976175252, 36.242217142971569 ], [ 136.372030704100553, 36.242773811842419 ], [ 136.37408883694377, 36.241937273349684 ], [ 136.374212322935563, 36.240848280528716 ], [ 136.374055584563678, 36.240592834140493 ], [ 136.373560053223088, 36.240456651326987 ], [ 136.373065635011557, 36.239747089336241 ], [ 136.372580391436742, 36.239531231594718 ] ] ] } },
{ "type": "Feature", "properties": { "CITY_NAME": "加賀市", "S_NAME": "山中温泉菅谷町", "JINKO": 563, "medical_area": "17_南加賀医療圏", "町丁目名": "加賀市山中温泉菅谷町" }, "geometry": { "type": "Polygon", "coordinates": [ [ [ 136.369987057784243, 36.236453296593616 ], [ 136.370852273522729, 36.236351080515149 ], [ 136.371377945166785, 36.234755321913823 ], [ 136.371962942173781, 36.233752513924948 ], [ 136.371664781046206, 36.233552592366529 ], [ 136.370517723890032, 36.233776845072491 ], [ 136.369843610476067, 36.23417385834847 ], [ 136.369489886163848, 36.234635224925398 ], [ 136.369390685564355, 36.234091682595675 ], [ 136.370664357640209, 36.231831641883254 ], [ 136.370469014434263, 36.231666357975421 ], [ 136.3693639187195, 36.232262065472021 ], [ 136.369181237751206, 36.231005415739659 ], [ 136.368962731260325, 36.2305289367252 ], [ 136.368762697716534, 36.230295742491201 ], [ 136.366898106888243, 36.229358690696742 ], [ 136.366979105357188, 36.228940748629334 ], [ 136.365804872340846, 36.228418289561617 ], [ 136.364829958616724, 36.228538995763294 ], [ 136.363890606503986, 36.228249952582395 ], [ 136.363311307756788, 36.227561797671932 ], [ 136.363213603392808, 36.227224647348486 ], [ 136.362948509099823, 36.227211566580948 ], [ 136.362665714687324, 36.227560297705026 ], [ 136.361759980003114, 36.227401510793193 ], [ 136.360546535003834, 36.228924972988565 ], [ 136.360292520280723, 36.229651460634962 ], [ 136.360415039144243, 36.229974780413642 ], [ 136.361015187092505, 36.230045391390256 ], [ 136.361405890427477, 36.230514060856208 ], [ 136.3616633585344, 36.231703800956829 ], [ 136.362313685595524, 36.231891253386948 ], [ 136.363482356133062, 36.232883221826143 ], [ 136.365067275920296, 36.23384883931179 ], [ 136.366830520737437, 36.234206019297986 ], [ 136.36707816666032, 36.234602992571894 ], [ 136.367135620992684, 36.235258757308621 ], [ 136.367690382440259, 36.235761813074916 ], [ 136.368310370650704, 36.236671005757955 ], [ 136.36831562607361, 36.236982765429559 ], [ 136.369987057784243, 36.236453296593616 ] ] ] } },
{ "type": "Feature", "properties": { "CITY_NAME": "加賀市", "S_NAME": "山中温泉栢野町", "JINKO": 86, "medical_area": "17_南加賀医療圏", "町丁目名": "加賀市山中温泉栢野町" }, "geometry": { "type": "Polygon", "coordinates": [ [ [ 136.360472428439664, 36.231215437560941 ], [ 136.361543141892156, 36.231172365983603 ], [ 136.361525957426977, 36.230822788281536 ], [ 136.361015187092505, 36.230045391390256 ], [ 136.360321104882672, 36.22987219511532 ], [ 136.360335676640432, 36.229452014641844 ], [ 136.360723850430929, 36.2286598585154 ], [ 136.361759980003114, 36.227401510793193 ], [ 136.361630054057514, 36.226461881438993 ], [ 136.362067126965286, 36.225356406697365 ], [ 136.360892318504938, 36.223950671128598 ], [ 136.360304401209589, 36.224495815712899 ], [ 136.359512186898428, 36.224380653712998 ], [ 136.358405839032429, 36.224729468279712 ], [ 136.3578281496778, 36.224567227549898 ], [ 136.358183986812662, 36.224923079386585 ], [ 136.358188972256244, 36.225788361329023 ], [ 136.358503348900342, 36.226440820718096 ], [ 136.358037166490078, 36.227995681157438 ], [ 136.358286348867665, 36.228195288521569 ], [ 136.358534252911767, 36.228949784121376 ], [ 136.359858400633129, 36.230093387475613 ], [ 136.360042394998715, 36.230641712212055 ], [ 136.360472428439664, 36.231215437560941 ] ] ] } },
{ "type": "Feature", "properties": { "CITY_NAME": "加賀市", "S_NAME": "山中温泉我谷町", "JINKO": 23, "medical_area": "17_南加賀医療圏", "町丁目名": "加賀市山中温泉我谷町" }, "geometry": { "type": "Polygon", "coordinates": [ [ [ 136.360319345759819, 36.22447067338188 ], [ 136.360892318504938, 36.223950671128598 ], [ 136.359641616883408, 36.223329670500334 ], [ 136.358170136575865, 36.222202836094318 ], [ 136.357986042132893, 36.221777453003504 ], [ 136.357323943912093, 36.221688145963682 ], [ 136.356864971811206, 36.221190206876983 ], [ 136.356537371406006, 36.221148417280887 ], [ 136.35645150644126, 36.220678454168343 ], [ 136.355094522529498, 36.219623027697288 ], [ 136.354642078443703, 36.219512509824611 ], [ 136.353805046646158, 36.220140209518732 ], [ 136.354691819456747, 36.220768301452843 ], [ 136.355688483102966, 36.220905130467692 ], [ 136.355983720123419, 36.221370862507712 ], [ 136.356733518602567, 36.221760494450734 ], [ 136.358173402858313, 36.2232434156343 ], [ 136.358140877729426, 36.22368428763285 ], [ 136.35827178589733, 36.223849177169917 ], [ 136.359160474457127, 36.224307605500698 ], [ 136.3578281496778, 36.224567227549898 ], [ 136.358405839032486, 36.224729468279712 ], [ 136.359512186898428, 36.224380653712998 ], [ 136.360319345759819, 36.22447067338188 ] ] ] } },
{ "type": "Feature", "properties": { "CITY_NAME": "加賀市", "S_NAME": "山中温泉風谷町", "JINKO": 0, "medical_area": "17_南加賀医療圏", "町丁目名": "加賀市山中温泉風谷町" }, "geometry": { "type": "Polygon", "coordinates": [ [ [ 136.360243779535438, 36.230918846205206 ], [ 136.359858400633129, 36.230093387475634 ], [ 136.358534252911767, 36.228949784121376 ], [ 136.358286348867665, 36.228195288521569 ], [ 136.358037166490078, 36.227995681157438 ], [ 136.358503348900342, 36.226440820718096 ], [ 136.358188972256244, 36.225788361329023 ], [ 136.358183986812662, 36.224923079386585 ], [ 136.357821722908966, 36.224516293214521 ], [ 136.359160474457127, 36.224307605500698 ], [ 136.35827178589733, 36.223849177169917 ], [ 136.358140877729426, 36.22368428763285 ], [ 136.358173402858313, 36.2232434156343 ], [ 136.356733518602567, 36.221760494450734 ], [ 136.355983720123419, 36.221370862507712 ], [ 136.355688483102966, 36.220905130467692 ], [ 136.354691819456747, 36.220768301452843 ], [ 136.353805046646158, 36.220140209518732 ], [ 136.354774961058069, 36.219485141511385 ], [ 136.35645150644126, 36.220678454168343 ], [ 136.356537371406006, 36.221148417280887 ], [ 136.356864971811206, 36.221190206876983 ], [ 136.357323943912093, 36.221688145963682 ], [ 136.357986042132893, 36.221777453003504 ], [ 136.358808382206377, 36.220735692790868 ], [ 136.360499905566741, 36.21983766953602 ], [ 136.360810812492787, 36.219337719033568 ], [ 136.360179117103257, 36.218182797990345 ], [ 136.360511434413326, 36.217831380638145 ], [ 136.360963893388146, 36.217660654636489 ], [ 136.364174368726765, 36.21764519007364 ], [ 136.367609925118643, 36.217395428660943 ], [ 136.369075659230333, 36.216053675024781 ], [ 136.368298894403637, 36.213848991025856 ], [ 136.368731248438706, 36.211431948405 ], [ 136.366418755931988, 36.20939532644941 ], [ 136.363085631820297, 36.207289996676359 ], [ 136.36129313174834, 36.205786040639104 ], [ 136.362083805808339, 36.204486667832832 ], [ 136.362279853366857, 36.203147069328026 ], [ 136.36253864777774, 36.202730638983411 ], [ 136.361844631706646, 36.201978876002883 ], [ 136.362276075938695, 36.201491121407216 ], [ 136.362521299221328, 36.200377682995679 ], [ 136.362982969081401, 36.199633678444371 ], [ 136.362982840593133, 36.198964622115533 ], [ 136.36315047124333, 36.198720421182045 ], [ 136.363032087823854, 36.198189966547154 ], [ 136.363748682886353, 36.196722846254268 ], [ 136.365187428748015, 36.194917654377825 ], [ 136.365129348131234, 36.19420640071047 ], [ 136.36466836762736, 36.193539839876188 ], [ 136.364064948997481, 36.191670803850691 ], [ 136.364264789617835, 36.19095847591057 ], [ 136.364064228429754, 36.189382051373613 ], [ 136.364104036054414, 36.188510810546049 ], [ 136.364916419987168, 36.187124091736692 ], [ 136.366044114315116, 36.181499333688336 ], [ 136.366571121429502, 36.18022344826057 ], [ 136.367005871690964, 36.17849596539574 ], [ 136.366358532613418, 36.175579861453784 ], [ 136.365955366878609, 36.174802671774799 ], [ 136.366602711245861, 36.172983425360897 ], [ 136.368644798126752, 36.169792923173489 ], [ 136.368391741864713, 36.169357144389693 ], [ 136.367430385695229, 36.168765535825138 ], [ 136.367052484532962, 36.167471204504167 ], [ 136.365816763788047, 36.166006934171563 ], [ 136.36432726766634, 36.16598737604091 ], [ 136.363503847942297, 36.16613995824671 ], [ 136.362419291921299, 36.165911729981872 ], [ 136.361614429924799, 36.165938635552536 ], [ 136.359811997193646, 36.165442653954294 ], [ 136.358291833723769, 36.165256865778765 ], [ 136.357846896645725, 36.165365683517564 ], [ 136.356835735441649, 36.166274226267262 ], [ 136.356230585615577, 36.166982013266427 ], [ 136.355144590039885, 36.168778346925613 ], [ 136.354561639784407, 36.169206743677847 ], [ 136.351548988946377, 36.169476312928019 ], [ 136.348786407519981, 36.170655028041125 ], [ 136.347622523917238, 36.171620969489275 ], [ 136.344458118662629, 36.172891131697121 ], [ 136.342241724013235, 36.17467342501439 ], [ 136.341716913901251, 36.17586337875057 ], [ 136.341633820321306, 36.176795380156989 ], [ 136.340820777596747, 36.178319756531764 ], [ 136.340749010864783, 36.178966655215845 ], [ 136.340218008453235, 36.179568998805912 ], [ 136.339357962341694, 36.180117593664058 ], [ 136.339247893046064, 36.181307496532582 ], [ 136.33842092668371, 36.182382013017232 ], [ 136.337843586463435, 36.183561137493484 ], [ 136.33745687493095, 36.183983773769953 ], [ 136.336064474058873, 36.184511085075805 ], [ 136.335648400466596, 36.184924741011294 ], [ 136.335889941190288, 36.18637927403438 ], [ 136.335792489378463, 36.186815225935511 ], [ 136.33625615449057, 36.187316554677125 ], [ 136.336473718609511, 36.187969259787522 ], [ 136.336872434913118, 36.188320829326507 ], [ 136.336820334364205, 36.189300368859932 ], [ 136.336614269570845, 36.189616362647683 ], [ 136.337091657013758, 36.190878127727991 ], [ 136.336295825421587, 36.193102152979215 ], [ 136.336107386235852, 36.194677961580233 ], [ 136.335304671073658, 36.194906994681759 ], [ 136.334581113614917, 36.194829178967218 ], [ 136.333558725129052, 36.195039132934745 ], [ 136.332159247930548, 36.196370646634115 ], [ 136.332036966660439, 36.197244297853494 ], [ 136.332348004174378, 36.198133534021061 ], [ 136.332074906893808, 36.199654811436766 ], [ 136.331526159108904, 36.20074882844721 ], [ 136.329818918732997, 36.201596375165984 ], [ 136.329280053053878, 36.202189829621091 ], [ 136.32910858116125, 36.203028012321475 ], [ 136.328807035286417, 36.203574196442325 ], [ 136.328773267858139, 36.204999306274736 ], [ 136.328558947127391, 36.205936326119676 ], [ 136.328210034016593, 36.206572515014201 ], [ 136.328314641466392, 36.207795333677225 ], [ 136.327710331561008, 36.208858837882651 ], [ 136.327780107190392, 36.210308507064077 ], [ 136.328209452705948, 36.210548664684175 ], [ 136.328690305793515, 36.211785174942932 ], [ 136.329911997662265, 36.213385959233953 ], [ 136.329572227759343, 36.215175573212271 ], [ 136.330084797003479, 36.21604820410699 ], [ 136.331402591380765, 36.217297848844581 ], [ 136.331010085382218, 36.218499983242246 ], [ 136.330298926649334, 36.219236592120424 ], [ 136.329915764166884, 36.220129907367294 ], [ 136.328628344467347, 36.221422599568626 ], [ 136.329068339706708, 36.222143974849793 ], [ 136.32889646565792, 36.224464096930284 ], [ 136.329769794426937, 36.224995205667881 ], [ 136.329922453591166, 36.225877993000907 ], [ 136.330362358230701, 36.226880270792726 ], [ 136.332042833879939, 36.22850311638868 ], [ 136.332775759406218, 36.227833927797327 ], [ 136.334338211947909, 36.227340807250236 ], [ 136.335073125439465, 36.226810620937727 ], [ 136.335319729730259, 36.226214479122476 ], [ 136.335570722926946, 36.22600765846488 ], [ 136.337059511885656, 36.225993640556609 ], [ 136.338017682598178, 36.225444117233181 ], [ 136.338883752170318, 36.225484865568589 ], [ 136.339471924534223, 36.227477152294441 ], [ 136.340564353876971, 36.228033863168434 ], [ 136.341346840412882, 36.228671230077865 ], [ 136.341958114587186, 36.229923390156749 ], [ 136.343298381014961, 36.23028913768357 ], [ 136.344305469351013, 36.231799359028955 ], [ 136.345052035065521, 36.233775165626447 ], [ 136.346096095524047, 36.234032869450253 ], [ 136.347487483132738, 36.23407131119221 ], [ 136.347805679253952, 36.234352944438378 ], [ 136.348153569282488, 36.235212984338553 ], [ 136.348846294896163, 36.236085008576467 ], [ 136.349455548716804, 36.236402353497375 ], [ 136.352081369553417, 36.237002781718388 ], [ 136.35341798584605, 36.236468219903479 ], [ 136.354533724684956, 36.235624191613304 ], [ 136.355377508722711, 36.233913058286731 ], [ 136.357438947588264, 36.232983751590481 ], [ 136.360243779535438, 36.230918846205206 ] ] ] } },
{ "type": "Feature", "properties": { "CITY_NAME": "加賀市", "S_NAME": "山中温泉枯淵町", "JINKO": 0, "medical_area": "17_南加賀医療圏", "町丁目名": "加賀市山中温泉枯淵町" }, "geometry": { "type": "Polygon", "coordinates": [ [ [ 136.373754007690422, 36.244043208898454 ], [ 136.374918572892284, 36.243863960614199 ], [ 136.375435715551248, 36.244186515716905 ], [ 136.375664593111821, 36.244547032967148 ], [ 136.376571009957644, 36.24354801909395 ], [ 136.376517000771798, 36.242258011498031 ], [ 136.376927663359737, 36.241347148515075 ], [ 136.378268363717211, 36.241236960124475 ], [ 136.379349165941477, 36.240686426195929 ], [ 136.379623901294821, 36.240358712276745 ], [ 136.380203122909251, 36.238288252912184 ], [ 136.380545257012216, 36.23800743381971 ], [ 136.381510257808628, 36.237540611378442 ], [ 136.382451518387143, 36.237369347567913 ], [ 136.384422488057794, 36.237559680833883 ], [ 136.385335042204446, 36.238173993494811 ], [ 136.386754269438285, 36.238217060046708 ], [ 136.387281701888469, 36.237303969162248 ], [ 136.387348756073521, 36.236862352852654 ], [ 136.386706457944825, 36.23617335256845 ], [ 136.386445630305587, 36.235396275006686 ], [ 136.386289757093806, 36.233967653971852 ], [ 136.386352458677322, 36.232163642917811 ], [ 136.388996528736982, 36.229005404783706 ], [ 136.390564115043702, 36.228132897853605 ], [ 136.389849137027682, 36.226153752609207 ], [ 136.388363942689637, 36.223693299858127 ], [ 136.388064914032668, 36.222426285671958 ], [ 136.387375562038784, 36.221238974621038 ], [ 136.387375160147343, 36.219617687689528 ], [ 136.387600318690204, 36.219193284473491 ], [ 136.391117441809826, 36.21888081279274 ], [ 136.39510915268275, 36.219711033843282 ], [ 136.39699200809099, 36.219888399495474 ], [ 136.399894744964968, 36.21980636988269 ], [ 136.400032757804098, 36.216581591895029 ], [ 136.401437293823193, 36.216654961213003 ], [ 136.406487521100047, 36.215890351527449 ], [ 136.407068898678176, 36.216168371058338 ], [ 136.408494109454551, 36.217388146759532 ], [ 136.409919862391604, 36.217950528093908 ], [ 136.411191713953599, 36.218109921780695 ], [ 136.412483613758752, 36.218009291549976 ], [ 136.415181110421884, 36.217347265101857 ], [ 136.416142572713426, 36.215038392237609 ], [ 136.416395484503482, 36.213453544089603 ], [ 136.416977626760143, 36.211654775387892 ], [ 136.419469351510514, 36.207903877440373 ], [ 136.419562503225052, 36.206748839204103 ], [ 136.418560676689907, 36.204649330061621 ], [ 136.418943220555946, 36.203393479898359 ], [ 136.420165654132262, 36.201801099449817 ], [ 136.41954980091748, 36.201390897301025 ], [ 136.41752071737875, 36.200952462144159 ], [ 136.416723055205694, 36.201334451754619 ], [ 136.415937919198569, 36.20253206425938 ], [ 136.414731212273153, 36.203342880247931 ], [ 136.412714684507336, 36.20373132662192 ], [ 136.410512548647915, 36.203696727852794 ], [ 136.409739035505169, 36.203576455322747 ], [ 136.409207489503672, 36.203291879508704 ], [ 136.408483398387688, 36.20265993181458 ], [ 136.407929856600816, 36.201695073063675 ], [ 136.407130639476463, 36.201378890718402 ], [ 136.405898353190253, 36.201683609214783 ], [ 136.4048504020856, 36.203144955195533 ], [ 136.40482228754783, 36.204058577655836 ], [ 136.403699207754073, 36.204700096879385 ], [ 136.402815258648275, 36.204501098928183 ], [ 136.402421012541083, 36.203856106096936 ], [ 136.401647932258925, 36.203352168687672 ], [ 136.401370428212203, 36.202979249248045 ], [ 136.399223898216945, 36.202715968551594 ], [ 136.395597721408819, 36.203724979800512 ], [ 136.391219452712846, 36.20639760911218 ], [ 136.390284843045833, 36.207631266658893 ], [ 136.389812727041289, 36.207862117324993 ], [ 136.388146147999464, 36.207163634115041 ], [ 136.386358230534398, 36.20681639804652 ], [ 136.385189794871394, 36.206870011343732 ], [ 136.38470861639658, 36.206672979808964 ], [ 136.384251461933616, 36.206173351489049 ], [ 136.383900975647919, 36.205089331622375 ], [ 136.383550532484691, 36.204842116818675 ], [ 136.38134680451725, 36.204449610687234 ], [ 136.378437837952958, 36.205186445305166 ], [ 136.377928526436591, 36.206022984032323 ], [ 136.377218354521517, 36.207950074508844 ], [ 136.376745268638757, 36.208618897115485 ], [ 136.375876237114568, 36.209159090845731 ], [ 136.37402204170408, 36.209748783644066 ], [ 136.372657203379617, 36.209781757796463 ], [ 136.368355218504149, 36.208236994432355 ], [ 136.367057375807832, 36.208537210117392 ], [ 136.366418755931988, 36.20939532644941 ], [ 136.368731248438706, 36.211431948405 ], [ 136.368298894403637, 36.213848991025856 ], [ 136.369075659230333, 36.216053675024781 ], [ 136.367609925118643, 36.217395428660943 ], [ 136.364174368726765, 36.21764519007364 ], [ 136.360963893388146, 36.217660654636489 ], [ 136.360511434413326, 36.217831380638145 ], [ 136.360179117103257, 36.218182797990345 ], [ 136.360810812492787, 36.219337719033568 ], [ 136.360499905566741, 36.21983766953602 ], [ 136.358808382206377, 36.220735692790868 ], [ 136.357986042132893, 36.221777453003504 ], [ 136.358170136575865, 36.222202836094318 ], [ 136.359641616883408, 36.223329670500334 ], [ 136.360892318504938, 36.223950671128598 ], [ 136.36180259321327, 36.224950294566462 ], [ 136.36206579329226, 36.225486466241222 ], [ 136.361630054057542, 36.226461881439008 ], [ 136.361759980003114, 36.227401510793193 ], [ 136.362665714687296, 36.227560297705033 ], [ 136.362948509099823, 36.227211566580948 ], [ 136.363213603392722, 36.227224647348486 ], [ 136.363311307756817, 36.227561797671918 ], [ 136.363890606503986, 36.228249952582402 ], [ 136.364829958616724, 36.228538995763294 ], [ 136.365804872340846, 36.228418289561617 ], [ 136.366979105357188, 36.228940748629356 ], [ 136.366898106888243, 36.229358690696742 ], [ 136.368762697716591, 36.230295742491194 ], [ 136.368962731260325, 36.2305289367252 ], [ 136.369181237751206, 36.231005415739659 ], [ 136.3693639187195, 36.232262065472021 ], [ 136.370469014434263, 36.231666357975421 ], [ 136.370664357640209, 36.231831641883254 ], [ 136.369390685564355, 36.234091682595675 ], [ 136.369489886163848, 36.23463522492537 ], [ 136.369843610476067, 36.23417385834847 ], [ 136.370517723890032, 36.233776845072491 ], [ 136.371664781046235, 36.233552592366507 ], [ 136.371962942173781, 36.233752513924948 ], [ 136.371377945166785, 36.234755321913823 ], [ 136.370770984010761, 36.236653145702682 ], [ 136.37118732047233, 36.23724202680922 ], [ 136.371187839784596, 36.237773115947242 ], [ 136.371646795501078, 36.238522550178295 ], [ 136.372580391436742, 36.239531231594718 ], [ 136.373065635011557, 36.239747089336213 ], [ 136.373560053223088, 36.240456651326959 ], [ 136.374055584563706, 36.240592834140493 ], [ 136.374212322935563, 36.240848280528702 ], [ 136.37408883694377, 36.241937273349649 ], [ 136.372030704100553, 36.242773811842419 ], [ 136.373754007690422, 36.244043208898454 ] ] ] } },
{ "type": "Feature", "properties": { "CITY_NAME": "加賀市", "S_NAME": "山中温泉片谷町坂下町生水町九谷町", "JINKO": 0, "medical_area": "17_南加賀医療圏", "町丁目名": "加賀市山中温泉片谷町坂下町生水町九谷町" }, "geometry": { "type": "Polygon", "coordinates": [ [ [ 136.420165654132262, 36.201801099449817 ], [ 136.421373025208908, 36.20167270045134 ], [ 136.421926666330108, 36.201205702233366 ], [ 136.422366962529537, 36.199562329781045 ], [ 136.428571418467016, 36.199386006429009 ], [ 136.430117212527506, 36.198811474343394 ], [ 136.431351748823687, 36.199143580786199 ], [ 136.432740332867752, 36.199195397123361 ], [ 136.436111571633518, 36.198902310336074 ], [ 136.43761634914685, 36.19844850261515 ], [ 136.43913868352692, 36.197580451899967 ], [ 136.440070791647742, 36.197955013422195 ], [ 136.441953483632801, 36.199559242189032 ], [ 136.442878610364062, 36.199851355137945 ], [ 136.443296809084956, 36.19989375965168 ], [ 136.446189250014925, 36.199298115065105 ], [ 136.447148236497725, 36.199433503924915 ], [ 136.448522518274501, 36.199940227672357 ], [ 136.45079503040327, 36.201175073883761 ], [ 136.451449719278401, 36.202285611066735 ], [ 136.452163954197289, 36.200924037350987 ], [ 136.45349749236189, 36.199147419036677 ], [ 136.453881335011886, 36.198910429867958 ], [ 136.458589857867935, 36.198300292103021 ], [ 136.459863851867368, 36.197639850730468 ], [ 136.460840103698189, 36.195861053796641 ], [ 136.461355199123176, 36.195390543341745 ], [ 136.464613803067209, 36.193739777608734 ], [ 136.4655308596179, 36.193057248133769 ], [ 136.467646737865039, 36.192526262708952 ], [ 136.4683147974213, 36.19215131831514 ], [ 136.469622097339823, 36.190140238835625 ], [ 136.469926608785386, 36.188973176886975 ], [ 136.470960911530995, 36.188435729296366 ], [ 136.471882629573031, 36.187633308414007 ], [ 136.473935804003844, 36.184633766033528 ], [ 136.473851507600784, 36.182734887134224 ], [ 136.473501635930688, 36.180730259520431 ], [ 136.475222412615466, 36.177360225375786 ], [ 136.475671370313336, 36.175951997405747 ], [ 136.475371707217818, 36.171918875102676 ], [ 136.475453165890713, 36.170501095323857 ], [ 136.465526456466449, 36.171236452809282 ], [ 136.462854894147313, 36.171950356196625 ], [ 136.461182350138387, 36.17291368337208 ], [ 136.459019538068077, 36.174705797441597 ], [ 136.457916952335466, 36.175255765792031 ], [ 136.451118472523774, 36.177040048843267 ], [ 136.448266628422459, 36.177406746654391 ], [ 136.444684814027653, 36.178719855511503 ], [ 136.438698907390517, 36.180237014759584 ], [ 136.433966627009198, 36.174922226420684 ], [ 136.435465760607002, 36.173487660820562 ], [ 136.436089636553106, 36.172298009763708 ], [ 136.436023290644073, 36.170620896182953 ], [ 136.434669836782831, 36.168579828284415 ], [ 136.432900440340319, 36.166547450087656 ], [ 136.428023208638962, 36.162580942234484 ], [ 136.427910573089974, 36.161299948852971 ], [ 136.428281898541798, 36.160134232215249 ], [ 136.428232419274337, 36.159504994002901 ], [ 136.427854705411221, 36.159126408583646 ], [ 136.426875594291118, 36.158592495229918 ], [ 136.424801908782683, 36.155064305503302 ], [ 136.4243306667355, 36.154535412211978 ], [ 136.422872979117273, 36.154815814022555 ], [ 136.422035018928938, 36.1546785232266 ], [ 136.420247482918995, 36.154738468955259 ], [ 136.419222465762147, 36.155399084094825 ], [ 136.416505196687353, 36.155529333259217 ], [ 136.415192968235829, 36.156311668369618 ], [ 136.414233865737032, 36.156620520900447 ], [ 136.412942300794725, 36.159381938737219 ], [ 136.411332289433744, 36.160294359222853 ], [ 136.411411034155037, 36.160792564137964 ], [ 136.411966730962206, 36.161482702391432 ], [ 136.412296578152791, 36.163120202516296 ], [ 136.412235443192657, 36.163987330420767 ], [ 136.412768957380479, 36.165099135708324 ], [ 136.413203064434555, 36.166897119083835 ], [ 136.412566768048379, 36.168598009751634 ], [ 136.411995240903707, 36.169061178372608 ], [ 136.411727325788149, 36.169585320256104 ], [ 136.410647266017349, 36.169847477019907 ], [ 136.410126863744864, 36.170285922111702 ], [ 136.409350709861911, 36.171474519225796 ], [ 136.409328217286486, 36.172142949381602 ], [ 136.40766584205511, 36.171915414710931 ], [ 136.405098447910177, 36.170241040192309 ], [ 136.402636856066778, 36.170515985364268 ], [ 136.401000187494816, 36.17041952859509 ], [ 136.400339199032402, 36.170719603936298 ], [ 136.399224464317228, 36.170601917765197 ], [ 136.397531932732534, 36.170712470026146 ], [ 136.394940468794516, 36.169122359859649 ], [ 136.39080051371991, 36.167563135006858 ], [ 136.387423923019981, 36.167614922761281 ], [ 136.386690121153947, 36.167277180242102 ], [ 136.385427844323289, 36.167788906532572 ], [ 136.384026075087235, 36.168111356617317 ], [ 136.38337623339811, 36.168475562584554 ], [ 136.381933123005297, 36.168554812416964 ], [ 136.380871937863503, 36.168813967218348 ], [ 136.379831864539398, 36.16830630934367 ], [ 136.3792842632933, 36.168204453290791 ], [ 136.378607782429384, 36.168703539307018 ], [ 136.373583813504695, 36.170071868579349 ], [ 136.372205408907178, 36.169751419332329 ], [ 136.368790106223628, 36.169909189264828 ], [ 136.368644798126752, 36.169792923173489 ], [ 136.366602711245861, 36.172983425360897 ], [ 136.365955366878609, 36.174802671774799 ], [ 136.366358532613418, 36.175579861453784 ], [ 136.367005871690964, 36.17849596539574 ], [ 136.366571121429502, 36.18022344826057 ], [ 136.366044114315116, 36.181499333688336 ], [ 136.364916419987168, 36.187124091736692 ], [ 136.364104036054414, 36.188510810546049 ], [ 136.364264789617835, 36.19095847591057 ], [ 136.364064948997481, 36.191670803850691 ], [ 136.36466836762736, 36.193539839876188 ], [ 136.365129348131234, 36.19420640071047 ], [ 136.365187428748015, 36.194917654377825 ], [ 136.363748682886353, 36.196722846254268 ], [ 136.363032087823854, 36.198189966547154 ], [ 136.36315047124333, 36.198720421182045 ], [ 136.362982840593133, 36.198964622115533 ], [ 136.362982969081401, 36.199633678444371 ], [ 136.362521299221328, 36.200377682995679 ], [ 136.362276075938695, 36.201491121407216 ], [ 136.361844631706646, 36.201978876002883 ], [ 136.36253864777774, 36.202730638983411 ], [ 136.362279853366857, 36.203147069328026 ], [ 136.362083805808339, 36.204486667832832 ], [ 136.36129313174834, 36.205786040639104 ], [ 136.363085631820297, 36.207289996676359 ], [ 136.366418755931988, 36.20939532644941 ], [ 136.367057375807832, 36.208537210117392 ], [ 136.368355218504149, 36.208236994432355 ], [ 136.372657203379617, 36.209781757796463 ], [ 136.37402204170408, 36.209748783644066 ], [ 136.375876237114568, 36.209159090845731 ], [ 136.376745268638757, 36.208618897115485 ], [ 136.377218354521517, 36.207950074508844 ], [ 136.377928526436591, 36.206022984032323 ], [ 136.378437837952958, 36.205186445305166 ], [ 136.38134680451725, 36.204449610687234 ], [ 136.383550532484691, 36.204842116818675 ], [ 136.383900975647919, 36.205089331622375 ], [ 136.384251461933616, 36.206173351489049 ], [ 136.38470861639658, 36.206672979808964 ], [ 136.385189794871394, 36.206870011343732 ], [ 136.386358230534398, 36.20681639804652 ], [ 136.388146147999464, 36.207163634115041 ], [ 136.389812727041289, 36.207862117324993 ], [ 136.390284843045833, 36.207631266658893 ], [ 136.391219452712846, 36.20639760911218 ], [ 136.395597721408819, 36.203724979800512 ], [ 136.399223898216945, 36.202715968551594 ], [ 136.401370428212203, 36.202979249248045 ], [ 136.401647932258925, 36.203352168687672 ], [ 136.402421012541083, 36.203856106096936 ], [ 136.402815258648275, 36.204501098928183 ], [ 136.403699207754073, 36.204700096879385 ], [ 136.40482228754783, 36.204058577655836 ], [ 136.4048504020856, 36.203144955195533 ], [ 136.405898353190253, 36.201683609214783 ], [ 136.407130639476463, 36.201378890718402 ], [ 136.407929856600816, 36.201695073063675 ], [ 136.408483398387688, 36.20265993181458 ], [ 136.409207489503672, 36.203291879508704 ], [ 136.409739035505169, 36.203576455322747 ], [ 136.410512548647915, 36.203696727852794 ], [ 136.412714684507336, 36.20373132662192 ], [ 136.414731212273153, 36.203342880247931 ], [ 136.415937919198569, 36.20253206425938 ], [ 136.416723055205694, 36.201334451754619 ], [ 136.41752071737875, 36.200952462144159 ], [ 136.41954980091748, 36.201390897301025 ], [ 136.420165654132262, 36.201801099449817 ] ] ] } },
{ "type": "Feature", "properties": { "CITY_NAME": "加賀市", "S_NAME": "山中温泉真砂町", "JINKO": 0, "medical_area": "17_南加賀医療圏", "町丁目名": "加賀市山中温泉真砂町" }, "geometry": { "type": "Polygon", "coordinates": [ [ [ 136.493260560111793, 36.162111549915309 ], [ 136.49252974553616, 36.160963247411317 ], [ 136.492026055568203, 36.160477240359533 ], [ 136.489131660850347, 36.15969550206708 ], [ 136.488979027672258, 36.159262588291142 ], [ 136.488132611708778, 36.159213044221211 ], [ 136.487236120751504, 36.158889815424644 ], [ 136.486813061403609, 36.158591832837011 ], [ 136.486401250404242, 36.157695908358789 ], [ 136.485541820559803, 36.157305960073231 ], [ 136.483725519837748, 36.157269121418636 ], [ 136.48305268723567, 36.156703563864745 ], [ 136.482824311908473, 36.155773558445013 ], [ 136.481823982599309, 36.154978091875883 ], [ 136.481332848149606, 36.154291220656106 ], [ 136.478420347388436, 36.15222387571572 ], [ 136.477519191539045, 36.151804935888556 ], [ 136.477126063458343, 36.15141157544403 ], [ 136.476894506677866, 36.150634037987487 ], [ 136.475749444543169, 36.149369502815112 ], [ 136.475709880658655, 36.148567403240783 ], [ 136.474918317948692, 36.147970849822336 ], [ 136.474131188238886, 36.146650953700274 ], [ 136.473177000925062, 36.146769254687179 ], [ 136.471836932960315, 36.146518343164473 ], [ 136.470660426365669, 36.145869772946519 ], [ 136.470272400289758, 36.145538335380898 ], [ 136.468446850478188, 36.142926087641364 ], [ 136.467534648608023, 36.142294203287605 ], [ 136.466250155322683, 36.141873039208896 ], [ 136.465862723544461, 36.141058429485952 ], [ 136.465270372287023, 36.140677497349422 ], [ 136.465280781986195, 36.140135478524194 ], [ 136.464556060071857, 36.139359660857792 ], [ 136.464516646873165, 36.138143886124389 ], [ 136.464234737118716, 36.137604685543316 ], [ 136.463287425650066, 36.137582548339573 ], [ 136.461173221567634, 36.136490519306257 ], [ 136.460013667271056, 36.136889906285312 ], [ 136.457164096538833, 36.1366254125316 ], [ 136.456485629178303, 36.136301273834277 ], [ 136.455243159216423, 36.137219538793254 ], [ 136.453893796866282, 36.137806460004697 ], [ 136.451781573381709, 36.138142681176355 ], [ 136.450687744490523, 36.139499709991519 ], [ 136.44973320112959, 36.139857918910387 ], [ 136.449068448773659, 36.140491171486254 ], [ 136.448679903786001, 36.140639847986755 ], [ 136.447080990400394, 36.139993003072803 ], [ 136.445676349371951, 36.13989542303505 ], [ 136.442683102324111, 36.138429125494298 ], [ 136.442002853588463, 36.138304176773566 ], [ 136.441691433155825, 36.137749589532874 ], [ 136.441158432117646, 36.137402047179762 ], [ 136.440334318746295, 36.137338126892367 ], [ 136.440088675053431, 36.137738300777364 ], [ 136.43956578129621, 36.138123209912102 ], [ 136.439396053707696, 36.138981404017784 ], [ 136.438712107619295, 36.140085626436409 ], [ 136.438781153536553, 36.141295623588938 ], [ 136.438633068732059, 36.141815702547433 ], [ 136.438388758789728, 36.142067911238975 ], [ 136.437736631049432, 36.142334229372885 ], [ 136.431738312410289, 36.143477341373014 ], [ 136.43129028905372, 36.144305848581965 ], [ 136.429746358908943, 36.146238148893957 ], [ 136.427780651933887, 36.14727729928606 ], [ 136.42763903761599, 36.148361588107228 ], [ 136.426942142751216, 36.148988732821152 ], [ 136.426687546694296, 36.149427308882075 ], [ 136.426923906897798, 36.150932082727898 ], [ 136.425361841224742, 36.152996196014392 ], [ 136.424660592717146, 36.153425210782324 ], [ 136.4243306667355, 36.154535412211978 ], [ 136.424801908782683, 36.155064305503302 ], [ 136.426875594291118, 36.158592495229918 ], [ 136.427854705411221, 36.159126408583646 ], [ 136.428232419274337, 36.159504994002901 ], [ 136.428281898541798, 36.160134232215249 ], [ 136.427910573089974, 36.161299948852971 ], [ 136.428023208638962, 36.162580942234484 ], [ 136.432900440340319, 36.166547450087656 ], [ 136.434669836782831, 36.168579828284415 ], [ 136.436023290644073, 36.170620896182953 ], [ 136.436089636553106, 36.172298009763708 ], [ 136.435465760607002, 36.173487660820562 ], [ 136.433966627009198, 36.174922226420684 ], [ 136.438698907390517, 36.180237014759584 ], [ 136.444684814027653, 36.178719855511503 ], [ 136.448266628422459, 36.177406746654391 ], [ 136.451118472523774, 36.177040048843267 ], [ 136.457916952335466, 36.175255765792031 ], [ 136.459019538068077, 36.174705797441597 ], [ 136.461182350138387, 36.17291368337208 ], [ 136.462854894147313, 36.171950356196625 ], [ 136.465526456466449, 36.171236452809282 ], [ 136.472925406284759, 36.170598330927646 ], [ 136.476243648168889, 36.170475815245474 ], [ 136.477063823922975, 36.170205035259038 ], [ 136.47791831475385, 36.169167555705023 ], [ 136.478912984005234, 36.16890516825589 ], [ 136.480650596182898, 36.167738640943455 ], [ 136.481879783609202, 36.167249403350951 ], [ 136.48355435643478, 36.16712643692221 ], [ 136.485062800594903, 36.167333554298956 ], [ 136.487002847450611, 36.167195530462394 ], [ 136.488947894190119, 36.166478235331226 ], [ 136.490282548268453, 36.165542330555397 ], [ 136.491477040000404, 36.163402437099194 ], [ 136.492695516925551, 36.162283194629516 ], [ 136.493260560111793, 36.162111549915309 ] ] ] } },
{ "type": "Feature", "properties": { "CITY_NAME": "加賀市", "S_NAME": "山中温泉四十九院町", "JINKO": 82, "medical_area": "17_南加賀医療圏", "町丁目名": "加賀市山中温泉四十九院町" }, "geometry": { "type": "Polygon", "coordinates": [ [ [ 136.390308912678705, 36.268165871557137 ], [ 136.394554124426094, 36.266686384735905 ], [ 136.394266749566754, 36.264255540189332 ], [ 136.39268535932834, 36.262273816979125 ], [ 136.392482321467128, 36.261573281096489 ], [ 136.39328093605738, 36.259453911055722 ], [ 136.393299325076981, 36.255408561134878 ], [ 136.393119136473445, 36.253460789120076 ], [ 136.392141415603675, 36.252423436388561 ], [ 136.391593495564592, 36.252300096819155 ], [ 136.390897162217584, 36.252407668260346 ], [ 136.390187317442042, 36.252624141661116 ], [ 136.389296587171003, 36.253355184991577 ], [ 136.388717456040212, 36.254282390474536 ], [ 136.388455162827029, 36.255640243873614 ], [ 136.388003447337297, 36.256252979941564 ], [ 136.388065321585827, 36.25658760200745 ], [ 136.388824729863188, 36.256733282685254 ], [ 136.389529126808043, 36.257306640206536 ], [ 136.389914468473364, 36.257907245211506 ], [ 136.390071375659176, 36.258881611555864 ], [ 136.389848671858488, 36.26088552170954 ], [ 136.389930139170275, 36.261437220773182 ], [ 136.390208928264343, 36.261826022076249 ], [ 136.390948944447672, 36.262100553973788 ], [ 136.3907592799886, 36.263324816380234 ], [ 136.390203245196886, 36.263854782515828 ], [ 136.389314259664957, 36.264353272156214 ], [ 136.389147929557708, 36.265413490361325 ], [ 136.388503034971421, 36.266133433969557 ], [ 136.388475966971328, 36.268270714562007 ], [ 136.38811972688282, 36.270082175783585 ], [ 136.389307828185594, 36.270220543445561 ], [ 136.389445114255409, 36.269362952410674 ], [ 136.390308912678705, 36.268165871557137 ] ] ] } },
{ "type": "Feature", "properties": { "CITY_NAME": "加賀市", "S_NAME": "山中温泉中津原町", "JINKO": 32, "medical_area": "17_南加賀医療圏", "町丁目名": "加賀市山中温泉中津原町" }, "geometry": { "type": "Polygon", "coordinates": [ [ [ 136.401220506481224, 36.264113754842867 ], [ 136.400242983454547, 36.261814724698951 ], [ 136.398113905622779, 36.25996951541488 ], [ 136.396909299571234, 36.260736689841067 ], [ 136.396034596999868, 36.260789961855679 ], [ 136.394204822559317, 36.26030060217014 ], [ 136.393224331031888, 36.25971001168103 ], [ 136.392482321467128, 36.261573281096489 ], [ 136.392516137722481, 36.261855014227862 ], [ 136.39268535932834, 36.262273816979125 ], [ 136.394266749566754, 36.264255540189332 ], [ 136.394554124426094, 36.266686384735905 ], [ 136.396830893540908, 36.265935294738533 ], [ 136.399282911267079, 36.264775759796521 ], [ 136.400698539430238, 36.264411568458122 ], [ 136.401220506481224, 36.264113754842867 ] ] ] } },
{ "type": "Feature", "properties": { "CITY_NAME": "加賀市", "S_NAME": "山中温泉滝町", "JINKO": 131, "medical_area": "17_南加賀医療圏", "町丁目名": "加賀市山中温泉滝町" }, "geometry": { "type": "Polygon", "coordinates": [ [ [ 136.40694281768242, 36.253732714417858 ], [ 136.40613934411931, 36.253567452434474 ], [ 136.405331093067872, 36.253894036635003 ], [ 136.40438868895103, 36.254641530147303 ], [ 136.403561725454722, 36.255691338396034 ], [ 136.398113905622779, 36.25996951541488 ], [ 136.400242983454547, 36.261814724698951 ], [ 136.401220506481252, 36.264113754842846 ], [ 136.402939023924148, 36.261503563863791 ], [ 136.40410661621695, 36.258559416984134 ], [ 136.404313080791752, 36.257327915342678 ], [ 136.404701260361406, 36.256826453204994 ], [ 136.404922743763962, 36.256042728492652 ], [ 136.40535186737344, 36.255334555564637 ], [ 136.407183972049097, 36.254458637962671 ], [ 136.40694281768242, 36.253732714417858 ] ] ] } },
{ "type": "Feature", "properties": { "CITY_NAME": "加賀市", "S_NAME": "山中温泉菅生谷町", "JINKO": 20, "medical_area": "17_南加賀医療圏", "町丁目名": "加賀市山中温泉菅生谷町" }, "geometry": { "type": "Polygon", "coordinates": [ [ [ 136.413510804672569, 36.260097391056718 ], [ 136.411579626312772, 36.259899437148242 ], [ 136.41043925145874, 36.259503277066457 ], [ 136.409086537251312, 36.25865330943865 ], [ 136.407946495761593, 36.257453284121297 ], [ 136.407360615416763, 36.25613644278647 ], [ 136.407183972049097, 36.254458637962692 ], [ 136.405351867373497, 36.255334555564637 ], [ 136.404922743763962, 36.256042728492652 ], [ 136.404701260361406, 36.256826453204994 ], [ 136.404313080791752, 36.257327915342678 ], [ 136.40410661621695, 36.258559416984156 ], [ 136.402939023924148, 36.261503563863791 ], [ 136.401220506481224, 36.264113754842867 ], [ 136.401640167883471, 36.263741688780271 ], [ 136.402359209043283, 36.264487791537725 ], [ 136.403349622285049, 36.264564745172414 ], [ 136.406253207141901, 36.26311537913471 ], [ 136.407505118735116, 36.263874928857938 ], [ 136.408187768136344, 36.26386917815222 ], [ 136.409811358653769, 36.262618422004252 ], [ 136.413186713810262, 36.261035697137629 ], [ 136.413510804672569, 36.260097391056718 ] ] ] } },
{ "type": "Feature", "properties": { "CITY_NAME": "加賀市", "S_NAME": "山中温泉荒谷町", "JINKO": 23, "medical_area": "17_南加賀医療圏", "町丁目名": "加賀市山中温泉荒谷町" }, "geometry": { "type": "Polygon", "coordinates": [ [ [ 136.431031902756303, 36.25031754903943 ], [ 136.429951086151732, 36.249229878256159 ], [ 136.42914940235454, 36.249391222969798 ], [ 136.428241165185028, 36.248728903795005 ], [ 136.427517176762933, 36.248892335872604 ], [ 136.426240033608906, 36.250163474872593 ], [ 136.4246437182492, 36.250802383709612 ], [ 136.42216227996613, 36.250697710353549 ], [ 136.421466332716705, 36.249737777504379 ], [ 136.420863515593112, 36.249570976151503 ], [ 136.420445040128868, 36.249717981625459 ], [ 136.420506347631346, 36.250062388467484 ], [ 136.420363815544448, 36.250333227391479 ], [ 136.420036190593521, 36.250642707379292 ], [ 136.419723048210244, 36.250700262158901 ], [ 136.418730206025089, 36.25070396928664 ], [ 136.417732879330146, 36.249794333995915 ], [ 136.415604073386646, 36.250116491609027 ], [ 136.416270732201156, 36.250786961119033 ], [ 136.416422912363146, 36.251180665150137 ], [ 136.416124378811872, 36.251745308197641 ], [ 136.416208918802226, 36.25204020793808 ], [ 136.417334385053238, 36.252359638281796 ], [ 136.419024852591377, 36.253249926770117 ], [ 136.420591943771058, 36.253617060530317 ], [ 136.422876792353577, 36.254631702688677 ], [ 136.423598406938282, 36.254807845478084 ], [ 136.424004682167322, 36.254767490163225 ], [ 136.425318900402999, 36.25388947689045 ], [ 136.426290389989333, 36.253795425676515 ], [ 136.426611262228789, 36.253454377338045 ], [ 136.427261309590904, 36.251900431246014 ], [ 136.427634567359547, 36.251616875530779 ], [ 136.428799725648332, 36.251566899179494 ], [ 136.431031902756303, 36.25031754903943 ] ] ] } },
{ "type": "Feature", "properties": { "CITY_NAME": "加賀市", "S_NAME": "山中温泉今立町", "JINKO": 11, "medical_area": "17_南加賀医療圏", "町丁目名": "加賀市山中温泉今立町" }, "geometry": { "type": "Polygon", "coordinates": [ [ [ 136.431031902756303, 36.25031754903943 ], [ 136.432027676296542, 36.250316842339956 ], [ 136.434748801829187, 36.248933787679164 ], [ 136.437351593079967, 36.24818480923804 ], [ 136.439318188548214, 36.246914193402475 ], [ 136.439729506962323, 36.246112617550104 ], [ 136.439820825242634, 36.245319167262707 ], [ 136.439225648523887, 36.245274877294932 ], [ 136.43803067009199, 36.245895243508677 ], [ 136.43424858653222, 36.246421243828848 ], [ 136.432775329685455, 36.24751473606171 ], [ 136.429951086151732, 36.249229878256159 ], [ 136.431031902756303, 36.25031754903943 ] ] ] } },
{ "type": "Feature", "properties": { "CITY_NAME": "加賀市", "S_NAME": "山中温泉大土町", "JINKO": 1, "medical_area": "17_南加賀医療圏", "町丁目名": "加賀市山中温泉大土町" }, "geometry": { "type": "Polygon", "coordinates": [ [ [ 136.474053310661333, 36.242619825625994 ], [ 136.474200042852516, 36.242376274626785 ], [ 136.475987866880558, 36.241266275206272 ], [ 136.475775993309981, 36.240298630144359 ], [ 136.476555807474739, 36.238025537617993 ], [ 136.477897890039799, 36.236611308969735 ], [ 136.478416777960661, 36.236355749878932 ], [ 136.482890866027958, 36.235618012528931 ], [ 136.484903429039008, 36.235721792894623 ], [ 136.485255659917925, 36.233655503094198 ], [ 136.484816104110706, 36.231781672828028 ], [ 136.483707355450207, 36.229977902469045 ], [ 136.483592636329973, 36.229189327919315 ], [ 136.4837794471797, 36.228673313640179 ], [ 136.48457872676417, 36.227619080072451 ], [ 136.484898831162496, 36.225749596981927 ], [ 136.484947774828953, 36.223607733829148 ], [ 136.484491243631311, 36.221943134246075 ], [ 136.484931129766551, 36.220271307306206 ], [ 136.484757586645799, 36.219260800471524 ], [ 136.484949400259694, 36.216233656003581 ], [ 136.4857675731418, 36.214323519781701 ], [ 136.486817464182167, 36.21244887026144 ], [ 136.488099242729618, 36.210592618339298 ], [ 136.489604244996173, 36.209746311036696 ], [ 136.49013595040995, 36.208014025042608 ], [ 136.490863239833999, 36.206838479853637 ], [ 136.490999182867967, 36.205745082368466 ], [ 136.490775499099016, 36.204769325432295 ], [ 136.490994381660073, 36.202607882669653 ], [ 136.490164016206847, 36.201047460169235 ], [ 136.490084212019809, 36.200517033856713 ], [ 136.490236086730476, 36.200022092906025 ], [ 136.489988283147824, 36.199405225401321 ], [ 136.489529099868065, 36.198838461282911 ], [ 136.489427315104905, 36.198410498543751 ], [ 136.489515659963672, 36.197949385578553 ], [ 136.49002711950456, 36.197336807143778 ], [ 136.490232955033889, 36.196696842547247 ], [ 136.490183298507333, 36.195106609679314 ], [ 136.490339154567806, 36.194150099582743 ], [ 136.489986321563748, 36.193481366511392 ], [ 136.490031565287552, 36.193122599795252 ], [ 136.491288424319805, 36.191659373694563 ], [ 136.491462249340742, 36.191061980114533 ], [ 136.491459219405158, 36.190181496579946 ], [ 136.491193985151028, 36.189137144667633 ], [ 136.49124301903953, 36.188333894367545 ], [ 136.49203159127029, 36.187363799522572 ], [ 136.493996054705377, 36.186981540396701 ], [ 136.496114497782628, 36.185847846259989 ], [ 136.498136790751431, 36.185461243985458 ], [ 136.498291388057027, 36.185245362276206 ], [ 136.498287706445637, 36.183418509117899 ], [ 136.498847106011482, 36.180480130424023 ], [ 136.497653162871586, 36.17826738048101 ], [ 136.497248557421472, 36.176453794063697 ], [ 136.497440502915254, 36.174629278156715 ], [ 136.497404903035914, 36.172258637844415 ], [ 136.497163367488014, 36.171877355429288 ], [ 136.496991854435521, 36.170674177824367 ], [ 136.497233251216983, 36.168622623044818 ], [ 136.495807568396827, 36.166879386519042 ], [ 136.495934449005858, 36.165944383176935 ], [ 136.495771483368145, 36.165376361341025 ], [ 136.494256565164051, 36.164267761325128 ], [ 136.493662417188631, 36.163425135225665 ], [ 136.493326169408249, 36.162680355837168 ], [ 136.493260560111793, 36.162111549915309 ], [ 136.492695516925551, 36.162283194629516 ], [ 136.491988153611857, 36.162839866518631 ], [ 136.491477040000404, 36.163402437099194 ], [ 136.490282548268453, 36.165542330555397 ], [ 136.488947894190119, 36.166478235331226 ], [ 136.487002847450611, 36.167195530462394 ], [ 136.485062800594903, 36.167333554298956 ], [ 136.48355435643478, 36.16712643692221 ], [ 136.481879783609202, 36.167249403350951 ], [ 136.480650596182898, 36.167738640943455 ], [ 136.478912984005234, 36.16890516825589 ], [ 136.47791831475385, 36.169167555705023 ], [ 136.477063823922975, 36.170205035259038 ], [ 136.476243648168889, 36.170475815245474 ], [ 136.475453165890713, 36.170501095323857 ], [ 136.475371707217818, 36.171918875102676 ], [ 136.475671370313336, 36.175951997405747 ], [ 136.475222412615466, 36.177360225375786 ], [ 136.473501635930688, 36.180730259520431 ], [ 136.473851507600784, 36.182734887134224 ], [ 136.473935804003844, 36.184633766033528 ], [ 136.471882629573031, 36.187633308414007 ], [ 136.470960911530995, 36.188435729296366 ], [ 136.469926608785386, 36.188973176886975 ], [ 136.469622097339823, 36.190140238835625 ], [ 136.469200464339735, 36.190840519472331 ], [ 136.470569313257158, 36.192133346022715 ], [ 136.471393497721493, 36.193405383800425 ], [ 136.471507968623229, 36.195075904709888 ], [ 136.472701737379879, 36.199299852132484 ], [ 136.47322975255247, 36.201860099064348 ], [ 136.474348311010743, 36.203845424535807 ], [ 136.474993871963534, 36.20463675168152 ], [ 136.475125369459391, 36.205086121772197 ], [ 136.474234767845616, 36.206965211028084 ], [ 136.47204336325683, 36.209061028574958 ], [ 136.470534261041308, 36.211235609965875 ], [ 136.470648278718812, 36.212956061405393 ], [ 136.470960986261019, 36.214488242781712 ], [ 136.470376747410199, 36.215703243663917 ], [ 136.470308310438327, 36.216422794021277 ], [ 136.470620883792606, 36.218483948053354 ], [ 136.471066578369687, 36.219524594618044 ], [ 136.470827808907956, 36.221264452955268 ], [ 136.469885759583605, 36.22230490728743 ], [ 136.468970706487625, 36.223834331710705 ], [ 136.469123873719269, 36.22500055292933 ], [ 136.466710509290209, 36.229728897381818 ], [ 136.465463494941076, 36.230123530201382 ], [ 136.466667002983741, 36.232827614539197 ], [ 136.467376556345954, 36.235392611867056 ], [ 136.468899656159408, 36.237236413644709 ], [ 136.470467043979312, 36.238671879431571 ], [ 136.470282477136294, 36.241638363532566 ], [ 136.472406052489276, 36.241870489139068 ], [ 136.474053310661333, 36.242619825625994 ] ] ] } },
{ "type": "Feature", "properties": { "CITY_NAME": "加賀市", "S_NAME": "山中温泉杉水町・市谷町", "JINKO": 0, "medical_area": "17_南加賀医療圏", "町丁目名": "加賀市山中温泉杉水町・市谷町" }, "geometry": { "type": "Polygon", "coordinates": [ [ [ 136.463955494809312, 36.23041521211767 ], [ 136.466710509290209, 36.229728897381818 ], [ 136.469123873719269, 36.22500055292933 ], [ 136.468970706487625, 36.223834331710705 ], [ 136.469885759583605, 36.22230490728743 ], [ 136.470827808907956, 36.221264452955268 ], [ 136.471066578369687, 36.219524594618044 ], [ 136.470620883792606, 36.218483948053354 ], [ 136.470308310438327, 36.216422794021277 ], [ 136.470376747410199, 36.215703243663917 ], [ 136.470960986261019, 36.214488242781712 ], [ 136.470648278718812, 36.212956061405393 ], [ 136.470534261041308, 36.211235609965875 ], [ 136.47204336325683, 36.209061028574958 ], [ 136.474234767845616, 36.206965211028084 ], [ 136.475125369459391, 36.205086121772197 ], [ 136.474993871963534, 36.20463675168152 ], [ 136.474348311010743, 36.203845424535807 ], [ 136.47322975255247, 36.201860099064348 ], [ 136.472701737379879, 36.199299852132484 ], [ 136.471507968623229, 36.195075904709888 ], [ 136.471393497721493, 36.193405383800425 ], [ 136.470569313257158, 36.192133346022715 ], [ 136.469200464339735, 36.190840519472331 ], [ 136.4683147974213, 36.19215131831514 ], [ 136.467646737865039, 36.192526262708952 ], [ 136.4655308596179, 36.193057248133769 ], [ 136.464613803067209, 36.193739777608734 ], [ 136.461355199123176, 36.195390543341745 ], [ 136.460840103698189, 36.195861053796641 ], [ 136.459863851867368, 36.197639850730468 ], [ 136.458589857867935, 36.198300292103021 ], [ 136.453881335011886, 36.198910429867958 ], [ 136.45349749236189, 36.199147419036677 ], [ 136.452163954197289, 36.200924037350987 ], [ 136.451449719278401, 36.202285611066735 ], [ 136.45079503040327, 36.201175073883761 ], [ 136.448522518274501, 36.199940227672357 ], [ 136.447148236497725, 36.199433503924915 ], [ 136.446189250014925, 36.199298115065105 ], [ 136.443296809084956, 36.19989375965168 ], [ 136.442878610364062, 36.199851355137945 ], [ 136.441953483632801, 36.199559242189032 ], [ 136.440070791647742, 36.197955013422195 ], [ 136.43913868352692, 36.197580451899967 ], [ 136.43761634914685, 36.19844850261515 ], [ 136.436111571633518, 36.198902310336074 ], [ 136.432740332867752, 36.199195397123361 ], [ 136.431351748823687, 36.199143580786199 ], [ 136.430117212527506, 36.198811474343394 ], [ 136.428571418467016, 36.199386006429009 ], [ 136.422366962529537, 36.199562329781045 ], [ 136.421926666330108, 36.201205702233366 ], [ 136.421373025208908, 36.20167270045134 ], [ 136.420165654132262, 36.201801099449817 ], [ 136.418943220555946, 36.203393479898359 ], [ 136.418560676689907, 36.204649330061621 ], [ 136.419562503225052, 36.206748839204103 ], [ 136.419469351510514, 36.207903877440373 ], [ 136.416977626760143, 36.211654775387892 ], [ 136.416395484503482, 36.213453544089603 ], [ 136.416142572713426, 36.215038392237609 ], [ 136.415181110421884, 36.217347265101857 ], [ 136.415777420645583, 36.218086774156063 ], [ 136.416433324567436, 36.220361018109749 ], [ 136.417318913993427, 36.221222615710914 ], [ 136.419282138020804, 36.221797716545737 ], [ 136.420316579352402, 36.221132593961073 ], [ 136.421617694380132, 36.220677212503738 ], [ 136.422330894930866, 36.220624906415786 ], [ 136.42322308968221, 36.220786545094064 ], [ 136.424053686513219, 36.221297782414055 ], [ 136.426231193528906, 36.222068058968553 ], [ 136.428044430111413, 36.222452936364917 ], [ 136.42825922727414, 36.221971848180509 ], [ 136.429372872447004, 36.220952433805337 ], [ 136.431402374876029, 36.219437328517287 ], [ 136.432518249579829, 36.219430036343617 ], [ 136.433987951722628, 36.21968500751548 ], [ 136.436344387348271, 36.220697361258381 ], [ 136.438129731322675, 36.2228317848556 ], [ 136.439030174500743, 36.223381145407529 ], [ 136.440586417844344, 36.223764234744266 ], [ 136.442681468184674, 36.224637666145476 ], [ 136.447097571378038, 36.22788498942041 ], [ 136.449273025855433, 36.228290564975786 ], [ 136.449755246902868, 36.230506845314167 ], [ 136.452566149702847, 36.230424275301971 ], [ 136.461307921885748, 36.231544865594309 ], [ 136.463955494809312, 36.23041521211767 ] ] ] } },
{ "type": "Feature", "properties": { "CITY_NAME": "加賀市", "S_NAME": "河南地区", "JINKO": 0, "medical_area": "17_南加賀医療圏", "町丁目名": "加賀市河南地区" }, "geometry": { "type": "Polygon", "coordinates": [ [ [ 136.353800595728046, 36.270827819419125 ], [ 136.354602854713818, 36.269258794086205 ], [ 136.354289781436677, 36.26879473042046 ], [ 136.354226405130106, 36.268164331996367 ], [ 136.354957955188638, 36.26820756928992 ], [ 136.354426078667473, 36.266849725784049 ], [ 136.354850563185693, 36.265427651290501 ], [ 136.355279452916818, 36.264721526309103 ], [ 136.355122001937843, 36.264267463078475 ], [ 136.355339115268123, 36.263651818164313 ], [ 136.355175867638536, 36.263371696150422 ], [ 136.355455176617596, 36.26315625689211 ], [ 136.355811972617346, 36.263316885896586 ], [ 136.356270699300524, 36.263213327722532 ], [ 136.357096660483364, 36.262629722122128 ], [ 136.35791814965836, 36.261593347401835 ], [ 136.358052368305636, 36.261139341424737 ], [ 136.357893651648311, 36.260419390402951 ], [ 136.357920002511236, 36.259440459345278 ], [ 136.357198717447943, 36.258165221612494 ], [ 136.356466688291988, 36.257890369093303 ], [ 136.356954596462117, 36.257736113918433 ], [ 136.357204491935647, 36.256889253148024 ], [ 136.357852874937151, 36.25690349761728 ], [ 136.358140661742993, 36.257878725753727 ], [ 136.35849374815092, 36.25822905873013 ], [ 136.35877760171789, 36.258211279190753 ], [ 136.358779456288431, 36.258427940310192 ], [ 136.359014649776952, 36.258416398243675 ], [ 136.360397653754575, 36.256748348375275 ], [ 136.361165866552284, 36.255159826275232 ], [ 136.361526316177816, 36.254784771683966 ], [ 136.363789866921167, 36.254589880264604 ], [ 136.363728830391779, 36.253894444254342 ], [ 136.364414106483594, 36.253861196839885 ], [ 136.364558279726367, 36.253729654828554 ], [ 136.364861864706711, 36.252494688180768 ], [ 136.366625655203876, 36.252923109202769 ], [ 136.366767071189912, 36.2523711312027 ], [ 136.366967184554994, 36.252345608622804 ], [ 136.366835716788927, 36.251922256042739 ], [ 136.367105571670152, 36.25115242703216 ], [ 136.367040611229669, 36.250515406772671 ], [ 136.366870563352393, 36.250141944623941 ], [ 136.365931305942269, 36.249290715342966 ], [ 136.365838085427868, 36.248859924652685 ], [ 136.365507416840614, 36.248587621412625 ], [ 136.365120469008133, 36.246898620114742 ], [ 136.36561288206002, 36.245291218268392 ], [ 136.366154881821956, 36.244699869932653 ], [ 136.366640987069189, 36.243759678139739 ], [ 136.366564500625429, 36.24346972874006 ], [ 136.364392790939007, 36.242297324892725 ], [ 136.361908756786505, 36.239321747870306 ], [ 136.361356267234555, 36.238996400388231 ], [ 136.35781527878629, 36.238874156221954 ], [ 136.355969754311047, 36.239518434412993 ], [ 136.354231204357092, 36.23975075275105 ], [ 136.354383872041041, 36.240073774372128 ], [ 136.353907361402889, 36.241284760278837 ], [ 136.353879638552314, 36.243380537594973 ], [ 136.351806857252768, 36.244802315679109 ], [ 136.350885196388134, 36.244771939532043 ], [ 136.349828387979642, 36.247438885520872 ], [ 136.349837087979779, 36.247747303102187 ], [ 136.35061990770933, 36.24912104338641 ], [ 136.352112444602284, 36.249747945060399 ], [ 136.353004851961913, 36.250308119093425 ], [ 136.353152019032876, 36.252178603917507 ], [ 136.352562315292545, 36.252829890553912 ], [ 136.352469447384834, 36.25375436239721 ], [ 136.351685392981182, 36.254493440099857 ], [ 136.351387226588628, 36.255137057998368 ], [ 136.350876519879876, 36.255620208496964 ], [ 136.35084685714213, 36.256475263504953 ], [ 136.350264571389459, 36.256977195824973 ], [ 136.349131843386459, 36.257492244850617 ], [ 136.349182768299045, 36.257886477098111 ], [ 136.348776919292249, 36.259867630114535 ], [ 136.348205235171804, 36.26105864549254 ], [ 136.348623365261972, 36.261755332461227 ], [ 136.348535056306162, 36.262520848378784 ], [ 136.347272713275743, 36.264192547794785 ], [ 136.347087613680344, 36.264683949388107 ], [ 136.34757200190532, 36.265155857014726 ], [ 136.347703318838853, 36.26582770194144 ], [ 136.348236228362907, 36.266074666789599 ], [ 136.348391170593317, 36.266340746724111 ], [ 136.348316555818371, 36.267076219858637 ], [ 136.348473440812029, 36.267431433686937 ], [ 136.350242778262668, 36.269069204835354 ], [ 136.351320600700262, 36.269819590911766 ], [ 136.35183225608202, 36.271321224274715 ], [ 136.352341311293458, 36.271860494428665 ], [ 136.352742064105485, 36.272044774609547 ], [ 136.353741435977014, 36.272123306529224 ], [ 136.353800595728046, 36.270827819419125 ] ] ] } },
{ "type": "Feature", "properties": { "CITY_NAME": "加賀市", "S_NAME": "水無山", "JINKO": 0, "medical_area": "17_南加賀医療圏", "町丁目名": "加賀市水無山" }, "geometry": { "type": "Polygon", "coordinates": [ [ [ 136.37222429017811, 36.25204497968754 ], [ 136.37188904288999, 36.249691190248249 ], [ 136.371537996545413, 36.249625999385202 ], [ 136.37111707299303, 36.248548614070486 ], [ 136.371263728451453, 36.245813873948393 ], [ 136.370799396139034, 36.242739452021475 ], [ 136.36923908461938, 36.239537102954756 ], [ 136.368609611821739, 36.239564995609527 ], [ 136.367822667250351, 36.239164442312664 ], [ 136.367595684933832, 36.238750958370971 ], [ 136.366878004475268, 36.238105359635348 ], [ 136.366567723845947, 36.237304341714186 ], [ 136.366247378460429, 36.237174632416064 ], [ 136.366057819499815, 36.237378838006016 ], [ 136.365776722119193, 36.237363544709517 ], [ 136.365670629121382, 36.236960828383673 ], [ 136.365298996166473, 36.236636741616408 ], [ 136.365248193362447, 36.236207584218327 ], [ 136.364688462435424, 36.235953702227015 ], [ 136.365202143166357, 36.23562790514999 ], [ 136.364674512123742, 36.23473420632326 ], [ 136.363751382984276, 36.234042341170635 ], [ 136.362105989694015, 36.232389769121561 ], [ 136.361179710620263, 36.231856454696306 ], [ 136.360472428439664, 36.231215437560941 ], [ 136.360370247793952, 36.230950958469613 ], [ 136.357438947588264, 36.232983751590481 ], [ 136.355377508722711, 36.233913058286731 ], [ 136.354533724684956, 36.235624191613304 ], [ 136.35341798584605, 36.236468219903479 ], [ 136.352081369553417, 36.237002781718388 ], [ 136.354231204357092, 36.23975075275105 ], [ 136.355969754311047, 36.239518434412993 ], [ 136.35781527878629, 36.238874156221954 ], [ 136.361607037593444, 36.239062423222272 ], [ 136.364392790939007, 36.242297324892725 ], [ 136.366564500625429, 36.24346972874006 ], [ 136.366640987069189, 36.243759678139739 ], [ 136.366154881821956, 36.244699869932653 ], [ 136.36561288206002, 36.245291218268392 ], [ 136.365120469008133, 36.246898620114742 ], [ 136.365507416840614, 36.248587621412625 ], [ 136.36584645111779, 36.248508884752319 ], [ 136.366559625177047, 36.249570781713061 ], [ 136.36738947263413, 36.25017241615312 ], [ 136.367836858142397, 36.251139958697429 ], [ 136.36842479959509, 36.251639651043547 ], [ 136.37039180892836, 36.251668199468611 ], [ 136.371465042143626, 36.25222511222961 ], [ 136.37222429017811, 36.25204497968754 ] ] ] } },
{ "type": "Feature", "properties": { "CITY_NAME": "加賀市", "S_NAME": "東山", "JINKO": 0, "medical_area": "17_南加賀医療圏", "町丁目名": "加賀市東山" }, "geometry": { "type": "Polygon", "coordinates": [ [ [ 136.371159450069513, 36.26293947360373 ], [ 136.371512557095343, 36.261890634849919 ], [ 136.372504260317896, 36.261275684559791 ], [ 136.375209324019437, 36.258191847515263 ], [ 136.376065622406827, 36.256626091524844 ], [ 136.377700686396565, 36.255798411363109 ], [ 136.378437325349182, 36.254601243583046 ], [ 136.379010037176926, 36.254575691566835 ], [ 136.379682751841756, 36.255049205580612 ], [ 136.380138032561376, 36.255169469562254 ], [ 136.380843111604236, 36.254939571900152 ], [ 136.381489482365652, 36.254070141121083 ], [ 136.381567611241195, 36.253144221610683 ], [ 136.38137384362085, 36.251512864355341 ], [ 136.381701012240626, 36.251403605077023 ], [ 136.384325166520398, 36.251995427174258 ], [ 136.384840057620863, 36.251097693560816 ], [ 136.386565321150101, 36.249466174470498 ], [ 136.386521516741794, 36.247334726515859 ], [ 136.385852297199676, 36.243738270782146 ], [ 136.387339249237954, 36.241849839444924 ], [ 136.387290745737204, 36.240949661149145 ], [ 136.386579166762431, 36.240074748765672 ], [ 136.386417757392536, 36.239507595396837 ], [ 136.386754269438285, 36.238217060046708 ], [ 136.385147567233076, 36.238130520482692 ], [ 136.384422488057794, 36.237559680833883 ], [ 136.383776629881368, 36.237428718226944 ], [ 136.382451518387143, 36.237369347567913 ], [ 136.381510257808628, 36.237540611378442 ], [ 136.380203122909251, 36.238288252912184 ], [ 136.379623901294821, 36.240358712276745 ], [ 136.379349165941477, 36.240686426195929 ], [ 136.378268363717211, 36.241236960124475 ], [ 136.376927663359737, 36.241347148515075 ], [ 136.376517000771798, 36.242258011498031 ], [ 136.376571009957644, 36.24354801909395 ], [ 136.375664593111821, 36.244547032967148 ], [ 136.375641034100369, 36.244960693460811 ], [ 136.375912876784668, 36.245551922923369 ], [ 136.375970820619813, 36.246365586727961 ], [ 136.376380117196504, 36.246894619004784 ], [ 136.376339400280102, 36.247139638869641 ], [ 136.376617597688835, 36.247688045563287 ], [ 136.375966369026884, 36.248556557348067 ], [ 136.376040686328309, 36.24949657302998 ], [ 136.375851286262048, 36.249856961901131 ], [ 136.376647272078174, 36.249668698946842 ], [ 136.376991187154744, 36.250062852208274 ], [ 136.377227095740068, 36.250064409129791 ], [ 136.37733640425148, 36.250302127909066 ], [ 136.377109110235665, 36.250636287802308 ], [ 136.377344138520215, 36.251899450903622 ], [ 136.376996232444014, 36.253091263577446 ], [ 136.376559325424523, 36.253202193520757 ], [ 136.376330386830375, 36.253698385284252 ], [ 136.375177471212083, 36.254888716139405 ], [ 136.374765035921712, 36.254693083614875 ], [ 136.374008810138747, 36.25575869347022 ], [ 136.373668541484506, 36.255957065882889 ], [ 136.373026096433165, 36.257073588064017 ], [ 136.372910239572377, 36.257714875962414 ], [ 136.373190443964489, 36.258349745434991 ], [ 136.372850439115552, 36.258993135325888 ], [ 136.372352285948097, 36.259302122859467 ], [ 136.371143915934653, 36.259561435892969 ], [ 136.369906978841072, 36.260056069415924 ], [ 136.369231844089626, 36.260822479018131 ], [ 136.369115327674052, 36.261055002863365 ], [ 136.370427158072715, 36.262056541498168 ], [ 136.371159450069513, 36.26293947360373 ] ] ] } },
{ "type": "Feature", "properties": { "CITY_NAME": "加賀市", "S_NAME": "東谷", "JINKO": 0, "medical_area": "17_南加賀医療圏", "町丁目名": "加賀市東谷" }, "geometry": { "type": "Polygon", "coordinates": [ [ [ 136.398113905622779, 36.25996951541488 ], [ 136.403561725454722, 36.255691338396062 ], [ 136.40438868895103, 36.254641530147289 ], [ 136.405331093067872, 36.253894036635003 ], [ 136.40613934411931, 36.253567452434474 ], [ 136.40694281768242, 36.253732714417843 ], [ 136.407183972049097, 36.254458637962692 ], [ 136.407360615416763, 36.25613644278647 ], [ 136.40948424509034, 36.256578806574566 ], [ 136.41220995975246, 36.255418485788539 ], [ 136.412681042528817, 36.254841396474603 ], [ 136.413879018790738, 36.254031664745355 ], [ 136.414155662595419, 36.253603507358349 ], [ 136.416306531965176, 36.251569161488696 ], [ 136.416422912363146, 36.251180665150137 ], [ 136.416333109566324, 36.250908915533714 ], [ 136.415604073386646, 36.250116491609027 ], [ 136.417732879330146, 36.249794333995915 ], [ 136.418730206025089, 36.25070396928664 ], [ 136.419723048210244, 36.250700262158901 ], [ 136.420036190593521, 36.250642707379292 ], [ 136.420363815544448, 36.250333227391479 ], [ 136.420506347631346, 36.250062388467484 ], [ 136.420445040128868, 36.249717981625459 ], [ 136.420863515593112, 36.249570976151503 ], [ 136.421466332716705, 36.249737777504379 ], [ 136.42216227996613, 36.250697710353549 ], [ 136.4246437182492, 36.250802383709612 ], [ 136.426240033608906, 36.250163474872593 ], [ 136.427517176762933, 36.248892335872604 ], [ 136.428241165185028, 36.248728903795005 ], [ 136.42914940235454, 36.249391222969798 ], [ 136.429951086151732, 36.249229878256159 ], [ 136.432775329685455, 36.24751473606171 ], [ 136.43424858653222, 36.246421243828848 ], [ 136.43803067009199, 36.245895243508677 ], [ 136.439225648523887, 36.245274877294932 ], [ 136.439820825242634, 36.245319167262707 ], [ 136.439757989210733, 36.245988958302782 ], [ 136.440638662574543, 36.24649414924054 ], [ 136.441753458107144, 36.246469779240705 ], [ 136.442495034417249, 36.246903865186134 ], [ 136.442880321443369, 36.246800350063232 ], [ 136.443183044434903, 36.24647841974403 ], [ 136.443472838407132, 36.246729206608101 ], [ 136.443652805979099, 36.247215939221931 ], [ 136.444042690293884, 36.247448653272691 ], [ 136.445999696898497, 36.247321398722917 ], [ 136.447315040820911, 36.247823400741346 ], [ 136.447715306991682, 36.247797443042472 ], [ 136.448098281928139, 36.247471682426742 ], [ 136.448176627243896, 36.246556863546147 ], [ 136.449155311729044, 36.245333544636331 ], [ 136.44942546057743, 36.244768148593053 ], [ 136.449937103160607, 36.244584915880942 ], [ 136.450883857391943, 36.24466547982118 ], [ 136.451392266941752, 36.244287798639633 ], [ 136.451644353439661, 36.243230217608577 ], [ 136.451443344274423, 36.242791610868217 ], [ 136.451505090665449, 36.24260162203759 ], [ 136.45235443813678, 36.242116619662674 ], [ 136.452562329634986, 36.24152047384441 ], [ 136.452853852820738, 36.241348064757737 ], [ 136.454501278506257, 36.241066242212128 ], [ 136.455493391176191, 36.240547635548516 ], [ 136.455906640561977, 36.240181535854866 ], [ 136.456462114415046, 36.239291787607499 ], [ 136.457488415985722, 36.239131791986331 ], [ 136.458431399642024, 36.237397864038726 ], [ 136.458721259574673, 36.23741171942649 ], [ 136.459899923764851, 36.238095031607166 ], [ 136.460569404366822, 36.237588674519799 ], [ 136.46184494358161, 36.237788555663144 ], [ 136.46336247570261, 36.238599373862087 ], [ 136.463776374368962, 36.238437760065516 ], [ 136.464119973762479, 36.23803072212084 ], [ 136.465214017794096, 36.238122180968588 ], [ 136.466046869203467, 36.237790889533436 ], [ 136.468538549579165, 36.237508547311833 ], [ 136.468899656159408, 36.237236413644709 ], [ 136.467376556345954, 36.235392611867056 ], [ 136.466667002983741, 36.232827614539197 ], [ 136.465463494941076, 36.230123530201382 ], [ 136.463955494809312, 36.23041521211767 ], [ 136.461307921885748, 36.231544865594309 ], [ 136.452566149702847, 36.230424275301971 ], [ 136.449755246902868, 36.230506845314167 ], [ 136.449273025855433, 36.228290564975786 ], [ 136.447097571378038, 36.22788498942041 ], [ 136.442681468184674, 36.224637666145476 ], [ 136.440586417844344, 36.223764234744266 ], [ 136.439030174500743, 36.223381145407529 ], [ 136.438129731322675, 36.2228317848556 ], [ 136.436344387348271, 36.220697361258381 ], [ 136.433987951722628, 36.21968500751548 ], [ 136.432518249579829, 36.219430036343617 ], [ 136.431402374876029, 36.219437328517287 ], [ 136.429372872447004, 36.220952433805337 ], [ 136.42825922727414, 36.221971848180509 ], [ 136.428044430111413, 36.222452936364917 ], [ 136.426231193528906, 36.222068058968553 ], [ 136.424053686513219, 36.221297782414055 ], [ 136.42322308968221, 36.220786545094064 ], [ 136.422330894930866, 36.220624906415786 ], [ 136.421617694380132, 36.220677212503738 ], [ 136.420316579352402, 36.221132593961073 ], [ 136.41953969644689, 36.221742572317346 ], [ 136.41893740085365, 36.221800294504234 ], [ 136.417318913993427, 36.221222615710914 ], [ 136.416767866406161, 36.22081715539754 ], [ 136.416272864466265, 36.22003841649569 ], [ 136.416215641331121, 36.219304982946795 ], [ 136.415777420645583, 36.218086774156063 ], [ 136.415181110421884, 36.217347265101857 ], [ 136.412483613758752, 36.218009291549976 ], [ 136.411191713953599, 36.218109921780695 ], [ 136.409919862391604, 36.217950528093908 ], [ 136.408494109454551, 36.217388146759532 ], [ 136.407068898678176, 36.216168371058338 ], [ 136.406487521100047, 36.215890351527449 ], [ 136.401437293823193, 36.216654961213003 ], [ 136.400032757804098, 36.216581591895029 ], [ 136.399894744964968, 36.21980636988269 ], [ 136.39699200809099, 36.219888399495474 ], [ 136.39510915268275, 36.219711033843282 ], [ 136.391117441809826, 36.21888081279274 ], [ 136.387885525552122, 36.21907591281731 ], [ 136.387600318690204, 36.219193284473491 ], [ 136.387375160147343, 36.219617687689528 ], [ 136.387375562038784, 36.221238974621038 ], [ 136.388064914032668, 36.222426285671958 ], [ 136.388363942689637, 36.223693299858127 ], [ 136.389849137027682, 36.226153752609207 ], [ 136.390564115043702, 36.228132897853605 ], [ 136.388996528736982, 36.229005404783706 ], [ 136.386352458677322, 36.232163642917811 ], [ 136.386289757093806, 36.233967653971852 ], [ 136.386445630305587, 36.235396275006686 ], [ 136.386706457944825, 36.23617335256845 ], [ 136.387348756073521, 36.236862352852654 ], [ 136.387281701888469, 36.237303969162248 ], [ 136.386827411551252, 36.237967702875885 ], [ 136.386417757392536, 36.239507595396837 ], [ 136.386579166762431, 36.240074748765672 ], [ 136.387290745737204, 36.240949661149145 ], [ 136.387406868357658, 36.241351756892236 ], [ 136.387222589253042, 36.242034961846912 ], [ 136.385852297199676, 36.243738270782146 ], [ 136.386521516741794, 36.247334726515859 ], [ 136.386565321150101, 36.249466174470498 ], [ 136.384840057620863, 36.251097693560816 ], [ 136.384325166520398, 36.251995427174258 ], [ 136.384478068027363, 36.25228375070138 ], [ 136.384443868313866, 36.253532473404846 ], [ 136.384845537247344, 36.254303220568957 ], [ 136.385890846534608, 36.254474238211877 ], [ 136.386472375884267, 36.25501162395738 ], [ 136.388060297169602, 36.255274142943108 ], [ 136.388402870286711, 36.255513570125352 ], [ 136.388717456040212, 36.254282390474536 ], [ 136.389296587171003, 36.253355184991577 ], [ 136.390187317442042, 36.252624141661116 ], [ 136.391593495564592, 36.252300096819155 ], [ 136.392141415603675, 36.252423436388561 ], [ 136.393119136473445, 36.253460789120076 ], [ 136.393299325076981, 36.255408561134878 ], [ 136.393224331031888, 36.25971001168103 ], [ 136.394204822559317, 36.26030060217014 ], [ 136.396034596999868, 36.260789961855679 ], [ 136.396909299571234, 36.260736689841067 ], [ 136.398113905622779, 36.25996951541488 ] ] ] } },
{ "type": "Feature", "properties": { "CITY_NAME": "加賀市", "S_NAME": "鶴ヶ滝", "JINKO": 0, "medical_area": "17_南加賀医療圏", "町丁目名": "加賀市鶴ヶ滝" }, "geometry": { "type": "Polygon", "coordinates": [ [ [ 136.462805839686808, 36.262197303973934 ], [ 136.463403849251279, 36.261458381582415 ], [ 136.463521605858404, 36.26092122513451 ], [ 136.463453503380521, 36.260406248007136 ], [ 136.462910342913943, 36.259540665349533 ], [ 136.463022716365742, 36.258664083539045 ], [ 136.464245879735074, 36.257327038953591 ], [ 136.466009681738853, 36.256351898915682 ], [ 136.466552787875429, 36.255810109862963 ], [ 136.468546778141359, 36.256048820177767 ], [ 136.469714486342866, 36.254629624193285 ], [ 136.471885425383817, 36.254089087116483 ], [ 136.474137493278931, 36.253794387517239 ], [ 136.475909700411222, 36.252758222377054 ], [ 136.475166838327709, 36.249953167212681 ], [ 136.475334312814596, 36.247325729280604 ], [ 136.474250103050224, 36.245318923482372 ], [ 136.47410311495193, 36.244751757393765 ], [ 136.474253359838059, 36.24322604840836 ], [ 136.474053310661333, 36.242619825625994 ], [ 136.472406052489276, 36.241870489139068 ], [ 136.470282477136294, 36.241638363532566 ], [ 136.470467043979312, 36.238671879431571 ], [ 136.468899656159408, 36.237236413644709 ], [ 136.468538549579165, 36.237508547311833 ], [ 136.466046869203467, 36.237790889533436 ], [ 136.465214017794096, 36.238122180968588 ], [ 136.464119973762479, 36.23803072212084 ], [ 136.463776374368962, 36.238437760065516 ], [ 136.46336247570261, 36.238599373862087 ], [ 136.46184494358161, 36.237788555663144 ], [ 136.460569404366822, 36.237588674519799 ], [ 136.459899923764851, 36.238095031607166 ], [ 136.458721259574673, 36.23741171942649 ], [ 136.458431399642024, 36.237397864038726 ], [ 136.457488415985722, 36.239131791986331 ], [ 136.456462114415046, 36.239291787607499 ], [ 136.455906640561977, 36.240181535854866 ], [ 136.455493391176191, 36.240547635548516 ], [ 136.454501278506257, 36.241066242212128 ], [ 136.452853852820738, 36.241348064757737 ], [ 136.452562329634986, 36.24152047384441 ], [ 136.45235443813678, 36.242116619662674 ], [ 136.451505090665449, 36.24260162203759 ], [ 136.451443344274423, 36.242791610868217 ], [ 136.451644353439661, 36.243230217608577 ], [ 136.451392266941752, 36.244287798639633 ], [ 136.450883857391943, 36.24466547982118 ], [ 136.449937103160607, 36.244584915880942 ], [ 136.44942546057743, 36.244768148593053 ], [ 136.449155311729044, 36.245333544636331 ], [ 136.448176627243896, 36.246556863546147 ], [ 136.448098281928139, 36.247471682426742 ], [ 136.447715306991682, 36.247797443042472 ], [ 136.447315040820911, 36.247823400741346 ], [ 136.445999696898497, 36.247321398722917 ], [ 136.444042690293884, 36.247448653272691 ], [ 136.443652805979099, 36.247215939221931 ], [ 136.443336357591221, 36.246522927569636 ], [ 136.443183044434903, 36.24647841974403 ], [ 136.442880321443369, 36.246800350063232 ], [ 136.442495034417249, 36.246903865186134 ], [ 136.441753458107144, 36.246469779240705 ], [ 136.440638662574543, 36.24649414924054 ], [ 136.439757989210733, 36.245988958302782 ], [ 136.439318188548214, 36.246914193402475 ], [ 136.437351593079967, 36.24818480923804 ], [ 136.434748801829187, 36.248933787679164 ], [ 136.432027676296542, 36.250316842339956 ], [ 136.431031902756303, 36.25031754903943 ], [ 136.428799725648332, 36.251566899179494 ], [ 136.427634567359547, 36.251616875530779 ], [ 136.427261309590904, 36.251900431246014 ], [ 136.426611262228789, 36.253454377338045 ], [ 136.426290389989333, 36.253795425676515 ], [ 136.425318900402999, 36.25388947689045 ], [ 136.424004682167322, 36.254767490163225 ], [ 136.422876792353577, 36.254631702688677 ], [ 136.420591943771058, 36.253617060530317 ], [ 136.419024852591377, 36.253249926770117 ], [ 136.417334385053238, 36.252359638281796 ], [ 136.416208918802226, 36.25204020793808 ], [ 136.416124378811872, 36.251745308197641 ], [ 136.414155662595419, 36.253603507358349 ], [ 136.413879018790738, 36.254031664745355 ], [ 136.412681042528817, 36.254841396474603 ], [ 136.412022809580492, 36.255515929074498 ], [ 136.40948424509034, 36.256578806574566 ], [ 136.407360615416763, 36.25613644278647 ], [ 136.407946495761593, 36.257453284121297 ], [ 136.409086537251312, 36.25865330943865 ], [ 136.41043925145874, 36.259503277066457 ], [ 136.411579626312772, 36.259899437148242 ], [ 136.413510804672569, 36.260097391056718 ], [ 136.416843646638341, 36.25833988642529 ], [ 136.417059543182347, 36.257927622635663 ], [ 136.417896557860189, 36.258074115931144 ], [ 136.421046974331915, 36.257488529516579 ], [ 136.422073775684538, 36.257671489389388 ], [ 136.423042532534964, 36.25838370243423 ], [ 136.42402404018361, 36.258742905245477 ], [ 136.425060971893487, 36.258850220632731 ], [ 136.426352538322135, 36.260366439402979 ], [ 136.427480568755499, 36.262872819475703 ], [ 136.428865822277118, 36.26323194480765 ], [ 136.429798676381239, 36.263984248631225 ], [ 136.431031488418796, 36.264340525759764 ], [ 136.433370975301699, 36.264692373344815 ], [ 136.434552611689497, 36.264099676272785 ], [ 136.435911122081478, 36.264385469819302 ], [ 136.436690312228649, 36.264823037474535 ], [ 136.437826663683211, 36.264575949902017 ], [ 136.440011046518549, 36.264494790339214 ], [ 136.440781507742599, 36.263809052181763 ], [ 136.441175656912577, 36.263804931456832 ], [ 136.441791148209944, 36.263431498135638 ], [ 136.442406807684335, 36.263307030405066 ], [ 136.444300822326539, 36.263615299630686 ], [ 136.445475691008482, 36.265099499396406 ], [ 136.446242132753241, 36.265001833075473 ], [ 136.447817399335008, 36.265412749691841 ], [ 136.449675829999961, 36.265206890515699 ], [ 136.450598993088562, 36.264928767852183 ], [ 136.450980614453442, 36.264636560507917 ], [ 136.452689831115748, 36.264629725083907 ], [ 136.453228157919142, 36.264366327235443 ], [ 136.453678459779269, 36.263886984265888 ], [ 136.455329805657811, 36.264769428791197 ], [ 136.455814044338098, 36.265401590686999 ], [ 136.456310889736045, 36.265488239764323 ], [ 136.459180639959982, 36.26456129925085 ], [ 136.460447410353908, 36.264802832552675 ], [ 136.461581628634548, 36.263823759482293 ], [ 136.462538819442727, 36.263582950818027 ], [ 136.462805839686808, 36.262197303973934 ] ] ] } },
{ "type": "Feature", "properties": { "CITY_NAME": "加賀市", "S_NAME": "柴山潟", "JINKO": 0, "medical_area": "17_南加賀医療圏", "町丁目名": "加賀市柴山潟" }, "geometry": { "type": "Polygon", "coordinates": [ [ [ 136.361225707025142, 36.357468525929136 ], [ 136.362677030850648, 36.356619880030657 ], [ 136.363015661438112, 36.356846524361188 ], [ 136.363702306979292, 36.356495136668066 ], [ 136.364098755116203, 36.355751586789005 ], [ 136.364382806468257, 36.356301412702067 ], [ 136.364812389624291, 36.356673763991843 ], [ 136.365106764853948, 36.356538750838254 ], [ 136.36511442834589, 36.356334238510662 ], [ 136.365540793097864, 36.356374920294819 ], [ 136.365952328134512, 36.356767881627206 ], [ 136.36652924583322, 36.356795127623073 ], [ 136.366142460822601, 36.356373501911399 ], [ 136.366973782935702, 36.356684553701378 ], [ 136.367322328134549, 36.356486776000203 ], [ 136.367405643383563, 36.35617824965221 ], [ 136.367682102665242, 36.356280095714681 ], [ 136.367808803478397, 36.355976327326083 ], [ 136.367563096565533, 36.356034189404618 ], [ 136.367584848193502, 36.355873034794264 ], [ 136.367395057882021, 36.355910497034799 ], [ 136.367459127307256, 36.355747828671547 ], [ 136.367316158817545, 36.355666651563261 ], [ 136.367002553496405, 36.355724976768172 ], [ 136.366849773815602, 36.355411219621942 ], [ 136.366813802611233, 36.3556606391397 ], [ 136.366455808145275, 36.355906086901683 ], [ 136.365768041522983, 36.356053799284176 ], [ 136.365612606687336, 36.355778816806641 ], [ 136.365962350177881, 36.354918675545917 ], [ 136.366395047463698, 36.35530998159183 ], [ 136.366707763741658, 36.355347192417454 ], [ 136.366790238393747, 36.355018805909765 ], [ 136.367020307694048, 36.35507711686958 ], [ 136.366667455674246, 36.354717006632491 ], [ 136.366665999371634, 36.354203318052868 ], [ 136.367138649518466, 36.354287566310099 ], [ 136.367915927710953, 36.353887191916613 ], [ 136.368584382645111, 36.35388983142613 ], [ 136.368866840016693, 36.353726779357579 ], [ 136.36955928254298, 36.353998134211665 ], [ 136.369376117975634, 36.354479937203813 ], [ 136.369205356436595, 36.354401325116562 ], [ 136.368906003039342, 36.354582254067942 ], [ 136.36884253040509, 36.354908972449401 ], [ 136.369149940375166, 36.354586581432088 ], [ 136.369390284593436, 36.354618836022247 ], [ 136.369792538444074, 36.354393492011852 ], [ 136.369718058433847, 36.354159568899597 ], [ 136.369873542188913, 36.353985782167264 ], [ 136.369797407793783, 36.35424841800905 ], [ 136.369982626631469, 36.354326245432567 ], [ 136.37045982282919, 36.353963541977762 ], [ 136.371128270661671, 36.353752556487194 ], [ 136.371231592836779, 36.353554977685548 ], [ 136.371673602241884, 36.353811147316598 ], [ 136.372719808430105, 36.353583742757046 ], [ 136.373245849667171, 36.353682714887398 ], [ 136.373499455571505, 36.354047572074933 ], [ 136.373735930703731, 36.354023889327308 ], [ 136.373979079680936, 36.354441868310523 ], [ 136.373727860113206, 36.354047281719289 ], [ 136.373484149760827, 36.354132204680802 ], [ 136.37394496723914, 36.354561473119212 ], [ 136.375367768116348, 36.354615011891312 ], [ 136.376922241902946, 36.354921693724982 ], [ 136.378064162036992, 36.355597851703934 ], [ 136.378149421568054, 36.355541663957247 ], [ 136.377816871993588, 36.355260117827228 ], [ 136.379270873769627, 36.35448827665649 ], [ 136.386929920311246, 36.347503579769423 ], [ 136.387476999915293, 36.346708676676293 ], [ 136.387543512830149, 36.346277215239851 ], [ 136.386977036469261, 36.346764641994497 ], [ 136.386949895645927, 36.346570398921223 ], [ 136.386517214055175, 36.346582268284642 ], [ 136.38648498557481, 36.346164491963712 ], [ 136.385722503783455, 36.345934244212337 ], [ 136.383619327271646, 36.346003319105989 ], [ 136.381553777132183, 36.345660498741779 ], [ 136.381083692189435, 36.345853294037369 ], [ 136.380586765541437, 36.345510555502628 ], [ 136.380087204903617, 36.345422415427365 ], [ 136.379826922843222, 36.344820017212356 ], [ 136.379382865038281, 36.34483017168774 ], [ 136.379296390735078, 36.344601071291521 ], [ 136.379421046393787, 36.344242822589692 ], [ 136.378946825084341, 36.34405036131497 ], [ 136.378413873615813, 36.344072988652094 ], [ 136.377549575722782, 36.344547197945808 ], [ 136.377138985083633, 36.344241582981965 ], [ 136.376867365162354, 36.344439679671595 ], [ 136.374270287024473, 36.34402873891181 ], [ 136.373086504540282, 36.343655946163061 ], [ 136.371870485113647, 36.344276069280625 ], [ 136.371616640533318, 36.344256366304528 ], [ 136.371601000289502, 36.344039061432454 ], [ 136.371353743952966, 36.343927486830445 ], [ 136.371549722951784, 36.344152286460947 ], [ 136.371379199252686, 36.344163760671201 ], [ 136.371249126340217, 36.343919577798893 ], [ 136.371032542232172, 36.344070430904111 ], [ 136.371010318804707, 36.343738673534524 ], [ 136.37063228742565, 36.343993009839686 ], [ 136.368869116933638, 36.343642453525526 ], [ 136.368298209096594, 36.344128897206815 ], [ 136.369137751374438, 36.344827512017169 ], [ 136.368999425770795, 36.34495906224894 ], [ 136.369350494641225, 36.345157858713783 ], [ 136.369093827557464, 36.345535536006224 ], [ 136.369265426567239, 36.345641227470146 ], [ 136.36756366683602, 36.34701776375281 ], [ 136.367387314156758, 36.346831846717961 ], [ 136.367238122066624, 36.346927274850884 ], [ 136.367772264926259, 36.347319254503503 ], [ 136.367755904781802, 36.347498468613935 ], [ 136.366313112967163, 36.346313729570035 ], [ 136.365462795403403, 36.346773976042797 ], [ 136.365664109296517, 36.347029447067669 ], [ 136.363641572092831, 36.350017855768805 ], [ 136.363815399345896, 36.350127159845577 ], [ 136.363315712662882, 36.350399568047969 ], [ 136.363204263364622, 36.350734977279977 ], [ 136.363324114905993, 36.350888101771176 ], [ 136.362720400023278, 36.351305800235956 ], [ 136.363087174375039, 36.351935498774282 ], [ 136.363189618370313, 36.353252845036394 ], [ 136.363516448329648, 36.353865126872854 ], [ 136.362442709871317, 36.354593307060149 ], [ 136.362312872577434, 36.354870013582634 ], [ 136.362075006370532, 36.354817063128323 ], [ 136.362191032541233, 36.35502060706466 ], [ 136.36209996420456, 36.355421028823869 ], [ 136.360921042138955, 36.356851316233943 ], [ 136.361225707025142, 36.357468525929136 ] ] ] } },
{ "type": "Feature", "properties": { "CITY_NAME": "加賀市", "S_NAME": "丸山町一丁目", "JINKO": 209, "medical_area": "17_南加賀医療圏", "町丁目名": "加賀市丸山町一丁目" }, "geometry": { "type": "Polygon", "coordinates": [ [ [ 136.376225347794076, 36.295550262318258 ], [ 136.376113436215604, 36.294901204897741 ], [ 136.372869366663082, 36.295023811704525 ], [ 136.372677715797209, 36.29515672217115 ], [ 136.372700646415922, 36.295468703541573 ], [ 136.372534219587976, 36.295635738317706 ], [ 136.372627965687826, 36.296375191528512 ], [ 136.373092490469048, 36.296678119685041 ], [ 136.373552221508504, 36.296544293073602 ], [ 136.374852768641318, 36.295713276632448 ], [ 136.376225347794076, 36.295550262318258 ] ] ] } },
{ "type": "Feature", "properties": { "CITY_NAME": "加賀市", "S_NAME": "丸山町二丁目", "JINKO": 246, "medical_area": "17_南加賀医療圏", "町丁目名": "加賀市丸山町二丁目" }, "geometry": { "type": "Polygon", "coordinates": [ [ [ 136.376013272137897, 36.293547637827693 ], [ 136.376016932017961, 36.293044806737562 ], [ 136.37549522545541, 36.293102739632289 ], [ 136.375392122681859, 36.292974469672458 ], [ 136.375213377900536, 36.29313569371449 ], [ 136.374680864279043, 36.293015788087729 ], [ 136.374348001948789, 36.293128686105732 ], [ 136.373348612012194, 36.294018450812523 ], [ 136.373219436174395, 36.294956183423842 ], [ 136.376113436215604, 36.294901204897741 ], [ 136.376011862434495, 36.293755199750223 ], [ 136.376181279854507, 36.293660000231796 ], [ 136.376013272137897, 36.293547637827693 ] ] ] } },
{ "type": "Feature", "properties": { "CITY_NAME": "加賀市", "S_NAME": "丸山町三丁目", "JINKO": 237, "medical_area": "17_南加賀医療圏", "町丁目名": "加賀市丸山町三丁目" }, "geometry": { "type": "Polygon", "coordinates": [ [ [ 136.374532123604467, 36.293042949823977 ], [ 136.375213377900536, 36.29313569371449 ], [ 136.375392122681859, 36.292974469672458 ], [ 136.375392979829371, 36.292106208343078 ], [ 136.375785578478968, 36.291709844338875 ], [ 136.375577488086805, 36.291198237087862 ], [ 136.374866805748923, 36.290564390886118 ], [ 136.374241268430154, 36.29056791836193 ], [ 136.374065776233579, 36.290849928564882 ], [ 136.374064246124135, 36.291903807357016 ], [ 136.373525051857143, 36.293858592996294 ], [ 136.374532123604467, 36.293042949823977 ] ] ] } },
{ "type": "Feature", "properties": { "CITY_NAME": "能美市", "S_NAME": "寺井町", "JINKO": 4064, "medical_area": "17_南加賀医療圏", "町丁目名": "能美市寺井町" }, "geometry": { "type": "Polygon", "coordinates": [ [ [ 136.501788960533162, 36.447636960976048 ], [ 136.502106193049826, 36.447426892427835 ], [ 136.502321221083918, 36.447618447874063 ], [ 136.502520236701201, 36.447453793322872 ], [ 136.503453819880349, 36.447389935081631 ], [ 136.504368099759205, 36.447582348678182 ], [ 136.504710669739325, 36.444610671408157 ], [ 136.505791392473583, 36.444667381558915 ], [ 136.506633884042429, 36.444358885397492 ], [ 136.506742047326924, 36.444150732858688 ], [ 136.506523659452569, 36.443587274639661 ], [ 136.506507786169237, 36.442953345442987 ], [ 136.505568552483027, 36.442439894816381 ], [ 136.505450430321275, 36.44220224445835 ], [ 136.507101857395639, 36.440337301521247 ], [ 136.504493428276788, 36.440109348394543 ], [ 136.504793435449187, 36.439030524427181 ], [ 136.502693777154548, 36.438203827012089 ], [ 136.501831007704538, 36.437542327505035 ], [ 136.500842153884946, 36.437071515415319 ], [ 136.49883627243787, 36.436377612445597 ], [ 136.498134438451842, 36.435351589355768 ], [ 136.497530464585537, 36.43561998029567 ], [ 136.497049789209996, 36.435048798917606 ], [ 136.495430860016739, 36.435171681181671 ], [ 136.494934175266877, 36.4348071069806 ], [ 136.493557323361415, 36.435151431230921 ], [ 136.487290077183872, 36.435085660109273 ], [ 136.487508152121762, 36.438303619842785 ], [ 136.488156868631393, 36.440399439409205 ], [ 136.489402932379079, 36.441484347386037 ], [ 136.488399859259886, 36.442275895707276 ], [ 136.488199214553504, 36.44457071997526 ], [ 136.49144904107996, 36.444785152812294 ], [ 136.491494553258633, 36.444193438154485 ], [ 136.495018879170487, 36.444388751357863 ], [ 136.495857357640659, 36.44512625130961 ], [ 136.49573507729707, 36.445821913148748 ], [ 136.498095860314351, 36.445965816895701 ], [ 136.498143870264244, 36.445503973518413 ], [ 136.500170877909767, 36.445630331823686 ], [ 136.500134818330338, 36.446189193661141 ], [ 136.501788960533162, 36.447636960976048 ] ] ] } },
{ "type": "Feature", "properties": { "CITY_NAME": "能美市", "S_NAME": "小長野町", "JINKO": 558, "medical_area": "17_南加賀医療圏", "町丁目名": "能美市小長野町" }, "geometry": { "type": "Polygon", "coordinates": [ [ [ 136.483837934181082, 36.435162771903755 ], [ 136.487288007975877, 36.435048016460655 ], [ 136.493557323361415, 36.435151431230921 ], [ 136.494934175266877, 36.4348071069806 ], [ 136.495099988380105, 36.434808050852148 ], [ 136.49523927239764, 36.435138026937977 ], [ 136.495849754746075, 36.435214230630692 ], [ 136.495875189771056, 36.433027620863008 ], [ 136.495405177075668, 36.432977953425116 ], [ 136.493501449032038, 36.432170642493219 ], [ 136.491370458239317, 36.431824293005668 ], [ 136.490173381543798, 36.431970117002457 ], [ 136.489500426280728, 36.431194718994902 ], [ 136.488186917364885, 36.430887099080472 ], [ 136.48819022301177, 36.430497565302872 ], [ 136.482153337974808, 36.430549673237408 ], [ 136.483382500376194, 36.432288825111819 ], [ 136.483844163992586, 36.43370471567026 ], [ 136.483837934181082, 36.435162771903755 ] ] ] } },
{ "type": "Feature", "properties": { "CITY_NAME": "能美市", "S_NAME": "大長野町", "JINKO": 1556, "medical_area": "17_南加賀医療圏", "町丁目名": "能美市大長野町" }, "geometry": { "type": "Polygon", "coordinates": [ [ [ 136.495261229057178, 36.432511642358826 ], [ 136.494719820262304, 36.431240155616024 ], [ 136.493932054008098, 36.430962319440319 ], [ 136.493774362090193, 36.430398769601872 ], [ 136.494234236920875, 36.430242270362918 ], [ 136.493920935207228, 36.429490976072159 ], [ 136.493549580878749, 36.42936515698392 ], [ 136.492461744285293, 36.424504186979576 ], [ 136.490310539509238, 36.424692843597938 ], [ 136.485652879907889, 36.424681495459851 ], [ 136.483618572491935, 36.423990564213511 ], [ 136.482099885416829, 36.424214191031382 ], [ 136.48122054091391, 36.424589478808983 ], [ 136.478910482525407, 36.42484541500319 ], [ 136.482153337974808, 36.430549673237408 ], [ 136.48819022301177, 36.430497565302872 ], [ 136.488186917364885, 36.430887099080472 ], [ 136.489500426280728, 36.431194718994902 ], [ 136.490173381543798, 36.431970117002457 ], [ 136.491370458239317, 36.431824293005668 ], [ 136.493501449032038, 36.432170642493219 ], [ 136.495405177075668, 36.432977953425116 ], [ 136.495875189771056, 36.433027620863008 ], [ 136.495858580063867, 36.432805428740586 ], [ 136.495261229057178, 36.432511642358826 ] ] ] } },
{ "type": "Feature", "properties": { "CITY_NAME": "能美市", "S_NAME": "小杉町", "JINKO": 454, "medical_area": "17_南加賀医療圏", "町丁目名": "能美市小杉町" }, "geometry": { "type": "Polygon", "coordinates": [ [ [ 136.484321227701798, 36.416175793037993 ], [ 136.483553414166892, 36.415539917194863 ], [ 136.482475561741325, 36.41572053262567 ], [ 136.484080915906986, 36.424104029976881 ], [ 136.485652879907889, 36.424681495459851 ], [ 136.489710438673086, 36.424661247144648 ], [ 136.489450505694464, 36.424565484052287 ], [ 136.487448247191082, 36.41642253108018 ], [ 136.484321227701798, 36.416175793037993 ] ] ] } },
{ "type": "Feature", "properties": { "CITY_NAME": "能美市", "S_NAME": "末信町", "JINKO": 533, "medical_area": "17_南加賀医療圏", "町丁目名": "能美市末信町" }, "geometry": { "type": "Polygon", "coordinates": [ [ [ 136.506739129847176, 36.438559111508106 ], [ 136.506173778180198, 36.433801460447008 ], [ 136.504763679901316, 36.433739861657479 ], [ 136.504614744897737, 36.43350548705267 ], [ 136.504654922989516, 36.433056232958364 ], [ 136.504358103115948, 36.4329017899748 ], [ 136.503549430968974, 36.432653441125964 ], [ 136.501737094583746, 36.432644717192971 ], [ 136.501336305258974, 36.432319333107287 ], [ 136.500394486153425, 36.432130414474031 ], [ 136.499363171171581, 36.431560539685876 ], [ 136.498215290718775, 36.431235334337906 ], [ 136.493920935207228, 36.429490976072159 ], [ 136.494234236920875, 36.430242270362918 ], [ 136.493774362090193, 36.430398769601872 ], [ 136.493932054008098, 36.430962319440319 ], [ 136.494719820262304, 36.431240155616024 ], [ 136.495261229057178, 36.432511642358826 ], [ 136.495858580063867, 36.432805428740586 ], [ 136.495849754746075, 36.435214230630692 ], [ 136.497049789209996, 36.435048798917606 ], [ 136.497530464585537, 36.43561998029567 ], [ 136.498134438451842, 36.435351589355768 ], [ 136.49883627243787, 36.436377612445597 ], [ 136.500842153884946, 36.437071515415319 ], [ 136.501831007704538, 36.437542327505035 ], [ 136.502693777154548, 36.438203827012089 ], [ 136.504263182230289, 36.438845376858573 ], [ 136.506739129847176, 36.438559111508106 ] ] ] } },
{ "type": "Feature", "properties": { "CITY_NAME": "能美市", "S_NAME": "牛島町", "JINKO": 437, "medical_area": "17_南加賀医療圏", "町丁目名": "能美市牛島町" }, "geometry": { "type": "Polygon", "coordinates": [ [ [ 136.50517454678328, 36.433184780049785 ], [ 136.505114406898969, 36.432537296276294 ], [ 136.503380173307193, 36.432088286654242 ], [ 136.503433155651322, 36.430519598670365 ], [ 136.503090083679638, 36.429249926438445 ], [ 136.503165472618235, 36.428317279006869 ], [ 136.50275922020657, 36.428206542156005 ], [ 136.502796550480468, 36.427770473938679 ], [ 136.504161956612535, 36.427529159275252 ], [ 136.50414602955999, 36.42474334407968 ], [ 136.503646665719344, 36.424076964684311 ], [ 136.502549519655702, 36.423708789426428 ], [ 136.501466940173856, 36.422730468836242 ], [ 136.501419061428777, 36.422285368999553 ], [ 136.500508176189442, 36.422213506469468 ], [ 136.498680241920624, 36.421410158094822 ], [ 136.49668074169324, 36.421254994978142 ], [ 136.494563158608571, 36.42018417070269 ], [ 136.493962971508893, 36.420444959875745 ], [ 136.493058981110721, 36.42449910666862 ], [ 136.492461744285293, 36.424504186979576 ], [ 136.493549580878749, 36.42936515698392 ], [ 136.498215290718775, 36.431235334337906 ], [ 136.499363171171581, 36.431560539685876 ], [ 136.500394486153425, 36.432130414474031 ], [ 136.501336305258974, 36.432319333107287 ], [ 136.501737094583746, 36.432644717192971 ], [ 136.503549430968974, 36.432653441125964 ], [ 136.504358103115948, 36.4329017899748 ], [ 136.504654922989516, 36.433056232958364 ], [ 136.504614744897737, 36.43350548705267 ], [ 136.504763679901316, 36.433739861657479 ], [ 136.505752222954015, 36.433780660519808 ], [ 136.505564347759531, 36.433209665119506 ], [ 136.50517454678328, 36.433184780049785 ] ] ] } },
{ "type": "Feature", "properties": { "CITY_NAME": "能美市", "S_NAME": "佐野町", "JINKO": 1536, "medical_area": "17_南加賀医療圏", "町丁目名": "能美市佐野町" }, "geometry": { "type": "Polygon", "coordinates": [ [ [ 136.508447728609724, 36.433832402911364 ], [ 136.512765191466229, 36.433390646004263 ], [ 136.513095888025845, 36.433596438024509 ], [ 136.514461364821329, 36.433563817996145 ], [ 136.515848862085676, 36.433853978431614 ], [ 136.516297986135243, 36.433450293935934 ], [ 136.516159491591679, 36.433287070990978 ], [ 136.516587078059729, 36.432847957159083 ], [ 136.516829839652047, 36.432836156014304 ], [ 136.517228985539361, 36.432331967476621 ], [ 136.518111820696276, 36.432509363753532 ], [ 136.517625425510715, 36.431053983519583 ], [ 136.517573731218903, 36.430183215640803 ], [ 136.517870493316565, 36.42976714280281 ], [ 136.515840314504629, 36.428747969981515 ], [ 136.513960708990737, 36.428282818963133 ], [ 136.513850550052126, 36.427799957963543 ], [ 136.514072942801533, 36.427114037077963 ], [ 136.51506370496864, 36.426435926187416 ], [ 136.514404817231139, 36.426049433113455 ], [ 136.513548924784573, 36.425948410970328 ], [ 136.513261635073349, 36.425561526811734 ], [ 136.510872189943768, 36.425337628842549 ], [ 136.509393086104609, 36.425380636979739 ], [ 136.508174705525278, 36.422577364535442 ], [ 136.507094892772926, 36.422364750724711 ], [ 136.505159086570416, 36.422446161283673 ], [ 136.501419061428777, 36.422285368999553 ], [ 136.501466940173856, 36.422730468836242 ], [ 136.502549519655702, 36.423708789426428 ], [ 136.503646665719344, 36.424076964684311 ], [ 136.50414602955999, 36.42474334407968 ], [ 136.504161956612535, 36.427529159275252 ], [ 136.502796550480468, 36.427770473938679 ], [ 136.50275922020657, 36.428206542156005 ], [ 136.503165472618235, 36.428317279006869 ], [ 136.503090083679638, 36.429249926438445 ], [ 136.503433155651322, 36.430519598670365 ], [ 136.503380173307193, 36.432088286654242 ], [ 136.505114406898969, 36.432537296276294 ], [ 136.50517454678328, 36.433184780049785 ], [ 136.507106574580604, 36.433349016938053 ], [ 136.508447728609724, 36.433832402911364 ] ] ] } },
{ "type": "Feature", "properties": { "CITY_NAME": "能美市", "S_NAME": "泉台町", "JINKO": 1679, "medical_area": "17_南加賀医療圏", "町丁目名": "能美市泉台町" }, "geometry": { "type": "Polygon", "coordinates": [ [ [ 136.525587618945139, 36.435548499395594 ], [ 136.526072022256869, 36.435610357121568 ], [ 136.526390468465905, 36.43583339866877 ], [ 136.526643391829396, 36.434913261496369 ], [ 136.527154230372076, 36.434853133985925 ], [ 136.527926331287887, 36.434414063350836 ], [ 136.528588355781778, 36.434620180216598 ], [ 136.527848849660046, 36.432902025246094 ], [ 136.526957702867975, 36.43188142717802 ], [ 136.526927045614997, 36.431698060378267 ], [ 136.527248549558152, 36.43136235873051 ], [ 136.527233434877047, 36.431009182279588 ], [ 136.526565683080008, 36.430681503393231 ], [ 136.525966254235783, 36.430779841501597 ], [ 136.525274632890188, 36.430313885525884 ], [ 136.525000653029053, 36.430010288465546 ], [ 136.524654020010701, 36.429007817531868 ], [ 136.524316317769632, 36.428927278800991 ], [ 136.523658080148778, 36.429255062415855 ], [ 136.523312393639799, 36.429213271901332 ], [ 136.521927075122363, 36.427874006924156 ], [ 136.520117055138627, 36.426801395869461 ], [ 136.518846003996231, 36.42760707916289 ], [ 136.517943323718271, 36.426159216791426 ], [ 136.516839005515152, 36.426045738038603 ], [ 136.515612623539681, 36.426520961995273 ], [ 136.51506370496864, 36.426435926187416 ], [ 136.514072942801533, 36.427114037077963 ], [ 136.513850550052126, 36.427799957963543 ], [ 136.513960708990737, 36.428282818963133 ], [ 136.515840314504629, 36.428747969981515 ], [ 136.517870493316565, 36.42976714280281 ], [ 136.517573731218903, 36.430183215640803 ], [ 136.517625425510715, 36.431053983519583 ], [ 136.518111820696276, 36.432509363753532 ], [ 136.517228985539361, 36.432331967476621 ], [ 136.516855298397047, 36.432855162998749 ], [ 136.518132898221438, 36.433289984661208 ], [ 136.520327707863373, 36.433272103305569 ], [ 136.520058225869889, 36.433539136031357 ], [ 136.522556179263461, 36.433924466038768 ], [ 136.522452646800787, 36.434303403639781 ], [ 136.524380628341902, 36.434589510134742 ], [ 136.524342253072092, 36.435487953474762 ], [ 136.525429216239985, 36.435856628857046 ], [ 136.525587618945139, 36.435548499395594 ] ] ] } },
{ "type": "Feature", "properties": { "CITY_NAME": "能美市", "S_NAME": "湯谷町", "JINKO": 1426, "medical_area": "17_南加賀医療圏", "町丁目名": "能美市湯谷町" }, "geometry": { "type": "Polygon", "coordinates": [ [ [ 136.52299475832811, 36.443312645362454 ], [ 136.522923549820774, 36.440637648727844 ], [ 136.52337025367811, 36.439781585291414 ], [ 136.522990338543593, 36.43944551662527 ], [ 136.522982294785663, 36.438425793237549 ], [ 136.523779759063387, 36.437314707445275 ], [ 136.524767601561791, 36.437292267333632 ], [ 136.525390507187808, 36.436072397918927 ], [ 136.525429216239985, 36.435856628857046 ], [ 136.524342253072092, 36.435487953474762 ], [ 136.524380628341902, 36.434589510134742 ], [ 136.522452646800787, 36.434303403639781 ], [ 136.522556179263461, 36.433924466038768 ], [ 136.520058225869889, 36.433539136031357 ], [ 136.520327707863373, 36.433272103305569 ], [ 136.517898356895188, 36.433261242756643 ], [ 136.516773118570313, 36.432793846739926 ], [ 136.516159491591679, 36.433287070990978 ], [ 136.516297986135243, 36.433450293935934 ], [ 136.515848862085676, 36.433853978431614 ], [ 136.514461364821329, 36.433563817996145 ], [ 136.513246228691401, 36.433571251296549 ], [ 136.513095888025845, 36.433596438024509 ], [ 136.513485937759128, 36.434161353204303 ], [ 136.512616299031151, 36.434244714177311 ], [ 136.512755722181055, 36.435178241052753 ], [ 136.513086756182872, 36.435156547967672 ], [ 136.513235133250305, 36.436333980118334 ], [ 136.51346129439591, 36.436678954981673 ], [ 136.513380943259875, 36.436941415575916 ], [ 136.512863525755591, 36.437076670195488 ], [ 136.513017725148273, 36.437983840360211 ], [ 136.513205998928328, 36.438081792814415 ], [ 136.513598008555732, 36.441428660326586 ], [ 136.516188897430453, 36.441284759814693 ], [ 136.517599302464049, 36.441593617190655 ], [ 136.517685628480052, 36.442354386622235 ], [ 136.52299475832811, 36.443312645362454 ] ] ] } },
{ "type": "Feature", "properties": { "CITY_NAME": "能美市", "S_NAME": "石子町", "JINKO": 367, "medical_area": "17_南加賀医療圏", "町丁目名": "能美市石子町" }, "geometry": { "type": "Polygon", "coordinates": [ [ [ 136.512177119228426, 36.443856964376145 ], [ 136.512085508436655, 36.442764968229234 ], [ 136.51307812673997, 36.442675250557222 ], [ 136.5129213132046, 36.441474888132618 ], [ 136.513598008555732, 36.441428660326586 ], [ 136.513205998928328, 36.438081792814415 ], [ 136.513017725148273, 36.437983840360211 ], [ 136.512863525755591, 36.437076670195488 ], [ 136.513380943259875, 36.436941415575916 ], [ 136.51346129439591, 36.436678954981673 ], [ 136.513235133250305, 36.436333980118334 ], [ 136.513086756182872, 36.435156547967672 ], [ 136.512755722181055, 36.435178241052753 ], [ 136.512616299031151, 36.434244714177311 ], [ 136.513485937759128, 36.434161353204303 ], [ 136.513249655192681, 36.433719406510882 ], [ 136.512585361262438, 36.433373496629549 ], [ 136.50865290345169, 36.433861460053159 ], [ 136.507106574580604, 36.433349016938053 ], [ 136.505564347759531, 36.433209665119506 ], [ 136.505752222954015, 36.433780660519808 ], [ 136.506173778180198, 36.433801460447008 ], [ 136.506739129847176, 36.438559111508106 ], [ 136.504263182230289, 36.438845376858573 ], [ 136.504793435449187, 36.439030524427181 ], [ 136.504493428276788, 36.440109348394543 ], [ 136.508235921041944, 36.440462928529392 ], [ 136.508665405377457, 36.4413597759645 ], [ 136.507847190669338, 36.441657300648387 ], [ 136.507772656937533, 36.441856947517607 ], [ 136.507917189853146, 36.441991140027127 ], [ 136.508432782597083, 36.442172497024075 ], [ 136.50900200714571, 36.44203837218371 ], [ 136.509535434505295, 36.44211977271771 ], [ 136.509868268235437, 36.442380540652827 ], [ 136.509982854928779, 36.443197160360633 ], [ 136.510285622049139, 36.443786280346153 ], [ 136.511526313794462, 36.443061218307783 ], [ 136.511910369639622, 36.443487050707382 ], [ 136.512002168353519, 36.443868286237247 ], [ 136.512177119228426, 36.443856964376145 ] ] ] } },
{ "type": "Feature", "properties": { "CITY_NAME": "能美市", "S_NAME": "末寺町", "JINKO": 196, "medical_area": "17_南加賀医療圏", "町丁目名": "能美市末寺町" }, "geometry": { "type": "Polygon", "coordinates": [ [ [ 136.512050695533446, 36.444265968382346 ], [ 136.511910369639622, 36.443487050707382 ], [ 136.511526313794462, 36.443061218307783 ], [ 136.510073770462583, 36.443843829457116 ], [ 136.509318973586772, 36.443670770652012 ], [ 136.509233116799038, 36.443486071881303 ], [ 136.50874666211709, 36.443486426387267 ], [ 136.506700766534635, 36.443863417298843 ], [ 136.506742047326924, 36.444150732858688 ], [ 136.507237630416881, 36.444562108501273 ], [ 136.506654163226386, 36.448540603024725 ], [ 136.508642599294149, 36.448761159572335 ], [ 136.508423742727274, 36.450203879213916 ], [ 136.509995463801658, 36.450380610494236 ], [ 136.509947649357997, 36.450858196338054 ], [ 136.511682741858891, 36.451038671870812 ], [ 136.512118804430884, 36.44689002870016 ], [ 136.511678478354895, 36.445666106798093 ], [ 136.512050695533446, 36.444265968382346 ] ] ] } },
{ "type": "Feature", "properties": { "CITY_NAME": "能美市", "S_NAME": "秋常町", "JINKO": 255, "medical_area": "17_南加賀医療圏", "町丁目名": "能美市秋常町" }, "geometry": { "type": "Polygon", "coordinates": [ [ [ 136.521909331504673, 36.452030436031855 ], [ 136.521960252727297, 36.451690047796937 ], [ 136.522457038132842, 36.451735796292802 ], [ 136.522378758491556, 36.450460508583333 ], [ 136.521924060984361, 36.450411081400759 ], [ 136.521920085504632, 36.450227683121767 ], [ 136.52223778190654, 36.450002590073517 ], [ 136.522160157310481, 36.449840937372699 ], [ 136.521099226333575, 36.449766062186754 ], [ 136.521176863337615, 36.44913039164598 ], [ 136.520017388919825, 36.449174592502764 ], [ 136.51865874029474, 36.44784802766916 ], [ 136.518698338725869, 36.447172265101266 ], [ 136.519096534852167, 36.447291384634198 ], [ 136.519170981767076, 36.447041988169843 ], [ 136.517997049964379, 36.446847726520538 ], [ 136.518048294594053, 36.44661679032415 ], [ 136.517800898180155, 36.446567595477667 ], [ 136.517845564549731, 36.446336621182809 ], [ 136.517491045854882, 36.446247869346614 ], [ 136.51746662336862, 36.445888906348117 ], [ 136.517892292887751, 36.445862897642925 ], [ 136.517599302464049, 36.441593617190655 ], [ 136.516188897430453, 36.441284759814693 ], [ 136.5129213132046, 36.441474888132618 ], [ 136.51307812673997, 36.442675250557222 ], [ 136.512085508436655, 36.442764968229234 ], [ 136.512177119228426, 36.443856964376145 ], [ 136.512002168353519, 36.443868286237247 ], [ 136.512050695533446, 36.444265968382346 ], [ 136.511714389160034, 36.445364295580781 ], [ 136.511678478354895, 36.445666106798093 ], [ 136.512118804430884, 36.44689002870016 ], [ 136.511682741858891, 36.451038671870812 ], [ 136.521909331504673, 36.452030436031855 ] ] ] } },
{ "type": "Feature", "properties": { "CITY_NAME": "能美市", "S_NAME": "新保町", "JINKO": 374, "medical_area": "17_南加賀医療圏", "町丁目名": "能美市新保町" }, "geometry": { "type": "Polygon", "coordinates": [ [ [ 136.520005264040122, 36.454548385665248 ], [ 136.521683188847476, 36.453503392036104 ], [ 136.523451520739798, 36.453290982678183 ], [ 136.525781245910025, 36.452600757145348 ], [ 136.526616602400338, 36.452665419936444 ], [ 136.526429587917761, 36.451804177873505 ], [ 136.524570137101904, 36.451614330992925 ], [ 136.524237486055142, 36.451930564451303 ], [ 136.521960252727297, 36.451690047796937 ], [ 136.521909331504673, 36.452030436031855 ], [ 136.510091871523997, 36.450870435058683 ], [ 136.510377232820048, 36.4530894793062 ], [ 136.51029244767966, 36.453786215213022 ], [ 136.510884739187532, 36.455446946477949 ], [ 136.511114298905568, 36.457646005520097 ], [ 136.515591443730244, 36.456949712436945 ], [ 136.515430551385748, 36.456281545829846 ], [ 136.517551844341398, 36.455939280778502 ], [ 136.51730389218622, 36.454975069164455 ], [ 136.520005264040122, 36.454548385665248 ] ] ] } },
{ "type": "Feature", "properties": { "CITY_NAME": "能美市", "S_NAME": "粟生町", "JINKO": 1603, "medical_area": "17_南加賀医療圏", "町丁目名": "能美市粟生町" }, "geometry": { "type": "Polygon", "coordinates": [ [ [ 136.510303091889313, 36.453815950719147 ], [ 136.510377232820048, 36.4530894793062 ], [ 136.510091871523997, 36.450870435058683 ], [ 136.509947649357997, 36.450858196338054 ], [ 136.509995463801658, 36.450380610494236 ], [ 136.508423742727274, 36.450203879213916 ], [ 136.508339605602742, 36.450641622190645 ], [ 136.506501461030211, 36.450421476680674 ], [ 136.504303373783159, 36.451064374258941 ], [ 136.504202284149159, 36.451329944751656 ], [ 136.502885726323143, 36.451677014086705 ], [ 136.502310195985586, 36.45165628166248 ], [ 136.502170120508822, 36.451837355232399 ], [ 136.500507457826586, 36.452387474371747 ], [ 136.498980403778887, 36.452732080642356 ], [ 136.494376230018275, 36.452398703411589 ], [ 136.49421282320489, 36.454085525873651 ], [ 136.49278865413055, 36.454245110705514 ], [ 136.494047575132413, 36.457086134784021 ], [ 136.4948722339266, 36.459441571352755 ], [ 136.494360462165247, 36.459722673624455 ], [ 136.494635122438751, 36.460642658504511 ], [ 136.4930324661984, 36.460906899390174 ], [ 136.494294172860407, 36.461516713988956 ], [ 136.497567429351989, 36.462003998239602 ], [ 136.506617464649139, 36.465530570138917 ], [ 136.510399098634224, 36.467338374580123 ], [ 136.510659362443931, 36.460603574765287 ], [ 136.510890345006771, 36.457712709004959 ], [ 136.511114298905568, 36.457646005520097 ], [ 136.510884739187532, 36.455446946477949 ], [ 136.510303091889313, 36.453815950719147 ] ] ] } },
{ "type": "Feature", "properties": { "CITY_NAME": "能美市", "S_NAME": "三道山町", "JINKO": 627, "medical_area": "17_南加賀医療圏", "町丁目名": "能美市三道山町" }, "geometry": { "type": "Polygon", "coordinates": [ [ [ 136.508339605602742, 36.450641622190645 ], [ 136.508642599294149, 36.448761159572335 ], [ 136.506654163226386, 36.448540603024725 ], [ 136.507237630416881, 36.444562108501273 ], [ 136.506742047326924, 36.444150732858688 ], [ 136.506633884042429, 36.444358885397492 ], [ 136.505791392473583, 36.444667381558915 ], [ 136.504710669739325, 36.444610671408157 ], [ 136.504368099759205, 36.447582348678182 ], [ 136.503453819880349, 36.447389935081631 ], [ 136.502520236701201, 36.447453793322872 ], [ 136.502321221083918, 36.447618447874063 ], [ 136.502106193049826, 36.447426892427835 ], [ 136.501081033693822, 36.448193376156759 ], [ 136.503029475752584, 36.449901037933557 ], [ 136.503482726627567, 36.45009998367663 ], [ 136.504508018334434, 36.450216626991477 ], [ 136.505610014377197, 36.449905864130407 ], [ 136.506565592254788, 36.449975068868234 ], [ 136.507915046374876, 36.450211567272319 ], [ 136.50785822453409, 36.450577577999965 ], [ 136.508339605602742, 36.450641622190645 ] ] ] } },
{ "type": "Feature", "properties": { "CITY_NAME": "能美市", "S_NAME": "吉光町", "JINKO": 784, "medical_area": "17_南加賀医療圏", "町丁目名": "能美市吉光町" }, "geometry": { "type": "Polygon", "coordinates": [ [ [ 136.50221035807246, 36.451687191772919 ], [ 136.502885726323143, 36.451677014086705 ], [ 136.504202284149159, 36.451329944751656 ], [ 136.504303373783159, 36.451064374258941 ], [ 136.506501461030211, 36.450421476680674 ], [ 136.50785822453409, 36.450577577999965 ], [ 136.507915046374876, 36.450211567272319 ], [ 136.505610014377197, 36.449905864130407 ], [ 136.504508018334434, 36.450216626991477 ], [ 136.503171944601036, 36.44998618570304 ], [ 136.501081033693822, 36.448193376156759 ], [ 136.501813460008663, 36.447661283605974 ], [ 136.500134818330338, 36.446189193661141 ], [ 136.500170877909767, 36.445630331823686 ], [ 136.498143870264244, 36.445503973518413 ], [ 136.498095860314351, 36.445965816895701 ], [ 136.495828627863091, 36.44582762078295 ], [ 136.494992423728206, 36.448404915080729 ], [ 136.495336172383475, 36.448519314445463 ], [ 136.495125412853241, 36.45138838191663 ], [ 136.495445819473559, 36.451411223771046 ], [ 136.495453950262686, 36.452482330779354 ], [ 136.498980403778887, 36.452732080642356 ], [ 136.500507457826586, 36.452387474371747 ], [ 136.502170120508822, 36.451837355232399 ], [ 136.50221035807246, 36.451687191772919 ] ] ] } },
{ "type": "Feature", "properties": { "CITY_NAME": "能美市", "S_NAME": "東任田町", "JINKO": 618, "medical_area": "17_南加賀医療圏", "町丁目名": "能美市東任田町" }, "geometry": { "type": "Polygon", "coordinates": [ [ [ 136.49421282320489, 36.454085525873651 ], [ 136.494376230018275, 36.452398703411589 ], [ 136.495453950262686, 36.452482330779354 ], [ 136.495445819473559, 36.451411223771046 ], [ 136.495125412853241, 36.45138838191663 ], [ 136.495336172383475, 36.448519314445463 ], [ 136.494992423728206, 36.448404915080729 ], [ 136.495828627863091, 36.44582762078295 ], [ 136.495857357640659, 36.44512625130961 ], [ 136.495018879170487, 36.444388751357863 ], [ 136.491494553258633, 36.444193438154485 ], [ 136.491429246948741, 36.445698251228833 ], [ 136.491717806761415, 36.449168877146214 ], [ 136.492250437041093, 36.44911436931303 ], [ 136.492618254523222, 36.451800059744748 ], [ 136.491824827839679, 36.452144226253552 ], [ 136.49278865413055, 36.454245110705514 ], [ 136.49421282320489, 36.454085525873651 ] ] ] } },
{ "type": "Feature", "properties": { "CITY_NAME": "能美市", "S_NAME": "和田町", "JINKO": 11, "medical_area": "17_南加賀医療圏", "町丁目名": "能美市和田町" }, "geometry": { "type": "Polygon", "coordinates": [ [ [ 136.510285622049111, 36.443786280346153 ], [ 136.509982854928779, 36.443197160360633 ], [ 136.509868268235437, 36.442380540652827 ], [ 136.509535434505295, 36.44211977271771 ], [ 136.50900200714571, 36.44203837218371 ], [ 136.508432782597112, 36.442172497024067 ], [ 136.507772656937533, 36.441856947517607 ], [ 136.507847190669338, 36.44165730064838 ], [ 136.508665405377457, 36.4413597759645 ], [ 136.508235921041944, 36.440462928529392 ], [ 136.507101857395639, 36.440337301521247 ], [ 136.505450430321304, 36.44220224445835 ], [ 136.50556855248297, 36.442439894816374 ], [ 136.506507786169237, 36.442953345442987 ], [ 136.506523659452569, 36.443587274639661 ], [ 136.506700766534635, 36.443863417298843 ], [ 136.50874666211709, 36.443486426387267 ], [ 136.510285622049111, 36.443786280346153 ] ] ] } },
{ "type": "Feature", "properties": { "CITY_NAME": "能美市", "S_NAME": "赤井町", "JINKO": 270, "medical_area": "17_南加賀医療圏", "町丁目名": "能美市赤井町" }, "geometry": { "type": "Polygon", "coordinates": [ [ [ 136.494635122438751, 36.460642658504511 ], [ 136.494360462165247, 36.459722673624455 ], [ 136.4948722339266, 36.459441571352755 ], [ 136.494105338315563, 36.457236807593048 ], [ 136.488508471784513, 36.45790998821316 ], [ 136.488044740021479, 36.455346633688166 ], [ 136.486480987123514, 36.455059686134227 ], [ 136.4863800873419, 36.454566360618138 ], [ 136.486229789905195, 36.454575207845267 ], [ 136.486942220172892, 36.453506493452245 ], [ 136.486553070002543, 36.453115215732062 ], [ 136.483169564415704, 36.453291847900914 ], [ 136.483028649829379, 36.452369368257116 ], [ 136.482078235930771, 36.45248377840533 ], [ 136.482163245972714, 36.454397797888134 ], [ 136.480886925988074, 36.454387232062011 ], [ 136.481348940266685, 36.456821054510456 ], [ 136.479344534029195, 36.457055868619868 ], [ 136.479367596456967, 36.458430779763901 ], [ 136.479206844995815, 36.459041718876833 ], [ 136.478950164487884, 36.459242219635705 ], [ 136.481368238481622, 36.460081940294359 ], [ 136.481853156263583, 36.460988857060386 ], [ 136.482379859401021, 36.46128216929246 ], [ 136.483034833767022, 36.460242643074182 ], [ 136.486077386574891, 36.460199453903101 ], [ 136.489026555507962, 36.461402906493383 ], [ 136.488643499104199, 36.461898829630371 ], [ 136.488765948066487, 36.461971523373009 ], [ 136.491779137909901, 36.461435913221948 ], [ 136.493046363895047, 36.460816717955609 ], [ 136.494635122438751, 36.460642658504511 ] ] ] } },
{ "type": "Feature", "properties": { "CITY_NAME": "能美市", "S_NAME": "西任田町", "JINKO": 330, "medical_area": "17_南加賀医療圏", "町丁目名": "能美市西任田町" }, "geometry": { "type": "Polygon", "coordinates": [ [ [ 136.487219265900109, 36.455161036672457 ], [ 136.487002515329209, 36.453475792924436 ], [ 136.490761253741397, 36.452614902603038 ], [ 136.492618254523222, 36.451800059744748 ], [ 136.492250437041093, 36.44911436931303 ], [ 136.491717806761415, 36.449168877146214 ], [ 136.491429246948741, 36.445698251228833 ], [ 136.486546711601335, 36.446985330451362 ], [ 136.482619636304037, 36.447356177077928 ], [ 136.483065667689573, 36.450476874271921 ], [ 136.482689844025288, 36.450507640891672 ], [ 136.482803824754228, 36.451474459419202 ], [ 136.482456495306678, 36.451515316982054 ], [ 136.482583284103896, 36.452422857290536 ], [ 136.483028649829379, 36.452369368257116 ], [ 136.483169564415704, 36.453291847900914 ], [ 136.486553070002543, 36.453115215732062 ], [ 136.486942220172892, 36.453506493452245 ], [ 136.486229789905195, 36.454575207845267 ], [ 136.4863800873419, 36.454566360618138 ], [ 136.486480987123514, 36.455059686134227 ], [ 136.487219265900109, 36.455161036672457 ] ] ] } },
{ "type": "Feature", "properties": { "CITY_NAME": "能美市", "S_NAME": "五間堂町", "JINKO": 290, "medical_area": "17_南加賀医療圏", "町丁目名": "能美市五間堂町" }, "geometry": { "type": "Polygon", "coordinates": [ [ [ 136.488199214553504, 36.44457071997526 ], [ 136.488399859259886, 36.442275895707276 ], [ 136.489113321677166, 36.44183404633818 ], [ 136.489215780843324, 36.441575751027521 ], [ 136.485012864505819, 36.440259782126248 ], [ 136.484528218296106, 36.439596605022288 ], [ 136.483255660790775, 36.440054139255601 ], [ 136.482995188266358, 36.441048480524202 ], [ 136.482174421524348, 36.44217956163736 ], [ 136.481026070769957, 36.443004925286957 ], [ 136.480375009887894, 36.443423771688188 ], [ 136.479099942941701, 36.44303859145964 ], [ 136.479085826001807, 36.443270847791908 ], [ 136.479147848735693, 36.444341837891507 ], [ 136.479433382270486, 36.4451149858318 ], [ 136.480024287862989, 36.445879434759689 ], [ 136.482086484338424, 36.4474055631403 ], [ 136.486546711601335, 36.446985330451362 ], [ 136.491429246948741, 36.445698251228833 ], [ 136.491505874821257, 36.444788787625541 ], [ 136.488199214553504, 36.44457071997526 ] ] ] } },
{ "type": "Feature", "properties": { "CITY_NAME": "能美市", "S_NAME": "中庄町", "JINKO": 418, "medical_area": "17_南加賀医療圏", "町丁目名": "能美市中庄町" }, "geometry": { "type": "Polygon", "coordinates": [ [ [ 136.482583284103896, 36.452422857290536 ], [ 136.482456495306678, 36.451515316982054 ], [ 136.482803824754228, 36.451474459419202 ], [ 136.482689844025288, 36.450507640891672 ], [ 136.483065667689573, 36.450476874271921 ], [ 136.482619636304037, 36.447356177077928 ], [ 136.482086484338424, 36.4474055631403 ], [ 136.480024287862989, 36.445879434759689 ], [ 136.479433382270486, 36.4451149858318 ], [ 136.479147848735693, 36.444341837891507 ], [ 136.479099942941701, 36.44303859145964 ], [ 136.476465457358074, 36.442257169091313 ], [ 136.474655391336853, 36.44474579135457 ], [ 136.47414451392072, 36.445115237456058 ], [ 136.475956263175078, 36.446323066185634 ], [ 136.476199000502078, 36.446764113752224 ], [ 136.47644685653367, 36.446626409704258 ], [ 136.478820279745975, 36.44874996062569 ], [ 136.479272710285215, 36.449391515285235 ], [ 136.479341386551312, 36.449847027005283 ], [ 136.479760401884278, 36.44981029399964 ], [ 136.479889053782102, 36.450759918477864 ], [ 136.480570857744794, 36.450697470326354 ], [ 136.480701398517795, 36.451661326880227 ], [ 136.482119950014351, 36.45152409564448 ], [ 136.48224683904067, 36.452459448340747 ], [ 136.482583284103896, 36.452422857290536 ] ] ] } },
{ "type": "Feature", "properties": { "CITY_NAME": "能美市", "S_NAME": "福岡町", "JINKO": 1183, "medical_area": "17_南加賀医療圏", "町丁目名": "能美市福岡町" }, "geometry": { "type": "Polygon", "coordinates": [ [ [ 136.481348940266685, 36.456821054510456 ], [ 136.480886925988074, 36.454387232062011 ], [ 136.482163245972714, 36.454397797888134 ], [ 136.482078235930771, 36.45248377840533 ], [ 136.48224683904067, 36.452459448340747 ], [ 136.482119950014351, 36.45152409564448 ], [ 136.480701398517795, 36.451661326880227 ], [ 136.480570857744794, 36.450697470326354 ], [ 136.479889053782102, 36.450759918477864 ], [ 136.479760401884278, 36.44981029399964 ], [ 136.479341386551312, 36.449847027005283 ], [ 136.479272710285215, 36.449391515285235 ], [ 136.478820279745975, 36.44874996062569 ], [ 136.47644685653367, 36.446626409704258 ], [ 136.476199000502078, 36.446764113752224 ], [ 136.475956263175078, 36.446323066185634 ], [ 136.47414451392072, 36.445115237456058 ], [ 136.472249689237856, 36.445660345874892 ], [ 136.470978265699017, 36.446264479045453 ], [ 136.471170589304819, 36.446619135413961 ], [ 136.471492287598778, 36.448535700436516 ], [ 136.469218572151277, 36.45196206764755 ], [ 136.468142336877662, 36.452865670209924 ], [ 136.469145707264914, 36.453597249658621 ], [ 136.478300568872555, 36.452788243563148 ], [ 136.479390442558156, 36.456667874835432 ], [ 136.479344534029195, 36.457055868619868 ], [ 136.481348940266685, 36.456821054510456 ] ] ] } },
{ "type": "Feature", "properties": { "CITY_NAME": "能美市", "S_NAME": "西二口町", "JINKO": 593, "medical_area": "17_南加賀医療圏", "町丁目名": "能美市西二口町" }, "geometry": { "type": "Polygon", "coordinates": [ [ [ 136.471395299457811, 36.448519427103477 ], [ 136.471170589304819, 36.446619135413961 ], [ 136.470978265699017, 36.446264479045453 ], [ 136.472249689237856, 36.445660345874892 ], [ 136.474085861674382, 36.445144602599939 ], [ 136.474655391336853, 36.44474579135457 ], [ 136.476465457358074, 36.442257169091313 ], [ 136.475561670220486, 36.441990299327458 ], [ 136.474938639840076, 36.441604365092452 ], [ 136.470422519788769, 36.441784256300217 ], [ 136.469339150070823, 36.44165348644141 ], [ 136.467832318496107, 36.442055128262965 ], [ 136.467820970193742, 36.442922524298169 ], [ 136.466595586724907, 36.443266574277317 ], [ 136.4663212412907, 36.444663253883746 ], [ 136.467403741963182, 36.44476912748339 ], [ 136.467268130482665, 36.445495319320827 ], [ 136.466978042347449, 36.445671264624572 ], [ 136.466393422205783, 36.446849617314783 ], [ 136.466433638381801, 36.447555419415259 ], [ 136.468373946078913, 36.447523603607891 ], [ 136.468397075308388, 36.448538919855949 ], [ 136.471395299457811, 36.448519427103477 ] ] ] } },
{ "type": "Feature", "properties": { "CITY_NAME": "能美市", "S_NAME": "中ノ江町", "JINKO": 293, "medical_area": "17_南加賀医療圏", "町丁目名": "能美市中ノ江町" }, "geometry": { "type": "Polygon", "coordinates": [ [ [ 136.467832318496107, 36.442055128262965 ], [ 136.469339150070823, 36.44165348644141 ], [ 136.470422519788769, 36.441784256300217 ], [ 136.474938639840076, 36.441604365092452 ], [ 136.473389086670011, 36.440693725060534 ], [ 136.472506442109506, 36.435904724081006 ], [ 136.472693790364758, 36.435792232425428 ], [ 136.472135086713564, 36.435387413279145 ], [ 136.465566679095673, 36.435786939593591 ], [ 136.461782566229061, 36.435667472040464 ], [ 136.461811531358535, 36.443580024823859 ], [ 136.462027753301328, 36.443767121946365 ], [ 136.462861311028917, 36.444401296784939 ], [ 136.4663212412907, 36.444663253883746 ], [ 136.466595586724907, 36.443266574277317 ], [ 136.467820970193742, 36.442922524298169 ], [ 136.467832318496107, 36.442055128262965 ] ] ] } },
{ "type": "Feature", "properties": { "CITY_NAME": "能美市", "S_NAME": "高坂町", "JINKO": 507, "medical_area": "17_南加賀医療圏", "町丁目名": "能美市高坂町" }, "geometry": { "type": "Polygon", "coordinates": [ [ [ 136.453276989382857, 36.439578413609489 ], [ 136.452774416673549, 36.437412418404307 ], [ 136.452547289134429, 36.437422065731916 ], [ 136.452545931972111, 36.435591376178934 ], [ 136.452181445534308, 36.434972602247889 ], [ 136.448932350547892, 36.435007520395985 ], [ 136.448674946689152, 36.434823255853601 ], [ 136.446434913465822, 36.434790278100223 ], [ 136.446425486384925, 36.436004999941147 ], [ 136.446744290544473, 36.43632872442015 ], [ 136.447426547546883, 36.436562817916496 ], [ 136.44763684927608, 36.436889552856641 ], [ 136.447327514535488, 36.43717260847405 ], [ 136.446829884982463, 36.437161699613071 ], [ 136.445501654621069, 36.438321506254674 ], [ 136.448042900761664, 36.439856490665285 ], [ 136.449781955397583, 36.441346440138055 ], [ 136.450977669257355, 36.44057370795219 ], [ 136.453276989382857, 36.439578413609489 ] ] ] } },
{ "type": "Feature", "properties": { "CITY_NAME": "能美市", "S_NAME": "下ノ江町", "JINKO": 1345, "medical_area": "17_南加賀医療圏", "町丁目名": "能美市下ノ江町" }, "geometry": { "type": "Polygon", "coordinates": [ [ [ 136.454183931691432, 36.445052520695782 ], [ 136.455261350041837, 36.443535256219988 ], [ 136.455813764616238, 36.443988243015411 ], [ 136.455978232204558, 36.443837434273462 ], [ 136.455528049417808, 36.44344518634265 ], [ 136.455838736961283, 36.443194999133347 ], [ 136.456050843238842, 36.443262167694165 ], [ 136.456042458179098, 36.443015806239643 ], [ 136.456444325595612, 36.442972484830179 ], [ 136.4604603208426, 36.443293168885759 ], [ 136.461811531358535, 36.443580024823859 ], [ 136.461782566229061, 36.435667472040464 ], [ 136.461690118475587, 36.435902664867164 ], [ 136.45897619652095, 36.435176565029749 ], [ 136.454659118832268, 36.434895601734759 ], [ 136.452181445534308, 36.434972602247889 ], [ 136.452545931972111, 36.435591376178934 ], [ 136.452547289134429, 36.437422065731916 ], [ 136.452774416673549, 36.437412418404307 ], [ 136.453276989382857, 36.439578413609489 ], [ 136.450977669257355, 36.44057370795219 ], [ 136.449945393075069, 36.44122766802036 ], [ 136.451317857266616, 36.442403429337645 ], [ 136.451169048194004, 36.442513913920052 ], [ 136.454183931691432, 36.445052520695782 ] ] ] } },
{ "type": "Feature", "properties": { "CITY_NAME": "能美市", "S_NAME": "浜開発町", "JINKO": 483, "medical_area": "17_南加賀医療圏", "町丁目名": "能美市浜開発町" }, "geometry": { "type": "Polygon", "coordinates": [ [ [ 136.460848798502809, 36.44832274588137 ], [ 136.460384192741628, 36.447445002057663 ], [ 136.460786723553866, 36.447465447560909 ], [ 136.460863474871445, 36.447613712204927 ], [ 136.461972323601771, 36.447449059804271 ], [ 136.46255846674444, 36.446665224860425 ], [ 136.464934549361317, 36.445624839911389 ], [ 136.465336547684046, 36.446473237904996 ], [ 136.466538246008298, 36.446565184837588 ], [ 136.466978042347449, 36.445671264624572 ], [ 136.467268130482665, 36.445495319320827 ], [ 136.467403741963182, 36.44476912748339 ], [ 136.462861311028917, 36.444401296784939 ], [ 136.461811531358535, 36.443580024823859 ], [ 136.461233846350467, 36.443428209753797 ], [ 136.456444325595612, 36.442972484830179 ], [ 136.456042458179098, 36.443015806239643 ], [ 136.456050843238842, 36.443262167694165 ], [ 136.455838736961283, 36.443194999133347 ], [ 136.455528049417808, 36.44344518634265 ], [ 136.455978232204558, 36.443837434273462 ], [ 136.455813764616238, 36.443988243015411 ], [ 136.455261350041837, 36.443535256219988 ], [ 136.454437128932966, 36.444694568906996 ], [ 136.454835732272528, 36.444914662344914 ], [ 136.45545380990896, 36.444394224270532 ], [ 136.458563525224804, 36.447457549599918 ], [ 136.458668577931832, 36.447405194435433 ], [ 136.45893534296215, 36.447698951573599 ], [ 136.459174381729781, 36.447492984603208 ], [ 136.458987806409056, 36.447250859483219 ], [ 136.459593998120283, 36.446968260602084 ], [ 136.460077106462933, 36.447057386106856 ], [ 136.459940432822464, 36.447898945080688 ], [ 136.460233283424174, 36.447829628002552 ], [ 136.460660842725332, 36.448379647487542 ], [ 136.460848798502809, 36.44832274588137 ] ] ] } },
{ "type": "Feature", "properties": { "CITY_NAME": "能美市", "S_NAME": "大成町", "JINKO": 1188, "medical_area": "17_南加賀医療圏", "町丁目名": "能美市大成町" }, "geometry": { "type": "Polygon", "coordinates": [ [ [ 136.460886799397116, 36.454716358948929 ], [ 136.461695491352657, 36.454544827302591 ], [ 136.463466748695168, 36.453673581733526 ], [ 136.463715823127501, 36.453414803459637 ], [ 136.464077133512518, 36.453638466107869 ], [ 136.464446050547963, 36.454155638461948 ], [ 136.464705915053116, 36.454223654210075 ], [ 136.465441218881239, 36.453987801039872 ], [ 136.465793061945107, 36.454126663801844 ], [ 136.466025409119055, 36.453971371241259 ], [ 136.466391149220527, 36.454373945181302 ], [ 136.469218572151277, 36.45196206764755 ], [ 136.470603811653007, 36.449893424533371 ], [ 136.468180345152433, 36.449696652831641 ], [ 136.466570892799467, 36.45120993890648 ], [ 136.46647859246292, 36.451122646268821 ], [ 136.465953644682401, 36.451385558498295 ], [ 136.465234980880695, 36.450493526423763 ], [ 136.466354874143207, 36.449751234398533 ], [ 136.465975005847241, 36.449002886223901 ], [ 136.464861358244747, 36.449249288443632 ], [ 136.464463009635551, 36.448168281296653 ], [ 136.467325092980332, 36.447534715984844 ], [ 136.466433638381801, 36.447555419415259 ], [ 136.466393422205783, 36.446849617314783 ], [ 136.466538246008298, 36.446565184837588 ], [ 136.465336547684046, 36.446473237904996 ], [ 136.464934549361317, 36.445624839911389 ], [ 136.46255846674444, 36.446665224860425 ], [ 136.461972323601771, 36.447449059804271 ], [ 136.460863474871445, 36.447613712204927 ], [ 136.460786723553866, 36.447465447560909 ], [ 136.460384192741628, 36.447445002057663 ], [ 136.460848798502809, 36.44832274588137 ], [ 136.460660842725332, 36.448379647487542 ], [ 136.460233283424174, 36.447829628002552 ], [ 136.459940432822464, 36.447898945080688 ], [ 136.460077106462933, 36.447057386106856 ], [ 136.459593998120283, 36.446968260602084 ], [ 136.458987806409056, 36.447250859483219 ], [ 136.459174381729781, 36.447492984603208 ], [ 136.459019822282016, 36.447574936044809 ], [ 136.459355216779642, 36.447921978996462 ], [ 136.459360791436495, 36.448091030179455 ], [ 136.459066739724193, 36.448265440268415 ], [ 136.459347221443466, 36.448613670856048 ], [ 136.459642586079013, 36.448492290910394 ], [ 136.459535166066587, 36.448839821048097 ], [ 136.459642091658367, 36.449135303958137 ], [ 136.459575574733719, 36.449397707939504 ], [ 136.459048020876196, 36.449482431060936 ], [ 136.459149656751435, 36.449658850487275 ], [ 136.458608162506067, 36.449993160562862 ], [ 136.458844403838611, 36.45021787596994 ], [ 136.458856849955765, 36.450773622632774 ], [ 136.459457639008804, 36.45167546097786 ], [ 136.459892588512844, 36.45303613213143 ], [ 136.460886799397116, 36.454716358948929 ] ] ] } },
{ "type": "Feature", "properties": { "CITY_NAME": "能美市", "S_NAME": "大成町一丁目", "JINKO": 160, "medical_area": "17_南加賀医療圏", "町丁目名": "能美市大成町一丁目" }, "geometry": { "type": "Polygon", "coordinates": [ [ [ 136.46793000878327, 36.449938460906665 ], [ 136.467559096070318, 36.44967335164025 ], [ 136.467137501600376, 36.448770673286667 ], [ 136.465975005847241, 36.449002886223901 ], [ 136.466354874143207, 36.449751234398533 ], [ 136.465234980880695, 36.450493526423791 ], [ 136.465953644682401, 36.451385558498295 ], [ 136.46647859246292, 36.451122646268821 ], [ 136.466570892799439, 36.451209938906494 ], [ 136.46793000878327, 36.449938460906665 ] ] ] } },
{ "type": "Feature", "properties": { "CITY_NAME": "能美市", "S_NAME": "大成町二丁目", "JINKO": 237, "medical_area": "17_南加賀医療圏", "町丁目名": "能美市大成町二丁目" }, "geometry": { "type": "Polygon", "coordinates": [ [ [ 136.468397075308388, 36.448538919855949 ], [ 136.468373946078913, 36.447523603607891 ], [ 136.467325092980332, 36.447534715984844 ], [ 136.464463009635551, 36.448168281296653 ], [ 136.464861358244747, 36.449249288443632 ], [ 136.468397075308388, 36.448538919855949 ] ] ] } },
{ "type": "Feature", "properties": { "CITY_NAME": "能美市", "S_NAME": "大成町三丁目", "JINKO": 224, "medical_area": "17_南加賀医療圏", "町丁目名": "能美市大成町三丁目" }, "geometry": { "type": "Polygon", "coordinates": [ [ [ 136.46793000878327, 36.449938460906665 ], [ 136.468180345152433, 36.449696652831641 ], [ 136.470603811653007, 36.449893424533371 ], [ 136.471492287598778, 36.448535700436516 ], [ 136.468397075308388, 36.448538919855949 ], [ 136.467137501600376, 36.448770673286667 ], [ 136.467559096070318, 36.449673351640278 ], [ 136.46793000878327, 36.449938460906665 ] ] ] } },
{ "type": "Feature", "properties": { "CITY_NAME": "能美市", "S_NAME": "福島町", "JINKO": 1951, "medical_area": "17_南加賀医療圏", "町丁目名": "能美市福島町" }, "geometry": { "type": "Polygon", "coordinates": [ [ [ 136.470999846705382, 36.463568407978457 ], [ 136.47125014636967, 36.463308308464157 ], [ 136.471107689227722, 36.463142543546894 ], [ 136.471612550739707, 36.462845439230883 ], [ 136.472667751805005, 36.462469898830619 ], [ 136.473118176887908, 36.462216650495641 ], [ 136.473019497721509, 36.462109296599863 ], [ 136.474142875373985, 36.461509472446629 ], [ 136.479206844995815, 36.459041718876833 ], [ 136.479367596456967, 36.458430779763901 ], [ 136.479390442558156, 36.456667874835432 ], [ 136.478300568872555, 36.452788243563148 ], [ 136.469145707264914, 36.453597249658621 ], [ 136.468142336877662, 36.452865670209924 ], [ 136.466391149220527, 36.454373945181302 ], [ 136.466025409119055, 36.453971371241259 ], [ 136.465793061945107, 36.454126663801844 ], [ 136.465441218881239, 36.453987801039872 ], [ 136.464705915053116, 36.454223654210075 ], [ 136.464446050547963, 36.454155638461948 ], [ 136.464077133512518, 36.453638466107869 ], [ 136.463715823127501, 36.453414803459637 ], [ 136.463466748695168, 36.453673581733526 ], [ 136.461695491352657, 36.454544827302591 ], [ 136.460886799397116, 36.454716358948929 ], [ 136.462326866866732, 36.457075273489778 ], [ 136.46183048527277, 36.457277229253847 ], [ 136.462089662280505, 36.458171743076285 ], [ 136.463269384226891, 36.459870825913171 ], [ 136.463906114652019, 36.460342456806202 ], [ 136.464816250268399, 36.460683165379443 ], [ 136.46550327207737, 36.461763734019812 ], [ 136.466165111883811, 36.461338878732953 ], [ 136.466714856577653, 36.461890346325958 ], [ 136.467081576834374, 36.462118462937376 ], [ 136.46724782558428, 36.462014189071986 ], [ 136.467526606179092, 36.462294414551387 ], [ 136.467798307611048, 36.462129121449273 ], [ 136.468451941743808, 36.462620854844026 ], [ 136.469017930025615, 36.462430370756138 ], [ 136.470074907669499, 36.463498344961536 ], [ 136.470653010261259, 36.463729001704834 ], [ 136.470999846705382, 36.463568407978457 ] ] ] } },
{ "type": "Feature", "properties": { "CITY_NAME": "能美市", "S_NAME": "吉原町", "JINKO": 291, "medical_area": "17_南加賀医療圏", "町丁目名": "能美市吉原町" }, "geometry": { "type": "Polygon", "coordinates": [ [ [ 136.480493442659679, 36.468240276901739 ], [ 136.487057331433363, 36.464010056990816 ], [ 136.488765948066487, 36.461971523373009 ], [ 136.488643499104199, 36.461898829630371 ], [ 136.489026555507962, 36.461402906493383 ], [ 136.486077386574891, 36.460199453903101 ], [ 136.483034833767022, 36.460242643074182 ], [ 136.482379859401021, 36.46128216929246 ], [ 136.481853156263583, 36.460988857060386 ], [ 136.481368238481622, 36.460081940294359 ], [ 136.478950164487884, 36.459242219635705 ], [ 136.474142875373985, 36.461509472446629 ], [ 136.473019497721509, 36.462109296599863 ], [ 136.473118176887908, 36.462216650495641 ], [ 136.472667751805034, 36.462469898830626 ], [ 136.471612550739707, 36.462845439230904 ], [ 136.471107689227722, 36.463142543546894 ], [ 136.47125014636967, 36.463308308464157 ], [ 136.470653010261259, 36.463729001704834 ], [ 136.472541245829376, 36.466841053382339 ], [ 136.475249964203471, 36.465811838908927 ], [ 136.47535340599282, 36.46600719102436 ], [ 136.478982884364171, 36.465863805484226 ], [ 136.47883551155806, 36.466176153146918 ], [ 136.479336785817367, 36.466725890161705 ], [ 136.479163740412787, 36.466969091911459 ], [ 136.480493442659679, 36.468240276901739 ] ] ] } },
{ "type": "Feature", "properties": { "CITY_NAME": "能美市", "S_NAME": "吉原釜屋町", "JINKO": 263, "medical_area": "17_南加賀医療圏", "町丁目名": "能美市吉原釜屋町" }, "geometry": { "type": "Polygon", "coordinates": [ [ [ 136.468733385412946, 36.470053630877345 ], [ 136.471052145813189, 36.467463494847259 ], [ 136.472541245829376, 36.466841053382339 ], [ 136.470653010261259, 36.463729001704841 ], [ 136.470074907669499, 36.463498344961536 ], [ 136.469017930025615, 36.462430370756138 ], [ 136.468451941743808, 36.462620854844026 ], [ 136.467798307611048, 36.462129121449273 ], [ 136.467526606179092, 36.462294414551387 ], [ 136.46724782558428, 36.462014189071986 ], [ 136.467081576834374, 36.462118462937376 ], [ 136.466714856577653, 36.461890346325958 ], [ 136.466165111883811, 36.461338878732953 ], [ 136.46550327207737, 36.461763734019812 ], [ 136.464816250268399, 36.460683165379443 ], [ 136.461465196028001, 36.462265039215971 ], [ 136.461150426069793, 36.461913541590441 ], [ 136.459911671798949, 36.462261687683757 ], [ 136.460096527191013, 36.463170399711238 ], [ 136.458768891390292, 36.464201091043101 ], [ 136.458631262279994, 36.464493168448975 ], [ 136.458749718782769, 36.464839935922775 ], [ 136.458554099295014, 36.465004578075629 ], [ 136.458986692002298, 36.465036912513725 ], [ 136.459332821440228, 36.465260698814518 ], [ 136.459553814707931, 36.466115478608963 ], [ 136.460273302167622, 36.466504608243532 ], [ 136.460540139236713, 36.466489976866455 ], [ 136.460259853251046, 36.466757788365349 ], [ 136.460236028907957, 36.467174922804048 ], [ 136.461179725498766, 36.467450024959646 ], [ 136.461332572503466, 36.46831971081432 ], [ 136.462059869408534, 36.468716092595749 ], [ 136.462211273716605, 36.469370388719575 ], [ 136.463066445021639, 36.469697260059114 ], [ 136.46346044414841, 36.470425961886882 ], [ 136.463476965143144, 36.469957432242886 ], [ 136.463573508656538, 36.469890417038137 ], [ 136.463604734603763, 36.470511556884958 ], [ 136.464085068735301, 36.470827129528978 ], [ 136.464178077315637, 36.471524322963646 ], [ 136.464913793996402, 36.471735061234625 ], [ 136.465100121446483, 36.472235421722822 ], [ 136.467508724179368, 36.470946946693786 ], [ 136.468733385412946, 36.470053630877345 ] ] ] } },
{ "type": "Feature", "properties": { "CITY_NAME": "能美市", "S_NAME": "大浜町", "JINKO": 1910, "medical_area": "17_南加賀医療圏", "町丁目名": "能美市大浜町" }, "geometry": { "type": "Polygon", "coordinates": [ [ [ 136.458674683226263, 36.464256397025103 ], [ 136.460096527191013, 36.463170399711238 ], [ 136.459911671798949, 36.462261687683757 ], [ 136.461150426069793, 36.461913541590441 ], [ 136.461465196028001, 36.462265039215971 ], [ 136.464816250268399, 36.460683165379443 ], [ 136.463606655755456, 36.460153522420484 ], [ 136.462586574737998, 36.458946643655537 ], [ 136.461871753753684, 36.45759171207937 ], [ 136.46183048527277, 36.457277229253847 ], [ 136.462326866866732, 36.457075273489778 ], [ 136.459892588512844, 36.45303613213143 ], [ 136.459457639008804, 36.45167546097786 ], [ 136.459128473456644, 36.451692894550007 ], [ 136.458199784348153, 36.451213348443559 ], [ 136.456223381020607, 36.452505429658252 ], [ 136.456247309337954, 36.45282146460714 ], [ 136.454882955219915, 36.453349757293708 ], [ 136.453279290090592, 36.454355623078513 ], [ 136.453385037541665, 36.455155085459189 ], [ 136.450874819636056, 36.45617407597291 ], [ 136.451508730211629, 36.45639332225268 ], [ 136.451900454980347, 36.456256874930389 ], [ 136.451609961113547, 36.456546228207834 ], [ 136.451239004321678, 36.456361029610804 ], [ 136.450931782239024, 36.456530408177962 ], [ 136.451485928049038, 36.456808632501655 ], [ 136.451912570037365, 36.457490761456604 ], [ 136.452712507144128, 36.457980422950541 ], [ 136.453465266982761, 36.458870001487263 ], [ 136.453693545324882, 36.459529278506658 ], [ 136.454501940610214, 36.459950507701421 ], [ 136.454585024531809, 36.460503472317825 ], [ 136.454978062677725, 36.460348998820223 ], [ 136.455517738710142, 36.460382905436347 ], [ 136.455421210975743, 36.460568874533394 ], [ 136.455021432749078, 36.460487156293517 ], [ 136.454723503560984, 36.460611538174227 ], [ 136.455102233608329, 36.460678696503052 ], [ 136.455494770918449, 36.461067707346814 ], [ 136.455907382364813, 36.460845755661879 ], [ 136.455477675321646, 36.461107244976631 ], [ 136.455471901495969, 36.461621829538764 ], [ 136.456218224243599, 36.461999407117858 ], [ 136.456535400397087, 36.462701560383955 ], [ 136.45733280804356, 36.463598561215214 ], [ 136.457574740869347, 36.46349816428058 ], [ 136.457412642405302, 36.462918609017414 ], [ 136.457543549004271, 36.462752665216051 ], [ 136.457651288039813, 36.463544600242876 ], [ 136.457346330029054, 36.463707705991325 ], [ 136.458275372780918, 36.464365746449104 ], [ 136.458321435899308, 36.464942810676241 ], [ 136.458621599939562, 36.464818433797873 ], [ 136.458674683226263, 36.464256397025103 ] ] ] } },
{ "type": "Feature", "properties": { "CITY_NAME": "能美市", "S_NAME": "中町", "JINKO": 1030, "medical_area": "17_南加賀医療圏", "町丁目名": "能美市中町" }, "geometry": { "type": "Polygon", "coordinates": [ [ [ 136.456223381020607, 36.452505429658252 ], [ 136.458199784348182, 36.451213348443559 ], [ 136.459128473456644, 36.451692894550007 ], [ 136.459457639008804, 36.451675460977825 ], [ 136.458856849955765, 36.450773622632774 ], [ 136.458844403838611, 36.45021787596994 ], [ 136.458608162506067, 36.44999316056284 ], [ 136.459149656751435, 36.449658850487275 ], [ 136.459048020876196, 36.449482431060936 ], [ 136.458810896204255, 36.449599902363737 ], [ 136.458688752859331, 36.449187433079182 ], [ 136.458794763523514, 36.449130244256921 ], [ 136.458387849989407, 36.448649487013043 ], [ 136.458756681197599, 36.448441164324251 ], [ 136.457935073418525, 36.447363568144524 ], [ 136.456180598213336, 36.44828828716912 ], [ 136.455720288466779, 36.447835823709632 ], [ 136.45306064426947, 36.449546073352451 ], [ 136.451424472889414, 36.449630070054162 ], [ 136.451680439679336, 36.449877587034926 ], [ 136.45082510596842, 36.450346101760388 ], [ 136.450234690662256, 36.449604756766078 ], [ 136.44832354471157, 36.450831223002723 ], [ 136.4486673223048, 36.451262409886183 ], [ 136.447338301367012, 36.452001701612168 ], [ 136.448104705877881, 36.452895751628056 ], [ 136.44830849110906, 36.453538658186616 ], [ 136.448243248574073, 36.45250635290418 ], [ 136.448449858435851, 36.452363408826635 ], [ 136.44855061376478, 36.453173330610745 ], [ 136.448376264047454, 36.453329073869895 ], [ 136.448415815498237, 36.453515862181874 ], [ 136.449073161305591, 36.45397496927886 ], [ 136.44936812150172, 36.454656308431744 ], [ 136.449845365190356, 36.454925941271249 ], [ 136.450042644670106, 36.455553493349171 ], [ 136.450651055805992, 36.455877111255511 ], [ 136.450874819636056, 36.45617407597291 ], [ 136.453385037541665, 36.455155085459189 ], [ 136.453279290090592, 36.454355623078513 ], [ 136.454882955219915, 36.453349757293708 ], [ 136.456247309337954, 36.45282146460714 ], [ 136.456223381020607, 36.452505429658252 ] ] ] } },
{ "type": "Feature", "properties": { "CITY_NAME": "能美市", "S_NAME": "浜町", "JINKO": 1010, "medical_area": "17_南加賀医療圏", "町丁目名": "能美市浜町" }, "geometry": { "type": "Polygon", "coordinates": [ [ [ 136.44832354471157, 36.450831223002723 ], [ 136.450234690662256, 36.449604756766078 ], [ 136.45082510596842, 36.450346101760388 ], [ 136.451680439679336, 36.449877587034926 ], [ 136.451424472889414, 36.449630070054162 ], [ 136.45306064426947, 36.449546073352451 ], [ 136.455720288466779, 36.447835823709632 ], [ 136.456180598213336, 36.44828828716912 ], [ 136.457935073418525, 36.447363568144524 ], [ 136.458756681197599, 36.448441164324251 ], [ 136.458387849989407, 36.448649487013043 ], [ 136.458794763523514, 36.449130244256921 ], [ 136.458688752859331, 36.449187433079182 ], [ 136.458810896204255, 36.449599902363737 ], [ 136.45924274348161, 36.449378365712199 ], [ 136.459575574733719, 36.449397707939504 ], [ 136.459642586079013, 36.448492290910394 ], [ 136.459347221443466, 36.448613670856048 ], [ 136.459066739724193, 36.448265440268415 ], [ 136.459360791436495, 36.448091030179455 ], [ 136.459355216779642, 36.447921978996412 ], [ 136.45907068977391, 36.447631002826768 ], [ 136.45893534296215, 36.447698951573599 ], [ 136.458668577931832, 36.447405194435433 ], [ 136.458563525224804, 36.447457549599896 ], [ 136.45545380990896, 36.444394224270532 ], [ 136.454835732272528, 36.444914662344914 ], [ 136.454437128932966, 36.444694568906996 ], [ 136.454183931691432, 36.445052520695782 ], [ 136.45150880727536, 36.442800367615575 ], [ 136.450018739004747, 36.443952126405648 ], [ 136.449683997980969, 36.443660206998238 ], [ 136.4479338259938, 36.445013474211592 ], [ 136.447229468449905, 36.444517058140363 ], [ 136.44269578727679, 36.447181543419568 ], [ 136.443485360440661, 36.447321535963894 ], [ 136.443863488143876, 36.447567168359697 ], [ 136.444251147738782, 36.448468958282348 ], [ 136.445241817976012, 36.449063486274369 ], [ 136.446431800230471, 36.451029957951746 ], [ 136.447338301367012, 36.452001701612168 ], [ 136.4486673223048, 36.451262409886183 ], [ 136.44832354471157, 36.450831223002723 ] ] ] } },
{ "type": "Feature", "properties": { "CITY_NAME": "能美市", "S_NAME": "道林町", "JINKO": 719, "medical_area": "17_南加賀医療圏", "町丁目名": "能美市道林町" }, "geometry": { "type": "Polygon", "coordinates": [ [ [ 136.442258170142935, 36.447219431445198 ], [ 136.447229468449905, 36.444517058140363 ], [ 136.4479338259938, 36.445013474211592 ], [ 136.449683997980969, 36.443660206998238 ], [ 136.450018739004747, 36.443952126405648 ], [ 136.45150880727536, 36.442800367615575 ], [ 136.451169048194004, 36.442513913920052 ], [ 136.451317857266616, 36.442403429337645 ], [ 136.449945393075069, 36.44122766802036 ], [ 136.449781955397583, 36.441346440138055 ], [ 136.448042900761664, 36.439856490665285 ], [ 136.441625657071285, 36.435939207322249 ], [ 136.43901853580283, 36.437670677114227 ], [ 136.43837162745416, 36.437890039749469 ], [ 136.435567756010528, 36.439564027704741 ], [ 136.435562865040282, 36.439844291465512 ], [ 136.435704328597382, 36.440105601579425 ], [ 136.436353058599025, 36.440388057331184 ], [ 136.436783569664328, 36.441106295329135 ], [ 136.437239206876342, 36.441169470323906 ], [ 136.437661425733523, 36.441461368949959 ], [ 136.437788985562321, 36.441780253511986 ], [ 136.437671110805326, 36.442458154509715 ], [ 136.438671663821907, 36.442572438668307 ], [ 136.439122275650192, 36.442815818049347 ], [ 136.439311883099919, 36.443177466063077 ], [ 136.439286185264166, 36.443900992508318 ], [ 136.440673320457307, 36.444428592600211 ], [ 136.441174843871693, 36.445675347269777 ], [ 136.441794038852947, 36.4456638127674 ], [ 136.442277841635502, 36.445939807023414 ], [ 136.442548638623265, 36.446810263580929 ], [ 136.442258170142935, 36.447219431445198 ] ] ] } },
{ "type": "Feature", "properties": { "CITY_NAME": "能美市", "S_NAME": "山口町", "JINKO": 927, "medical_area": "17_南加賀医療圏", "町丁目名": "能美市山口町" }, "geometry": { "type": "Polygon", "coordinates": [ [ [ 136.43553824915935, 36.439495338481386 ], [ 136.43837162745416, 36.437890039749469 ], [ 136.43901853580283, 36.437670677114227 ], [ 136.441625657071285, 36.435939207322249 ], [ 136.441525084976121, 36.435856709215777 ], [ 136.442053680972805, 36.435646962400611 ], [ 136.440194127023034, 36.432487848503307 ], [ 136.440360324878753, 36.432348018903298 ], [ 136.439529066542036, 36.431574077298151 ], [ 136.437890933567587, 36.430452565928107 ], [ 136.432158603494884, 36.427943104345836 ], [ 136.431123419942566, 36.427198131824426 ], [ 136.426058674948763, 36.430263812488143 ], [ 136.426979483196249, 36.430600539300571 ], [ 136.427068841688708, 36.430935428396879 ], [ 136.426883534867329, 36.431191123893356 ], [ 136.427186373756058, 36.431478725915028 ], [ 136.42772732186404, 36.431473958324865 ], [ 136.428165445404915, 36.431258593581575 ], [ 136.427739359584763, 36.43150019034163 ], [ 136.42817335396029, 36.431960680860868 ], [ 136.428155292102446, 36.432331901214653 ], [ 136.428758228456559, 36.432618615613571 ], [ 136.429130250133568, 36.433258080412308 ], [ 136.430250228683803, 36.434294208736013 ], [ 136.430774937016082, 36.433888318181289 ], [ 136.430245973987581, 36.434394232377926 ], [ 136.430739013064681, 36.435332756360516 ], [ 136.431706595855189, 36.435975891820661 ], [ 136.432220707301184, 36.436928059062858 ], [ 136.433293140870148, 36.437344730065995 ], [ 136.433838628849969, 36.436976793545007 ], [ 136.433544174205622, 36.43721559944504 ], [ 136.433465330551371, 36.437534132178293 ], [ 136.434345169406981, 36.438149670591123 ], [ 136.434666247795377, 36.438760888960353 ], [ 136.435428413325155, 36.439197258696204 ], [ 136.43553824915935, 36.439495338481386 ] ] ] } },
{ "type": "Feature", "properties": { "CITY_NAME": "能美市", "S_NAME": "根上町", "JINKO": 134, "medical_area": "17_南加賀医療圏", "町丁目名": "能美市根上町" }, "geometry": { "type": "Polygon", "coordinates": [ [ [ 136.445501654621069, 36.438321506254674 ], [ 136.446829884982463, 36.437161699613071 ], [ 136.447327514535488, 36.43717260847405 ], [ 136.44763684927608, 36.436889552856641 ], [ 136.447426547546883, 36.436562817916496 ], [ 136.446744290544473, 36.436328724420129 ], [ 136.446425486384925, 36.436004999941147 ], [ 136.446434913465822, 36.434790278100223 ], [ 136.444124482323787, 36.434829830595092 ], [ 136.441525084976121, 36.435856709215798 ], [ 136.445501654621069, 36.438321506254674 ] ] ] } },
{ "type": "Feature", "properties": { "CITY_NAME": "能美市", "S_NAME": "和佐谷町", "JINKO": 73, "medical_area": "17_南加賀医療圏", "町丁目名": "能美市和佐谷町" }, "geometry": { "type": "Polygon", "coordinates": [ [ [ 136.631862899514317, 36.435577066253295 ], [ 136.629955921579693, 36.430505279174447 ], [ 136.625995434189093, 36.431501117285933 ], [ 136.62621072511439, 36.430564247483304 ], [ 136.625961099592132, 36.430016999902136 ], [ 136.624082919231796, 36.428794884972 ], [ 136.624705797780706, 36.426954543269879 ], [ 136.622764790777666, 36.426016561258258 ], [ 136.623267643930262, 36.425237583406478 ], [ 136.623216494224977, 36.424494008375262 ], [ 136.622798794982941, 36.423461216934008 ], [ 136.623232998265109, 36.422591947114526 ], [ 136.622652572685212, 36.42097733055536 ], [ 136.622253468842899, 36.420511202459494 ], [ 136.62185412050934, 36.419636804631949 ], [ 136.621637033173158, 36.418647669411286 ], [ 136.62101811488057, 36.418222960440488 ], [ 136.621021118285654, 36.416924182298324 ], [ 136.620666307415974, 36.416592382120783 ], [ 136.618862336401463, 36.416426351208301 ], [ 136.617786546528635, 36.415994638766506 ], [ 136.616932816374685, 36.414943211674554 ], [ 136.617228905348583, 36.411854150087891 ], [ 136.616583246569064, 36.410709007386401 ], [ 136.615116567835315, 36.408973916277752 ], [ 136.614303035300452, 36.408913758321809 ], [ 136.613419143182, 36.408278058112892 ], [ 136.612841328137108, 36.408100553059114 ], [ 136.612675144227069, 36.407268881645876 ], [ 136.612359473251047, 36.406851999527312 ], [ 136.612168841449972, 36.406189370295309 ], [ 136.611519429258891, 36.405566534510612 ], [ 136.610993653954836, 36.405448262178972 ], [ 136.610082396571102, 36.404940793648535 ], [ 136.609533132855404, 36.404990684524911 ], [ 136.608955461258944, 36.40480950106388 ], [ 136.608015187787402, 36.403933510132852 ], [ 136.606469302369817, 36.405171965388213 ], [ 136.605411129317048, 36.405435506929841 ], [ 136.605339266297108, 36.407299154787786 ], [ 136.603860025987188, 36.410367570707059 ], [ 136.603845088496172, 36.411372064466136 ], [ 136.604402206602799, 36.41379514885238 ], [ 136.605154942408944, 36.414006435876978 ], [ 136.605971162889375, 36.414689369574859 ], [ 136.60650516096544, 36.415352703778566 ], [ 136.607631132675692, 36.417536941905389 ], [ 136.608719493589035, 36.418926177488657 ], [ 136.610070440897431, 36.420232696879587 ], [ 136.61076857430524, 36.421266426253595 ], [ 136.610986900207649, 36.423220962203274 ], [ 136.610836740982933, 36.428123643593601 ], [ 136.612210503898353, 36.429810569935263 ], [ 136.614114293831875, 36.431485281142535 ], [ 136.614819901353457, 36.432978754923838 ], [ 136.61489315576253, 36.434239466601667 ], [ 136.613889041650339, 36.436699328111466 ], [ 136.613852159620933, 36.43776034891772 ], [ 136.615030145132238, 36.4383670666559 ], [ 136.615714212767415, 36.438929502874423 ], [ 136.617176929773819, 36.440350441821678 ], [ 136.617904260755097, 36.441338963494871 ], [ 136.618304421278225, 36.442472117358889 ], [ 136.618072461270344, 36.442872979080015 ], [ 136.617200730580436, 36.443534794325636 ], [ 136.617188241841774, 36.443903640379347 ], [ 136.61873775563754, 36.445677208220367 ], [ 136.62005712134868, 36.448088753336286 ], [ 136.620152121152017, 36.446052153783938 ], [ 136.620409115358285, 36.44498717850238 ], [ 136.620738065830579, 36.444236756717125 ], [ 136.621631919394702, 36.443392657633538 ], [ 136.623476369597086, 36.442301775351709 ], [ 136.628203292227596, 36.440612052722464 ], [ 136.631206352754845, 36.438656778450799 ], [ 136.631834351562901, 36.437410788443778 ], [ 136.631862899514317, 36.435577066253295 ] ] ] } },
{ "type": "Feature", "properties": { "CITY_NAME": "能美市", "S_NAME": "岩本町", "JINKO": 88, "medical_area": "17_南加賀医療圏", "町丁目名": "能美市岩本町" }, "geometry": { "type": "Polygon", "coordinates": [ [ [ 136.615905786678923, 36.454234733117346 ], [ 136.617212021295131, 36.453034827049578 ], [ 136.618944540437951, 36.450914127614652 ], [ 136.619877072560087, 36.449053115332447 ], [ 136.620057121348651, 36.448088753336286 ], [ 136.61873775563754, 36.445677208220367 ], [ 136.617188241841774, 36.443903640379339 ], [ 136.617200730580436, 36.443534794325636 ], [ 136.618072461270344, 36.442872979079986 ], [ 136.618304421278225, 36.442472117358889 ], [ 136.617904260755097, 36.441338963494879 ], [ 136.617176929773819, 36.440350441821678 ], [ 136.615714212767415, 36.438929502874423 ], [ 136.61443461563502, 36.438026750247317 ], [ 136.612978576206245, 36.437593460517874 ], [ 136.6116928713422, 36.43758740290464 ], [ 136.611121904442513, 36.43797949887265 ], [ 136.611004118282949, 36.439732251418555 ], [ 136.610119308118925, 36.440171959792309 ], [ 136.610815721403611, 36.441610425058435 ], [ 136.609420740704223, 36.442339490423613 ], [ 136.608747971713228, 36.443604747373342 ], [ 136.607632384578636, 36.444208559335912 ], [ 136.607157485423301, 36.44492618605554 ], [ 136.606560272069345, 36.44762835435013 ], [ 136.607009275276738, 36.448737976721951 ], [ 136.60748787554428, 36.449319254513497 ], [ 136.607688108448883, 36.449847581955389 ], [ 136.606956098799884, 36.45008258729937 ], [ 136.606494910135353, 36.450857235111904 ], [ 136.606564464935047, 36.451020168625952 ], [ 136.607327608483331, 36.451002448465907 ], [ 136.608880566315264, 36.45235018073641 ], [ 136.609209714711398, 36.452318099727727 ], [ 136.609502572918643, 36.453602475386312 ], [ 136.609972098246658, 36.45344064379151 ], [ 136.611560265391944, 36.455893377143148 ], [ 136.614438145434463, 36.455199709588072 ], [ 136.615905786678923, 36.454234733117346 ] ] ] } },
{ "type": "Feature", "properties": { "CITY_NAME": "能美市", "S_NAME": "灯台笹町", "JINKO": 255, "medical_area": "17_南加賀医療圏", "町丁目名": "能美市灯台笹町" }, "geometry": { "type": "Polygon", "coordinates": [ [ [ 136.611560265391944, 36.455893377143148 ], [ 136.609972098246658, 36.453440643791538 ], [ 136.609502572918672, 36.453602475386312 ], [ 136.609209714711398, 36.452318099727727 ], [ 136.608880566315264, 36.45235018073641 ], [ 136.607327608483331, 36.451002448465928 ], [ 136.606564464935047, 36.451020168625938 ], [ 136.60649491013541, 36.450857235111904 ], [ 136.606956098799884, 36.45008258729937 ], [ 136.607688108448883, 36.449847581955382 ], [ 136.60748787554428, 36.449319254513497 ], [ 136.607009275276738, 36.448737976721951 ], [ 136.606560272069345, 36.447628354350122 ], [ 136.607157485423301, 36.44492618605554 ], [ 136.607632384578665, 36.444208559335891 ], [ 136.608747971713257, 36.443604747373342 ], [ 136.609420740704223, 36.442339490423613 ], [ 136.61081572140364, 36.441610425058435 ], [ 136.610123691381403, 36.440333214392219 ], [ 136.610331997791349, 36.439490061871645 ], [ 136.607776841243236, 36.439126592041781 ], [ 136.607191161170107, 36.439238401671808 ], [ 136.60654875660029, 36.438882047030361 ], [ 136.605990625464472, 36.439489513850738 ], [ 136.604305687517126, 36.438413884908776 ], [ 136.603800029706434, 36.438292020040734 ], [ 136.603231645941349, 36.438579173804818 ], [ 136.601564165784907, 36.437272227208197 ], [ 136.600897712708957, 36.43719788849711 ], [ 136.60042981883683, 36.437505819077508 ], [ 136.599789241101092, 36.438878343035839 ], [ 136.598395999598551, 36.439102517896323 ], [ 136.597594903429751, 36.439398958046084 ], [ 136.596409529174821, 36.440200528570351 ], [ 136.597090978141523, 36.440903887502863 ], [ 136.597405941667205, 36.44097681908039 ], [ 136.59735960017386, 36.442139598793375 ], [ 136.597878137985504, 36.44323469909498 ], [ 136.598420297704337, 36.443690215257718 ], [ 136.598806681614576, 36.443692053059252 ], [ 136.598476396045044, 36.444573470462139 ], [ 136.598019462573262, 36.445229713635982 ], [ 136.599209735025397, 36.446729388690656 ], [ 136.599294568818721, 36.448114674518685 ], [ 136.599942021809653, 36.448669675078847 ], [ 136.60013356472956, 36.449499600062751 ], [ 136.600635552972847, 36.450226440116651 ], [ 136.601107555093364, 36.450504288602986 ], [ 136.60172784528288, 36.451474805405027 ], [ 136.599478565454717, 36.452362288703739 ], [ 136.599284785998805, 36.453416562909901 ], [ 136.598045014874515, 36.453266186441446 ], [ 136.598005680711651, 36.453593108149732 ], [ 136.597507549186105, 36.453545003562411 ], [ 136.597540397484494, 36.456541704870958 ], [ 136.597863153208294, 36.458484815272179 ], [ 136.601930945202554, 36.458247005135696 ], [ 136.60499613549527, 36.457715415524127 ], [ 136.611560265391944, 36.455893377143148 ] ] ] } },
{ "type": "Feature", "properties": { "CITY_NAME": "能美市", "S_NAME": "大口町", "JINKO": 160, "medical_area": "17_南加賀医療圏", "町丁目名": "能美市大口町" }, "geometry": { "type": "Polygon", "coordinates": [ [ [ 136.59022199816863, 36.440548216004785 ], [ 136.590590016022361, 36.440586534499886 ], [ 136.592231416326854, 36.441952696643831 ], [ 136.592628462580137, 36.441824809802526 ], [ 136.593448640710335, 36.441166421686582 ], [ 136.593670195726872, 36.441261727424887 ], [ 136.594418563975154, 36.440340719074229 ], [ 136.595399091412048, 36.439867134759083 ], [ 136.596302321618367, 36.440233848291797 ], [ 136.597594903429751, 36.439398958046084 ], [ 136.598395999598551, 36.439102517896323 ], [ 136.599789241101092, 36.438878343035839 ], [ 136.60042981883683, 36.437505819077508 ], [ 136.600897712708957, 36.43719788849711 ], [ 136.601564165784907, 36.437272227208197 ], [ 136.603231645941349, 36.438579173804818 ], [ 136.603800029706434, 36.438292020040734 ], [ 136.604305687517126, 36.438413884908776 ], [ 136.605990625464472, 36.439489513850738 ], [ 136.60654875660029, 36.438882047030361 ], [ 136.607191161170107, 36.439238401671808 ], [ 136.607776841243236, 36.439126592041781 ], [ 136.610331997791349, 36.439490061871645 ], [ 136.610119308118925, 36.440171959792309 ], [ 136.611004118282949, 36.439732251418555 ], [ 136.611121904442513, 36.43797949887265 ], [ 136.611366196987433, 36.437703612020478 ], [ 136.612470830318443, 36.437532074319421 ], [ 136.613852159620933, 36.43776034891772 ], [ 136.613889041650339, 36.436699328111466 ], [ 136.61489315576253, 36.434239466601667 ], [ 136.614819901353457, 36.432978754923838 ], [ 136.614114293831875, 36.431485281142535 ], [ 136.612210503898353, 36.429810569935263 ], [ 136.610836740982933, 36.428123643593601 ], [ 136.610986900207649, 36.423220962203274 ], [ 136.61076857430524, 36.421266426253595 ], [ 136.610070440897431, 36.420232696879587 ], [ 136.608719493589035, 36.418926177488657 ], [ 136.607631132675692, 36.417536941905389 ], [ 136.60650516096544, 36.415352703778566 ], [ 136.605154942408944, 36.414006435876978 ], [ 136.604402206602799, 36.41379514885238 ], [ 136.603658586671372, 36.414418317613631 ], [ 136.602763435312312, 36.414767650917341 ], [ 136.601285644732314, 36.414878874708897 ], [ 136.601001552165741, 36.414984091725273 ], [ 136.600769760170209, 36.415373586843565 ], [ 136.601818124333136, 36.416592265672811 ], [ 136.602076320997668, 36.417275753058675 ], [ 136.601819344441708, 36.418408579529874 ], [ 136.601851833500916, 36.41954404358966 ], [ 136.600892293361568, 36.420420636025135 ], [ 136.599406848730638, 36.421036915107415 ], [ 136.598760711227698, 36.421734768681077 ], [ 136.598584361221157, 36.422192893337801 ], [ 136.598750532359873, 36.423363679401959 ], [ 136.600319986196922, 36.42564291261931 ], [ 136.600456790710155, 36.426416131342435 ], [ 136.600293959793987, 36.426914103198527 ], [ 136.598738951227318, 36.428392480044025 ], [ 136.598291248619319, 36.429517833904349 ], [ 136.597252136861925, 36.430978258111423 ], [ 136.597310388050062, 36.43133635247338 ], [ 136.598391454972159, 36.432265869773175 ], [ 136.598183495487774, 36.432945062692148 ], [ 136.596927870040474, 36.432819903607523 ], [ 136.596198664645073, 36.432926642179297 ], [ 136.595053824346081, 36.433892270478474 ], [ 136.591960505364113, 36.433358309671235 ], [ 136.59057631527773, 36.433328393133877 ], [ 136.589944943171247, 36.434533593898259 ], [ 136.590395360183436, 36.434708028429561 ], [ 136.590075810385002, 36.434936191713916 ], [ 136.590002768461517, 36.435517840167108 ], [ 136.589111575399784, 36.435461247637086 ], [ 136.588742070614131, 36.436387131254321 ], [ 136.587969710304719, 36.436814532426041 ], [ 136.587680713274921, 36.43715658251763 ], [ 136.587105946502646, 36.438350206906286 ], [ 136.587714740989469, 36.438667222191484 ], [ 136.587759543473339, 36.438988676800449 ], [ 136.587351598445849, 36.43947673955082 ], [ 136.588037075310694, 36.439730545249766 ], [ 136.588088469557306, 36.440068367445903 ], [ 136.587931222347947, 36.440827173040226 ], [ 136.587577042818054, 36.441331831146279 ], [ 136.587443540834443, 36.442753680815429 ], [ 136.588823405095553, 36.44262476467825 ], [ 136.589093413304198, 36.442472298824029 ], [ 136.589194015514863, 36.441724451536814 ], [ 136.589673221593131, 36.440926683352806 ], [ 136.59022199816863, 36.440548216004785 ] ] ] } },
{ "type": "Feature", "properties": { "CITY_NAME": "能美市", "S_NAME": "旭台", "JINKO": 689, "medical_area": "17_南加賀医療圏", "町丁目名": "能美市旭台" }, "geometry": { "type": "Polygon", "coordinates": [ [ [ 136.599284785998805, 36.453416562909901 ], [ 136.599478565454717, 36.452362288703739 ], [ 136.60172784528288, 36.451474805405027 ], [ 136.601107555093364, 36.450504288602986 ], [ 136.600635552972847, 36.450226440116651 ], [ 136.60013356472956, 36.449499600062751 ], [ 136.599942021809653, 36.448669675078847 ], [ 136.599294568818721, 36.448114674518685 ], [ 136.599209735025397, 36.446729388690656 ], [ 136.598019462573262, 36.445229713635982 ], [ 136.598476396045044, 36.444573470462139 ], [ 136.598806681614576, 36.443692053059252 ], [ 136.598420297704337, 36.443690215257718 ], [ 136.597878137985504, 36.44323469909498 ], [ 136.59735960017386, 36.442139598793375 ], [ 136.597405941667205, 36.44097681908039 ], [ 136.597090978141523, 36.440903887502863 ], [ 136.596409529174821, 36.440200528570351 ], [ 136.596138124939898, 36.440219156975154 ], [ 136.595399091412048, 36.439867134759083 ], [ 136.594418563975154, 36.440340719074229 ], [ 136.593670195726872, 36.441261727424887 ], [ 136.593448640710335, 36.441166421686582 ], [ 136.592628462580137, 36.441824809802526 ], [ 136.592231416326854, 36.441952696643831 ], [ 136.590590016022361, 36.440586534499886 ], [ 136.59022199816863, 36.440548216004785 ], [ 136.589673221593131, 36.440926683352806 ], [ 136.589194015514863, 36.441724451536814 ], [ 136.58913472523588, 36.442424234364083 ], [ 136.588876445809376, 36.442611256122291 ], [ 136.586954393456693, 36.442743632138566 ], [ 136.586065704444735, 36.442972575029685 ], [ 136.585145775182696, 36.442492661482042 ], [ 136.584509402130607, 36.442774818856634 ], [ 136.583797152700043, 36.442859773474858 ], [ 136.582395961709352, 36.443564995570924 ], [ 136.581452019288491, 36.443401139516531 ], [ 136.580919375533938, 36.443618199394166 ], [ 136.580741199394083, 36.444507814499801 ], [ 136.580108353557904, 36.445672306243395 ], [ 136.580470365141849, 36.446066253802343 ], [ 136.58012241549477, 36.447621494689599 ], [ 136.580244254280217, 36.44812532882343 ], [ 136.57991495120649, 36.448758008040052 ], [ 136.579656163923943, 36.448716567473447 ], [ 136.57906296277244, 36.450158859890287 ], [ 136.581875935912677, 36.450070240713345 ], [ 136.584531009070702, 36.45039298445198 ], [ 136.585827597961213, 36.4507810518637 ], [ 136.58640483671158, 36.449575953664215 ], [ 136.587255537222774, 36.448980500593947 ], [ 136.587568111258889, 36.448920377108394 ], [ 136.587453593939159, 36.449396126794703 ], [ 136.58755400131173, 36.450357672344083 ], [ 136.587981717370468, 36.450907551760196 ], [ 136.588764868865042, 36.450884028558775 ], [ 136.589139465801566, 36.451111392844517 ], [ 136.591851396517484, 36.451448470787838 ], [ 136.592815941250706, 36.451907699948954 ], [ 136.594097591669083, 36.45217915514467 ], [ 136.594119639320326, 36.452339647926436 ], [ 136.594606644181908, 36.452519727599423 ], [ 136.596188253771658, 36.452594365913662 ], [ 136.597926676338744, 36.453030462901651 ], [ 136.598174782948689, 36.453290742574623 ], [ 136.598681788973522, 36.45338282034885 ], [ 136.599284785998805, 36.453416562909901 ] ] ] } },
{ "type": "Feature", "properties": { "CITY_NAME": "能美市", "S_NAME": "宮竹町", "JINKO": 978, "medical_area": "17_南加賀医療圏", "町丁目名": "能美市宮竹町" }, "geometry": { "type": "Polygon", "coordinates": [ [ [ 136.597515812855079, 36.45574145039788 ], [ 136.597507549186105, 36.453545003562411 ], [ 136.598005680711651, 36.453593108149732 ], [ 136.598045014874515, 36.453266186441446 ], [ 136.598174782948689, 36.453290742574623 ], [ 136.598092119836764, 36.453122922514133 ], [ 136.596188253771658, 36.452594365913662 ], [ 136.594606644181908, 36.452519727599423 ], [ 136.594119639320326, 36.452339647926436 ], [ 136.594097591669083, 36.45217915514467 ], [ 136.592815941250706, 36.451907699948954 ], [ 136.591851396517484, 36.451448470787838 ], [ 136.589139465801566, 36.451111392844517 ], [ 136.588764868865042, 36.450884028558775 ], [ 136.587981717370468, 36.450907551760196 ], [ 136.58755400131173, 36.450357672344083 ], [ 136.587453593939159, 36.449396126794703 ], [ 136.587568111258889, 36.448920377108394 ], [ 136.587255537222774, 36.448980500593947 ], [ 136.58640483671158, 36.449575953664215 ], [ 136.585827597961213, 36.4507810518637 ], [ 136.583847811868537, 36.450271926654949 ], [ 136.581488089918366, 36.450084497176775 ], [ 136.581587074091317, 36.451109900152531 ], [ 136.581327160444488, 36.451118869891737 ], [ 136.581382937416777, 36.45212959109687 ], [ 136.581156765339585, 36.452142105584706 ], [ 136.581244928906159, 36.452925112432332 ], [ 136.581088527744555, 36.452931174336683 ], [ 136.581095900574525, 36.453638585895092 ], [ 136.580895049922219, 36.453644358910658 ], [ 136.581071430610649, 36.455575911542418 ], [ 136.580601103615379, 36.455625210527579 ], [ 136.58069744552904, 36.457164909425515 ], [ 136.580482633903245, 36.457409291086606 ], [ 136.580357517472692, 36.458186316651819 ], [ 136.580445243729457, 36.459961763885758 ], [ 136.593018998702831, 36.459049782284815 ], [ 136.597863153208294, 36.458484815272179 ], [ 136.597515812855079, 36.45574145039788 ] ] ] } },
{ "type": "Feature", "properties": { "CITY_NAME": "能美市", "S_NAME": "三ツ口町", "JINKO": 195, "medical_area": "17_南加賀医療圏", "町丁目名": "能美市三ツ口町" }, "geometry": { "type": "Polygon", "coordinates": [ [ [ 136.579600286242766, 36.4621686522242 ], [ 136.579601681511463, 36.461983173663413 ], [ 136.579424800107375, 36.461991984037716 ], [ 136.579359047943939, 36.461497935545808 ], [ 136.580438329707874, 36.461433400521784 ], [ 136.580357517472692, 36.458186316651819 ], [ 136.580482633903245, 36.457409291086606 ], [ 136.58069744552904, 36.457164909425515 ], [ 136.580601103615379, 36.455625210527579 ], [ 136.581071430610649, 36.455575911542418 ], [ 136.580895049922219, 36.453644358910658 ], [ 136.581095900574525, 36.453638585895092 ], [ 136.581088527744555, 36.452931174336683 ], [ 136.581244928906159, 36.452925112432332 ], [ 136.581156765339585, 36.452142105584706 ], [ 136.581382937416777, 36.45212959109687 ], [ 136.581327160444488, 36.451118869891737 ], [ 136.574577452652903, 36.451303118228552 ], [ 136.574652506276976, 36.451697417989308 ], [ 136.574411746048611, 36.451915260410054 ], [ 136.573388325896616, 36.451848251696219 ], [ 136.573689492142364, 36.457834103347935 ], [ 136.574111403214374, 36.46219977824228 ], [ 136.579600286242766, 36.4621686522242 ] ] ] } },
{ "type": "Feature", "properties": { "CITY_NAME": "能美市", "S_NAME": "長滝町", "JINKO": 86, "medical_area": "17_南加賀医療圏", "町丁目名": "能美市長滝町" }, "geometry": { "type": "Polygon", "coordinates": [ [ [ 136.574577452652903, 36.451303118228552 ], [ 136.581587074091317, 36.451109900152531 ], [ 136.581488089918366, 36.450084497176775 ], [ 136.579830903455587, 36.450199357549657 ], [ 136.57903718775799, 36.450103780664882 ], [ 136.579656163923943, 36.448716567473447 ], [ 136.579914951206462, 36.448758008040052 ], [ 136.580244254280217, 36.44812532882343 ], [ 136.58012241549477, 36.44762149468955 ], [ 136.580470365141849, 36.446066253802343 ], [ 136.580108353557904, 36.445672306243374 ], [ 136.580741199394083, 36.444507814499801 ], [ 136.580919375533938, 36.443618199394166 ], [ 136.581452019288491, 36.443401139516531 ], [ 136.582395961709352, 36.443564995570924 ], [ 136.583797152700043, 36.442859773474858 ], [ 136.584509402130578, 36.442774818856641 ], [ 136.585145775182696, 36.442492661482021 ], [ 136.586065704444735, 36.442972575029685 ], [ 136.587443540834471, 36.442753680815429 ], [ 136.587577042818054, 36.441331831146272 ], [ 136.587931222347947, 36.440827173040226 ], [ 136.588088469557249, 36.440068367445903 ], [ 136.588037075310694, 36.439730545249766 ], [ 136.587351598445849, 36.43947673955082 ], [ 136.587780808068544, 36.438847224254019 ], [ 136.587587462993611, 36.438563137383859 ], [ 136.587105946502646, 36.438350206906286 ], [ 136.587200274648495, 36.438085613917671 ], [ 136.587811628074661, 36.436951870997369 ], [ 136.588742070614131, 36.436387131254286 ], [ 136.588995254643578, 36.435572670239097 ], [ 136.589264233543275, 36.43543213299931 ], [ 136.590002768461517, 36.435517840167108 ], [ 136.590037496449213, 36.435027222357697 ], [ 136.590353985605788, 36.434647029201173 ], [ 136.58962853141341, 36.434584622711078 ], [ 136.588521603813263, 36.435064027581404 ], [ 136.587563290711586, 36.436099282543829 ], [ 136.583734059791766, 36.436916701382934 ], [ 136.581665387042079, 36.436834519545592 ], [ 136.579891322851296, 36.437959458440609 ], [ 136.579714545880677, 36.43869228065374 ], [ 136.579935963227314, 36.43985838090061 ], [ 136.578501339519931, 36.440284788788787 ], [ 136.578107780325865, 36.440595179051897 ], [ 136.577814293911814, 36.440987453744128 ], [ 136.577610537745784, 36.441913971551351 ], [ 136.577128830157108, 36.441790454786549 ], [ 136.576577334215926, 36.44098514598673 ], [ 136.575507883398387, 36.441302321265333 ], [ 136.57627054242073, 36.442668953865358 ], [ 136.577310856675126, 36.443356706017397 ], [ 136.577854551352004, 36.444084703027251 ], [ 136.578021017806947, 36.445122244849614 ], [ 136.577539489337056, 36.445947575850376 ], [ 136.576071383479785, 36.446652801894473 ], [ 136.575947447500596, 36.44815657931003 ], [ 136.575489661449183, 36.448942802315244 ], [ 136.57531524871564, 36.449894689372265 ], [ 136.574577452652903, 36.451303118228552 ] ] ] } },
{ "type": "Feature", "properties": { "CITY_NAME": "能美市", "S_NAME": "莇生町", "JINKO": 92, "medical_area": "17_南加賀医療圏", "町丁目名": "能美市莇生町" }, "geometry": { "type": "Polygon", "coordinates": [ [ [ 136.574577452652903, 36.451303118228552 ], [ 136.57531524871564, 36.449894689372265 ], [ 136.575489661449183, 36.448942802315244 ], [ 136.575947447500596, 36.44815657931003 ], [ 136.576071383479785, 36.446652801894473 ], [ 136.577539489337056, 36.445947575850376 ], [ 136.578021017806947, 36.445122244849614 ], [ 136.577854551352004, 36.444084703027251 ], [ 136.577310856675126, 36.443356706017397 ], [ 136.57627054242073, 36.442668953865358 ], [ 136.575215771477161, 36.440745951533437 ], [ 136.575015520984607, 36.439998315788635 ], [ 136.57472166412316, 36.439753668727448 ], [ 136.574165598141946, 36.440663926961292 ], [ 136.574727041803982, 36.443222317379892 ], [ 136.574537491356381, 36.443844277548877 ], [ 136.574206693873151, 36.443947155332417 ], [ 136.574981663787213, 36.445506132896206 ], [ 136.574920600345706, 36.446422041862007 ], [ 136.573971193329498, 36.447141537638615 ], [ 136.573457929495163, 36.447273393218467 ], [ 136.573042355528372, 36.448115932384312 ], [ 136.571963640274276, 36.449341806792219 ], [ 136.571516298841772, 36.449598221304591 ], [ 136.571041568970998, 36.449183551422074 ], [ 136.570501135918136, 36.447964606426318 ], [ 136.570293780463516, 36.447779879971897 ], [ 136.56970936352289, 36.447762000600903 ], [ 136.569636826643574, 36.448255335235871 ], [ 136.570168418395042, 36.449301248014152 ], [ 136.570087795498324, 36.449535936036114 ], [ 136.569567171366401, 36.449829680388177 ], [ 136.569759326286515, 36.452451056112274 ], [ 136.570778277016871, 36.452402279129338 ], [ 136.571073149764857, 36.451930542105565 ], [ 136.571692471466747, 36.451804184383882 ], [ 136.572928141292721, 36.45175246153164 ], [ 136.574411746048611, 36.451915260410054 ], [ 136.574652506276948, 36.451697417989266 ], [ 136.574577452652903, 36.451303118228552 ] ] ] } },
{ "type": "Feature", "properties": { "CITY_NAME": "能美市", "S_NAME": "岩内町", "JINKO": 488, "medical_area": "17_南加賀医療圏", "町丁目名": "能美市岩内町" }, "geometry": { "type": "Polygon", "coordinates": [ [ [ 136.573926959753891, 36.460163378310071 ], [ 136.573388325896616, 36.451848251696219 ], [ 136.571422358278738, 36.451841456051184 ], [ 136.570960178560171, 36.452007180565133 ], [ 136.570778277016871, 36.452402279129338 ], [ 136.569759326286515, 36.452451056112274 ], [ 136.569567171366401, 36.449829680388177 ], [ 136.570087795498324, 36.449535936036121 ], [ 136.570168418395042, 36.449301248014152 ], [ 136.569608262259635, 36.448024959668238 ], [ 136.56970936352289, 36.447762000600882 ], [ 136.570293780463516, 36.447779879971897 ], [ 136.570694089897444, 36.448209177879512 ], [ 136.571041568971026, 36.449183551422074 ], [ 136.571516298841772, 36.449598221304591 ], [ 136.571963640274276, 36.449341806792219 ], [ 136.573042355528372, 36.448115932384312 ], [ 136.573457929495163, 36.447273393218467 ], [ 136.57397119332947, 36.447141537638608 ], [ 136.574920600345706, 36.446422041862007 ], [ 136.574981663787213, 36.445506132896206 ], [ 136.574206693873094, 36.443947155332424 ], [ 136.574537491356409, 36.443844277548877 ], [ 136.574727041803982, 36.443222317379892 ], [ 136.574165598141917, 36.440663926961292 ], [ 136.574578428531197, 36.439842552580068 ], [ 136.57479543819548, 36.439775368305995 ], [ 136.575015520984607, 36.439998315788635 ], [ 136.575507883398387, 36.441302321265347 ], [ 136.576577334215926, 36.44098514598673 ], [ 136.577128830157108, 36.441790454786549 ], [ 136.57753994618659, 36.441955270598598 ], [ 136.577814293911814, 36.440987453744128 ], [ 136.578331828698651, 36.440397556446676 ], [ 136.579935963227314, 36.43985838090061 ], [ 136.579712876304228, 36.438531810592181 ], [ 136.579978328750428, 36.437866876039209 ], [ 136.581896160382882, 36.436765875337798 ], [ 136.583734059791766, 36.436916701382934 ], [ 136.587563290711586, 36.436099282543829 ], [ 136.5882354507321, 36.43528213936564 ], [ 136.589253270971511, 36.434728413422995 ], [ 136.589427144905869, 36.434333555086226 ], [ 136.589116553928733, 36.433850490076701 ], [ 136.587034668429823, 36.433011635087489 ], [ 136.585902925923932, 36.432774305755025 ], [ 136.58539341113638, 36.433214731989779 ], [ 136.58586986017275, 36.434198520513092 ], [ 136.583293548335917, 36.434884764974569 ], [ 136.582188940184807, 36.434139116418272 ], [ 136.581775011779229, 36.433626730827008 ], [ 136.581525373864622, 36.433580305363009 ], [ 136.581091944619459, 36.433845698458931 ], [ 136.580204200083188, 36.433361858102231 ], [ 136.579967360982579, 36.432812067900038 ], [ 136.579396632776309, 36.43272656770052 ], [ 136.578842776105091, 36.432981399732597 ], [ 136.579219053823635, 36.433428199987517 ], [ 136.579355101729675, 36.433939757058582 ], [ 136.579122275725382, 36.434583522531121 ], [ 136.577852406090756, 36.435562709277882 ], [ 136.577417994372439, 36.435724055002737 ], [ 136.577171556856996, 36.435720727910123 ], [ 136.576765417966101, 36.435403290453159 ], [ 136.575591977361057, 36.4351599985051 ], [ 136.574886046756035, 36.434706484401531 ], [ 136.574606056251525, 36.434290282822793 ], [ 136.573515349784174, 36.433906493326752 ], [ 136.573072451960002, 36.434055144450674 ], [ 136.57330513848845, 36.434549054417069 ], [ 136.573671240496481, 36.434823672067409 ], [ 136.57360917651198, 36.435050854904389 ], [ 136.573788874302068, 36.435219637376285 ], [ 136.573003042044888, 36.435655786026615 ], [ 136.572889649254648, 36.43557939259361 ], [ 136.573123757918182, 36.435204152353933 ], [ 136.572840610146585, 36.434975253588938 ], [ 136.571078613039674, 36.435089700114325 ], [ 136.570505660453136, 36.43551200751957 ], [ 136.570235419910091, 36.435350903011106 ], [ 136.570425727234976, 36.435007906683943 ], [ 136.570282674000964, 36.434651100985974 ], [ 136.56954723737357, 36.434409134312887 ], [ 136.568942125028229, 36.434655252813329 ], [ 136.568532326426293, 36.43586254077384 ], [ 136.56871781260358, 36.436269935497151 ], [ 136.568515541718369, 36.437047075094753 ], [ 136.569158786738257, 36.436938834621756 ], [ 136.568778074265083, 36.437668472404425 ], [ 136.569195660013236, 36.439720629690832 ], [ 136.568352843509331, 36.440555961369483 ], [ 136.567912738831524, 36.441447306112771 ], [ 136.568076804018034, 36.443660170740408 ], [ 136.567534173129502, 36.444968658097821 ], [ 136.56758803914326, 36.446141983100709 ], [ 136.567403753853739, 36.446750575046728 ], [ 136.567205016163285, 36.446903102113893 ], [ 136.566501024002577, 36.446926852866689 ], [ 136.567039200649447, 36.448401697153841 ], [ 136.567059748564589, 36.448869163981172 ], [ 136.566783565464988, 36.449362388325504 ], [ 136.567064695650913, 36.449790256633236 ], [ 136.567534777908492, 36.450098321591419 ], [ 136.566434564463862, 36.450234954433959 ], [ 136.56603468296808, 36.449791562838413 ], [ 136.564586274631353, 36.449812929805823 ], [ 136.563406834234542, 36.450682601405674 ], [ 136.563476253925643, 36.453871435369699 ], [ 136.563937683277516, 36.453969904099665 ], [ 136.56388582912092, 36.454319245465946 ], [ 136.564502995853388, 36.454374421496212 ], [ 136.563965497111639, 36.455474980815524 ], [ 136.563730934517309, 36.455641047801826 ], [ 136.564086366349443, 36.455680507611724 ], [ 136.564701404695455, 36.46056009327738 ], [ 136.573926959753891, 36.460163378310071 ] ] ] } },
{ "type": "Feature", "properties": { "CITY_NAME": "能美市", "S_NAME": "火釜町", "JINKO": 440, "medical_area": "17_南加賀医療圏", "町丁目名": "能美市火釜町" }, "geometry": { "type": "Polygon", "coordinates": [ [ [ 136.563965497111639, 36.455474980815524 ], [ 136.564502995853388, 36.454374421496212 ], [ 136.56388582912092, 36.454319245465946 ], [ 136.563937683277516, 36.453969904099665 ], [ 136.563476253925643, 36.453871435369699 ], [ 136.563406834234542, 36.450682601405674 ], [ 136.564586274631353, 36.449812929805823 ], [ 136.563858526057686, 36.449721322953053 ], [ 136.562967499215148, 36.449337049943381 ], [ 136.562729896016833, 36.449138251876597 ], [ 136.562786816242038, 36.448804844182071 ], [ 136.561186151286194, 36.447948235669351 ], [ 136.560310103942044, 36.448707288008592 ], [ 136.559546161260641, 36.449645245862889 ], [ 136.559488053478901, 36.450140476648123 ], [ 136.559624861746045, 36.450170954577018 ], [ 136.559330252211055, 36.451244222523655 ], [ 136.558795595432798, 36.451168073539947 ], [ 136.558184392495718, 36.454032883557474 ], [ 136.558070953108086, 36.455374884350839 ], [ 136.557932488055542, 36.455365555884754 ], [ 136.557896977353835, 36.455990546702942 ], [ 136.559003797202934, 36.460826077625285 ], [ 136.564701404695455, 36.46056009327738 ], [ 136.564086366349443, 36.455680507611724 ], [ 136.563730934517309, 36.455641047801826 ], [ 136.563965497111639, 36.455474980815524 ] ] ] } },
{ "type": "Feature", "properties": { "CITY_NAME": "能美市", "S_NAME": "来丸町", "JINKO": 183, "medical_area": "17_南加賀医療圏", "町丁目名": "能美市来丸町" }, "geometry": { "type": "Polygon", "coordinates": [ [ [ 136.558184392495718, 36.454032883557474 ], [ 136.558795595432798, 36.451168073539947 ], [ 136.559330252211055, 36.451244222523655 ], [ 136.559624861746045, 36.450170954577018 ], [ 136.559488053478901, 36.450140476648123 ], [ 136.559546161260641, 36.449645245862889 ], [ 136.560310103942044, 36.448707288008592 ], [ 136.561186151286194, 36.447948235669351 ], [ 136.560745279334526, 36.447586958700811 ], [ 136.560904528829752, 36.447044892627204 ], [ 136.560584908057052, 36.446725771949616 ], [ 136.560188474095526, 36.446602131790364 ], [ 136.559523027305801, 36.446779136845052 ], [ 136.559589595135947, 36.446444970021389 ], [ 136.559146856216074, 36.446751352446348 ], [ 136.554295966522318, 36.44549666542305 ], [ 136.554419368315251, 36.444875459456448 ], [ 136.554163362988334, 36.444411956025682 ], [ 136.554697131120861, 36.444316223843593 ], [ 136.554172646560886, 36.444078798698563 ], [ 136.553097423643578, 36.444267188450773 ], [ 136.552126606210635, 36.444835463543122 ], [ 136.551329573780066, 36.444450351765319 ], [ 136.550999338327387, 36.445249715394048 ], [ 136.550160521785983, 36.445348927033301 ], [ 136.549474597064716, 36.445673559235608 ], [ 136.548554432352148, 36.445744106621184 ], [ 136.548514199517314, 36.446973355732794 ], [ 136.548238637284754, 36.447225681227842 ], [ 136.548142889842239, 36.44770951839196 ], [ 136.548064036889883, 36.449563471866696 ], [ 136.549540759835708, 36.450249898190634 ], [ 136.549729664115603, 36.45062286938844 ], [ 136.550319091833558, 36.450637172459849 ], [ 136.551022686808636, 36.450315759011396 ], [ 136.551020189794059, 36.452029780103693 ], [ 136.554104986258494, 36.452070747417523 ], [ 136.554216832394587, 36.452604443320247 ], [ 136.554394756149691, 36.452632566702874 ], [ 136.554425136154236, 36.45305277025814 ], [ 136.55469026012878, 36.453047543712081 ], [ 136.554918450336032, 36.453596049429109 ], [ 136.558184392495718, 36.454032883557474 ] ] ] } },
{ "type": "Feature", "properties": { "CITY_NAME": "能美市", "S_NAME": "山田町", "JINKO": 205, "medical_area": "17_南加賀医療圏", "町丁目名": "能美市山田町" }, "geometry": { "type": "Polygon", "coordinates": [ [ [ 136.553866202781961, 36.460973249666985 ], [ 136.559003797202934, 36.460826077625285 ], [ 136.557896977353835, 36.455990546702949 ], [ 136.558184392495718, 36.454032883557474 ], [ 136.556850228033596, 36.45376745536894 ], [ 136.55534170040599, 36.453715719638197 ], [ 136.554918450335975, 36.453596049429109 ], [ 136.55469026012878, 36.453047543712067 ], [ 136.553365998783988, 36.453039568487988 ], [ 136.553371011011762, 36.45516515861501 ], [ 136.55247524526078, 36.455187811244159 ], [ 136.552478767381359, 36.455355079797229 ], [ 136.546550591520798, 36.455333158851083 ], [ 136.546625653807354, 36.457236625743789 ], [ 136.546352578412325, 36.457227778524206 ], [ 136.546837033246192, 36.460970408497126 ], [ 136.550775979228803, 36.460721871307591 ], [ 136.553866202781961, 36.460973249666985 ] ] ] } },
{ "type": "Feature", "properties": { "CITY_NAME": "能美市", "S_NAME": "三ツ屋町", "JINKO": 654, "medical_area": "17_南加賀医療圏", "町丁目名": "能美市三ツ屋町" }, "geometry": { "type": "Polygon", "coordinates": [ [ [ 136.552478767381359, 36.455355079797229 ], [ 136.55247524526078, 36.455187811244159 ], [ 136.553371011011762, 36.45516515861501 ], [ 136.553365998783988, 36.453039568487988 ], [ 136.554425136154236, 36.45305277025814 ], [ 136.554394756149691, 36.452632566702874 ], [ 136.554216832394587, 36.452604443320247 ], [ 136.554104986258494, 36.452070747417523 ], [ 136.551020189794059, 36.452029780103693 ], [ 136.551022686808636, 36.450315759011396 ], [ 136.550319091833558, 36.450637172459849 ], [ 136.549729664115603, 36.45062286938844 ], [ 136.549540759835708, 36.450249898190634 ], [ 136.548064036889883, 36.449563471866696 ], [ 136.54798299956272, 36.450749490490999 ], [ 136.546767291212063, 36.450710419208761 ], [ 136.546724234997782, 36.451027838137513 ], [ 136.54559763337511, 36.451212954944012 ], [ 136.545543408548156, 36.453063123786528 ], [ 136.545689676448291, 36.453772173126637 ], [ 136.546400381351901, 36.454948943971772 ], [ 136.546811919376523, 36.4549375662763 ], [ 136.546840059383612, 36.455312625756243 ], [ 136.552478767381359, 36.455355079797229 ] ] ] } },
{ "type": "Feature", "properties": { "CITY_NAME": "能美市", "S_NAME": "三ツ屋町", "JINKO": 0, "medical_area": "17_南加賀医療圏", "町丁目名": "能美市三ツ屋町" }, "geometry": { "type": "Polygon", "coordinates": [ [ [ 136.567064695650913, 36.449790256633236 ], [ 136.566783565464988, 36.449362388325504 ], [ 136.567059748564589, 36.448869163981172 ], [ 136.567039200649447, 36.448401697153841 ], [ 136.566501024002577, 36.446926852866689 ], [ 136.567320970257526, 36.446868655409233 ], [ 136.56758803914326, 36.446141983100709 ], [ 136.567534173129502, 36.444968658097821 ], [ 136.568076804018034, 36.443660170740408 ], [ 136.567912738831524, 36.441447306112771 ], [ 136.568352843509331, 36.440555961369483 ], [ 136.569195660013236, 36.439720629690832 ], [ 136.568778074265083, 36.437668472404425 ], [ 136.569158786738257, 36.436938834621756 ], [ 136.568515541718369, 36.437047075094753 ], [ 136.56871781260358, 36.436269935497151 ], [ 136.568254998314444, 36.435449720837809 ], [ 136.567044669064387, 36.435214267068034 ], [ 136.566745550764153, 36.434945460827684 ], [ 136.566497369042366, 36.433831094905862 ], [ 136.566615661583995, 36.433217269245588 ], [ 136.566493272776057, 36.432282898507118 ], [ 136.564121266906227, 36.432195320705411 ], [ 136.561693336186835, 36.430987078082524 ], [ 136.561342134199833, 36.430669521533574 ], [ 136.56045411193665, 36.431062093152825 ], [ 136.560181700941769, 36.431404268940781 ], [ 136.561118083709346, 36.43268716658406 ], [ 136.561008539453297, 36.433251779247854 ], [ 136.560663794921481, 36.433493857971065 ], [ 136.560206297326943, 36.433539556702485 ], [ 136.559272537747603, 36.433102618426183 ], [ 136.557314025459249, 36.432763881316326 ], [ 136.554332754308945, 36.432852075944631 ], [ 136.553558642618071, 36.433051271651728 ], [ 136.552977349835288, 36.43401059305944 ], [ 136.553444277799116, 36.435095337667171 ], [ 136.553147939794911, 36.435577766984792 ], [ 136.552449036114808, 36.435577804784778 ], [ 136.551562172611597, 36.435125520735035 ], [ 136.551401777907358, 36.435172924934619 ], [ 136.551097457903552, 36.43574898559956 ], [ 136.55069039277987, 36.4357622384113 ], [ 136.550298890505132, 36.435525655288977 ], [ 136.550251343177138, 36.436146586465426 ], [ 136.551327638367809, 36.437698078630703 ], [ 136.551798308265489, 36.43781385820148 ], [ 136.552149478062375, 36.438426663014425 ], [ 136.552075123302387, 36.439264981486353 ], [ 136.552208594028656, 36.439937499637466 ], [ 136.553776120238638, 36.4401058998194 ], [ 136.554093059683197, 36.440015395929073 ], [ 136.554537825200072, 36.439525733164835 ], [ 136.556375538212819, 36.439185447218939 ], [ 136.557561307430035, 36.439152734744361 ], [ 136.558124933291765, 36.439441214719601 ], [ 136.560399359445483, 36.439562817674833 ], [ 136.561190826236441, 36.439386125657776 ], [ 136.563071452520006, 36.438211724111888 ], [ 136.564755097784968, 36.437906404245958 ], [ 136.56460665116245, 36.438359119595816 ], [ 136.564875238710812, 36.438575990067001 ], [ 136.564782864904203, 36.439073978499181 ], [ 136.563982965159056, 36.439283214351775 ], [ 136.563759401899063, 36.439504013162455 ], [ 136.561565340181915, 36.439590021411284 ], [ 136.558820743125779, 36.440340061499597 ], [ 136.557538762044459, 36.440081546337474 ], [ 136.556784543771329, 36.440419603269923 ], [ 136.556461028874196, 36.440766296258623 ], [ 136.556437024284094, 36.441161408031782 ], [ 136.556602821372962, 36.441354783494866 ], [ 136.557762202975454, 36.441664645287737 ], [ 136.557789442565138, 36.441953949915039 ], [ 136.557436308734594, 36.442421665670025 ], [ 136.558140689542796, 36.443073323049624 ], [ 136.558139123523802, 36.443274047476507 ], [ 136.557830667937395, 36.44341536942968 ], [ 136.555854352451888, 36.442798020826167 ], [ 136.555019135928546, 36.442720597057424 ], [ 136.554853908585386, 36.442849021161535 ], [ 136.554980173467442, 36.443394026612026 ], [ 136.554665750529182, 36.443756426487006 ], [ 136.554697131120861, 36.444316223843593 ], [ 136.554163362988334, 36.444411956025682 ], [ 136.554419368315251, 36.444875459456448 ], [ 136.554295966522318, 36.44549666542305 ], [ 136.559146856216074, 36.446751352446348 ], [ 136.559589595135947, 36.446444970021389 ], [ 136.559523027305801, 36.446779136845052 ], [ 136.560455866937843, 36.446644042663323 ], [ 136.560904528829752, 36.447044892627204 ], [ 136.560729970518196, 36.447426143233145 ], [ 136.56092614876556, 36.447778714549365 ], [ 136.562786816242038, 36.448804844182071 ], [ 136.562778309560514, 36.449199996603475 ], [ 136.563858526057686, 36.449721322953053 ], [ 136.56603468296808, 36.449791562838413 ], [ 136.566434564463862, 36.450234954433959 ], [ 136.567534777908492, 36.450098321591419 ], [ 136.567064695650913, 36.449790256633236 ] ] ] } },
{ "type": "Feature", "properties": { "CITY_NAME": "能美市", "S_NAME": "倉重町", "JINKO": 224, "medical_area": "17_南加賀医療圏", "町丁目名": "能美市倉重町" }, "geometry": { "type": "Polygon", "coordinates": [ [ [ 136.545183469796285, 36.455370713038526 ], [ 136.545791065619483, 36.455133897844291 ], [ 136.546316040488421, 36.455330494883185 ], [ 136.546840059383612, 36.455312625756243 ], [ 136.546811919376523, 36.4549375662763 ], [ 136.546400381351901, 36.454948943971772 ], [ 136.545689676448291, 36.453772173126637 ], [ 136.545543408548156, 36.453063123786528 ], [ 136.54559763337511, 36.451212954944012 ], [ 136.544171040791184, 36.451313730766586 ], [ 136.543328142574182, 36.451129260038478 ], [ 136.542837841875837, 36.450777404268955 ], [ 136.541912194408496, 36.449673110258203 ], [ 136.541470412903209, 36.451275168384718 ], [ 136.54097230719006, 36.451190036693824 ], [ 136.540848962526638, 36.45157779236267 ], [ 136.540296867946466, 36.451481673003464 ], [ 136.54014433018844, 36.451912046202324 ], [ 136.537712321100514, 36.451485808564939 ], [ 136.537592057188192, 36.452002419132675 ], [ 136.538034704847547, 36.452242378467481 ], [ 136.539197977198995, 36.452425300018824 ], [ 136.539295873567625, 36.452918138975882 ], [ 136.543206436685864, 36.453739532578986 ], [ 136.543675089844641, 36.453581385418296 ], [ 136.54402229165936, 36.454057737517999 ], [ 136.544503114273795, 36.453947387218761 ], [ 136.54486428193789, 36.454761688886741 ], [ 136.544762142016168, 36.455073196654759 ], [ 136.545038289696208, 36.455133039806626 ], [ 136.545183469796285, 36.455370713038526 ] ] ] } },
{ "type": "Feature", "properties": { "CITY_NAME": "能美市", "S_NAME": "出口町", "JINKO": 518, "medical_area": "17_南加賀医療圏", "町丁目名": "能美市出口町" }, "geometry": { "type": "Polygon", "coordinates": [ [ [ 136.546837033246192, 36.460970408497126 ], [ 136.546352578412325, 36.457227778524206 ], [ 136.546625653807354, 36.457236625743811 ], [ 136.546550591520798, 36.455333158851083 ], [ 136.545791065619483, 36.455133897844291 ], [ 136.545183469796285, 36.455370713038526 ], [ 136.545038289696208, 36.455133039806626 ], [ 136.544762142016168, 36.455073196654759 ], [ 136.54486428193789, 36.454761688886741 ], [ 136.544503114273795, 36.453947387218761 ], [ 136.54402229165936, 36.454057737517999 ], [ 136.543675089844641, 36.453581385418296 ], [ 136.543206436685864, 36.453739532578986 ], [ 136.541941046399359, 36.453391259815987 ], [ 136.538563126333287, 36.453549242854749 ], [ 136.537302857125553, 36.454011045919778 ], [ 136.537865926335911, 36.45667563540475 ], [ 136.534132423186207, 36.45728032464357 ], [ 136.533841041109838, 36.462143954141844 ], [ 136.537451634437645, 36.462007035433736 ], [ 136.546837033246192, 36.460970408497126 ] ] ] } },
{ "type": "Feature", "properties": { "CITY_NAME": "能美市", "S_NAME": "辰口町", "JINKO": 931, "medical_area": "17_南加賀医療圏", "町丁目名": "能美市辰口町" }, "geometry": { "type": "Polygon", "coordinates": [ [ [ 136.543759218571978, 36.451281587208314 ], [ 136.546724234997782, 36.451027838137513 ], [ 136.546767291212063, 36.450710419208761 ], [ 136.54798299956272, 36.450749490490999 ], [ 136.548142889842239, 36.44770951839196 ], [ 136.548238637284754, 36.447225681227842 ], [ 136.548514199517314, 36.446973355732794 ], [ 136.548554432352148, 36.445744106621184 ], [ 136.549474597064716, 36.445673559235608 ], [ 136.550160521785983, 36.445348927033301 ], [ 136.550999338327387, 36.445249715394048 ], [ 136.551329573780066, 36.444450351765319 ], [ 136.550305306634669, 36.443846397739144 ], [ 136.550048623682954, 36.442904283901626 ], [ 136.549300385780242, 36.443029689872198 ], [ 136.547894940824591, 36.441515377679131 ], [ 136.546326675791562, 36.441725297514481 ], [ 136.544646129831676, 36.440319019128609 ], [ 136.543498133528431, 36.441729180353875 ], [ 136.54391969875644, 36.442424547470523 ], [ 136.544126495733877, 36.443832729321649 ], [ 136.54433663412874, 36.444308374629543 ], [ 136.544334670032384, 36.445219581945608 ], [ 136.543629121590158, 36.445573958169007 ], [ 136.542124369727304, 36.445740630497191 ], [ 136.541956470056476, 36.445970862735564 ], [ 136.542092603474146, 36.446917359728587 ], [ 136.542890220243947, 36.447178484389418 ], [ 136.542730221674987, 36.447699894310489 ], [ 136.543397670572119, 36.448170926013766 ], [ 136.542975899677685, 36.448723426242104 ], [ 136.541873010473978, 36.44845010395148 ], [ 136.541912194408496, 36.449673110258203 ], [ 136.543082531615312, 36.451007895728715 ], [ 136.543759218571978, 36.451281587208314 ] ] ] } },
{ "type": "Feature", "properties": { "CITY_NAME": "能美市", "S_NAME": "湯屋町", "JINKO": 250, "medical_area": "17_南加賀医療圏", "町丁目名": "能美市湯屋町" }, "geometry": { "type": "Polygon", "coordinates": [ [ [ 136.553097423643578, 36.444267188450773 ], [ 136.554172646560886, 36.444078798698563 ], [ 136.554697131120861, 36.444316223843593 ], [ 136.554665750529182, 36.443756426487006 ], [ 136.554980173467442, 36.443394026612026 ], [ 136.554853908585386, 36.442849021161535 ], [ 136.555158345047829, 36.442687302674585 ], [ 136.557830667937395, 36.44341536942968 ], [ 136.558139123523802, 36.443274047476507 ], [ 136.558140689542796, 36.443073323049624 ], [ 136.557436308734594, 36.442421665670025 ], [ 136.557789442565138, 36.441953949915039 ], [ 136.557762202975454, 36.441664645287737 ], [ 136.556602821372962, 36.441354783494866 ], [ 136.556437024284094, 36.441161408031782 ], [ 136.556461028874196, 36.440766296258623 ], [ 136.556784543771329, 36.440419603269923 ], [ 136.557538762044459, 36.440081546337474 ], [ 136.558820743125779, 36.440340061499597 ], [ 136.561565340181915, 36.439590021411284 ], [ 136.563759401899063, 36.439504013162455 ], [ 136.563982965159056, 36.439283214351775 ], [ 136.564782864904203, 36.439073978499181 ], [ 136.564875238710812, 36.438575990067001 ], [ 136.56460665116245, 36.438359119595816 ], [ 136.564755097784968, 36.437906404245958 ], [ 136.563071452520006, 36.438211724111888 ], [ 136.561190826236441, 36.439386125657776 ], [ 136.560538147502513, 36.439537998444884 ], [ 136.558124933291765, 36.439441214719601 ], [ 136.557561307430035, 36.439152734744361 ], [ 136.555599115622584, 36.439232632666389 ], [ 136.554537825200072, 36.439525733164835 ], [ 136.554093059683197, 36.440015395929073 ], [ 136.553704018784828, 36.440110741462739 ], [ 136.552208594028656, 36.439937499637466 ], [ 136.552075123302387, 36.439264981486353 ], [ 136.552149478062375, 36.438426663014425 ], [ 136.551798308265489, 36.43781385820148 ], [ 136.551327638367809, 36.437698078630703 ], [ 136.551729816828214, 36.438582361463602 ], [ 136.551224487769815, 36.440401566943294 ], [ 136.550111356873259, 36.441312541337915 ], [ 136.547894940824591, 36.441515377679131 ], [ 136.549300385780242, 36.443029689872198 ], [ 136.550048623682954, 36.442904283901626 ], [ 136.550305306634669, 36.443846397739144 ], [ 136.552126606210635, 36.444835463543122 ], [ 136.553097423643578, 36.444267188450773 ] ] ] } },
{ "type": "Feature", "properties": { "CITY_NAME": "能美市", "S_NAME": "徳山町（上徳山町）", "JINKO": 216, "medical_area": "17_南加賀医療圏", "町丁目名": "能美市徳山町（上徳山町）" }, "geometry": { "type": "Polygon", "coordinates": [ [ [ 136.543498133528431, 36.441729180353875 ], [ 136.544646129831676, 36.440319019128609 ], [ 136.546326675791562, 36.441725297514481 ], [ 136.550111356873259, 36.441312541337915 ], [ 136.551361836405306, 36.44021164384975 ], [ 136.551729816828214, 36.438582361463602 ], [ 136.550813103777358, 36.436808782034312 ], [ 136.550251343177138, 36.436146586465426 ], [ 136.550298890505132, 36.435525655288977 ], [ 136.55069039277987, 36.4357622384113 ], [ 136.551097457903552, 36.43574898559956 ], [ 136.551401777907358, 36.435172924934619 ], [ 136.551562172611597, 36.435125520735035 ], [ 136.552449036114808, 36.435577804784778 ], [ 136.553147939794911, 36.435577766984792 ], [ 136.553444277799116, 36.435095337667171 ], [ 136.552977349835288, 36.43401059305944 ], [ 136.553558642618071, 36.433051271651728 ], [ 136.554332754308945, 36.432852075944631 ], [ 136.557314025459249, 36.432763881316326 ], [ 136.559272537747603, 36.433102618426183 ], [ 136.560206297326943, 36.433539556702485 ], [ 136.560663794921481, 36.433493857971065 ], [ 136.561008539453297, 36.433251779247854 ], [ 136.561118083709346, 36.43268716658406 ], [ 136.560181700941769, 36.431404268940781 ], [ 136.56045411193665, 36.431062093152825 ], [ 136.561342134199833, 36.430669521533574 ], [ 136.560726378372323, 36.430356221677201 ], [ 136.558538359584475, 36.430069504354186 ], [ 136.558106753025015, 36.429562586296655 ], [ 136.557398717300657, 36.429528141492476 ], [ 136.556677625892661, 36.428593350825793 ], [ 136.555350542204707, 36.428088433950286 ], [ 136.554359773750747, 36.426687519504966 ], [ 136.553737840360156, 36.426570165041376 ], [ 136.552851967541329, 36.426952196859133 ], [ 136.552716630075196, 36.427833646192695 ], [ 136.552528288220685, 36.428102518114919 ], [ 136.551823639056437, 36.428298677528147 ], [ 136.550285474657699, 36.427927521254048 ], [ 136.549994415047536, 36.428597996652059 ], [ 136.549282932723429, 36.428438650309921 ], [ 136.548655411963182, 36.428619630768331 ], [ 136.547656444255608, 36.429557509296089 ], [ 136.546685400361099, 36.429778063342773 ], [ 136.544970226732858, 36.431155793492145 ], [ 136.544208746288916, 36.431195758522087 ], [ 136.543224221893638, 36.432722523753569 ], [ 136.541731026076604, 36.433676628812506 ], [ 136.541904422611594, 36.434041899350142 ], [ 136.541332095604446, 36.434227419355075 ], [ 136.542470770667933, 36.435868080677714 ], [ 136.541518893318937, 36.436280934594542 ], [ 136.541104583512265, 36.437085849681054 ], [ 136.541298732843444, 36.437209552401868 ], [ 136.542020767526992, 36.439615797484151 ], [ 136.542479050384202, 36.440414229754481 ], [ 136.543147038371359, 36.440890089128224 ], [ 136.543498133528431, 36.441729180353875 ] ] ] } },
{ "type": "Feature", "properties": { "CITY_NAME": "能美市", "S_NAME": "徳山町（下徳山町）", "JINKO": 390, "medical_area": "17_南加賀医療圏", "町丁目名": "能美市徳山町（下徳山町）" }, "geometry": { "type": "Polygon", "coordinates": [ [ [ 136.538899156759527, 36.437042828802262 ], [ 136.53978275234843, 36.437134462350002 ], [ 136.540692002136154, 36.436916818624127 ], [ 136.541104583512265, 36.437085849681054 ], [ 136.541518893318937, 36.436280934594542 ], [ 136.542470770667933, 36.435868080677714 ], [ 136.541332095604446, 36.434227419355075 ], [ 136.541904422611594, 36.434041899350142 ], [ 136.541731026076604, 36.433676628812506 ], [ 136.543224221893638, 36.432722523753569 ], [ 136.544154111222497, 36.431229235338137 ], [ 136.544810611213194, 36.431242797118124 ], [ 136.545738958641635, 36.430465642069194 ], [ 136.544150952515423, 36.429977642965291 ], [ 136.543233386764115, 36.429925115109512 ], [ 136.542946769482143, 36.43093235634128 ], [ 136.542832383633453, 36.431034377205329 ], [ 136.542453279126164, 36.430816418263205 ], [ 136.542185204383202, 36.4309175998104 ], [ 136.542101087375102, 36.431413854941361 ], [ 136.541181860943823, 36.431900382167022 ], [ 136.539250745208477, 36.431504195879391 ], [ 136.539231739486041, 36.430961496490994 ], [ 136.538094882649972, 36.430759921005418 ], [ 136.538372735339635, 36.43039589474202 ], [ 136.538137274714842, 36.429944325750093 ], [ 136.537796744835362, 36.429725710023007 ], [ 136.537376976294098, 36.43006054075623 ], [ 136.536414086665275, 36.429912988707102 ], [ 136.534481066099232, 36.430739492441511 ], [ 136.532418281804439, 36.431221932921758 ], [ 136.531667347537422, 36.431555673305226 ], [ 136.531017715240324, 36.432129022057019 ], [ 136.529334347960713, 36.432057458575073 ], [ 136.529061328801106, 36.431579264028969 ], [ 136.528271279955618, 36.431433259869053 ], [ 136.527248549558152, 36.43136235873051 ], [ 136.526927045614997, 36.431698060378267 ], [ 136.527124727495533, 36.432138679270381 ], [ 136.527848849660046, 36.432902025246094 ], [ 136.528583891926502, 36.434595937053139 ], [ 136.529964871864024, 36.434565138978478 ], [ 136.531417805288385, 36.435220096940121 ], [ 136.533867382455469, 36.435469406962362 ], [ 136.533679433071342, 36.43599850908317 ], [ 136.534223038132751, 36.436148799109752 ], [ 136.534488072423215, 36.436445040835416 ], [ 136.534861205848642, 36.436350102838837 ], [ 136.535002875259067, 36.436778933882501 ], [ 136.535757701962694, 36.437631802374078 ], [ 136.537222403029745, 36.436627704639363 ], [ 136.537537327989099, 36.43677690518976 ], [ 136.537662001351066, 36.437034093712434 ], [ 136.537577259105177, 36.437403605942507 ], [ 136.53798690602531, 36.437807654867555 ], [ 136.53870982985768, 36.437714544886546 ], [ 136.538899156759527, 36.437042828802262 ] ] ] } },
{ "type": "Feature", "properties": { "CITY_NAME": "能美市", "S_NAME": "上開発町", "JINKO": 371, "medical_area": "17_南加賀医療圏", "町丁目名": "能美市上開発町" }, "geometry": { "type": "Polygon", "coordinates": [ [ [ 136.537592057188192, 36.452002419132675 ], [ 136.537712321100514, 36.451485808564939 ], [ 136.54014433018844, 36.451912046202324 ], [ 136.540296867946466, 36.451481673003464 ], [ 136.540848962526638, 36.45157779236267 ], [ 136.54097230719006, 36.451190036693824 ], [ 136.541470412903209, 36.451275168384718 ], [ 136.541912194408496, 36.449673110258203 ], [ 136.541873010473978, 36.44845010395148 ], [ 136.542975899677685, 36.448723426242104 ], [ 136.543397670572119, 36.448170926013766 ], [ 136.542730221674987, 36.447699894310489 ], [ 136.542890220243947, 36.447178484389418 ], [ 136.542092603474146, 36.446917359728587 ], [ 136.541956470056476, 36.445970862735564 ], [ 136.540588331244066, 36.445928557818341 ], [ 136.540525700166967, 36.446401506878296 ], [ 136.540324262678013, 36.446640186979771 ], [ 136.539231813216787, 36.446675950424691 ], [ 136.538809104652501, 36.446516895171911 ], [ 136.538523767425943, 36.446272909283074 ], [ 136.538042691992331, 36.445120906920117 ], [ 136.537089318178431, 36.444512099435684 ], [ 136.535964687653575, 36.44335245536454 ], [ 136.535466932733328, 36.443608573176029 ], [ 136.537164197240088, 36.445231566957162 ], [ 136.536060913640853, 36.444870395330348 ], [ 136.535202923669232, 36.446891927457223 ], [ 136.535053979099104, 36.446829779117969 ], [ 136.534768983930405, 36.447498758010028 ], [ 136.534168873053744, 36.447880802246353 ], [ 136.533951539964505, 36.448788424362675 ], [ 136.533430490943203, 36.448700211809992 ], [ 136.533056477703269, 36.450224925253913 ], [ 136.534290630025566, 36.450433458992691 ], [ 136.53475662181819, 36.451172391637414 ], [ 136.536756061939485, 36.451349273254564 ], [ 136.537592057188192, 36.452002419132675 ] ] ] } },
{ "type": "Feature", "properties": { "CITY_NAME": "能美市", "S_NAME": "下開発町", "JINKO": 187, "medical_area": "17_南加賀医療圏", "町丁目名": "能美市下開発町" }, "geometry": { "type": "Polygon", "coordinates": [ [ [ 136.533242034642029, 36.449416057388213 ], [ 136.533430490943203, 36.448700211809992 ], [ 136.533951539964505, 36.448788424362675 ], [ 136.534168873053744, 36.447880802246353 ], [ 136.534768983930405, 36.447498758010028 ], [ 136.535053979099104, 36.446829779117969 ], [ 136.535202923669232, 36.446891927457223 ], [ 136.536060913640853, 36.444870395330348 ], [ 136.537164197240088, 36.445231566957162 ], [ 136.535184334507221, 36.443295169913689 ], [ 136.534457405508448, 36.443138919993352 ], [ 136.534498937216682, 36.442883947600457 ], [ 136.533894028180868, 36.442824017003012 ], [ 136.533826492857969, 36.443039878786486 ], [ 136.53308501385149, 36.443046562226613 ], [ 136.532005820260366, 36.442776741089965 ], [ 136.531151650829059, 36.442081019136673 ], [ 136.53134762261098, 36.441717001429787 ], [ 136.532563821695589, 36.441044725914466 ], [ 136.532346013045327, 36.440855715251217 ], [ 136.531350649874327, 36.440934609724486 ], [ 136.530992572355586, 36.441274702387432 ], [ 136.530731415595739, 36.441160794138526 ], [ 136.530501793932871, 36.440398385076989 ], [ 136.530248152618839, 36.440368232157276 ], [ 136.530145145071543, 36.440830683046123 ], [ 136.529735574756756, 36.441421006743305 ], [ 136.527755382535702, 36.440844938107006 ], [ 136.527390605087277, 36.442367448137119 ], [ 136.527032992486937, 36.442951421961105 ], [ 136.52749051262623, 36.443516159008716 ], [ 136.526911191589846, 36.443839276723338 ], [ 136.527346238789448, 36.444157784782583 ], [ 136.527029181202352, 36.444858676111387 ], [ 136.526799929385845, 36.444785979592965 ], [ 136.526704422434108, 36.445045266944277 ], [ 136.526431545168975, 36.445015847614059 ], [ 136.526324575358217, 36.446039132944108 ], [ 136.526454314769325, 36.446238168754903 ], [ 136.526134003041534, 36.446943471253235 ], [ 136.531571169168188, 36.448777316580276 ], [ 136.531755227496205, 36.449156703631431 ], [ 136.533242034642029, 36.449416057388213 ] ] ] } },
{ "type": "Feature", "properties": { "CITY_NAME": "能美市", "S_NAME": "徳久町", "JINKO": 278, "medical_area": "17_南加賀医療圏", "町丁目名": "能美市徳久町" }, "geometry": { "type": "Polygon", "coordinates": [ [ [ 136.524237486055142, 36.451930564451303 ], [ 136.524570137101904, 36.451614330992925 ], [ 136.526483420422437, 36.451807566179681 ], [ 136.526393439616612, 36.451435824365042 ], [ 136.527742482406325, 36.451466279601348 ], [ 136.527980115698796, 36.451193883844091 ], [ 136.528600310737318, 36.451010529733487 ], [ 136.529688767549629, 36.451131165664641 ], [ 136.529733418969244, 36.450941199015219 ], [ 136.530804189238893, 36.451119744345426 ], [ 136.532787613924313, 36.45116046970066 ], [ 136.533242034642029, 36.449416057388213 ], [ 136.531755227496205, 36.449156703631431 ], [ 136.531571169168188, 36.448777316580276 ], [ 136.526292575402863, 36.44700624972301 ], [ 136.526040558874655, 36.447693437358211 ], [ 136.523768977834322, 36.445810597390206 ], [ 136.52361446178918, 36.446376646051306 ], [ 136.522235876052434, 36.446106560436867 ], [ 136.52195960510312, 36.447015428707168 ], [ 136.522171177682367, 36.447234697622065 ], [ 136.523238418710605, 36.447285468616663 ], [ 136.523192164210059, 36.44763148209563 ], [ 136.522865720395203, 36.447608345664158 ], [ 136.522827009905512, 36.447948309091103 ], [ 136.52233337872957, 36.447924018749099 ], [ 136.522513868132734, 36.448087284886846 ], [ 136.521888764636486, 36.448506831464961 ], [ 136.522616112445718, 36.449674255819424 ], [ 136.522378758491556, 36.450460508583333 ], [ 136.522457038132842, 36.451735796292802 ], [ 136.524237486055142, 36.451930564451303 ] ] ] } },
{ "type": "Feature", "properties": { "CITY_NAME": "能美市", "S_NAME": "荒屋町", "JINKO": 213, "medical_area": "17_南加賀医療圏", "町丁目名": "能美市荒屋町" }, "geometry": { "type": "Polygon", "coordinates": [ [ [ 136.526324575358217, 36.446039132944108 ], [ 136.526431545168975, 36.445015847614059 ], [ 136.526704422434108, 36.445045266944277 ], [ 136.526799929385845, 36.444785979592965 ], [ 136.527029181202352, 36.444858676111387 ], [ 136.527346238789448, 36.444157784782583 ], [ 136.526911191589846, 36.443839276723338 ], [ 136.52749051262623, 36.443516159008716 ], [ 136.527032992486937, 36.442951421961105 ], [ 136.527390605087277, 36.442367448137119 ], [ 136.527755382535702, 36.440844938107006 ], [ 136.525518050052398, 36.4401913753278 ], [ 136.525791553258301, 36.439625469222598 ], [ 136.524667015982629, 36.439215122646402 ], [ 136.523958584726984, 36.439308845504542 ], [ 136.524073909475817, 36.439973378751063 ], [ 136.523368091001345, 36.439853918040299 ], [ 136.522923549820774, 36.440637648727844 ], [ 136.52299475832811, 36.443312645362454 ], [ 136.522235876052434, 36.446106560436867 ], [ 136.52361446178918, 36.446376646051306 ], [ 136.523768977834322, 36.445810597390206 ], [ 136.526040558874655, 36.447693437358211 ], [ 136.526292575402863, 36.44700624972301 ], [ 136.526134003041534, 36.446943471253235 ], [ 136.526454314769325, 36.446238168754903 ], [ 136.526324575358217, 36.446039132944108 ] ] ] } },
{ "type": "Feature", "properties": { "CITY_NAME": "能美市", "S_NAME": "高座町", "JINKO": 113, "medical_area": "17_南加賀医療圏", "町丁目名": "能美市高座町" }, "geometry": { "type": "Polygon", "coordinates": [ [ [ 136.522513868132734, 36.448087284886846 ], [ 136.522333378729542, 36.447924018749106 ], [ 136.522827009905512, 36.447948309091103 ], [ 136.522865720395203, 36.447608345664143 ], [ 136.523192164210116, 36.44763148209563 ], [ 136.523238418710633, 36.447285468616663 ], [ 136.522171177682367, 36.447234697622065 ], [ 136.521959605103063, 36.447015428707168 ], [ 136.522908423909342, 36.443298870314486 ], [ 136.517685628479995, 36.442354386622235 ], [ 136.517892292887751, 36.445862897642925 ], [ 136.51746662336862, 36.445888906348117 ], [ 136.517491045854882, 36.446247869346593 ], [ 136.517845564549731, 36.446336621182809 ], [ 136.517800898180155, 36.446567595477667 ], [ 136.518048294594053, 36.446616790324164 ], [ 136.517997049964379, 36.446847726520538 ], [ 136.519170981767047, 36.447041988169815 ], [ 136.519096534852167, 36.447291384634198 ], [ 136.518667163391058, 36.447232362181644 ], [ 136.518658740294711, 36.447848027669167 ], [ 136.519119964395514, 36.448432601743193 ], [ 136.520017388919854, 36.449174592502764 ], [ 136.521176863337615, 36.44913039164598 ], [ 136.521099226333575, 36.449766062186754 ], [ 136.522160157310481, 36.449840937372684 ], [ 136.522237781906512, 36.450002590073517 ], [ 136.521920085504632, 36.450227683121767 ], [ 136.521924060984361, 36.450411081400759 ], [ 136.522378758491556, 36.450460508583333 ], [ 136.522605141624723, 36.44962022816884 ], [ 136.521888764636429, 36.448506831464961 ], [ 136.522513868132734, 36.448087284886846 ] ] ] } },
{ "type": "Feature", "properties": { "CITY_NAME": "能美市", "S_NAME": "下清水町", "JINKO": 153, "medical_area": "17_南加賀医療圏", "町丁目名": "能美市下清水町" }, "geometry": { "type": "Polygon", "coordinates": [ [ [ 136.510399098634224, 36.467338374580123 ], [ 136.516604369931372, 36.467707416787142 ], [ 136.516760029364889, 36.468290817572075 ], [ 136.51913093030447, 36.467976115817365 ], [ 136.518901854078365, 36.467052214551401 ], [ 136.521270602005274, 36.467028944859734 ], [ 136.522854183097053, 36.466589540282683 ], [ 136.522844366334084, 36.466422058888732 ], [ 136.523814560043974, 36.46630961862698 ], [ 136.522324619970419, 36.459214637529932 ], [ 136.524875708575593, 36.458850165569409 ], [ 136.524785458898094, 36.45834711323829 ], [ 136.522093059743952, 36.458900951637489 ], [ 136.52130706512969, 36.455377060170029 ], [ 136.521660305888901, 36.45532568521368 ], [ 136.521826511196139, 36.454362434559592 ], [ 136.521986672319457, 36.454371719376375 ], [ 136.522044096132902, 36.453946595013534 ], [ 136.521812924610487, 36.453487093452047 ], [ 136.520005264040122, 36.454548385665248 ], [ 136.51730389218622, 36.454975069164483 ], [ 136.517551844341398, 36.455939280778502 ], [ 136.515430551385748, 36.456281545829874 ], [ 136.515591443730244, 36.456949712436945 ], [ 136.510890345006771, 36.457712709004959 ], [ 136.510399098634224, 36.467338374580123 ] ] ] } },
{ "type": "Feature", "properties": { "CITY_NAME": "能美市", "S_NAME": "上清水町", "JINKO": 219, "medical_area": "17_南加賀医療圏", "町丁目名": "能美市上清水町" }, "geometry": { "type": "Polygon", "coordinates": [ [ [ 136.533841041109838, 36.462143954141844 ], [ 136.534086446044284, 36.457709280163108 ], [ 136.532070565859556, 36.457980379539741 ], [ 136.53201512549299, 36.457612417948745 ], [ 136.529750607366879, 36.457965127464163 ], [ 136.529282166192303, 36.455905327988063 ], [ 136.529544250964364, 36.454397382213976 ], [ 136.527004245397336, 36.45412665661096 ], [ 136.527122917931592, 36.453376825415418 ], [ 136.526774448897527, 36.453358898506991 ], [ 136.526616602400338, 36.452665419936444 ], [ 136.525781245910025, 36.452600757145348 ], [ 136.523451520739798, 36.453290982678183 ], [ 136.521812924610487, 36.453487093452047 ], [ 136.52204409613293, 36.453946595013555 ], [ 136.521986672319457, 36.454371719376375 ], [ 136.521826511196139, 36.454362434559592 ], [ 136.521660305888901, 36.455325685213708 ], [ 136.521307065129747, 36.455377060170029 ], [ 136.522093059743952, 36.458900951637489 ], [ 136.524785458898094, 36.45834711323829 ], [ 136.524875708575593, 36.458850165569409 ], [ 136.522324619970419, 36.459214637529932 ], [ 136.522921162572146, 36.462350592475225 ], [ 136.533841041109838, 36.462143954141844 ] ] ] } },
{ "type": "Feature", "properties": { "CITY_NAME": "能美市", "S_NAME": "北市町", "JINKO": 155, "medical_area": "17_南加賀医療圏", "町丁目名": "能美市北市町" }, "geometry": { "type": "Polygon", "coordinates": [ [ [ 136.534086446044284, 36.457709280163108 ], [ 136.534132423186207, 36.45728032464357 ], [ 136.537865926335911, 36.45667563540475 ], [ 136.537302857125553, 36.454011045919778 ], [ 136.538954265218933, 36.453461851639119 ], [ 136.541941046399359, 36.453391259815987 ], [ 136.539295873567625, 36.452918138975882 ], [ 136.539197977198995, 36.452425300018824 ], [ 136.538034704847547, 36.452242378467481 ], [ 136.536756061939485, 36.451349273254564 ], [ 136.53475662181819, 36.451172391637414 ], [ 136.534290630025566, 36.450433458992691 ], [ 136.533056477703269, 36.450224925253913 ], [ 136.532787613924313, 36.45116046970066 ], [ 136.530804189238893, 36.451119744345426 ], [ 136.529733418969244, 36.450941199015219 ], [ 136.529688767549629, 36.451131165664641 ], [ 136.528463629949556, 36.451045740105862 ], [ 136.527853229117255, 36.451267411849592 ], [ 136.527742482406325, 36.451466279601348 ], [ 136.526393439616612, 36.451435824365042 ], [ 136.526774448897527, 36.453358898506991 ], [ 136.527122917931592, 36.453376825415418 ], [ 136.527004245397336, 36.45412665661096 ], [ 136.529544250964364, 36.454397382213976 ], [ 136.529282166192303, 36.455905327988063 ], [ 136.529750607366879, 36.457965127464163 ], [ 136.53201512549299, 36.457612417948745 ], [ 136.532070565859556, 36.457980379539741 ], [ 136.534086446044284, 36.457709280163108 ] ] ] } },
{ "type": "Feature", "properties": { "CITY_NAME": "能美市", "S_NAME": "和光台一丁目", "JINKO": 303, "medical_area": "17_南加賀医療圏", "町丁目名": "能美市和光台一丁目" }, "geometry": { "type": "Polygon", "coordinates": [ [ [ 136.542852412795838, 36.426874628482068 ], [ 136.543318495441156, 36.42644148258713 ], [ 136.543527946051569, 36.42660004582968 ], [ 136.544587192317209, 36.426279123556647 ], [ 136.5463495198874, 36.426437035560774 ], [ 136.546425344778783, 36.425988472854101 ], [ 136.545825525258181, 36.424451726022468 ], [ 136.54471408462814, 36.424310754321148 ], [ 136.543804430307915, 36.424601828889152 ], [ 136.543527049446453, 36.42447343425961 ], [ 136.54336711279737, 36.424668016603867 ], [ 136.542850949351362, 36.424799516534613 ], [ 136.54276480214105, 36.425568309535052 ], [ 136.542443604120706, 36.425701498154631 ], [ 136.542654197711983, 36.425929242797906 ], [ 136.542199087060567, 36.426242748653657 ], [ 136.542852412795838, 36.426874628482068 ] ] ] } },
{ "type": "Feature", "properties": { "CITY_NAME": "能美市", "S_NAME": "和光台二丁目", "JINKO": 238, "medical_area": "17_南加賀医療圏", "町丁目名": "能美市和光台二丁目" }, "geometry": { "type": "Polygon", "coordinates": [ [ [ 136.541291778044979, 36.429603117775159 ], [ 136.542000029597546, 36.429304213986036 ], [ 136.542264297088337, 36.429543365350121 ], [ 136.542453012835068, 36.429379843359925 ], [ 136.542986007786538, 36.42960529536402 ], [ 136.543459715943754, 36.42848975952905 ], [ 136.543079890858081, 36.4283852265132 ], [ 136.543190600590037, 36.428142649125427 ], [ 136.543606994470167, 36.428206361015164 ], [ 136.544052790821041, 36.427306407850068 ], [ 136.544680493441518, 36.427102821564723 ], [ 136.544637916895994, 36.426282345660212 ], [ 136.543527946051569, 36.42660004582968 ], [ 136.543318495441156, 36.42644148258713 ], [ 136.542852412795838, 36.426874628482068 ], [ 136.542086937015625, 36.428343103901398 ], [ 136.541440622090136, 36.428420619249977 ], [ 136.541578403933897, 36.428716632290993 ], [ 136.540863911656004, 36.429284356115076 ], [ 136.539662144178692, 36.429580380088943 ], [ 136.541291778044979, 36.429603117775159 ] ] ] } },
{ "type": "Feature", "properties": { "CITY_NAME": "能美市", "S_NAME": "和光台三丁目", "JINKO": 349, "medical_area": "17_南加賀医療圏", "町丁目名": "能美市和光台三丁目" }, "geometry": { "type": "Polygon", "coordinates": [ [ [ 136.546429670890433, 36.428383566111549 ], [ 136.546120109316092, 36.427636475237726 ], [ 136.5463495198874, 36.426437035560774 ], [ 136.544637916895994, 36.426282345660212 ], [ 136.544680493441518, 36.427102821564723 ], [ 136.544052790821041, 36.427306407850068 ], [ 136.543606994470167, 36.428206361015164 ], [ 136.543190600590037, 36.428142649125427 ], [ 136.543079890858081, 36.4283852265132 ], [ 136.545602153863172, 36.428722115480383 ], [ 136.546429670890433, 36.428383566111549 ] ] ] } },
{ "type": "Feature", "properties": { "CITY_NAME": "能美市", "S_NAME": "和光台四丁目", "JINKO": 324, "medical_area": "17_南加賀医療圏", "町丁目名": "能美市和光台四丁目" }, "geometry": { "type": "Polygon", "coordinates": [ [ [ 136.545738958641635, 36.430465642069194 ], [ 136.546685400361099, 36.429778063342773 ], [ 136.547656444255608, 36.429557509296089 ], [ 136.546429670890433, 36.428383566111549 ], [ 136.545602153863172, 36.428722115480383 ], [ 136.543459715943754, 36.42848975952905 ], [ 136.542975675862948, 36.429802984380594 ], [ 136.544019878369767, 36.430063947362576 ], [ 136.544150952515423, 36.429977642965291 ], [ 136.545738958641635, 36.430465642069194 ] ] ] } },
{ "type": "Feature", "properties": { "CITY_NAME": "能美市", "S_NAME": "和光台五丁目", "JINKO": 0, "medical_area": "17_南加賀医療圏", "町丁目名": "能美市和光台五丁目" }, "geometry": { "type": "Polygon", "coordinates": [ [ [ 136.542166085174131, 36.43105891452042 ], [ 136.542453279126164, 36.430816418263205 ], [ 136.542832383633453, 36.431034377205329 ], [ 136.543055006378694, 36.430765560719117 ], [ 136.543233386764115, 36.429925115109512 ], [ 136.542975675862948, 36.429802984380594 ], [ 136.542986007786538, 36.42960529536402 ], [ 136.542453012835068, 36.429379843359925 ], [ 136.542264297088337, 36.429543365350121 ], [ 136.542000029597546, 36.429304213986036 ], [ 136.540955670606309, 36.429653530061202 ], [ 136.539662144178692, 36.429580380088943 ], [ 136.53938529888012, 36.43097311089106 ], [ 136.539231739486041, 36.430961496490994 ], [ 136.539250745208477, 36.431504195879391 ], [ 136.541181860943823, 36.431900382167022 ], [ 136.542101087375102, 36.431413854941361 ], [ 136.542166085174131, 36.43105891452042 ] ] ] } },
{ "type": "Feature", "properties": { "CITY_NAME": "能美市", "S_NAME": "和気町", "JINKO": 490, "medical_area": "17_南加賀医療圏", "町丁目名": "能美市和気町" }, "geometry": { "type": "Polygon", "coordinates": [ [ [ 136.531133426626582, 36.432069863873735 ], [ 136.532062902104883, 36.431353460443212 ], [ 136.534481066099232, 36.430739492441511 ], [ 136.535708133723631, 36.430112878472855 ], [ 136.536526069211646, 36.429888549433173 ], [ 136.537278693586671, 36.430087832000055 ], [ 136.537855073118408, 36.429742668343444 ], [ 136.538372735339635, 36.43039589474202 ], [ 136.538094882649972, 36.430759921005418 ], [ 136.53938529888012, 36.43097311089106 ], [ 136.539674281865416, 36.429500707208561 ], [ 136.540294012105818, 36.429507447348328 ], [ 136.540863911656004, 36.429284356115076 ], [ 136.541578403933897, 36.428716632290993 ], [ 136.541440622090136, 36.428420619249977 ], [ 136.542086937015625, 36.428343103901398 ], [ 136.542223063886581, 36.428136604955256 ], [ 136.542852412795838, 36.426874628482068 ], [ 136.542207666013013, 36.426199561306937 ], [ 136.542654197711983, 36.425929242797906 ], [ 136.542443604120706, 36.425701498154631 ], [ 136.54276480214105, 36.425568309535052 ], [ 136.542850949351362, 36.424799516534613 ], [ 136.54336711279737, 36.424668016603867 ], [ 136.543527049446453, 36.42447343425961 ], [ 136.543804430307915, 36.424601828889152 ], [ 136.54471408462814, 36.424310754321148 ], [ 136.545825525258181, 36.424451726022468 ], [ 136.546425344778783, 36.425988472854101 ], [ 136.546120109316092, 36.427636475237726 ], [ 136.546208911447508, 36.428013022489644 ], [ 136.547656444255608, 36.429557509296089 ], [ 136.548655411963182, 36.428619630768331 ], [ 136.549070845006838, 36.428463500700765 ], [ 136.549635405623235, 36.428499085691065 ], [ 136.549491624588882, 36.426867092067923 ], [ 136.549224072570382, 36.426623118891989 ], [ 136.548170596677892, 36.426337872305808 ], [ 136.547781169485717, 36.425977516366558 ], [ 136.547714944556134, 36.425405880972825 ], [ 136.547260473342305, 36.425509633992512 ], [ 136.546532170883921, 36.425134591285705 ], [ 136.546074624113174, 36.42465864856193 ], [ 136.545277886445973, 36.421200139585721 ], [ 136.545556248436554, 36.420939989019821 ], [ 136.546141292574191, 36.420951903451659 ], [ 136.546242221188152, 36.421138623133238 ], [ 136.546508723226992, 36.421193202709006 ], [ 136.546824685501576, 36.421008650150092 ], [ 136.547125557941598, 36.419460740053438 ], [ 136.547007067971492, 36.419219644652571 ], [ 136.546373377767452, 36.418844980272723 ], [ 136.546354606368169, 36.418068590618994 ], [ 136.547963569226027, 36.417536157121276 ], [ 136.549796180144938, 36.417777019656967 ], [ 136.549941913046808, 36.417296985043386 ], [ 136.550513942055346, 36.41685501859665 ], [ 136.55331928197927, 36.415836817925083 ], [ 136.554242051244017, 36.416084384532766 ], [ 136.554995219911149, 36.416008075744067 ], [ 136.555760839799206, 36.415457941217227 ], [ 136.556696823411102, 36.415127956607414 ], [ 136.557046020088706, 36.414528724283109 ], [ 136.557010080312125, 36.414244266628856 ], [ 136.55603350671808, 36.413955010812259 ], [ 136.555465915086302, 36.413114737699537 ], [ 136.554499619721184, 36.412599510567681 ], [ 136.553963391732736, 36.412084751329608 ], [ 136.553543960574643, 36.412079153057675 ], [ 136.553173156243133, 36.41235466545708 ], [ 136.552370601453845, 36.41230091001632 ], [ 136.551171225410343, 36.413044988390141 ], [ 136.550913709968057, 36.412248959090995 ], [ 136.550555034384644, 36.41211629325673 ], [ 136.549774135747015, 36.412310927695948 ], [ 136.548940507419246, 36.413111013669685 ], [ 136.547992050712537, 36.413270869736692 ], [ 136.547621665268025, 36.412723814992077 ], [ 136.547109036808934, 36.412352887523618 ], [ 136.546727131662124, 36.412503551829353 ], [ 136.546189232972097, 36.413053148928768 ], [ 136.546084518575867, 36.413406338117554 ], [ 136.54546388783379, 36.41304455159829 ], [ 136.544525429131482, 36.413633911217872 ], [ 136.545624479588554, 36.414220826644744 ], [ 136.545223745443252, 36.414624294619529 ], [ 136.544355846654156, 36.414443045294178 ], [ 136.542364170239324, 36.414507273759313 ], [ 136.540938639841471, 36.414892510832559 ], [ 136.540235577494656, 36.415243787371267 ], [ 136.538186420979599, 36.416758905217549 ], [ 136.538016610896506, 36.417196058621364 ], [ 136.538204223995507, 36.417803087807094 ], [ 136.537872945412005, 36.418022848044828 ], [ 136.535734179956904, 36.418615062565046 ], [ 136.534044127389166, 36.420031949704146 ], [ 136.533726010424829, 36.420458693526825 ], [ 136.533781816771807, 36.420825113422637 ], [ 136.532766522791945, 36.421471764074312 ], [ 136.532324800214241, 36.422347084601739 ], [ 136.53267555255772, 36.42327936383996 ], [ 136.532497058346735, 36.4241606624322 ], [ 136.531909426795693, 36.424433425998693 ], [ 136.530634212372604, 36.42429217457498 ], [ 136.529830645437954, 36.425235042852037 ], [ 136.530264978824448, 36.425630279672724 ], [ 136.530393619817772, 36.426172686005565 ], [ 136.530230694177334, 36.426328615383753 ], [ 136.529679728142185, 36.426326688030237 ], [ 136.528813962648599, 36.426653708159627 ], [ 136.528764528044405, 36.427376110386476 ], [ 136.528534261922687, 36.427857277027478 ], [ 136.527790429919634, 36.428198073588774 ], [ 136.527916280687919, 36.428642811769528 ], [ 136.527492786220648, 36.428874046140599 ], [ 136.527229859539517, 36.429357534124016 ], [ 136.526737355738533, 36.429524502738126 ], [ 136.52655340107583, 36.429824403810066 ], [ 136.526312669159637, 36.429941168472851 ], [ 136.526069125684273, 36.429854707236771 ], [ 136.525875489036451, 36.430272955387011 ], [ 136.525560600285445, 36.43044096516735 ], [ 136.525966254235783, 36.430779841501597 ], [ 136.526565683080008, 36.430681503393231 ], [ 136.527233434877047, 36.431009182279588 ], [ 136.527248549558152, 36.43136235873051 ], [ 136.529061328801106, 36.431579264028969 ], [ 136.529334347960713, 36.432057458575073 ], [ 136.531133426626582, 36.432069863873735 ] ] ] } },
{ "type": "Feature", "properties": { "CITY_NAME": "能美市", "S_NAME": "寺畠町", "JINKO": 133, "medical_area": "17_南加賀医療圏", "町丁目名": "能美市寺畠町" }, "geometry": { "type": "Polygon", "coordinates": [ [ [ 136.553930464038586, 36.426571152433418 ], [ 136.553895338171543, 36.425727551438825 ], [ 136.553234040313612, 36.42519807004485 ], [ 136.553410648990223, 36.424813210369976 ], [ 136.553003649235109, 36.42414185587873 ], [ 136.552334189631893, 36.423505695677804 ], [ 136.551988985799539, 36.422799592845386 ], [ 136.552299339308604, 36.422418343458986 ], [ 136.552308142796988, 36.421940562745881 ], [ 136.55268698666697, 36.421495732667744 ], [ 136.555018169181835, 36.419844913548296 ], [ 136.554204260249406, 36.419345951291774 ], [ 136.553105751615647, 36.419208235748307 ], [ 136.549361378420315, 36.418165475270811 ], [ 136.549563360351215, 36.417844079717241 ], [ 136.548589142995866, 36.417530273860962 ], [ 136.547613921716504, 36.417570785460619 ], [ 136.546354606368112, 36.418068590619022 ], [ 136.546373377767452, 36.418844980272723 ], [ 136.547007067971492, 36.419219644652529 ], [ 136.547125557941598, 36.419460740053431 ], [ 136.546824685501576, 36.421008650150092 ], [ 136.546508723226992, 36.421193202709006 ], [ 136.546242221188152, 36.42113862313326 ], [ 136.546141292574191, 36.420951903451659 ], [ 136.545556248436554, 36.420939989019821 ], [ 136.545277886445973, 36.421200139585743 ], [ 136.546169326446375, 36.424801786663167 ], [ 136.547260473342305, 36.425509633992512 ], [ 136.547714944556134, 36.425405880972825 ], [ 136.547781169485717, 36.425977516366558 ], [ 136.548170596677892, 36.426337872305822 ], [ 136.549346152683995, 36.426714717143177 ], [ 136.549571975212274, 36.427057715434522 ], [ 136.549635405623235, 36.428499085691072 ], [ 136.549878844964383, 36.42859740037855 ], [ 136.550285474657699, 36.427927521254063 ], [ 136.551823639056437, 36.428298677528147 ], [ 136.552528288220685, 36.428102518114919 ], [ 136.552716630075253, 36.427833646192695 ], [ 136.552851967541329, 36.426952196859141 ], [ 136.553416311024478, 36.426630792812588 ], [ 136.553930464038586, 36.426571152433418 ] ] ] } },
{ "type": "Feature", "properties": { "CITY_NAME": "能美市", "S_NAME": "舘町", "JINKO": 67, "medical_area": "17_南加賀医療圏", "町丁目名": "能美市舘町" }, "geometry": { "type": "Polygon", "coordinates": [ [ [ 136.563377775605517, 36.431834040833017 ], [ 136.562990049775976, 36.431099909100823 ], [ 136.563071845120987, 36.429399362902004 ], [ 136.564323956001004, 36.427784164667891 ], [ 136.566503875910229, 36.426664458341989 ], [ 136.567301345547151, 36.425492101140897 ], [ 136.568585846651104, 36.424821545749339 ], [ 136.571086785903361, 36.424681719504505 ], [ 136.572946244332968, 36.425068104669791 ], [ 136.572911747835576, 36.424608585616838 ], [ 136.572457726314099, 36.424594150633261 ], [ 136.571172968883729, 36.423803975294717 ], [ 136.567693637797646, 36.423840342646116 ], [ 136.567156980860261, 36.424020085511771 ], [ 136.566163975266534, 36.424812310574438 ], [ 136.565869873808424, 36.425869252312076 ], [ 136.564171017176278, 36.426023991702515 ], [ 136.56388630678768, 36.425598382159897 ], [ 136.563140663036734, 36.425320630060774 ], [ 136.562192052810929, 36.425462223423786 ], [ 136.562158287356567, 36.424724489252753 ], [ 136.562462709115749, 36.424395703896522 ], [ 136.562293100372585, 36.424105822077451 ], [ 136.561944956332439, 36.424077766108852 ], [ 136.5613823548575, 36.424455939296777 ], [ 136.560536670627727, 36.424504184562579 ], [ 136.559865583118949, 36.424793579809766 ], [ 136.559093152791945, 36.424294300006537 ], [ 136.558565319457301, 36.422905029561491 ], [ 136.557547467561278, 36.422421212995012 ], [ 136.557412737911761, 36.42165466005973 ], [ 136.557101639834769, 36.42120136944812 ], [ 136.556144710125125, 36.420338176349055 ], [ 136.555625376602677, 36.420073570374562 ], [ 136.555018169181835, 36.419844913548296 ], [ 136.55268698666697, 36.421495732667744 ], [ 136.552308142796988, 36.421940562745881 ], [ 136.552299339308604, 36.422418343458986 ], [ 136.551988985799539, 36.422799592845386 ], [ 136.552334189631893, 36.423505695677804 ], [ 136.553003649235109, 36.42414185587873 ], [ 136.553410648990223, 36.424813210369976 ], [ 136.553234040313612, 36.42519807004485 ], [ 136.553895338171543, 36.425727551438825 ], [ 136.553930464038586, 36.426571152433418 ], [ 136.554531967511195, 36.426838862656368 ], [ 136.554936589628255, 36.427650452836659 ], [ 136.555350542204678, 36.428088433950286 ], [ 136.556677625892661, 36.428593350825793 ], [ 136.557398717300657, 36.429528141492476 ], [ 136.558106753025015, 36.429562586296676 ], [ 136.558538359584475, 36.430069504354186 ], [ 136.560935452463838, 36.430417056191651 ], [ 136.561693336186835, 36.430987078082552 ], [ 136.563377775605517, 36.431834040833017 ] ] ] } },
{ "type": "Feature", "properties": { "CITY_NAME": "能美市", "S_NAME": "金剛寺町", "JINKO": 74, "medical_area": "17_南加賀医療圏", "町丁目名": "能美市金剛寺町" }, "geometry": { "type": "Polygon", "coordinates": [ [ [ 136.585659505286685, 36.432882043207627 ], [ 136.584621206158772, 36.432289483121075 ], [ 136.583213241767481, 36.432120320231576 ], [ 136.582459275784544, 36.431574732359991 ], [ 136.581167753647918, 36.431217314301065 ], [ 136.580615854264607, 36.431248051297892 ], [ 136.579886504359393, 36.430769526948275 ], [ 136.578943105676473, 36.430601293782935 ], [ 136.57812627994636, 36.4295461377802 ], [ 136.578573707120682, 36.42833339832427 ], [ 136.578915761365323, 36.427969481687896 ], [ 136.581218833612638, 36.427539001699635 ], [ 136.582353848986259, 36.426382934930444 ], [ 136.580969382167098, 36.424982225584856 ], [ 136.582519699935744, 36.424365235764306 ], [ 136.583336489154874, 36.424795763257009 ], [ 136.583907459707689, 36.424695714088379 ], [ 136.583852933007591, 36.423806169368198 ], [ 136.583564326736905, 36.423311541041372 ], [ 136.582461986104221, 36.422517082900889 ], [ 136.582123211313331, 36.421748771724111 ], [ 136.581024867714746, 36.421268560203096 ], [ 136.579203876803092, 36.421183352381263 ], [ 136.57780266639287, 36.42081604454755 ], [ 136.577433838844343, 36.420909599395898 ], [ 136.576602373226024, 36.421342220663327 ], [ 136.576440090968276, 36.421581690751346 ], [ 136.576817390095755, 36.422554213367121 ], [ 136.574557880364267, 36.422724254425454 ], [ 136.574416136932854, 36.423057293564788 ], [ 136.573506619593189, 36.423506645383192 ], [ 136.573397994222205, 36.424446276368684 ], [ 136.572911747835576, 36.424608585616838 ], [ 136.572946244332968, 36.425068104669791 ], [ 136.571086785903361, 36.424681719504505 ], [ 136.568585846651104, 36.424821545749339 ], [ 136.567301345547151, 36.425492101140897 ], [ 136.566503875910229, 36.426664458341989 ], [ 136.564323956001004, 36.427784164667891 ], [ 136.563051501295348, 36.429455586955527 ], [ 136.562990049775976, 36.431099909100823 ], [ 136.563377775605517, 36.431834040833017 ], [ 136.564698453087942, 36.432305001776598 ], [ 136.566449502837628, 36.4322470874448 ], [ 136.566615661583995, 36.433217269245588 ], [ 136.566497369042366, 36.433831094905862 ], [ 136.566745550764153, 36.434945460827684 ], [ 136.567044669064444, 36.435214267068041 ], [ 136.568112696531273, 36.435337305095288 ], [ 136.568532326426293, 36.43586254077384 ], [ 136.568942125028229, 36.43465525281335 ], [ 136.569272385768812, 36.434413183249255 ], [ 136.570282674000964, 36.434651100985974 ], [ 136.570422951122424, 36.434932097468838 ], [ 136.570232709174689, 36.43527234929622 ], [ 136.570351792796117, 36.435476036637368 ], [ 136.570616418240604, 36.43549361970674 ], [ 136.571078613039674, 36.435089700114325 ], [ 136.572519248980569, 36.434930352588296 ], [ 136.572970936324879, 36.435024660193179 ], [ 136.573123757918182, 36.435204152353933 ], [ 136.572889649254648, 36.43557939259361 ], [ 136.573003042044888, 36.435655786026615 ], [ 136.573788874302068, 36.435219637376285 ], [ 136.57360917651198, 36.435050854904361 ], [ 136.573671240496481, 36.434823672067409 ], [ 136.57330513848845, 36.434549054417069 ], [ 136.573072451960002, 36.434055144450674 ], [ 136.57325412154276, 36.433895127135422 ], [ 136.574606056251525, 36.434290282822793 ], [ 136.574886046756035, 36.434706484401531 ], [ 136.575591977361057, 36.4351599985051 ], [ 136.576765417966101, 36.435403290453166 ], [ 136.577171556856996, 36.435720727910144 ], [ 136.577417994372439, 36.435724055002737 ], [ 136.577852406090756, 36.435562709277882 ], [ 136.579122275725382, 36.434583522531121 ], [ 136.579355101729675, 36.433939757058582 ], [ 136.579219053823692, 36.433428199987517 ], [ 136.578842776105091, 36.432981399732597 ], [ 136.579396632776337, 36.43272656770052 ], [ 136.579967360982579, 36.432812067900038 ], [ 136.580204200083216, 36.433361858102231 ], [ 136.581091944619487, 36.433845698458946 ], [ 136.581525373864622, 36.433580305362995 ], [ 136.581775011779229, 36.433626730827008 ], [ 136.58306377884179, 36.434819850463711 ], [ 136.583724733870554, 36.434849658427673 ], [ 136.58586986017275, 36.434198520513092 ], [ 136.585401816840715, 36.433297080733482 ], [ 136.585659505286685, 36.432882043207627 ] ] ] } },
{ "type": "Feature", "properties": { "CITY_NAME": "能美市", "S_NAME": "坪野町", "JINKO": 38, "medical_area": "17_南加賀医療圏", "町丁目名": "能美市坪野町" }, "geometry": { "type": "Polygon", "coordinates": [ [ [ 136.59057631527773, 36.433328393133877 ], [ 136.591960505364113, 36.433358309671235 ], [ 136.595053824346081, 36.433892270478474 ], [ 136.596198664645073, 36.432926642179297 ], [ 136.596927870040474, 36.432819903607523 ], [ 136.598183495487774, 36.432945062692148 ], [ 136.598391454972159, 36.432265869773175 ], [ 136.597310388050062, 36.43133635247338 ], [ 136.597252136861925, 36.430978258111423 ], [ 136.598291248619319, 36.429517833904349 ], [ 136.598738951227318, 36.428392480044025 ], [ 136.600293959793987, 36.426914103198527 ], [ 136.600456790710155, 36.426416131342435 ], [ 136.600319986196922, 36.42564291261931 ], [ 136.598750532359873, 36.423363679401959 ], [ 136.598584361221157, 36.422192893337801 ], [ 136.598760711227698, 36.421734768681077 ], [ 136.599406848730638, 36.421036915107415 ], [ 136.600892293361568, 36.420420636025135 ], [ 136.601851833500916, 36.41954404358966 ], [ 136.601819344441708, 36.418408579529874 ], [ 136.602076320997668, 36.417275753058675 ], [ 136.601818124333136, 36.416592265672811 ], [ 136.600769760170209, 36.415373586843565 ], [ 136.598505894159359, 36.415148326481933 ], [ 136.597416584614706, 36.415257409483914 ], [ 136.594177962103458, 36.415982205847634 ], [ 136.592462421699196, 36.416874368983187 ], [ 136.591973433081677, 36.416983326243667 ], [ 136.590082314954884, 36.416863504309511 ], [ 136.588801302675648, 36.416567741507983 ], [ 136.586875819549476, 36.416385110141775 ], [ 136.584040249578635, 36.416602579273174 ], [ 136.583437065211371, 36.416789919090441 ], [ 136.582287791254231, 36.417590768225409 ], [ 136.581275941765398, 36.417940118854233 ], [ 136.580087040927111, 36.419338452638776 ], [ 136.58005300899103, 36.419647975231364 ], [ 136.580526949065813, 36.420232474849705 ], [ 136.581411597285069, 36.420604728288367 ], [ 136.581900980351406, 36.42104256810233 ], [ 136.582461986104221, 36.422517082900889 ], [ 136.583685723075945, 36.423464464982111 ], [ 136.583852933007591, 36.42380616936822 ], [ 136.583907459707717, 36.424695714088394 ], [ 136.583336489154874, 36.424795763257009 ], [ 136.582519699935744, 36.424365235764306 ], [ 136.580969382167126, 36.424982225584834 ], [ 136.582353848986315, 36.426382934930444 ], [ 136.581218833612638, 36.427539001699635 ], [ 136.579246857590988, 36.427811139252228 ], [ 136.57869767976473, 36.428143587727696 ], [ 136.578113842971788, 36.4293175647447 ], [ 136.578452139684998, 36.430084715960021 ], [ 136.578943105676416, 36.430601293782935 ], [ 136.579886504359393, 36.430769526948275 ], [ 136.580615854264607, 36.431248051297892 ], [ 136.581167753647918, 36.431217314301044 ], [ 136.582459275784544, 36.431574732359991 ], [ 136.583168566441117, 36.432105633475118 ], [ 136.584621206158772, 36.432289483121075 ], [ 136.585659505286657, 36.432882043207627 ], [ 136.586324726098638, 36.432810332757612 ], [ 136.589116553928733, 36.433850490076701 ], [ 136.589427144905869, 36.434333555086226 ], [ 136.589313099143652, 36.434762288243171 ], [ 136.589944943171247, 36.434533593898259 ], [ 136.59057631527773, 36.433328393133877 ] ] ] } },
{ "type": "Feature", "properties": { "CITY_NAME": "能美市", "S_NAME": "鍋谷町", "JINKO": 174, "medical_area": "17_南加賀医療圏", "町丁目名": "能美市鍋谷町" }, "geometry": { "type": "Polygon", "coordinates": [ [ [ 136.564171017176278, 36.426023991702515 ], [ 136.565446167612038, 36.426002239203115 ], [ 136.565869873808424, 36.425869252312076 ], [ 136.566163975266477, 36.424812310574424 ], [ 136.567156980860261, 36.424020085511771 ], [ 136.567693637797646, 36.423840342646116 ], [ 136.571172968883729, 36.423803975294717 ], [ 136.572457726314099, 36.424594150633261 ], [ 136.573227069267006, 36.424582725949669 ], [ 136.573397994222205, 36.424446276368684 ], [ 136.573506619593218, 36.423506645383192 ], [ 136.574416136932825, 36.423057293564788 ], [ 136.5746621872118, 36.422663726260744 ], [ 136.576817390095812, 36.422554213367121 ], [ 136.576478633276196, 36.421478908868764 ], [ 136.577632659639335, 36.420826650588907 ], [ 136.579411318240545, 36.421211089729518 ], [ 136.581024867714746, 36.42126856020306 ], [ 136.582123211313331, 36.421748771724111 ], [ 136.582072086463313, 36.421280930484038 ], [ 136.581683964272372, 36.4207807098147 ], [ 136.580526949065813, 36.420232474849705 ], [ 136.580002258712426, 36.419503355860378 ], [ 136.581275941765398, 36.417940118854233 ], [ 136.582287791254231, 36.417590768225409 ], [ 136.583437065211371, 36.416789919090441 ], [ 136.584040249578635, 36.416602579273174 ], [ 136.586875819549476, 36.416385110141775 ], [ 136.588801302675648, 36.416567741507983 ], [ 136.590082314954884, 36.416863504309511 ], [ 136.591973433081677, 36.416983326243667 ], [ 136.592462421699196, 36.416874368983187 ], [ 136.594177962103458, 36.415982205847634 ], [ 136.597416584614706, 36.415257409483914 ], [ 136.598505894159359, 36.415148326481933 ], [ 136.600769760170209, 36.415373586843565 ], [ 136.601001552165741, 36.414984091725273 ], [ 136.602763435312312, 36.414767650917341 ], [ 136.603658586671372, 36.414418317613631 ], [ 136.604386624603166, 36.413902870797557 ], [ 136.6043152784558, 36.412999712136887 ], [ 136.603845088496172, 36.411372064466136 ], [ 136.603860025987188, 36.410367570707059 ], [ 136.605339266297108, 36.407299154787786 ], [ 136.605411129317048, 36.405435506929841 ], [ 136.605135861770265, 36.40543903774504 ], [ 136.604018792159337, 36.404462241131768 ], [ 136.603692232345566, 36.404380086355921 ], [ 136.603228096228776, 36.403040299056229 ], [ 136.602609851779761, 36.402051319720243 ], [ 136.602558785057226, 36.401112606877483 ], [ 136.602883564215745, 36.399221042303715 ], [ 136.602509563498785, 36.398256618734628 ], [ 136.602116833763773, 36.397807284509724 ], [ 136.601785123697709, 36.396512489887385 ], [ 136.601764182355765, 36.395956869172494 ], [ 136.601951115209147, 36.395619935175716 ], [ 136.601584048713562, 36.394941748710188 ], [ 136.600233615510859, 36.394818429454375 ], [ 136.599391505748002, 36.395010338134526 ], [ 136.598441060180448, 36.39474540899181 ], [ 136.597442955441409, 36.394992995271238 ], [ 136.596200127540556, 36.393932475050974 ], [ 136.595005446537954, 36.393729507639321 ], [ 136.594273936947587, 36.393385715134954 ], [ 136.594046222569261, 36.393519596943278 ], [ 136.593111023284365, 36.392451402376679 ], [ 136.593640751343003, 36.391474522112503 ], [ 136.594554301238759, 36.390627589528563 ], [ 136.592433329014909, 36.38947917270368 ], [ 136.592098331787554, 36.389074505050814 ], [ 136.591037315285917, 36.388647361851 ], [ 136.590433198549135, 36.388656241063607 ], [ 136.590145422597232, 36.388752087649216 ], [ 136.588356952915404, 36.390623989617538 ], [ 136.587111593886391, 36.392233095320918 ], [ 136.585582184407997, 36.392190420699791 ], [ 136.585070929377423, 36.392314738038181 ], [ 136.584099547508771, 36.393554796411578 ], [ 136.583266429375726, 36.393774140011715 ], [ 136.582474704406167, 36.39461859061047 ], [ 136.581301449598755, 36.394551487122001 ], [ 136.579437354609411, 36.394147840965466 ], [ 136.579224823596292, 36.393943527113713 ], [ 136.578257717397975, 36.393923137934095 ], [ 136.577647138653873, 36.394691490147437 ], [ 136.577040940402213, 36.395096729465152 ], [ 136.576268663069868, 36.395206308624935 ], [ 136.575024333186775, 36.396526903130585 ], [ 136.57455952321223, 36.396785430245473 ], [ 136.573621290419254, 36.396576660903378 ], [ 136.572511876484327, 36.396752595064392 ], [ 136.571520127926306, 36.397127520521487 ], [ 136.570398795151789, 36.397019883745457 ], [ 136.570257498870774, 36.397155278614221 ], [ 136.570351498477862, 36.397700042860208 ], [ 136.568665220986588, 36.398099862469358 ], [ 136.56781063781051, 36.397959492509884 ], [ 136.567442209842881, 36.39844526520082 ], [ 136.566753072018344, 36.39883726623448 ], [ 136.567289849375214, 36.400727861615387 ], [ 136.568384207694947, 36.401663435627732 ], [ 136.568654070111506, 36.402023586398556 ], [ 136.568716180765165, 36.402580407789912 ], [ 136.568524561045848, 36.403566193966952 ], [ 136.567364058531126, 36.406943710448978 ], [ 136.567945009711877, 36.409128795417999 ], [ 136.56770421067867, 36.4105568191572 ], [ 136.567046129660014, 36.411560863500313 ], [ 136.56596536282521, 36.412033031321009 ], [ 136.563427704640958, 36.410794208604777 ], [ 136.561880629518726, 36.410359411999238 ], [ 136.561555129750531, 36.410401736742287 ], [ 136.560850343669472, 36.411223681554702 ], [ 136.560604232576026, 36.412526797300757 ], [ 136.559630038370187, 36.413414262414207 ], [ 136.557368371495386, 36.413057692550588 ], [ 136.555974425768568, 36.413225940306738 ], [ 136.555695085568544, 36.413379274357226 ], [ 136.555936690916042, 36.413875763195598 ], [ 136.557010080312125, 36.414244266628856 ], [ 136.557046020088706, 36.414528724283109 ], [ 136.556696823411102, 36.415127956607414 ], [ 136.555760839799206, 36.415457941217227 ], [ 136.554995219911149, 36.416008075744067 ], [ 136.554242051244017, 36.416084384532766 ], [ 136.55331928197927, 36.415836817925083 ], [ 136.550513942055346, 36.41685501859665 ], [ 136.549941913046808, 36.417296985043386 ], [ 136.549942941460529, 36.417614674872517 ], [ 136.549487776486956, 36.417906284328566 ], [ 136.549361378420315, 36.418165475270811 ], [ 136.553105751615647, 36.419208235748307 ], [ 136.554204260249378, 36.419345951291774 ], [ 136.555906301517638, 36.420188889440944 ], [ 136.557101639834769, 36.421201369448141 ], [ 136.557412737911761, 36.42165466005973 ], [ 136.557547467561278, 36.422421212995026 ], [ 136.558565319457273, 36.422905029561491 ], [ 136.558984348489645, 36.423765755529125 ], [ 136.558979163431957, 36.424192016929318 ], [ 136.559785436670182, 36.424764516245055 ], [ 136.560536670627755, 36.424504184562579 ], [ 136.561224044850434, 36.424507662475229 ], [ 136.561944956332439, 36.424077766108852 ], [ 136.562293100372585, 36.424105822077451 ], [ 136.562462709115778, 36.424395703896522 ], [ 136.562158287356567, 36.424724489252746 ], [ 136.562192052810929, 36.425462223423786 ], [ 136.562936669718027, 36.425274540039808 ], [ 136.56388630678768, 36.425598382159841 ], [ 136.564171017176278, 36.426023991702515 ] ] ] } },
{ "type": "Feature", "properties": { "CITY_NAME": "能美市", "S_NAME": "仏大寺町", "JINKO": 28, "medical_area": "17_南加賀医療圏", "町丁目名": "能美市仏大寺町" }, "geometry": { "type": "Polygon", "coordinates": [ [ [ 136.544525429131482, 36.413633911217872 ], [ 136.54546388783379, 36.41304455159829 ], [ 136.546084518575867, 36.413406338117554 ], [ 136.546189232972097, 36.413053148928768 ], [ 136.546727131662124, 36.412503551829353 ], [ 136.547109036808934, 36.412352887523618 ], [ 136.547621665268025, 36.412723814992077 ], [ 136.547992050712537, 36.413270869736692 ], [ 136.548940507419246, 36.413111013669685 ], [ 136.549774135747015, 36.412310927695948 ], [ 136.550555034384644, 36.41211629325673 ], [ 136.550913709968057, 36.412248959090995 ], [ 136.551171225410343, 36.413044988390141 ], [ 136.552370601453845, 36.41230091001632 ], [ 136.553173156243133, 36.41235466545708 ], [ 136.553734795141395, 36.412059608098886 ], [ 136.554166060965144, 36.41217823741848 ], [ 136.554499619721184, 36.412599510567681 ], [ 136.555695085568544, 36.413379274357226 ], [ 136.556385656468223, 36.413122072804953 ], [ 136.557368371495386, 36.413057692550588 ], [ 136.559630038370187, 36.413414262414207 ], [ 136.560604232576026, 36.412526797300757 ], [ 136.56071038871562, 36.41159694965625 ], [ 136.561082669517617, 36.410811557410753 ], [ 136.561555129750531, 36.410401736742287 ], [ 136.561880629518726, 36.410359411999238 ], [ 136.563427704640958, 36.410794208604777 ], [ 136.565683932939208, 36.411962266890157 ], [ 136.566454880498299, 36.411890127209936 ], [ 136.567046129660014, 36.411560863500313 ], [ 136.56770421067867, 36.4105568191572 ], [ 136.567945009711877, 36.409128795417999 ], [ 136.567364058531126, 36.406943710448978 ], [ 136.568665984416668, 36.403090761231148 ], [ 136.568654070111506, 36.402023586398556 ], [ 136.567289849375214, 36.400727861615387 ], [ 136.566753072018344, 36.39883726623448 ], [ 136.566442534703583, 36.398939209301389 ], [ 136.565599009128618, 36.398271621578267 ], [ 136.562607132500773, 36.396986492342918 ], [ 136.562538338299504, 36.396816073530459 ], [ 136.562949114523548, 36.396296519900737 ], [ 136.562980482475297, 36.395865740134141 ], [ 136.562774277007634, 36.395320403202319 ], [ 136.562821546125434, 36.394651617594505 ], [ 136.562433030735804, 36.394105325122048 ], [ 136.562463087610865, 36.393844683724424 ], [ 136.559504393902699, 36.394640505504 ], [ 136.558672705090572, 36.395169245084084 ], [ 136.557349775310854, 36.396642335764199 ], [ 136.556102054706656, 36.396556589773219 ], [ 136.555070970485161, 36.397469843215326 ], [ 136.554997719892214, 36.397866362750428 ], [ 136.554065692448916, 36.398666719298816 ], [ 136.554283741530298, 36.399484294208868 ], [ 136.553724735091379, 36.400110781665987 ], [ 136.553396035339091, 36.400394005439743 ], [ 136.552428866905416, 36.400316556634174 ], [ 136.55194445547798, 36.400619149717755 ], [ 136.552026364354759, 36.401136087811039 ], [ 136.552971635563239, 36.401858336603389 ], [ 136.553027354583321, 36.402378167913298 ], [ 136.55324757130407, 36.402646640637876 ], [ 136.5538751114305, 36.40315430137683 ], [ 136.554664797088122, 36.403472473483056 ], [ 136.554912296105243, 36.404319528540583 ], [ 136.553845147117443, 36.405075254904453 ], [ 136.553708638525023, 36.405328310902306 ], [ 136.551914215893476, 36.406376292296876 ], [ 136.550603578617654, 36.405777515372087 ], [ 136.549835771679398, 36.406474339144793 ], [ 136.548890422613596, 36.406940708128069 ], [ 136.548932039205056, 36.407351690579233 ], [ 136.548705701901412, 36.407616351604247 ], [ 136.548439845545943, 36.407286906448732 ], [ 136.54752641807508, 36.40705680360724 ], [ 136.546335768380771, 36.407780630315763 ], [ 136.545607439815569, 36.408478681576504 ], [ 136.543305059792942, 36.408753316805793 ], [ 136.542564303302612, 36.409295715087318 ], [ 136.542229827175987, 36.409813301537227 ], [ 136.539407412951704, 36.408411980432241 ], [ 136.537575640116756, 36.407059934922074 ], [ 136.536922744162467, 36.406286083224643 ], [ 136.536408652365026, 36.406005679829526 ], [ 136.53600950513956, 36.405036759930269 ], [ 136.53474902689311, 36.404365090160347 ], [ 136.534361336002917, 36.404328185124641 ], [ 136.534140397471617, 36.404507506209271 ], [ 136.534356455597248, 36.405656590443336 ], [ 136.534380310233814, 36.40707224244678 ], [ 136.534630059046947, 36.407209735624242 ], [ 136.535156097866718, 36.407104862958917 ], [ 136.535817128795685, 36.407575658159942 ], [ 136.536217112019614, 36.408366098454842 ], [ 136.536633744861035, 36.408581847717869 ], [ 136.537478437762047, 36.408702722575185 ], [ 136.538791070226551, 36.410095204065442 ], [ 136.539266672666201, 36.410949367697185 ], [ 136.540755119737213, 36.411910903850277 ], [ 136.544525429131482, 36.413633911217872 ] ] ] } },
{ "type": "Feature", "properties": { "CITY_NAME": "能美市", "S_NAME": "緑が丘一丁目", "JINKO": 316, "medical_area": "17_南加賀医療圏", "町丁目名": "能美市緑が丘一丁目" }, "geometry": { "type": "Polygon", "coordinates": [ [ [ 136.540525700166967, 36.446401506878296 ], [ 136.540588331244066, 36.445928557818341 ], [ 136.541956470056476, 36.445970862735564 ], [ 136.542124369727304, 36.445740630497191 ], [ 136.543629121590158, 36.445573958169007 ], [ 136.544203899956386, 36.445357391408983 ], [ 136.544347515632467, 36.445166140305545 ], [ 136.544236049721434, 36.444786800854011 ], [ 136.54433663412874, 36.444308374629543 ], [ 136.544114974648011, 36.443774935232042 ], [ 136.543844933750051, 36.44423867554157 ], [ 136.543795459099755, 36.443973753765924 ], [ 136.543355217532735, 36.444035033647651 ], [ 136.543231448311928, 36.444191713584431 ], [ 136.541563475827445, 36.444412233786501 ], [ 136.541269516640455, 36.444400273516798 ], [ 136.540964653796721, 36.444144433105933 ], [ 136.540535090474435, 36.444319326097514 ], [ 136.54077890644723, 36.444630082983437 ], [ 136.5398035634922, 36.445157418676622 ], [ 136.540147562481422, 36.446653234908865 ], [ 136.540525700166967, 36.446401506878296 ] ] ] } },
{ "type": "Feature", "properties": { "CITY_NAME": "能美市", "S_NAME": "緑が丘二丁目", "JINKO": 325, "medical_area": "17_南加賀医療圏", "町丁目名": "能美市緑が丘二丁目" }, "geometry": { "type": "Polygon", "coordinates": [ [ [ 136.540535090474435, 36.444319326097514 ], [ 136.540964653796721, 36.444144433105933 ], [ 136.541269516640455, 36.444400273516798 ], [ 136.541563475827445, 36.444412233786501 ], [ 136.543231448311928, 36.444191713584431 ], [ 136.543355217532735, 36.444035033647651 ], [ 136.543795459099755, 36.443973753765924 ], [ 136.543844933750051, 36.44423867554157 ], [ 136.544114974648011, 36.443774935232042 ], [ 136.54391969875644, 36.442424547470523 ], [ 136.543608366644122, 36.442007339529205 ], [ 136.542884874988545, 36.442370560249707 ], [ 136.543129298383917, 36.443042402888217 ], [ 136.540715194095753, 36.443384759268312 ], [ 136.539705163719219, 36.44408582469736 ], [ 136.540163956266355, 36.444927988268972 ], [ 136.54077890644723, 36.444630082983437 ], [ 136.540535090474435, 36.444319326097514 ] ] ] } },
{ "type": "Feature", "properties": { "CITY_NAME": "能美市", "S_NAME": "緑が丘三丁目", "JINKO": 306, "medical_area": "17_南加賀医療圏", "町丁目名": "能美市緑が丘三丁目" }, "geometry": { "type": "Polygon", "coordinates": [ [ [ 136.540860118091985, 36.443361546673302 ], [ 136.543129298383917, 36.443042402888217 ], [ 136.542884874988545, 36.442370560249707 ], [ 136.543608366644122, 36.442007339529205 ], [ 136.543147038371359, 36.440890089128224 ], [ 136.542479050384202, 36.440414229754481 ], [ 136.542242274242085, 36.440029830535821 ], [ 136.541846133353317, 36.440277104847041 ], [ 136.541375745702197, 36.440993718900614 ], [ 136.541760863305285, 36.441172037102042 ], [ 136.540174718887329, 36.443334714570064 ], [ 136.53939973971282, 36.44294903096597 ], [ 136.538915049833179, 36.44365812998462 ], [ 136.539705163719219, 36.44408582469736 ], [ 136.540860118091985, 36.443361546673302 ] ] ] } },
{ "type": "Feature", "properties": { "CITY_NAME": "能美市", "S_NAME": "緑が丘四丁目", "JINKO": 442, "medical_area": "17_南加賀医療圏", "町丁目名": "能美市緑が丘四丁目" }, "geometry": { "type": "Polygon", "coordinates": [ [ [ 136.539339631706014, 36.443028240766736 ], [ 136.540174718887329, 36.443334714570064 ], [ 136.541760863305285, 36.441172037102042 ], [ 136.539664391694117, 36.440190111418204 ], [ 136.537642596467748, 36.44304401922146 ], [ 136.538915049833179, 36.44365812998462 ], [ 136.539339631706014, 36.443028240766736 ] ] ] } },
{ "type": "Feature", "properties": { "CITY_NAME": "能美市", "S_NAME": "緑が丘五丁目", "JINKO": 524, "medical_area": "17_南加賀医療圏", "町丁目名": "能美市緑が丘五丁目" }, "geometry": { "type": "Polygon", "coordinates": [ [ [ 136.53968639160459, 36.444063159748758 ], [ 136.537642596467748, 36.44304401922146 ], [ 136.537874469107805, 36.44265384448866 ], [ 136.537282604237049, 36.442395493767911 ], [ 136.536699537345442, 36.442398085680544 ], [ 136.536687089785659, 36.441789271226703 ], [ 136.536386665230339, 36.441433462544005 ], [ 136.534877056637924, 36.440538864693735 ], [ 136.534106333401922, 36.441578502274474 ], [ 136.534674433132011, 36.442246313428377 ], [ 136.534457405508448, 36.443138919993352 ], [ 136.535097074364302, 36.443234474021672 ], [ 136.535466932733328, 36.443608573176029 ], [ 136.535964687653575, 36.44335245536454 ], [ 136.537089318178431, 36.444512099435684 ], [ 136.538156549394955, 36.445249437306735 ], [ 136.538617518131304, 36.446366271187301 ], [ 136.539231813216787, 36.446675950424691 ], [ 136.540147562481422, 36.446653234908865 ], [ 136.5398035634922, 36.445157418676622 ], [ 136.540163956266355, 36.444927988268972 ], [ 136.53968639160459, 36.444063159748758 ] ] ] } },
{ "type": "Feature", "properties": { "CITY_NAME": "能美市", "S_NAME": "緑が丘六丁目", "JINKO": 76, "medical_area": "17_南加賀医療圏", "町丁目名": "能美市緑が丘六丁目" }, "geometry": { "type": "Polygon", "coordinates": [ [ [ 136.541375745702197, 36.440993718900636 ], [ 136.541846133353317, 36.440277104847041 ], [ 136.542242274242057, 36.440029830535828 ], [ 136.541892067195448, 36.439364964543842 ], [ 136.539664391694117, 36.440190111418183 ], [ 136.541375745702197, 36.440993718900636 ] ] ] } },
{ "type": "Feature", "properties": { "CITY_NAME": "能美市", "S_NAME": "緑が丘七丁目", "JINKO": 403, "medical_area": "17_南加賀医療圏", "町丁目名": "能美市緑が丘七丁目" }, "geometry": { "type": "Polygon", "coordinates": [ [ [ 136.541892067195448, 36.439364964543842 ], [ 136.541298732843444, 36.437209552401868 ], [ 136.540768145166624, 36.436934820667112 ], [ 136.53978275234843, 36.437134462350002 ], [ 136.538899156759527, 36.437042828802262 ], [ 136.538687599214796, 36.437895166382212 ], [ 136.539640477366987, 36.4377798502587 ], [ 136.539668954391004, 36.438097293119185 ], [ 136.5385275998498, 36.439663218263789 ], [ 136.539664391694117, 36.440190111418204 ], [ 136.541892067195448, 36.439364964543842 ] ] ] } },
{ "type": "Feature", "properties": { "CITY_NAME": "能美市", "S_NAME": "緑が丘八丁目", "JINKO": 269, "medical_area": "17_南加賀医療圏", "町丁目名": "能美市緑が丘八丁目" }, "geometry": { "type": "Polygon", "coordinates": [ [ [ 136.539668954391004, 36.438097293119185 ], [ 136.539640477366987, 36.4377798502587 ], [ 136.53798690602531, 36.437807654867555 ], [ 136.537577259105177, 36.437403605942507 ], [ 136.537662001351066, 36.437034093712434 ], [ 136.537537327989099, 36.43677690518976 ], [ 136.537222403029745, 36.436627704639363 ], [ 136.536455715151817, 36.437250148159634 ], [ 136.535187435572311, 36.437768263825241 ], [ 136.53576182205407, 36.438343472845695 ], [ 136.5385275998498, 36.439663218263789 ], [ 136.539668954391004, 36.438097293119185 ] ] ] } },
{ "type": "Feature", "properties": { "CITY_NAME": "能美市", "S_NAME": "緑が丘九丁目", "JINKO": 433, "medical_area": "17_南加賀医療圏", "町丁目名": "能美市緑が丘九丁目" }, "geometry": { "type": "Polygon", "coordinates": [ [ [ 136.537874469107805, 36.44265384448866 ], [ 136.539664391694117, 36.440190111418204 ], [ 136.536230929340178, 36.438585866747687 ], [ 136.535150408887432, 36.440089385348642 ], [ 136.534685631706083, 36.440288149452932 ], [ 136.535112322723819, 36.440772175021159 ], [ 136.536144680254722, 36.441222473263842 ], [ 136.536556072890761, 36.441610941102255 ], [ 136.536699537345442, 36.442398085680544 ], [ 136.537282604237049, 36.442395493767911 ], [ 136.537874469107805, 36.44265384448866 ] ] ] } },
{ "type": "Feature", "properties": { "CITY_NAME": "能美市", "S_NAME": "緑が丘十丁目", "JINKO": 340, "medical_area": "17_南加賀医療圏", "町丁目名": "能美市緑が丘十丁目" }, "geometry": { "type": "Polygon", "coordinates": [ [ [ 136.534866999258611, 36.436561322421859 ], [ 136.534861205848642, 36.436350102838837 ], [ 136.534488072423215, 36.436445040835416 ], [ 136.534223038132751, 36.436148799109752 ], [ 136.533679433071342, 36.43599850908317 ], [ 136.532918642962983, 36.437800633836218 ], [ 136.533484072447294, 36.438428129186107 ], [ 136.533617693796714, 36.439093138934986 ], [ 136.534685631706083, 36.440288149452932 ], [ 136.535150408887432, 36.440089385348642 ], [ 136.536230929340178, 36.438585866747687 ], [ 136.53558875292228, 36.438210296066096 ], [ 136.535187435572311, 36.437768263825241 ], [ 136.535757701962694, 36.437631802374078 ], [ 136.534866999258611, 36.436561322421859 ] ] ] } },
{ "type": "Feature", "properties": { "CITY_NAME": "能美市", "S_NAME": "緑が丘十一丁目", "JINKO": 141, "medical_area": "17_南加賀医療圏", "町丁目名": "能美市緑が丘十一丁目" }, "geometry": { "type": "Polygon", "coordinates": [ [ [ 136.534498937216654, 36.442883947600457 ], [ 136.534674433132011, 36.442246313428399 ], [ 136.534106333401951, 36.441578502274474 ], [ 136.534877056637924, 36.440538864693721 ], [ 136.533617693796714, 36.439093138934986 ], [ 136.533484072447294, 36.438428129186107 ], [ 136.532918642962983, 36.437800633836218 ], [ 136.531555196085492, 36.440974673201396 ], [ 136.532186341087169, 36.440799945178178 ], [ 136.532563821695589, 36.441044725914466 ], [ 136.531347622611008, 36.441717001429751 ], [ 136.531151650829059, 36.442081019136673 ], [ 136.532005820260366, 36.442776741089958 ], [ 136.53308501385149, 36.443046562226627 ], [ 136.533826492857969, 36.443039878786486 ], [ 136.533894028180868, 36.442824017003005 ], [ 136.534498937216654, 36.442883947600457 ] ] ] } },
{ "type": "Feature", "properties": { "CITY_NAME": "能美市", "S_NAME": "松が岡一丁目", "JINKO": 173, "medical_area": "17_南加賀医療圏", "町丁目名": "能美市松が岡一丁目" }, "geometry": { "type": "Polygon", "coordinates": [ [ [ 136.530248152618839, 36.440368232157276 ], [ 136.530501793932871, 36.440398385076989 ], [ 136.530731415595739, 36.441160794138526 ], [ 136.53107587663456, 36.441280462952811 ], [ 136.531350649874327, 36.440934609724486 ], [ 136.531555196085492, 36.440974673201396 ], [ 136.531916599674076, 36.440104741542754 ], [ 136.529856486461256, 36.439983398144747 ], [ 136.526771490069763, 36.439027703782621 ], [ 136.525766462905665, 36.440274458872693 ], [ 136.529735574756756, 36.441421006743305 ], [ 136.530145145071543, 36.440830683046123 ], [ 136.530248152618839, 36.440368232157276 ] ] ] } },
{ "type": "Feature", "properties": { "CITY_NAME": "能美市", "S_NAME": "松が岡二丁目", "JINKO": 150, "medical_area": "17_南加賀医療圏", "町丁目名": "能美市松が岡二丁目" }, "geometry": { "type": "Polygon", "coordinates": [ [ [ 136.525766462905665, 36.440274458872693 ], [ 136.528006596211696, 36.437440871399183 ], [ 136.525132108503584, 36.436562028803763 ], [ 136.524767601561791, 36.437292267333632 ], [ 136.523779759063387, 36.437314707445275 ], [ 136.522982294785663, 36.438425793237549 ], [ 136.522990338543593, 36.43944551662527 ], [ 136.523368091001345, 36.439853918040299 ], [ 136.524073909475817, 36.439973378751063 ], [ 136.523958584726984, 36.439308845504542 ], [ 136.524667015982629, 36.439215122646402 ], [ 136.525791553258301, 36.439625469222598 ], [ 136.525518050052398, 36.4401913753278 ], [ 136.525766462905665, 36.440274458872693 ] ] ] } },
{ "type": "Feature", "properties": { "CITY_NAME": "能美市", "S_NAME": "松が岡三丁目", "JINKO": 147, "medical_area": "17_南加賀医療圏", "町丁目名": "能美市松が岡三丁目" }, "geometry": { "type": "Polygon", "coordinates": [ [ [ 136.528006596211696, 36.437440871399183 ], [ 136.528468387973561, 36.434580777123251 ], [ 136.527926331287887, 36.434414063350836 ], [ 136.527154230372076, 36.434853133985925 ], [ 136.526643391829396, 36.434913261496369 ], [ 136.526390468465905, 36.43583339866877 ], [ 136.526072022256869, 36.435610357121568 ], [ 136.525587618945139, 36.435548499395594 ], [ 136.525132108503584, 36.436562028803763 ], [ 136.528006596211696, 36.437440871399183 ] ] ] } },
{ "type": "Feature", "properties": { "CITY_NAME": "能美市", "S_NAME": "松が岡四丁目", "JINKO": 231, "medical_area": "17_南加賀医療圏", "町丁目名": "能美市松が岡四丁目" }, "geometry": { "type": "Polygon", "coordinates": [ [ [ 136.52796660356799, 36.43856855567865 ], [ 136.528462512909584, 36.43812430448552 ], [ 136.528658686739163, 36.438212133564974 ], [ 136.528932341751812, 36.438019768343352 ], [ 136.529071973800484, 36.437688579557886 ], [ 136.529945703690231, 36.438048222092171 ], [ 136.53077304697365, 36.437488505358928 ], [ 136.531149802799177, 36.436776793063025 ], [ 136.530313551530867, 36.436567330055667 ], [ 136.530002432429768, 36.436191271160837 ], [ 136.528254912791851, 36.435517254771966 ], [ 136.528078081767518, 36.437308502302336 ], [ 136.526771490069763, 36.439027703782621 ], [ 136.528366797206701, 36.439594892402887 ], [ 136.528592563725169, 36.438986407184551 ], [ 136.52796660356799, 36.43856855567865 ] ] ] } },
{ "type": "Feature", "properties": { "CITY_NAME": "能美市", "S_NAME": "松が岡五丁目", "JINKO": 391, "medical_area": "17_南加賀医療圏", "町丁目名": "能美市松が岡五丁目" }, "geometry": { "type": "Polygon", "coordinates": [ [ [ 136.531916599674076, 36.440104741542754 ], [ 136.533867382455469, 36.435469406962362 ], [ 136.531417805288385, 36.435220096940121 ], [ 136.529964871864024, 36.434565138978478 ], [ 136.528468387973561, 36.434580777123251 ], [ 136.528254912791851, 36.435517254771966 ], [ 136.530002432429768, 36.436191271160837 ], [ 136.530313551530867, 36.436567330055667 ], [ 136.531149802799177, 36.436776793063025 ], [ 136.53077304697365, 36.437488505358928 ], [ 136.529945703690231, 36.438048222092171 ], [ 136.529071973800484, 36.437688579557886 ], [ 136.528932341751812, 36.438019768343352 ], [ 136.528658686739163, 36.438212133564974 ], [ 136.528462512909584, 36.43812430448552 ], [ 136.52796660356799, 36.43856855567865 ], [ 136.528592563725169, 36.438986407184551 ], [ 136.528366797206701, 36.439594892402887 ], [ 136.530043980838229, 36.440019430504009 ], [ 136.531916599674076, 36.440104741542754 ] ] ] } },
{ "type": "Feature", "properties": { "CITY_NAME": "能美市", "S_NAME": "能美一丁目", "JINKO": 0, "medical_area": "17_南加賀医療圏", "町丁目名": "能美市能美一丁目" }, "geometry": { "type": "Polygon", "coordinates": [ [ [ 136.494105338315563, 36.457236807593048 ], [ 136.491824827839679, 36.452144226253552 ], [ 136.48976376720185, 36.452852394941992 ], [ 136.490770096976121, 36.457634280800633 ], [ 136.494105338315563, 36.457236807593048 ] ] ] } },
{ "type": "Feature", "properties": { "CITY_NAME": "能美市", "S_NAME": "能美二丁目", "JINKO": 0, "medical_area": "17_南加賀医療圏", "町丁目名": "能美市能美二丁目" }, "geometry": { "type": "Polygon", "coordinates": [ [ [ 136.487002515329209, 36.453475792924436 ], [ 136.487259154005386, 36.455237566321053 ], [ 136.488044740021479, 36.455346633688166 ], [ 136.488508471784513, 36.45790998821316 ], [ 136.490770096976121, 36.457634280800633 ], [ 136.490190614691073, 36.454536187609833 ], [ 136.49005988377462, 36.454550831318876 ], [ 136.48994604712766, 36.453891052153182 ], [ 136.487981130177218, 36.454066551355339 ], [ 136.487496235559149, 36.453891626175505 ], [ 136.487002515329209, 36.453475792924436 ] ] ] } },
{ "type": "Feature", "properties": { "CITY_NAME": "能美市", "S_NAME": "能美三丁目", "JINKO": 0, "medical_area": "17_南加賀医療圏", "町丁目名": "能美市能美三丁目" }, "geometry": { "type": "Polygon", "coordinates": [ [ [ 136.48994604712766, 36.453891052153182 ], [ 136.48976376720185, 36.452852394941992 ], [ 136.487002515329209, 36.453475792924436 ], [ 136.487496235559149, 36.453891626175505 ], [ 136.487981130177218, 36.454066551355339 ], [ 136.48994604712766, 36.453891052153182 ] ] ] } },
{ "type": "Feature", "properties": { "CITY_NAME": "川北町", "S_NAME": "字藤蔵", "JINKO": 25, "medical_area": "17_南加賀医療圏", "町丁目名": "川北町字藤蔵" }, "geometry": { "type": "Polygon", "coordinates": [ [ [ 136.599287978027604, 36.461361318535936 ], [ 136.600738483169891, 36.460643314740388 ], [ 136.600912828528891, 36.46025567198064 ], [ 136.602424122273419, 36.45997389292716 ], [ 136.602008899212308, 36.458236426878472 ], [ 136.597330899212182, 36.458569716311992 ], [ 136.598239717932529, 36.460330106294798 ], [ 136.598131476188257, 36.460609491283876 ], [ 136.598230589800494, 36.460817663656734 ], [ 136.598708604818057, 36.461181095616993 ], [ 136.599287978027604, 36.461361318535936 ] ] ] } },
{ "type": "Feature", "properties": { "CITY_NAME": "川北町", "S_NAME": "字中島", "JINKO": 581, "medical_area": "17_南加賀医療圏", "町丁目名": "川北町字中島" }, "geometry": { "type": "Polygon", "coordinates": [ [ [ 136.591607470118447, 36.468226510993745 ], [ 136.591917431342949, 36.468318511042703 ], [ 136.592625240347701, 36.467635001741968 ], [ 136.593901367957102, 36.467233907671201 ], [ 136.59438338739298, 36.465050048183343 ], [ 136.599287978027604, 36.461361318535936 ], [ 136.598708604818057, 36.461181095616993 ], [ 136.598230589800494, 36.460817663656734 ], [ 136.598131476188257, 36.460609491283826 ], [ 136.598239717932529, 36.460330106294798 ], [ 136.597330899212125, 36.458569716312006 ], [ 136.593018998702831, 36.459049782284815 ], [ 136.580445243729457, 36.459961763885758 ], [ 136.580438329707874, 36.461433400521784 ], [ 136.579359047943939, 36.461497935545808 ], [ 136.579424800107375, 36.461991984037716 ], [ 136.579601681511463, 36.461983173663413 ], [ 136.580603947533518, 36.464276375704728 ], [ 136.579928744639915, 36.464496527749603 ], [ 136.580765056027104, 36.466270440033853 ], [ 136.579781581730145, 36.466597430007049 ], [ 136.580216962293093, 36.467425753549996 ], [ 136.579555524327787, 36.46766631629152 ], [ 136.579873593400464, 36.468028467704549 ], [ 136.580097104732346, 36.467958878341626 ], [ 136.580352917410664, 36.468097146807374 ], [ 136.580028265142175, 36.46820454039014 ], [ 136.580083309599672, 36.468396526657266 ], [ 136.583124658076486, 36.468125413916106 ], [ 136.585278355251745, 36.468930709190161 ], [ 136.587930558189271, 36.469247330120822 ], [ 136.588324536150168, 36.469341789190096 ], [ 136.588597579563583, 36.469610479455312 ], [ 136.589019996552366, 36.469649558126669 ], [ 136.590359309975639, 36.469316674533097 ], [ 136.591607470118447, 36.468226510993745 ] ] ] } },
{ "type": "Feature", "properties": { "CITY_NAME": "川北町", "S_NAME": "字三反田", "JINKO": 244, "medical_area": "17_南加賀医療圏", "町丁目名": "川北町字三反田" }, "geometry": { "type": "Polygon", "coordinates": [ [ [ 136.576449909870291, 36.469260129464743 ], [ 136.577829157577725, 36.46871348151231 ], [ 136.578878663754807, 36.468761674146307 ], [ 136.578698107722772, 36.468394318943204 ], [ 136.579873593400464, 36.468028467704549 ], [ 136.579555524327787, 36.46766631629152 ], [ 136.580216962293093, 36.467425753549996 ], [ 136.579781581730145, 36.466597430007049 ], [ 136.580765056027104, 36.466270440033853 ], [ 136.579928744639915, 36.464496527749603 ], [ 136.580603947533518, 36.464276375704728 ], [ 136.579600286242766, 36.4621686522242 ], [ 136.574111403214374, 36.46219977824228 ], [ 136.573926959753891, 36.460163378310071 ], [ 136.564896438577136, 36.460548156296511 ], [ 136.564817609798439, 36.464072532234113 ], [ 136.565582162668818, 36.465078894456724 ], [ 136.565318985083991, 36.465227957022108 ], [ 136.565260632446837, 36.46563982020492 ], [ 136.564656688407354, 36.465711968419996 ], [ 136.565087718000257, 36.466602489731095 ], [ 136.564703356604383, 36.466814971786519 ], [ 136.565057324772965, 36.46741270818351 ], [ 136.565825105134195, 36.46711027479995 ], [ 136.56617566168552, 36.467705173876389 ], [ 136.567593162473372, 36.467205477757169 ], [ 136.567916655463506, 36.467733421833309 ], [ 136.568801669297073, 36.467425959048143 ], [ 136.569291141704866, 36.468347384954761 ], [ 136.570504608815014, 36.467921828514541 ], [ 136.571029174778573, 36.468759886278605 ], [ 136.57203123250477, 36.46849617786944 ], [ 136.575220383363956, 36.469177649584104 ], [ 136.576449909870291, 36.469260129464743 ] ] ] } },
{ "type": "Feature", "properties": { "CITY_NAME": "川北町", "S_NAME": "字土室（草深）", "JINKO": 456, "medical_area": "17_南加賀医療圏", "町丁目名": "川北町字土室（草深）" }, "geometry": { "type": "Polygon", "coordinates": [ [ [ 136.560006718926985, 36.476381906782102 ], [ 136.560588870491841, 36.476359807542188 ], [ 136.561102484714979, 36.476142791166019 ], [ 136.561238935208735, 36.475826941570752 ], [ 136.562112881041827, 36.475208008290714 ], [ 136.562282161820775, 36.474845504626835 ], [ 136.562613444670973, 36.474631567310013 ], [ 136.562466311776632, 36.474476421462796 ], [ 136.562780333513473, 36.474363568985858 ], [ 136.565552215650797, 36.474173935435715 ], [ 136.56769711532084, 36.473431388681227 ], [ 136.568699167219705, 36.472785548450041 ], [ 136.570057596045416, 36.472297220299446 ], [ 136.570699662225792, 36.473242790244257 ], [ 136.570921883239293, 36.472871344500497 ], [ 136.570430977964435, 36.472171335218214 ], [ 136.571270183059511, 36.471994618691483 ], [ 136.57130894495603, 36.471216605852952 ], [ 136.571511131932255, 36.470910324890802 ], [ 136.571916875548823, 36.470717813384645 ], [ 136.572852592356952, 36.470640696925116 ], [ 136.571768763197497, 36.468535213181525 ], [ 136.571029174778573, 36.468759886278605 ], [ 136.570504608815014, 36.467921828514541 ], [ 136.569291141704866, 36.468347384954761 ], [ 136.568801669297073, 36.467425959048143 ], [ 136.567916655463506, 36.467733421833309 ], [ 136.567593162473372, 36.467205477757169 ], [ 136.56617566168552, 36.467705173876389 ], [ 136.565825105134195, 36.46711027479995 ], [ 136.565057324772965, 36.46741270818351 ], [ 136.564703356604383, 36.466814971786519 ], [ 136.565087718000257, 36.466602489731095 ], [ 136.564656688407354, 36.465711968419996 ], [ 136.562509842854013, 36.466898586453382 ], [ 136.561659891187929, 36.467128206409789 ], [ 136.55803579588158, 36.467611058158617 ], [ 136.554957029822646, 36.467587024932918 ], [ 136.554959025835302, 36.46821083166369 ], [ 136.551973091393904, 36.46865500952449 ], [ 136.551599915091487, 36.469190572755267 ], [ 136.549807481990854, 36.470000108552945 ], [ 136.547106646275182, 36.474111250304134 ], [ 136.547294465619984, 36.474243598723952 ], [ 136.547262519611252, 36.474495280934534 ], [ 136.550162474548102, 36.474814093303458 ], [ 136.550273602327536, 36.475588855564681 ], [ 136.551598952815851, 36.475434140701161 ], [ 136.552481766901678, 36.479865324133307 ], [ 136.554267972300494, 36.479498110077621 ], [ 136.555710808417956, 36.478638928707191 ], [ 136.55652065118008, 36.478411079127966 ], [ 136.55729600360138, 36.477787749352025 ], [ 136.558504317792995, 36.477478914016977 ], [ 136.560006718926985, 36.476381906782102 ] ] ] } },
{ "type": "Feature", "properties": { "CITY_NAME": "川北町", "S_NAME": "字土室", "JINKO": 1201, "medical_area": "17_南加賀医療圏", "町丁目名": "川北町字土室" }, "geometry": { "type": "Polygon", "coordinates": [ [ [ 136.54266744229534, 36.48193801416793 ], [ 136.544429056491055, 36.481804219030955 ], [ 136.54521763768571, 36.481609356087745 ], [ 136.545205757478982, 36.481361105382966 ], [ 136.545643625123319, 36.481276114641659 ], [ 136.547958038380642, 36.481190385922751 ], [ 136.550271898091381, 36.480663876915408 ], [ 136.551302022340138, 36.480064631578642 ], [ 136.552481766901678, 36.479865324133307 ], [ 136.551598952815851, 36.475434140701161 ], [ 136.550273602327536, 36.475588855564681 ], [ 136.550162474548102, 36.474814093303458 ], [ 136.547262519611252, 36.474495280934534 ], [ 136.547294465619984, 36.474243598723952 ], [ 136.547106646275182, 36.474111250304134 ], [ 136.548752698982781, 36.471565518933339 ], [ 136.547413775835054, 36.471263814523937 ], [ 136.54621437969422, 36.471309590850218 ], [ 136.546258985375971, 36.471729062244151 ], [ 136.545149821239193, 36.471795216076778 ], [ 136.544856289193575, 36.472174239141488 ], [ 136.544814738644902, 36.472574463084278 ], [ 136.544163114116145, 36.472660661576796 ], [ 136.544282090858616, 36.47303408704618 ], [ 136.543714628131369, 36.473109420126413 ], [ 136.543948002459331, 36.474112319941781 ], [ 136.542898955719807, 36.474401427359211 ], [ 136.543133348145886, 36.474894973606894 ], [ 136.542465468098129, 36.475097777183201 ], [ 136.541743527312974, 36.475643739365736 ], [ 136.540930309426244, 36.475884391752849 ], [ 136.542080534688182, 36.478364869605791 ], [ 136.542091462389351, 36.480154276556554 ], [ 136.542584753041211, 36.481176012581479 ], [ 136.54266744229534, 36.48193801416793 ] ] ] } },
{ "type": "Feature", "properties": { "CITY_NAME": "川北町", "S_NAME": "字山田先出（上先出）", "JINKO": 73, "medical_area": "17_南加賀医療圏", "町丁目名": "川北町字山田先出（上先出）" }, "geometry": { "type": "Polygon", "coordinates": [ [ [ 136.564656688407354, 36.465711968419996 ], [ 136.565260632446837, 36.465639820204942 ], [ 136.565318985084019, 36.465227957022108 ], [ 136.565582162668818, 36.465078894456724 ], [ 136.564817609798439, 36.464072532234113 ], [ 136.564896438577136, 36.460548156296511 ], [ 136.556865401357328, 36.46091799015197 ], [ 136.55687712635941, 36.467633008116451 ], [ 136.558577473627679, 36.467566497823334 ], [ 136.562226382555735, 36.466991848890885 ], [ 136.564656688407354, 36.465711968419996 ] ] ] } },
{ "type": "Feature", "properties": { "CITY_NAME": "川北町", "S_NAME": "字山田先出（下先出）", "JINKO": 138, "medical_area": "17_南加賀医療圏", "町丁目名": "川北町字山田先出（下先出）" }, "geometry": { "type": "Polygon", "coordinates": [ [ [ 136.55687712635941, 36.467633008116451 ], [ 136.556865401357328, 36.46091799015197 ], [ 136.553866202781961, 36.460973249666985 ], [ 136.550290420942559, 36.460729581260608 ], [ 136.541191997961704, 36.461586653637724 ], [ 136.541213803199724, 36.463823441810305 ], [ 136.540355049891701, 36.463770359617037 ], [ 136.54029696687121, 36.465016530526519 ], [ 136.546465842559797, 36.46571674885169 ], [ 136.546214058476068, 36.467043550420051 ], [ 136.547729408715384, 36.467257483872331 ], [ 136.547680209424328, 36.467811396753092 ], [ 136.55687712635941, 36.467633008116451 ] ] ] } },
{ "type": "Feature", "properties": { "CITY_NAME": "川北町", "S_NAME": "字壱ツ屋", "JINKO": 371, "medical_area": "17_南加賀医療圏", "町丁目名": "川北町字壱ツ屋" }, "geometry": { "type": "Polygon", "coordinates": [ [ [ 136.544282090858616, 36.47303408704618 ], [ 136.544163114116145, 36.472660661576796 ], [ 136.544814738644902, 36.472574463084278 ], [ 136.544856289193575, 36.472174239141488 ], [ 136.545149821239193, 36.471795216076778 ], [ 136.546258985375971, 36.471729062244151 ], [ 136.54621437969422, 36.471309590850218 ], [ 136.547413775835054, 36.471263814523937 ], [ 136.548752698982781, 36.471565518933339 ], [ 136.549807481990854, 36.470000108552945 ], [ 136.551599915091487, 36.469190572755267 ], [ 136.551973091393904, 36.46865500952449 ], [ 136.554959025835302, 36.46821083166369 ], [ 136.554957029822646, 36.467587024932918 ], [ 136.547680209424328, 36.467811396753092 ], [ 136.547729408715384, 36.467257483872331 ], [ 136.546214058476039, 36.467043550420023 ], [ 136.546465842559797, 36.46571674885169 ], [ 136.54029696687121, 36.465016530526519 ], [ 136.540440074433093, 36.468160402865635 ], [ 136.539337491966506, 36.468232696771487 ], [ 136.539571953270695, 36.471127926851779 ], [ 136.542737297449179, 36.471079693827519 ], [ 136.54273795902057, 36.471486966932147 ], [ 136.542081774522501, 36.471555844884861 ], [ 136.542262212334691, 36.472204392877252 ], [ 136.542454612459636, 36.472181988772221 ], [ 136.542688585309463, 36.473047738356222 ], [ 136.543666762684694, 36.472897563150447 ], [ 136.543714628131369, 36.473109420126413 ], [ 136.544282090858616, 36.47303408704618 ] ] ] } },
{ "type": "Feature", "properties": { "CITY_NAME": "川北町", "S_NAME": "字与九郎島", "JINKO": 242, "medical_area": "17_南加賀医療圏", "町丁目名": "川北町字与九郎島" }, "geometry": { "type": "Polygon", "coordinates": [ [ [ 136.539482824251166, 36.476237492738022 ], [ 136.541743527312974, 36.475643739365736 ], [ 136.542465468098129, 36.475097777183201 ], [ 136.543133348145886, 36.474894973606894 ], [ 136.542898955719807, 36.474401427359211 ], [ 136.543956130040868, 36.474082615342489 ], [ 136.543666762684694, 36.472897563150447 ], [ 136.542688585309463, 36.473047738356222 ], [ 136.542454612459636, 36.472181988772221 ], [ 136.542262212334691, 36.472204392877252 ], [ 136.542081774522501, 36.471555844884861 ], [ 136.54273795902057, 36.471486966932147 ], [ 136.542737297449179, 36.471079693827519 ], [ 136.539571953270695, 36.471127926851779 ], [ 136.539337491966506, 36.468232696771487 ], [ 136.540440074433093, 36.468160402865635 ], [ 136.540355049891701, 36.463770359617037 ], [ 136.541213803199724, 36.463823441810263 ], [ 136.541191997961647, 36.461586653637731 ], [ 136.53625186151092, 36.462091423315307 ], [ 136.536206403017189, 36.463600067581055 ], [ 136.535236742141365, 36.464256485386727 ], [ 136.536832741086897, 36.464837639134331 ], [ 136.537084569994619, 36.468429070314997 ], [ 136.537297223016594, 36.469340792794348 ], [ 136.536213672755821, 36.469498492067871 ], [ 136.536486016726371, 36.470551738427552 ], [ 136.532873060025508, 36.471124358962435 ], [ 136.533051618625649, 36.471870919315101 ], [ 136.532040916952525, 36.472042501660653 ], [ 136.532144512189575, 36.472434304431331 ], [ 136.533017301235674, 36.472279836334693 ], [ 136.533279442246339, 36.473280974520584 ], [ 136.53386125075221, 36.473190218418473 ], [ 136.534075040470242, 36.474081931048687 ], [ 136.535416515726268, 36.473920730994429 ], [ 136.535696556048862, 36.475057629194126 ], [ 136.536959338617066, 36.474695043596284 ], [ 136.53739005293636, 36.475685898804592 ], [ 136.539227017463389, 36.475223134263793 ], [ 136.539482824251166, 36.476237492738022 ] ] ] } },
{ "type": "Feature", "properties": { "CITY_NAME": "川北町", "S_NAME": "字田子島（上）", "JINKO": 213, "medical_area": "17_南加賀医療圏", "町丁目名": "川北町字田子島（上）" }, "geometry": { "type": "Polygon", "coordinates": [ [ [ 136.528425995378086, 36.473192800356152 ], [ 136.531716869141576, 36.472055594225438 ], [ 136.533051618625649, 36.471870919315101 ], [ 136.532873060025508, 36.471124358962435 ], [ 136.536486016726343, 36.470551738427567 ], [ 136.536213672755849, 36.469498492067871 ], [ 136.537297223016594, 36.469340792794334 ], [ 136.537084569994619, 36.468429070314997 ], [ 136.536832741086897, 36.464837639134295 ], [ 136.535236742141365, 36.464256485386727 ], [ 136.536206403017189, 36.463600067581041 ], [ 136.536251861510948, 36.462091423315307 ], [ 136.522921162572146, 36.462350592475225 ], [ 136.523442397403841, 36.464478153318872 ], [ 136.528850518961576, 36.464403943484449 ], [ 136.529008585493244, 36.464543526270191 ], [ 136.528920374872484, 36.465592010347017 ], [ 136.529106330882371, 36.466520264686835 ], [ 136.530225448133166, 36.466343409346152 ], [ 136.530490955336887, 36.467432684806838 ], [ 136.529077396043078, 36.467648449776028 ], [ 136.529206278591431, 36.46853735714361 ], [ 136.525455269338892, 36.468979076320672 ], [ 136.525512724433611, 36.46938038760225 ], [ 136.52503633488422, 36.469739853637869 ], [ 136.525300538925251, 36.471233510599937 ], [ 136.524865979907474, 36.471275770474293 ], [ 136.52501740055061, 36.472037295825018 ], [ 136.525890088569696, 36.472393889428481 ], [ 136.526289718132261, 36.473520224161312 ], [ 136.528425995378086, 36.473192800356152 ] ] ] } },
{ "type": "Feature", "properties": { "CITY_NAME": "川北町", "S_NAME": "字田子島（下）", "JINKO": 240, "medical_area": "17_南加賀医療圏", "町丁目名": "川北町字田子島（下）" }, "geometry": { "type": "Polygon", "coordinates": [ [ [ 136.521926428402054, 36.477255695389353 ], [ 136.522048070340873, 36.476447386174492 ], [ 136.523555730770994, 36.474988557029171 ], [ 136.523987775862935, 36.474218637489464 ], [ 136.524940175638022, 36.474219693525768 ], [ 136.525028147910547, 36.473811106241754 ], [ 136.525270377029614, 36.473847088622001 ], [ 136.525371513145018, 36.473533443193411 ], [ 136.526289718132318, 36.473520224161319 ], [ 136.525890088569668, 36.472393889428474 ], [ 136.52501740055061, 36.47203729582499 ], [ 136.52486597990756, 36.471275770474293 ], [ 136.522859730180443, 36.471485763222141 ], [ 136.521063522565839, 36.470794233963296 ], [ 136.52042189813514, 36.470250473849575 ], [ 136.519319888990765, 36.469794247036631 ], [ 136.518237845879867, 36.469600805715608 ], [ 136.517453520287347, 36.468898040398209 ], [ 136.516740371458383, 36.468881319886648 ], [ 136.516675761149287, 36.473365641896386 ], [ 136.51696774040164, 36.473383680918779 ], [ 136.517666843691813, 36.477057673235031 ], [ 136.519581258445299, 36.476846481561225 ], [ 136.519738907746671, 36.477593473687776 ], [ 136.521926428402054, 36.477255695389353 ] ] ] } },
{ "type": "Feature", "properties": { "CITY_NAME": "川北町", "S_NAME": "字舟場島", "JINKO": 175, "medical_area": "17_南加賀医療圏", "町丁目名": "川北町字舟場島" }, "geometry": { "type": "Polygon", "coordinates": [ [ [ 136.522859730180443, 36.471485763222141 ], [ 136.525300538925251, 36.471233510599937 ], [ 136.52503633488422, 36.469739853637869 ], [ 136.525512724433611, 36.46938038760225 ], [ 136.525455269338892, 36.468979076320672 ], [ 136.529206278591431, 36.46853735714361 ], [ 136.529077396043078, 36.467648449776028 ], [ 136.530490955336887, 36.467432684806838 ], [ 136.530225448133166, 36.466343409346152 ], [ 136.529106330882371, 36.466520264686835 ], [ 136.528920374872484, 36.465592010347017 ], [ 136.528917325643533, 36.464431372460908 ], [ 136.523442397403841, 36.464478153318872 ], [ 136.523814560043974, 36.46630961862698 ], [ 136.522844366334084, 36.466422058888732 ], [ 136.522854183097053, 36.466589540282683 ], [ 136.521270602005274, 36.467028944859734 ], [ 136.518901854078365, 36.467052214551401 ], [ 136.51913093030447, 36.467976115817365 ], [ 136.516760029364889, 36.468290817572075 ], [ 136.516604369931372, 36.467707416787142 ], [ 136.514251571300662, 36.467603667091986 ], [ 136.514128753082076, 36.468269218961851 ], [ 136.516735382845496, 36.468376789743417 ], [ 136.516740371458383, 36.468881319886648 ], [ 136.517453520287347, 36.468898040398209 ], [ 136.518237845879867, 36.469600805715608 ], [ 136.519319888990822, 36.469794247036631 ], [ 136.520421898135169, 36.470250473849575 ], [ 136.521063522565839, 36.470794233963296 ], [ 136.522859730180443, 36.471485763222141 ] ] ] } },
{ "type": "Feature", "properties": { "CITY_NAME": "川北町", "S_NAME": "字橘（木呂場）", "JINKO": 683, "medical_area": "17_南加賀医療圏", "町丁目名": "川北町字橘（木呂場）" }, "geometry": { "type": "Polygon", "coordinates": [ [ [ 136.517595223837759, 36.478228845421782 ], [ 136.519738907746671, 36.477593473687776 ], [ 136.519581258445299, 36.476846481561225 ], [ 136.517666843691813, 36.477057673235031 ], [ 136.51696774040164, 36.473383680918779 ], [ 136.516675761149287, 36.473365641896386 ], [ 136.516735382845496, 36.468376789743417 ], [ 136.514128753082076, 36.468269218961851 ], [ 136.514251571300662, 36.467603667091986 ], [ 136.510670610566621, 36.467450205077007 ], [ 136.506617464649139, 36.465530570138917 ], [ 136.50159966027914, 36.463550179414959 ], [ 136.502140108227366, 36.467909425703688 ], [ 136.503453315848844, 36.468465536773486 ], [ 136.508588738911584, 36.468000486513866 ], [ 136.509119513267962, 36.471657764615053 ], [ 136.511689734533348, 36.471666510339226 ], [ 136.511976427844473, 36.472048538318461 ], [ 136.511215088116643, 36.472099182324136 ], [ 136.511185276670972, 36.472409936586963 ], [ 136.510501474106945, 36.472398869624421 ], [ 136.510507750059332, 36.476495838614241 ], [ 136.512651570580374, 36.476514812660497 ], [ 136.512658162900692, 36.477396698929482 ], [ 136.513770741647988, 36.477717294916836 ], [ 136.515153205608442, 36.47762550654474 ], [ 136.515697634426715, 36.477898960660916 ], [ 136.517246036231569, 36.477892334841762 ], [ 136.517595223837759, 36.478228845421782 ] ] ] } },
{ "type": "Feature", "properties": { "CITY_NAME": "川北町", "S_NAME": "字橘", "JINKO": 738, "medical_area": "17_南加賀医療圏", "町丁目名": "川北町字橘" }, "geometry": { "type": "Polygon", "coordinates": [ [ [ 136.497803668103359, 36.480692368007759 ], [ 136.501889314085105, 36.479195396569708 ], [ 136.502380835397105, 36.479439766349344 ], [ 136.504218646761672, 36.479387739708933 ], [ 136.506468115903743, 36.477732096250676 ], [ 136.510795755512333, 36.47751597793367 ], [ 136.510793483987328, 36.47649073015014 ], [ 136.510507750059332, 36.476495838614241 ], [ 136.510510127210893, 36.471639854419273 ], [ 136.509119513267962, 36.471657764615053 ], [ 136.508588738911584, 36.468000486513866 ], [ 136.503453315848844, 36.468465536773486 ], [ 136.502873437694575, 36.46821901738317 ], [ 136.503041235839191, 36.46952033673972 ], [ 136.499843283672675, 36.469829674581881 ], [ 136.498278743881485, 36.470320125099327 ], [ 136.49842927835968, 36.47072334687077 ], [ 136.495901735756178, 36.47100708209998 ], [ 136.495078336465127, 36.47142672795934 ], [ 136.494778538379848, 36.471788978639708 ], [ 136.492932533620149, 36.47208569578379 ], [ 136.492902736966272, 36.472647008268311 ], [ 136.491631678869993, 36.47297627618056 ], [ 136.491238987024843, 36.474124415211243 ], [ 136.49336068864028, 36.475622305888805 ], [ 136.494631216908971, 36.475593471060826 ], [ 136.494655717749424, 36.475891281316756 ], [ 136.495792735692362, 36.475794361676094 ], [ 136.495983896383876, 36.477763624235315 ], [ 136.496133712953963, 36.477982131960324 ], [ 136.498577338649596, 36.477478453485631 ], [ 136.497211833562943, 36.479292231942111 ], [ 136.497803668103359, 36.480692368007759 ] ] ] } },
{ "type": "Feature", "properties": { "CITY_NAME": "川北町", "S_NAME": "字橘新", "JINKO": 238, "medical_area": "17_南加賀医療圏", "町丁目名": "川北町字橘新" }, "geometry": { "type": "Polygon", "coordinates": [ [ [ 136.494928084981723, 36.48171654611685 ], [ 136.495851908091794, 36.481261605656513 ], [ 136.497803668103359, 36.480692368007759 ], [ 136.497211833562943, 36.479292231942111 ], [ 136.498577338649596, 36.47747845348561 ], [ 136.496133712953963, 36.477982131960324 ], [ 136.495983896383876, 36.477763624235337 ], [ 136.495792735692362, 36.475794361676101 ], [ 136.494655717749424, 36.475891281316756 ], [ 136.494631216908971, 36.475593471060826 ], [ 136.49336068864028, 36.475622305888805 ], [ 136.491238987024843, 36.474124415211243 ], [ 136.48769206963874, 36.475197763071471 ], [ 136.489021633797847, 36.479498699465466 ], [ 136.487520340680845, 36.480294086908351 ], [ 136.487722262147287, 36.481306852449585 ], [ 136.490873877502025, 36.481110935193492 ], [ 136.493041349084734, 36.48223456765691 ], [ 136.494928084981723, 36.48171654611685 ] ] ] } },
{ "type": "Feature", "properties": { "CITY_NAME": "川北町", "S_NAME": "字朝日", "JINKO": 124, "medical_area": "17_南加賀医療圏", "町丁目名": "川北町字朝日" }, "geometry": { "type": "Polygon", "coordinates": [ [ [ 136.487361218693422, 36.475282035673111 ], [ 136.491238987024843, 36.474124415211243 ], [ 136.491631678869993, 36.47297627618056 ], [ 136.492902736966272, 36.472647008268311 ], [ 136.492932533620149, 36.47208569578379 ], [ 136.494778538379848, 36.471788978639708 ], [ 136.495215018279538, 36.471332387822798 ], [ 136.496155935160999, 36.470942700102192 ], [ 136.49842927835968, 36.47072334687077 ], [ 136.498278743881485, 36.470320125099327 ], [ 136.499843283672675, 36.469829674581881 ], [ 136.503041235839191, 36.46952033673972 ], [ 136.502873437694575, 36.46821901738317 ], [ 136.502140108227366, 36.467909425703688 ], [ 136.50159966027914, 36.463550179414959 ], [ 136.497567429351989, 36.462003998239602 ], [ 136.494294172860407, 36.461516713988956 ], [ 136.4930324661984, 36.460906899390174 ], [ 136.491779137909901, 36.461435913221948 ], [ 136.488765948066487, 36.461971523373009 ], [ 136.487057331433363, 36.464010056990816 ], [ 136.480493442659679, 36.468240276901739 ], [ 136.48316934169867, 36.469898473570296 ], [ 136.486566576989901, 36.474441640493083 ], [ 136.486943890146335, 36.474362742837044 ], [ 136.487361218693422, 36.475282035673111 ] ] ] } },
{ "type": "Feature", "properties": { "CITY_NAME": "川北町", "S_NAME": "字橘（木呂場新町）", "JINKO": 74, "medical_area": "17_南加賀医療圏", "町丁目名": "川北町字橘（木呂場新町）" }, "geometry": { "type": "Polygon", "coordinates": [ [ [ 136.511689734533348, 36.471666510339247 ], [ 136.510510127210893, 36.471639854419287 ], [ 136.510501474106945, 36.472398869624421 ], [ 136.511185276670915, 36.472409936586963 ], [ 136.511215088116643, 36.472099182324158 ], [ 136.511976427844473, 36.472048538318461 ], [ 136.511689734533348, 36.471666510339247 ] ] ] } },
{ "type": "Feature", "properties": { "CITY_NAME": "川北町", "S_NAME": "字土室（雇用促進）", "JINKO": 319, "medical_area": "17_南加賀医療圏", "町丁目名": "川北町字土室（雇用促進）" }, "geometry": { "type": "Polygon", "coordinates": [ [ [ 136.573555755176159, 36.470811692783144 ], [ 136.575464357571633, 36.470262098560887 ], [ 136.575700343297683, 36.469991216635968 ], [ 136.575719555550222, 36.469630265243012 ], [ 136.576449909870291, 36.469260129464743 ], [ 136.575220383363956, 36.469177649584104 ], [ 136.57203123250477, 36.46849617786944 ], [ 136.571788222882958, 36.468572484668968 ], [ 136.572852592356952, 36.470640696925116 ], [ 136.573555755176159, 36.470811692783144 ] ] ] } }
]
}
