{
"type": "FeatureCollection",
"name": "geo_17_3",
"crs": { "type": "name", "properties": { "name": "urn:ogc:def:crs:OGC:1.3:CRS84" } },
"features": [
{ "type": "Feature", "properties": { "ID": 1730331251, "正式名称": "ごとう歯科クリニック", "機関区分": 3, "都道府県コード": 17, "市区町村コード": 203, "所在地": "石川県小松市沖町ソ１００－１", "緯度": 36.398148, "経度": 136.46652, "url": "https://www.iryou.teikyouseido.mhlw.go.jp/znk-web/juminkanja/S2430/initialize?prefCd=17&kikanCd=0331251&kikanKbn=3", "url2": "https://goto-dc.net", "内容": "ごとう歯科クリニック【3:歯科】石川県小松市沖町ソ１００－１" }, "geometry": { "type": "Point", "coordinates": [ 136.46652, 36.398148 ] } },
{ "type": "Feature", "properties": { "ID": 1730730205, "正式名称": "前田歯科医院", "機関区分": 3, "都道府県コード": 17, "市区町村コード": 207, "所在地": "石川県羽咋市柳田町７３字３７番地４", "緯度": 36.910617, "経度": 136.778259, "url": "https://www.iryou.teikyouseido.mhlw.go.jp/znk-web/juminkanja/S2430/initialize?prefCd=17&kikanCd=0730205&kikanKbn=3", "url2": null, "内容": "前田歯科医院【3:歯科】石川県羽咋市柳田町７３字３７番地４" }, "geometry": { "type": "Point", "coordinates": [ 136.778259, 36.910617 ] } },
{ "type": "Feature", "properties": { "ID": 1731132001, "正式名称": "あまいわ歯科医院", "機関区分": 3, "都道府県コード": 17, "市区町村コード": 203, "所在地": "石川県小松市本折町１０９", "緯度": 36.396806, "経度": 136.447822, "url": "https://www.iryou.teikyouseido.mhlw.go.jp/znk-web/juminkanja/S2430/initialize?prefCd=17&kikanCd=1132001&kikanKbn=3", "url2": null, "内容": "あまいわ歯科医院【3:歯科】石川県小松市本折町１０９" }, "geometry": { "type": "Point", "coordinates": [ 136.447822, 36.396806 ] } },
{ "type": "Feature", "properties": { "ID": 1731132002, "正式名称": "粟津歯科医院", "機関区分": 3, "都道府県コード": 17, "市区町村コード": 203, "所在地": "石川県小松市蓑輪町二６６ー１", "緯度": 36.353463, "経度": 136.423556, "url": "https://www.iryou.teikyouseido.mhlw.go.jp/znk-web/juminkanja/S2430/initialize?prefCd=17&kikanCd=1132002&kikanKbn=3", "url2": null, "内容": "粟津歯科医院【3:歯科】石川県小松市蓑輪町二６６ー１" }, "geometry": { "type": "Point", "coordinates": [ 136.423556, 36.353463 ] } },
{ "type": "Feature", "properties": { "ID": 1731132006, "正式名称": "犬丸歯科医院", "機関区分": 3, "都道府県コード": 17, "市区町村コード": 203, "所在地": "石川県小松市芦田町", "緯度": 36.405387, "経度": 136.444262, "url": "https://www.iryou.teikyouseido.mhlw.go.jp/znk-web/juminkanja/S2430/initialize?prefCd=17&kikanCd=1132006&kikanKbn=3", "url2": null, "内容": "犬丸歯科医院【3:歯科】石川県小松市芦田町" }, "geometry": { "type": "Point", "coordinates": [ 136.444262, 36.405387 ] } },
{ "type": "Feature", "properties": { "ID": 1731132007, "正式名称": "牛村歯科医院", "機関区分": 3, "都道府県コード": 17, "市区町村コード": 203, "所在地": "石川県小松市土居原町４１２", "緯度": 36.404634, "経度": 136.450917, "url": "https://www.iryou.teikyouseido.mhlw.go.jp/znk-web/juminkanja/S2430/initialize?prefCd=17&kikanCd=1132007&kikanKbn=3", "url2": null, "内容": "牛村歯科医院【3:歯科】石川県小松市土居原町４１２" }, "geometry": { "type": "Point", "coordinates": [ 136.450917, 36.404634 ] } },
{ "type": "Feature", "properties": { "ID": 1731132012, "正式名称": "くろだ歯科医院", "機関区分": 3, "都道府県コード": 17, "市区町村コード": 203, "所在地": "石川県小松市串町東１２２", "緯度": 36.367648, "経度": 136.423933, "url": "https://www.iryou.teikyouseido.mhlw.go.jp/znk-web/juminkanja/S2430/initialize?prefCd=17&kikanCd=1132012&kikanKbn=3", "url2": null, "内容": "くろだ歯科医院【3:歯科】石川県小松市串町東１２２" }, "geometry": { "type": "Point", "coordinates": [ 136.423933, 36.367648 ] } },
{ "type": "Feature", "properties": { "ID": 1731132013, "正式名称": "医療法人社団　小嶋歯科医院", "機関区分": 3, "都道府県コード": 17, "市区町村コード": 203, "所在地": "石川県小松市今江町７ー２１７", "緯度": 36.38149, "経度": 136.436355, "url": "https://www.iryou.teikyouseido.mhlw.go.jp/znk-web/juminkanja/S2430/initialize?prefCd=17&kikanCd=1132013&kikanKbn=3", "url2": "https://kojima-shika.jp", "内容": "医療法人社団　小嶋歯科医院【3:歯科】石川県小松市今江町７ー２１７" }, "geometry": { "type": "Point", "coordinates": [ 136.436355, 36.38149 ] } },
{ "type": "Feature", "properties": { "ID": 1731132015, "正式名称": "酒井歯科医院", "機関区分": 3, "都道府県コード": 17, "市区町村コード": 203, "所在地": "石川県小松市若杉町１－３５", "緯度": 36.398824, "経度": 136.483401, "url": "https://www.iryou.teikyouseido.mhlw.go.jp/znk-web/juminkanja/S2430/initialize?prefCd=17&kikanCd=1132015&kikanKbn=3", "url2": null, "内容": "酒井歯科医院【3:歯科】石川県小松市若杉町１－３５" }, "geometry": { "type": "Point", "coordinates": [ 136.483401, 36.398824 ] } },
{ "type": "Feature", "properties": { "ID": 1731132016, "正式名称": "島多歯科医院", "機関区分": 3, "都道府県コード": 17, "市区町村コード": 203, "所在地": "石川県小松市糸町２－１４", "緯度": 36.403259, "経度": 136.469228, "url": "https://www.iryou.teikyouseido.mhlw.go.jp/znk-web/juminkanja/S2430/initialize?prefCd=17&kikanCd=1132016&kikanKbn=3", "url2": null, "内容": "島多歯科医院【3:歯科】石川県小松市糸町２－１４" }, "geometry": { "type": "Point", "coordinates": [ 136.469228, 36.403259 ] } },
{ "type": "Feature", "properties": { "ID": 1731132017, "正式名称": "新谷歯科クリニック", "機関区分": 3, "都道府県コード": 17, "市区町村コード": 203, "所在地": "石川県小松市園町ハ２３－１　アルプラザ小松２Ｆ", "緯度": 36.406389, "経度": 136.460428, "url": "https://www.iryou.teikyouseido.mhlw.go.jp/znk-web/juminkanja/S2430/initialize?prefCd=17&kikanCd=1132017&kikanKbn=3", "url2": null, "内容": "新谷歯科クリニック【3:歯科】石川県小松市園町ハ２３－１　アルプラザ小松２Ｆ" }, "geometry": { "type": "Point", "coordinates": [ 136.460428, 36.406389 ] } },
{ "type": "Feature", "properties": { "ID": 1731132019, "正式名称": "医療法人社団　笑幸会　スマイル歯科", "機関区分": 3, "都道府県コード": 17, "市区町村コード": 203, "所在地": "石川県小松市土居原町", "緯度": 36.404845, "経度": 136.451925, "url": "https://www.iryou.teikyouseido.mhlw.go.jp/znk-web/juminkanja/S2430/initialize?prefCd=17&kikanCd=1132019&kikanKbn=3", "url2": "http://smile-sika.jp/", "内容": "医療法人社団　笑幸会　スマイル歯科【3:歯科】石川県小松市土居原町" }, "geometry": { "type": "Point", "coordinates": [ 136.451925, 36.404845 ] } },
{ "type": "Feature", "properties": { "ID": 1731132023, "正式名称": "高橋歯科医院", "機関区分": 3, "都道府県コード": 17, "市区町村コード": 203, "所在地": "石川県小松市沖町ソ１１２", "緯度": 36.398148, "経度": 136.46652, "url": "https://www.iryou.teikyouseido.mhlw.go.jp/znk-web/juminkanja/S2430/initialize?prefCd=17&kikanCd=1132023&kikanKbn=3", "url2": null, "内容": "高橋歯科医院【3:歯科】石川県小松市沖町ソ１１２" }, "geometry": { "type": "Point", "coordinates": [ 136.46652, 36.398148 ] } },
{ "type": "Feature", "properties": { "ID": 1731132024, "正式名称": "長歯科医院", "機関区分": 3, "都道府県コード": 17, "市区町村コード": 203, "所在地": "石川県小松市平面町カ１８６－１", "緯度": 36.418485, "経度": 136.473855, "url": "https://www.iryou.teikyouseido.mhlw.go.jp/znk-web/juminkanja/S2430/initialize?prefCd=17&kikanCd=1132024&kikanKbn=3", "url2": null, "内容": "長歯科医院【3:歯科】石川県小松市平面町カ１８６－１" }, "geometry": { "type": "Point", "coordinates": [ 136.473855, 36.418485 ] } },
{ "type": "Feature", "properties": { "ID": 1731132025, "正式名称": "医療法人社団　辻歯科医院", "機関区分": 3, "都道府県コード": 17, "市区町村コード": 203, "所在地": "石川県小松市島田町ト１００－２", "緯度": 36.420847, "経度": 136.457231, "url": "https://www.iryou.teikyouseido.mhlw.go.jp/znk-web/juminkanja/S2430/initialize?prefCd=17&kikanCd=1132025&kikanKbn=3", "url2": null, "内容": "医療法人社団　辻歯科医院【3:歯科】石川県小松市島田町ト１００－２" }, "geometry": { "type": "Point", "coordinates": [ 136.457231, 36.420847 ] } },
{ "type": "Feature", "properties": { "ID": 1731132026, "正式名称": "土肥歯科医院", "機関区分": 3, "都道府県コード": 17, "市区町村コード": 203, "所在地": "石川県小松市大領中町３丁目１０７番地", "緯度": 36.387377, "経度": 136.447266, "url": "https://www.iryou.teikyouseido.mhlw.go.jp/znk-web/juminkanja/S2430/initialize?prefCd=17&kikanCd=1132026&kikanKbn=3", "url2": null, "内容": "土肥歯科医院【3:歯科】石川県小松市大領中町３丁目１０７番地" }, "geometry": { "type": "Point", "coordinates": [ 136.447266, 36.387377 ] } },
{ "type": "Feature", "properties": { "ID": 1731132027, "正式名称": "土用下歯科医院", "機関区分": 3, "都道府県コード": 17, "市区町村コード": 203, "所在地": "石川県小松市日の出町１丁目１１２番地", "緯度": 36.39993, "経度": 136.454718, "url": "https://www.iryou.teikyouseido.mhlw.go.jp/znk-web/juminkanja/S2430/initialize?prefCd=17&kikanCd=1132027&kikanKbn=3", "url2": null, "内容": "土用下歯科医院【3:歯科】石川県小松市日の出町１丁目１１２番地" }, "geometry": { "type": "Point", "coordinates": [ 136.454718, 36.39993 ] } },
{ "type": "Feature", "properties": { "ID": 1731132030, "正式名称": "長沼歯科医院", "機関区分": 3, "都道府県コード": 17, "市区町村コード": 203, "所在地": "石川県小松市土居原町２６６", "緯度": 36.400873, "経度": 136.451268, "url": "https://www.iryou.teikyouseido.mhlw.go.jp/znk-web/juminkanja/S2430/initialize?prefCd=17&kikanCd=1132030&kikanKbn=3", "url2": null, "内容": "長沼歯科医院【3:歯科】石川県小松市土居原町２６６" }, "geometry": { "type": "Point", "coordinates": [ 136.451268, 36.400873 ] } },
{ "type": "Feature", "properties": { "ID": 1731132031, "正式名称": "中山歯科医院", "機関区分": 3, "都道府県コード": 17, "市区町村コード": 203, "所在地": "石川県小松市龍助町９２－２", "緯度": 36.403403, "経度": 136.44897, "url": "https://www.iryou.teikyouseido.mhlw.go.jp/znk-web/juminkanja/S2430/initialize?prefCd=17&kikanCd=1132031&kikanKbn=3", "url2": null, "内容": "中山歯科医院【3:歯科】石川県小松市龍助町９２－２" }, "geometry": { "type": "Point", "coordinates": [ 136.44897, 36.403403 ] } },
{ "type": "Feature", "properties": { "ID": 1731132032, "正式名称": "医療法人　悠真美　野田歯科・矯正歯科", "機関区分": 3, "都道府県コード": 17, "市区町村コード": 203, "所在地": "石川県小松市西軽海町１ー４５", "緯度": 36.405376, "経度": 136.448795, "url": "https://www.iryou.teikyouseido.mhlw.go.jp/znk-web/juminkanja/S2430/initialize?prefCd=17&kikanCd=1132032&kikanKbn=3", "url2": "http://www.nodadental.com", "内容": "医療法人　悠真美　野田歯科・矯正歯科【3:歯科】石川県小松市西軽海町１ー４５" }, "geometry": { "type": "Point", "coordinates": [ 136.448795, 36.405376 ] } },
{ "type": "Feature", "properties": { "ID": 1731132036, "正式名称": "医療法人社団　浜野歯科医院", "機関区分": 3, "都道府県コード": 17, "市区町村コード": 203, "所在地": "石川県小松市白嶺町２－２３", "緯度": 36.390201, "経度": 136.449117, "url": "https://www.iryou.teikyouseido.mhlw.go.jp/znk-web/juminkanja/S2430/initialize?prefCd=17&kikanCd=1132036&kikanKbn=3", "url2": "http://www.hamanodc.jp/", "内容": "医療法人社団　浜野歯科医院【3:歯科】石川県小松市白嶺町２－２３" }, "geometry": { "type": "Point", "coordinates": [ 136.449117, 36.390201 ] } },
{ "type": "Feature", "properties": { "ID": 1731132040, "正式名称": "みわ歯科医院", "機関区分": 3, "都道府県コード": 17, "市区町村コード": 203, "所在地": "石川県小松市園町ハ１２５アビィロードビルＡ号室", "緯度": 36.405432, "経度": 136.459267, "url": "https://www.iryou.teikyouseido.mhlw.go.jp/znk-web/juminkanja/S2430/initialize?prefCd=17&kikanCd=1132040&kikanKbn=3", "url2": null, "内容": "みわ歯科医院【3:歯科】石川県小松市園町ハ１２５アビィロードビルＡ号室" }, "geometry": { "type": "Point", "coordinates": [ 136.459267, 36.405432 ] } },
{ "type": "Feature", "properties": { "ID": 1731132042, "正式名称": "医療法人社団健昇会　安井デンタルクリニック", "機関区分": 3, "都道府県コード": 17, "市区町村コード": 203, "所在地": "石川県小松市日の出町１－１６５", "緯度": 36.40059, "経度": 136.456209, "url": "https://www.iryou.teikyouseido.mhlw.go.jp/znk-web/juminkanja/S2430/initialize?prefCd=17&kikanCd=1132042&kikanKbn=3", "url2": "http://www.yasui-dental.com", "内容": "医療法人社団健昇会　安井デンタルクリニック【3:歯科】石川県小松市日の出町１－１６５" }, "geometry": { "type": "Point", "coordinates": [ 136.456209, 36.40059 ] } },
{ "type": "Feature", "properties": { "ID": 1731132045, "正式名称": "山本歯科クリニック", "機関区分": 3, "都道府県コード": 17, "市区町村コード": 203, "所在地": "石川県小松市白江町ワ１１", "緯度": 36.410859, "経度": 136.477113, "url": "https://www.iryou.teikyouseido.mhlw.go.jp/znk-web/juminkanja/S2430/initialize?prefCd=17&kikanCd=1132045&kikanKbn=3", "url2": "yamamotodc504.com", "内容": "山本歯科クリニック【3:歯科】石川県小松市白江町ワ１１" }, "geometry": { "type": "Point", "coordinates": [ 136.477113, 36.410859 ] } },
{ "type": "Feature", "properties": { "ID": 1731132048, "正式名称": "たけだ歯科クリニック", "機関区分": 3, "都道府県コード": 17, "市区町村コード": 203, "所在地": "石川県小松市下牧町己１街区１７", "緯度": 36.408232, "経度": 136.439647, "url": "https://www.iryou.teikyouseido.mhlw.go.jp/znk-web/juminkanja/S2430/initialize?prefCd=17&kikanCd=1132048&kikanKbn=3", "url2": "http://www.takeda-dental.net", "内容": "たけだ歯科クリニック【3:歯科】石川県小松市下牧町己１街区１７" }, "geometry": { "type": "Point", "coordinates": [ 136.439647, 36.408232 ] } },
{ "type": "Feature", "properties": { "ID": 1731133051, "正式名称": "杉本歯科医院", "機関区分": 3, "都道府県コード": 17, "市区町村コード": 211, "所在地": "石川県能美市大成町２－７７", "緯度": 36.448343, "経度": 136.464647, "url": "https://www.iryou.teikyouseido.mhlw.go.jp/znk-web/juminkanja/S2430/initialize?prefCd=17&kikanCd=1133051&kikanKbn=3", "url2": null, "内容": "杉本歯科医院【3:歯科】石川県能美市大成町２－７７" }, "geometry": { "type": "Point", "coordinates": [ 136.464647, 36.448343 ] } },
{ "type": "Feature", "properties": { "ID": 1731133053, "正式名称": "医療法人社団　しおむら歯科医院", "機関区分": 3, "都道府県コード": 17, "市区町村コード": 211, "所在地": "石川県能美市寺井町ロ４３－１", "緯度": 36.44401, "経度": 136.490678, "url": "https://www.iryou.teikyouseido.mhlw.go.jp/znk-web/juminkanja/S2430/initialize?prefCd=17&kikanCd=1133053&kikanKbn=3", "url2": null, "内容": "医療法人社団　しおむら歯科医院【3:歯科】石川県能美市寺井町ロ４３－１" }, "geometry": { "type": "Point", "coordinates": [ 136.490678, 36.44401 ] } },
{ "type": "Feature", "properties": { "ID": 1731133057, "正式名称": "吉光歯科医院", "機関区分": 3, "都道府県コード": 17, "市区町村コード": 211, "所在地": "石川県能美市粟生町ソ５７", "緯度": 36.456652, "経度": 136.508193, "url": "https://www.iryou.teikyouseido.mhlw.go.jp/znk-web/juminkanja/S2430/initialize?prefCd=17&kikanCd=1133057&kikanKbn=3", "url2": "https//ydcjp.com", "内容": "吉光歯科医院【3:歯科】石川県能美市粟生町ソ５７" }, "geometry": { "type": "Point", "coordinates": [ 136.508193, 36.456652 ] } },
{ "type": "Feature", "properties": { "ID": 1731133058, "正式名称": "塩村歯科クリニック", "機関区分": 3, "都道府県コード": 17, "市区町村コード": 211, "所在地": "石川県能美市辰口町", "緯度": 36.443009, "経度": 136.546637, "url": "https://www.iryou.teikyouseido.mhlw.go.jp/znk-web/juminkanja/S2430/initialize?prefCd=17&kikanCd=1133058&kikanKbn=3", "url2": "http://sdcint.livedoor.blog/", "内容": "塩村歯科クリニック【3:歯科】石川県能美市辰口町" }, "geometry": { "type": "Point", "coordinates": [ 136.546637, 36.443009 ] } },
{ "type": "Feature", "properties": { "ID": 1731134061, "正式名称": "川北歯科医院", "機関区分": 3, "都道府県コード": 17, "市区町村コード": 324, "所在地": "石川県能美郡川北町壱ツ屋１６３－３", "緯度": 36.468358, "経度": 136.54466, "url": "https://www.iryou.teikyouseido.mhlw.go.jp/znk-web/juminkanja/S2430/initialize?prefCd=17&kikanCd=1134061&kikanKbn=3", "url2": null, "内容": "川北歯科医院【3:歯科】石川県能美郡川北町壱ツ屋１６３－３" }, "geometry": { "type": "Point", "coordinates": [ 136.54466, 36.468358 ] } },
{ "type": "Feature", "properties": { "ID": 1731134062, "正式名称": "くぼた歯科医院", "機関区分": 3, "都道府県コード": 17, "市区町村コード": 324, "所在地": "石川県能美郡川北町田子島コ１２５－１", "緯度": 36.476843, "経度": 136.51669, "url": "https://www.iryou.teikyouseido.mhlw.go.jp/znk-web/juminkanja/S2430/initialize?prefCd=17&kikanCd=1134062&kikanKbn=3", "url2": null, "内容": "くぼた歯科医院【3:歯科】石川県能美郡川北町田子島コ１２５－１" }, "geometry": { "type": "Point", "coordinates": [ 136.51669, 36.476843 ] } },
{ "type": "Feature", "properties": { "ID": 1731134063, "正式名称": "村上歯科クリニック", "機関区分": 3, "都道府県コード": 17, "市区町村コード": 324, "所在地": "石川県能美郡川北町山田先出", "緯度": 36.467231, "経度": 136.548174, "url": "https://www.iryou.teikyouseido.mhlw.go.jp/znk-web/juminkanja/S2430/initialize?prefCd=17&kikanCd=1134063&kikanKbn=3", "url2": null, "内容": "村上歯科クリニック【3:歯科】石川県能美郡川北町山田先出" }, "geometry": { "type": "Point", "coordinates": [ 136.548174, 36.467231 ] } },
{ "type": "Feature", "properties": { "ID": 1731231007, "正式名称": "今村歯科医院", "機関区分": 3, "都道府県コード": 17, "市区町村コード": 206, "所在地": "石川県加賀市山中温泉湯の本町ク１３－１", "緯度": 36.248708, "経度": 136.373895, "url": "https://www.iryou.teikyouseido.mhlw.go.jp/znk-web/juminkanja/S2430/initialize?prefCd=17&kikanCd=1231007&kikanKbn=3", "url2": null, "内容": "今村歯科医院【3:歯科】石川県加賀市山中温泉湯の本町ク１３－１" }, "geometry": { "type": "Point", "coordinates": [ 136.373895, 36.248708 ] } },
{ "type": "Feature", "properties": { "ID": 1731231008, "正式名称": "塚本歯科医院", "機関区分": 3, "都道府県コード": 17, "市区町村コード": 206, "所在地": "石川県加賀市大聖寺八間道７７", "緯度": 36.308745, "経度": 136.310804, "url": "https://www.iryou.teikyouseido.mhlw.go.jp/znk-web/juminkanja/S2430/initialize?prefCd=17&kikanCd=1231008&kikanKbn=3", "url2": "http://tsukamoto-dental.seesaa.net/", "内容": "塚本歯科医院【3:歯科】石川県加賀市大聖寺八間道７７" }, "geometry": { "type": "Point", "coordinates": [ 136.310804, 36.308745 ] } },
{ "type": "Feature", "properties": { "ID": 1731231010, "正式名称": "楠沢歯科医院", "機関区分": 3, "都道府県コード": 17, "市区町村コード": 206, "所在地": "石川県加賀市片山津温泉乙１１－２１－１", "緯度": 36.344042, "経度": 136.36709, "url": "https://www.iryou.teikyouseido.mhlw.go.jp/znk-web/juminkanja/S2430/initialize?prefCd=17&kikanCd=1231010&kikanKbn=3", "url2": null, "内容": "楠沢歯科医院【3:歯科】石川県加賀市片山津温泉乙１１－２１－１" }, "geometry": { "type": "Point", "coordinates": [ 136.36709, 36.344042 ] } },
{ "type": "Feature", "properties": { "ID": 1731231012, "正式名称": "医療法人ＴＤＣ　土田歯科医院", "機関区分": 3, "都道府県コード": 17, "市区町村コード": 206, "所在地": "石川県加賀市大聖寺仲町１５", "緯度": 36.308149, "経度": 136.311327, "url": "https://www.iryou.teikyouseido.mhlw.go.jp/znk-web/juminkanja/S2430/initialize?prefCd=17&kikanCd=1231012&kikanKbn=3", "url2": "http://www.tsuchida-shika.com", "内容": "医療法人ＴＤＣ　土田歯科医院【3:歯科】石川県加賀市大聖寺仲町１５" }, "geometry": { "type": "Point", "coordinates": [ 136.311327, 36.308149 ] } },
{ "type": "Feature", "properties": { "ID": 1731231017, "正式名称": "サン歯科クリニック", "機関区分": 3, "都道府県コード": 17, "市区町村コード": 206, "所在地": "石川県加賀市大聖寺南町ホ２８番地の３", "緯度": 36.302062, "経度": 136.313438, "url": "https://www.iryou.teikyouseido.mhlw.go.jp/znk-web/juminkanja/S2430/initialize?prefCd=17&kikanCd=1231017&kikanKbn=3", "url2": null, "内容": "サン歯科クリニック【3:歯科】石川県加賀市大聖寺南町ホ２８番地の３" }, "geometry": { "type": "Point", "coordinates": [ 136.313438, 36.302062 ] } },
{ "type": "Feature", "properties": { "ID": 1731231018, "正式名称": "なかみち歯科", "機関区分": 3, "都道府県コード": 17, "市区町村コード": 206, "所在地": "石川県加賀市山代温泉南町２７－７", "緯度": 36.281947, "経度": 136.356343, "url": "https://www.iryou.teikyouseido.mhlw.go.jp/znk-web/juminkanja/S2430/initialize?prefCd=17&kikanCd=1231018&kikanKbn=3", "url2": null, "内容": "なかみち歯科【3:歯科】石川県加賀市山代温泉南町２７－７" }, "geometry": { "type": "Point", "coordinates": [ 136.356343, 36.281947 ] } },
{ "type": "Feature", "properties": { "ID": 1731231021, "正式名称": "大神歯科医院", "機関区分": 3, "都道府県コード": 17, "市区町村コード": 206, "所在地": "石川県加賀市小菅波町２－６０－２", "緯度": 36.316802, "経度": 136.348432, "url": "https://www.iryou.teikyouseido.mhlw.go.jp/znk-web/juminkanja/S2430/initialize?prefCd=17&kikanCd=1231021&kikanKbn=3", "url2": "https://www.odc-dental.com/", "内容": "大神歯科医院【3:歯科】石川県加賀市小菅波町２－６０－２" }, "geometry": { "type": "Point", "coordinates": [ 136.348432, 36.316802 ] } },
{ "type": "Feature", "properties": { "ID": 1731231024, "正式名称": "たばた歯科", "機関区分": 3, "都道府県コード": 17, "市区町村コード": 206, "所在地": "石川県加賀市別所町４丁目１２番地", "緯度": 36.272375, "経度": 136.359196, "url": "https://www.iryou.teikyouseido.mhlw.go.jp/znk-web/juminkanja/S2430/initialize?prefCd=17&kikanCd=1231024&kikanKbn=3", "url2": null, "内容": "たばた歯科【3:歯科】石川県加賀市別所町４丁目１２番地" }, "geometry": { "type": "Point", "coordinates": [ 136.359196, 36.272375 ] } },
{ "type": "Feature", "properties": { "ID": 1731231025, "正式名称": "かとうクリニック", "機関区分": 3, "都道府県コード": 17, "市区町村コード": 206, "所在地": "石川県加賀市山代温泉北部２－２５", "緯度": 36.297606, "経度": 136.359035, "url": "https://www.iryou.teikyouseido.mhlw.go.jp/znk-web/juminkanja/S2430/initialize?prefCd=17&kikanCd=1231025&kikanKbn=3", "url2": "k-iic.jp", "内容": "かとうクリニック【3:歯科】石川県加賀市山代温泉北部２－２５" }, "geometry": { "type": "Point", "coordinates": [ 136.359035, 36.297606 ] } },
{ "type": "Feature", "properties": { "ID": 1731231028, "正式名称": "歯科クドウ・クリニック", "機関区分": 3, "都道府県コード": 17, "市区町村コード": 206, "所在地": "石川県加賀市大聖寺上木町ト１０番１号", "緯度": 36.300475, "経度": 136.273808, "url": "https://www.iryou.teikyouseido.mhlw.go.jp/znk-web/juminkanja/S2430/initialize?prefCd=17&kikanCd=1231028&kikanKbn=3", "url2": null, "内容": "歯科クドウ・クリニック【3:歯科】石川県加賀市大聖寺上木町ト１０番１号" }, "geometry": { "type": "Point", "coordinates": [ 136.273808, 36.300475 ] } },
{ "type": "Feature", "properties": { "ID": 1731730133921, "正式名称": "ばんどう歯科医院", "機関区分": 3, "都道府県コード": 17, "市区町村コード": 201, "所在地": "石川県金沢市横山町８番４７号", "緯度": 36.565047, "経度": 136.669589, "url": "https://www.iryou.teikyouseido.mhlw.go.jp/znk-web/juminkanja/S2430/initialize?prefCd=17&kikanCd=1730133921&kikanKbn=3", "url2": null, "内容": "ばんどう歯科医院【3:歯科】石川県金沢市横山町８番４７号" }, "geometry": { "type": "Point", "coordinates": [ 136.669589, 36.565047 ] } },
{ "type": "Feature", "properties": { "ID": 1731730230438, "正式名称": "みやした歯科医院", "機関区分": 3, "都道府県コード": 17, "市区町村コード": 202, "所在地": "石川県七尾市石崎町香島２丁目７８番地", "緯度": 37.081978, "経度": 136.925931, "url": "https://www.iryou.teikyouseido.mhlw.go.jp/znk-web/juminkanja/S2430/initialize?prefCd=17&kikanCd=1730230438&kikanKbn=3", "url2": null, "内容": "みやした歯科医院【3:歯科】石川県七尾市石崎町香島２丁目７８番地" }, "geometry": { "type": "Point", "coordinates": [ 136.925931, 37.081978 ] } },
{ "type": "Feature", "properties": { "ID": 1731730630454, "正式名称": "アル・プラザ歯科", "機関区分": 3, "都道府県コード": 17, "市区町村コード": 206, "所在地": "石川県加賀市作見町ル２５番１アビオシティ加賀１Ｆ", "緯度": 36.319122, "経度": 136.3582, "url": "https://www.iryou.teikyouseido.mhlw.go.jp/znk-web/juminkanja/S2430/initialize?prefCd=17&kikanCd=1730630454&kikanKbn=3", "url2": null, "内容": "アル・プラザ歯科【3:歯科】石川県加賀市作見町ル２５番１アビオシティ加賀１Ｆ" }, "geometry": { "type": "Point", "coordinates": [ 136.3582, 36.319122 ] } },
{ "type": "Feature", "properties": { "ID": 1731732330012, "正式名称": "北本歯科医院", "機関区分": 3, "都道府県コード": 17, "市区町村コード": 211, "所在地": "石川県能美市大成町ト１１４", "緯度": 36.451805, "経度": 136.460387, "url": "https://www.iryou.teikyouseido.mhlw.go.jp/znk-web/juminkanja/S2430/initialize?prefCd=17&kikanCd=1732330012&kikanKbn=3", "url2": null, "内容": "北本歯科医院【3:歯科】石川県能美市大成町ト１１４" }, "geometry": { "type": "Point", "coordinates": [ 136.460387, 36.451805 ] } },
{ "type": "Feature", "properties": { "ID": 173213, "正式名称": "扇谷歯科医院", "機関区分": 3, "都道府県コード": 17, "市区町村コード": 201, "所在地": "石川県金沢市小立野３丁目１１番２６号", "緯度": 36.551879, "経度": 136.673657, "url": "https://www.iryou.teikyouseido.mhlw.go.jp/znk-web/juminkanja/S2430/initialize?prefCd=17&kikanCd=213&kikanKbn=3", "url2": null, "内容": "扇谷歯科医院【3:歯科】石川県金沢市小立野３丁目１１番２６号" }, "geometry": { "type": "Point", "coordinates": [ 136.673657, 36.551879 ] } },
{ "type": "Feature", "properties": { "ID": 1732130008, "正式名称": "佐々木歯科医院", "機関区分": 3, "都道府県コード": 17, "市区町村コード": 210, "所在地": "石川県白山市茶屋２－５３－３", "緯度": 36.519582, "経度": 136.560908, "url": "https://www.iryou.teikyouseido.mhlw.go.jp/znk-web/juminkanja/S2430/initialize?prefCd=17&kikanCd=2130008&kikanKbn=3", "url2": "https://www.sasakishika.jp", "内容": "佐々木歯科医院【3:歯科】石川県白山市茶屋２－５３－３" }, "geometry": { "type": "Point", "coordinates": [ 136.560908, 36.519582 ] } },
{ "type": "Feature", "properties": { "ID": 1732130009, "正式名称": "しいあい歯科医院", "機関区分": 3, "都道府県コード": 17, "市区町村コード": 210, "所在地": "石川県白山市笠間町９５８－１", "緯度": 36.504407, "経度": 136.52877, "url": "https://www.iryou.teikyouseido.mhlw.go.jp/znk-web/juminkanja/S2430/initialize?prefCd=17&kikanCd=2130009&kikanKbn=3", "url2": null, "内容": "しいあい歯科医院【3:歯科】石川県白山市笠間町９５８－１" }, "geometry": { "type": "Point", "coordinates": [ 136.52877, 36.504407 ] } },
{ "type": "Feature", "properties": { "ID": 1732130013, "正式名称": "なかむら歯科クリニック", "機関区分": 3, "都道府県コード": 17, "市区町村コード": 210, "所在地": "石川県白山市荒屋柏野町５６２－１", "緯度": 36.501845, "経度": 136.532518, "url": "https://www.iryou.teikyouseido.mhlw.go.jp/znk-web/juminkanja/S2430/initialize?prefCd=17&kikanCd=2130013&kikanKbn=3", "url2": null, "内容": "なかむら歯科クリニック【3:歯科】石川県白山市荒屋柏野町５６２－１" }, "geometry": { "type": "Point", "coordinates": [ 136.532518, 36.501845 ] } },
{ "type": "Feature", "properties": { "ID": 1732130014, "正式名称": "なりのぼう歯科口腔外科クリニック", "機関区分": 3, "都道府県コード": 17, "市区町村コード": 210, "所在地": "石川県白山市北安田西１丁目１９番地", "緯度": 36.525703, "経度": 136.545854, "url": "https://www.iryou.teikyouseido.mhlw.go.jp/znk-web/juminkanja/S2430/initialize?prefCd=17&kikanCd=2130014&kikanKbn=3", "url2": "http://www.nari-dental.com", "内容": "なりのぼう歯科口腔外科クリニック【3:歯科】石川県白山市北安田西１丁目１９番地" }, "geometry": { "type": "Point", "coordinates": [ 136.545854, 36.525703 ] } },
{ "type": "Feature", "properties": { "ID": 1732130017, "正式名称": "東山歯科医院", "機関区分": 3, "都道府県コード": 17, "市区町村コード": 210, "所在地": "石川県白山市田中町６２－５", "緯度": 36.531408, "経度": 136.586473, "url": "https://www.iryou.teikyouseido.mhlw.go.jp/znk-web/juminkanja/S2430/initialize?prefCd=17&kikanCd=2130017&kikanKbn=3", "url2": null, "内容": "東山歯科医院【3:歯科】石川県白山市田中町６２－５" }, "geometry": { "type": "Point", "coordinates": [ 136.586473, 36.531408 ] } },
{ "type": "Feature", "properties": { "ID": 1732130020, "正式名称": "みなみ歯科クリニック", "機関区分": 3, "都道府県コード": 17, "市区町村コード": 210, "所在地": "石川県白山市三幸町９５", "緯度": 36.51221, "経度": 136.577729, "url": "https://www.iryou.teikyouseido.mhlw.go.jp/znk-web/juminkanja/S2430/initialize?prefCd=17&kikanCd=2130020&kikanKbn=3", "url2": null, "内容": "みなみ歯科クリニック【3:歯科】石川県白山市三幸町９５" }, "geometry": { "type": "Point", "coordinates": [ 136.577729, 36.51221 ] } },
{ "type": "Feature", "properties": { "ID": 1732130022, "正式名称": "医療法人社団　吉本歯科医院", "機関区分": 3, "都道府県コード": 17, "市区町村コード": 210, "所在地": "石川県白山市東新町６５ー１", "緯度": 36.52354, "経度": 136.567129, "url": "https://www.iryou.teikyouseido.mhlw.go.jp/znk-web/juminkanja/S2430/initialize?prefCd=17&kikanCd=2130022&kikanKbn=3", "url2": null, "内容": "医療法人社団　吉本歯科医院【3:歯科】石川県白山市東新町６５ー１" }, "geometry": { "type": "Point", "coordinates": [ 136.567129, 36.52354 ] } },
{ "type": "Feature", "properties": { "ID": 1732130025, "正式名称": "江尻歯科医院", "機関区分": 3, "都道府県コード": 17, "市区町村コード": 212, "所在地": "石川県野々市市稲荷", "緯度": 36.536616, "経度": 136.603699, "url": "https://www.iryou.teikyouseido.mhlw.go.jp/znk-web/juminkanja/S2430/initialize?prefCd=17&kikanCd=2130025&kikanKbn=3", "url2": "https://www.ejident.com", "内容": "江尻歯科医院【3:歯科】石川県野々市市稲荷" }, "geometry": { "type": "Point", "coordinates": [ 136.603699, 36.536616 ] } },
{ "type": "Feature", "properties": { "ID": 1732130026, "正式名称": "扇が丘歯科医院", "機関区分": 3, "都道府県コード": 17, "市区町村コード": 212, "所在地": "石川県野々市市扇が丘１９－３６ロイヤルコートマイワン１Ｆ", "緯度": 36.526277, "経度": 136.623605, "url": "https://www.iryou.teikyouseido.mhlw.go.jp/znk-web/juminkanja/S2430/initialize?prefCd=17&kikanCd=2130026&kikanKbn=3", "url2": null, "内容": "扇が丘歯科医院【3:歯科】石川県野々市市扇が丘１９－３６ロイヤルコートマイワン１Ｆ" }, "geometry": { "type": "Point", "coordinates": [ 136.623605, 36.526277 ] } },
{ "type": "Feature", "properties": { "ID": 1732130028, "正式名称": "ぎゃくし歯科医院", "機関区分": 3, "都道府県コード": 17, "市区町村コード": 212, "所在地": "石川県野々市市新庄６丁目４０８", "緯度": 36.5082, "経度": 136.608054, "url": "https://www.iryou.teikyouseido.mhlw.go.jp/znk-web/juminkanja/S2430/initialize?prefCd=17&kikanCd=2130028&kikanKbn=3", "url2": "www.gyakushi-dc.com", "内容": "ぎゃくし歯科医院【3:歯科】石川県野々市市新庄６丁目４０８" }, "geometry": { "type": "Point", "coordinates": [ 136.608054, 36.5082 ] } },
{ "type": "Feature", "properties": { "ID": 1732130032, "正式名称": "ののいち歯科クリニック", "機関区分": 3, "都道府県コード": 17, "市区町村コード": 212, "所在地": "石川県野々市市本町３丁目９番１２号", "緯度": 36.532007, "経度": 136.616653, "url": "https://www.iryou.teikyouseido.mhlw.go.jp/znk-web/juminkanja/S2430/initialize?prefCd=17&kikanCd=2130032&kikanKbn=3", "url2": "http://www.nonoden.jp", "内容": "ののいち歯科クリニック【3:歯科】石川県野々市市本町３丁目９番１２号" }, "geometry": { "type": "Point", "coordinates": [ 136.616653, 36.532007 ] } },
{ "type": "Feature", "properties": { "ID": 1732130036, "正式名称": "医療法人社団　祥幸会　ふじい歯科クリニック", "機関区分": 3, "都道府県コード": 17, "市区町村コード": 212, "所在地": "石川県野々市市御経塚３－２１０", "緯度": 36.548513, "経度": 136.598385, "url": "https://www.iryou.teikyouseido.mhlw.go.jp/znk-web/juminkanja/S2430/initialize?prefCd=17&kikanCd=2130036&kikanKbn=3", "url2": "http://fujii-dentaloffice.com/", "内容": "医療法人社団　祥幸会　ふじい歯科クリニック【3:歯科】石川県野々市市御経塚３－２１０" }, "geometry": { "type": "Point", "coordinates": [ 136.598385, 36.548513 ] } },
{ "type": "Feature", "properties": { "ID": 1732130037, "正式名称": "ふじた歯科クリニック", "機関区分": 3, "都道府県コード": 17, "市区町村コード": 212, "所在地": "石川県野々市市下林４丁目５６５−２", "緯度": 36.523087, "経度": 136.606107, "url": "https://www.iryou.teikyouseido.mhlw.go.jp/znk-web/juminkanja/S2430/initialize?prefCd=17&kikanCd=2130037&kikanKbn=3", "url2": null, "内容": "ふじた歯科クリニック【3:歯科】石川県野々市市下林４丁目５６５−２" }, "geometry": { "type": "Point", "coordinates": [ 136.606107, 36.523087 ] } },
{ "type": "Feature", "properties": { "ID": 1732130039, "正式名称": "医療法人社団　真舘歯科医院", "機関区分": 3, "都道府県コード": 17, "市区町村コード": 212, "所在地": "石川県野々市市御経塚", "緯度": 36.546226, "経度": 136.601394, "url": "https://www.iryou.teikyouseido.mhlw.go.jp/znk-web/juminkanja/S2430/initialize?prefCd=17&kikanCd=2130039&kikanKbn=3", "url2": null, "内容": "医療法人社団　真舘歯科医院【3:歯科】石川県野々市市御経塚" }, "geometry": { "type": "Point", "coordinates": [ 136.601394, 36.546226 ] } },
{ "type": "Feature", "properties": { "ID": 1732130043, "正式名称": "かわはら歯科医院", "機関区分": 3, "都道府県コード": 17, "市区町村コード": 212, "所在地": "石川県野々市市藤平田１丁目４６６番地", "緯度": 36.517041, "経度": 136.607588, "url": "https://www.iryou.teikyouseido.mhlw.go.jp/znk-web/juminkanja/S2430/initialize?prefCd=17&kikanCd=2130043&kikanKbn=3", "url2": "https://kawaharadc.com/", "内容": "かわはら歯科医院【3:歯科】石川県野々市市藤平田１丁目４６６番地" }, "geometry": { "type": "Point", "coordinates": [ 136.607588, 36.517041 ] } },
{ "type": "Feature", "properties": { "ID": 1732130045, "正式名称": "奥谷歯科医院", "機関区分": 3, "都道府県コード": 17, "市区町村コード": 210, "所在地": "石川県白山市西米光町チ８３番地４", "緯度": 36.49262, "経度": 136.500825, "url": "https://www.iryou.teikyouseido.mhlw.go.jp/znk-web/juminkanja/S2430/initialize?prefCd=17&kikanCd=2130045&kikanKbn=3", "url2": null, "内容": "奥谷歯科医院【3:歯科】石川県白山市西米光町チ８３番地４" }, "geometry": { "type": "Point", "coordinates": [ 136.500825, 36.49262 ] } },
{ "type": "Feature", "properties": { "ID": 1732130046, "正式名称": "世戸歯科クリニック", "機関区分": 3, "都道府県コード": 17, "市区町村コード": 210, "所在地": "石川県白山市美川中町ソ２６", "緯度": 36.486246, "経度": 136.488047, "url": "https://www.iryou.teikyouseido.mhlw.go.jp/znk-web/juminkanja/S2430/initialize?prefCd=17&kikanCd=2130046&kikanKbn=3", "url2": null, "内容": "世戸歯科クリニック【3:歯科】石川県白山市美川中町ソ２６" }, "geometry": { "type": "Point", "coordinates": [ 136.488047, 36.486246 ] } },
{ "type": "Feature", "properties": { "ID": 1732130048, "正式名称": "水野歯科浜町クリニック", "機関区分": 3, "都道府県コード": 17, "市区町村コード": 210, "所在地": "石川県白山市美川浜町タ３７", "緯度": 36.488489, "経度": 136.491019, "url": "https://www.iryou.teikyouseido.mhlw.go.jp/znk-web/juminkanja/S2430/initialize?prefCd=17&kikanCd=2130048&kikanKbn=3", "url2": "mizuno-oral.com", "内容": "水野歯科浜町クリニック【3:歯科】石川県白山市美川浜町タ３７" }, "geometry": { "type": "Point", "coordinates": [ 136.491019, 36.488489 ] } },
{ "type": "Feature", "properties": { "ID": 1732130049, "正式名称": "木戸歯科医院", "機関区分": 3, "都道府県コード": 17, "市区町村コード": 210, "所在地": "石川県白山市鶴来本町三丁目ヲ７０", "緯度": 36.449935, "経度": 136.625832, "url": "https://www.iryou.teikyouseido.mhlw.go.jp/znk-web/juminkanja/S2430/initialize?prefCd=17&kikanCd=2130049&kikanKbn=3", "url2": "http://www.kido-shika.jp/index.html", "内容": "木戸歯科医院【3:歯科】石川県白山市鶴来本町三丁目ヲ７０" }, "geometry": { "type": "Point", "coordinates": [ 136.625832, 36.449935 ] } },
{ "type": "Feature", "properties": { "ID": 1732130051, "正式名称": "津田歯科医院", "機関区分": 3, "都道府県コード": 17, "市区町村コード": 210, "所在地": "石川県白山市鶴来本町４ー５ー４", "緯度": 36.452226, "経度": 136.624931, "url": "https://www.iryou.teikyouseido.mhlw.go.jp/znk-web/juminkanja/S2430/initialize?prefCd=17&kikanCd=2130051&kikanKbn=3", "url2": null, "内容": "津田歯科医院【3:歯科】石川県白山市鶴来本町４ー５ー４" }, "geometry": { "type": "Point", "coordinates": [ 136.624931, 36.452226 ] } },
{ "type": "Feature", "properties": { "ID": 1732130055, "正式名称": "白峰村歯科診療所谷歯科医院", "機関区分": 3, "都道府県コード": 17, "市区町村コード": 210, "所在地": "石川県白山市白峰ハ１５７番１地", "緯度": 36.17681, "経度": 136.624322, "url": "https://www.iryou.teikyouseido.mhlw.go.jp/znk-web/juminkanja/S2430/initialize?prefCd=17&kikanCd=2130055&kikanKbn=3", "url2": null, "内容": "白峰村歯科診療所谷歯科医院【3:歯科】石川県白山市白峰ハ１５７番１地" }, "geometry": { "type": "Point", "coordinates": [ 136.624322, 36.17681 ] } },
{ "type": "Feature", "properties": { "ID": 1732230001, "正式名称": "あかつき歯科医院", "機関区分": 3, "都道府県コード": 17, "市区町村コード": 361, "所在地": "石川県河北郡津幡町横浜い４３－１", "緯度": 36.666947, "経度": 136.733984, "url": "https://www.iryou.teikyouseido.mhlw.go.jp/znk-web/juminkanja/S2430/initialize?prefCd=17&kikanCd=2230001&kikanKbn=3", "url2": "http://www.akatsuki-dc.jp", "内容": "あかつき歯科医院【3:歯科】石川県河北郡津幡町横浜い４３－１" }, "geometry": { "type": "Point", "coordinates": [ 136.733984, 36.666947 ] } },
{ "type": "Feature", "properties": { "ID": 1732230006, "正式名称": "新本歯科医院", "機関区分": 3, "都道府県コード": 17, "市区町村コード": 361, "所在地": "石川県河北郡津幡町横浜へ３５－３", "緯度": 36.665437, "経度": 136.728705, "url": "https://www.iryou.teikyouseido.mhlw.go.jp/znk-web/juminkanja/S2430/initialize?prefCd=17&kikanCd=2230006&kikanKbn=3", "url2": null, "内容": "新本歯科医院【3:歯科】石川県河北郡津幡町横浜へ３５－３" }, "geometry": { "type": "Point", "coordinates": [ 136.728705, 36.665437 ] } },
{ "type": "Feature", "properties": { "ID": 1732230007, "正式名称": "すみよし歯科医院", "機関区分": 3, "都道府県コード": 17, "市区町村コード": 361, "所在地": "石川県河北郡津幡町庄ロ１０９－２", "緯度": 36.674279, "経度": 136.727392, "url": "https://www.iryou.teikyouseido.mhlw.go.jp/znk-web/juminkanja/S2430/initialize?prefCd=17&kikanCd=2230007&kikanKbn=3", "url2": null, "内容": "すみよし歯科医院【3:歯科】石川県河北郡津幡町庄ロ１０９－２" }, "geometry": { "type": "Point", "coordinates": [ 136.727392, 36.674279 ] } },
{ "type": "Feature", "properties": { "ID": 1732230008, "正式名称": "つだ歯科医院", "機関区分": 3, "都道府県コード": 17, "市区町村コード": 361, "所在地": "石川県河北郡津幡町能瀬ニ３－３", "緯度": 36.690137, "経度": 136.721506, "url": "https://www.iryou.teikyouseido.mhlw.go.jp/znk-web/juminkanja/S2430/initialize?prefCd=17&kikanCd=2230008&kikanKbn=3", "url2": null, "内容": "つだ歯科医院【3:歯科】石川県河北郡津幡町能瀬ニ３－３" }, "geometry": { "type": "Point", "coordinates": [ 136.721506, 36.690137 ] } },
{ "type": "Feature", "properties": { "ID": 1732230009, "正式名称": "なかじま歯科", "機関区分": 3, "都道府県コード": 17, "市区町村コード": 361, "所在地": "石川県河北郡津幡町北中条６－６３", "緯度": 36.661263, "経度": 136.728601, "url": "https://www.iryou.teikyouseido.mhlw.go.jp/znk-web/juminkanja/S2430/initialize?prefCd=17&kikanCd=2230009&kikanKbn=3", "url2": null, "内容": "なかじま歯科【3:歯科】石川県河北郡津幡町北中条６－６３" }, "geometry": { "type": "Point", "coordinates": [ 136.728601, 36.661263 ] } },
{ "type": "Feature", "properties": { "ID": 1732230010, "正式名称": "医療法人社団のぞみ歯科医院", "機関区分": 3, "都道府県コード": 17, "市区町村コード": 361, "所在地": "石川県河北郡津幡町潟端４５０－６", "緯度": 36.655298, "経度": 136.709299, "url": "https://www.iryou.teikyouseido.mhlw.go.jp/znk-web/juminkanja/S2430/initialize?prefCd=17&kikanCd=2230010&kikanKbn=3", "url2": "https://www.dental-nozomi.com/", "内容": "医療法人社団のぞみ歯科医院【3:歯科】石川県河北郡津幡町潟端４５０－６" }, "geometry": { "type": "Point", "coordinates": [ 136.709299, 36.655298 ] } },
{ "type": "Feature", "properties": { "ID": 1732230012, "正式名称": "粟倉歯科医院", "機関区分": 3, "都道府県コード": 17, "市区町村コード": 365, "所在地": "石川県河北郡内灘町緑台１－２４５－３", "緯度": 36.633879, "経度": 136.630485, "url": "https://www.iryou.teikyouseido.mhlw.go.jp/znk-web/juminkanja/S2430/initialize?prefCd=17&kikanCd=2230012&kikanKbn=3", "url2": null, "内容": "粟倉歯科医院【3:歯科】石川県河北郡内灘町緑台１－２４５－３" }, "geometry": { "type": "Point", "coordinates": [ 136.630485, 36.633879 ] } },
{ "type": "Feature", "properties": { "ID": 1732230013, "正式名称": "医療法人社団　中本歯科医院", "機関区分": 3, "都道府県コード": 17, "市区町村コード": 365, "所在地": "石川県河北郡内灘町アカシア１－２８", "緯度": 36.632618, "経度": 136.635696, "url": "https://www.iryou.teikyouseido.mhlw.go.jp/znk-web/juminkanja/S2430/initialize?prefCd=17&kikanCd=2230013&kikanKbn=3", "url2": null, "内容": "医療法人社団　中本歯科医院【3:歯科】石川県河北郡内灘町アカシア１－２８" }, "geometry": { "type": "Point", "coordinates": [ 136.635696, 36.632618 ] } },
{ "type": "Feature", "properties": { "ID": 1732230014, "正式名称": "北歯科医院", "機関区分": 3, "都道府県コード": 17, "市区町村コード": 365, "所在地": "石川県河北郡内灘町鶴ケ丘４－１ー３１１", "緯度": 36.644513, "経度": 136.639865, "url": "https://www.iryou.teikyouseido.mhlw.go.jp/znk-web/juminkanja/S2430/initialize?prefCd=17&kikanCd=2230014&kikanKbn=3", "url2": null, "内容": "北歯科医院【3:歯科】石川県河北郡内灘町鶴ケ丘４－１ー３１１" }, "geometry": { "type": "Point", "coordinates": [ 136.639865, 36.644513 ] } },
{ "type": "Feature", "properties": { "ID": 1732230015, "正式名称": "小島歯科医院", "機関区分": 3, "都道府県コード": 17, "市区町村コード": 365, "所在地": "石川県河北郡内灘町アカシア２−５", "緯度": 36.635215, "経度": 136.635434, "url": "https://www.iryou.teikyouseido.mhlw.go.jp/znk-web/juminkanja/S2430/initialize?prefCd=17&kikanCd=2230015&kikanKbn=3", "url2": "https://kojima-shika.jp", "内容": "小島歯科医院【3:歯科】石川県河北郡内灘町アカシア２−５" }, "geometry": { "type": "Point", "coordinates": [ 136.635434, 36.635215 ] } },
{ "type": "Feature", "properties": { "ID": 1732230016, "正式名称": "白石歯科医院", "機関区分": 3, "都道府県コード": 17, "市区町村コード": 365, "所在地": "石川県河北郡内灘町向粟崎５－３１", "緯度": 36.638922, "経度": 136.637027, "url": "https://www.iryou.teikyouseido.mhlw.go.jp/znk-web/juminkanja/S2430/initialize?prefCd=17&kikanCd=2230016&kikanKbn=3", "url2": "https://shiraishi-dc.net/", "内容": "白石歯科医院【3:歯科】石川県河北郡内灘町向粟崎５－３１" }, "geometry": { "type": "Point", "coordinates": [ 136.637027, 36.638922 ] } },
{ "type": "Feature", "properties": { "ID": 1732230017, "正式名称": "なかみち歯科クリニック", "機関区分": 3, "都道府県コード": 17, "市区町村コード": 365, "所在地": "石川県河北郡内灘町旭ヶ丘１１１", "緯度": 36.629763, "経度": 136.631963, "url": "https://www.iryou.teikyouseido.mhlw.go.jp/znk-web/juminkanja/S2430/initialize?prefCd=17&kikanCd=2230017&kikanKbn=3", "url2": null, "内容": "なかみち歯科クリニック【3:歯科】石川県河北郡内灘町旭ヶ丘１１１" }, "geometry": { "type": "Point", "coordinates": [ 136.631963, 36.629763 ] } },
{ "type": "Feature", "properties": { "ID": 1732230018, "正式名称": "ふなもと歯科医院", "機関区分": 3, "都道府県コード": 17, "市区町村コード": 365, "所在地": "石川県河北郡内灘町大根布１－１０１", "緯度": 36.647584, "経度": 136.647159, "url": "https://www.iryou.teikyouseido.mhlw.go.jp/znk-web/juminkanja/S2430/initialize?prefCd=17&kikanCd=2230018&kikanKbn=3", "url2": null, "内容": "ふなもと歯科医院【3:歯科】石川県河北郡内灘町大根布１－１０１" }, "geometry": { "type": "Point", "coordinates": [ 136.647159, 36.647584 ] } },
{ "type": "Feature", "properties": { "ID": 1732230019, "正式名称": "よしだ歯科医院", "機関区分": 3, "都道府県コード": 17, "市区町村コード": 365, "所在地": "石川県河北郡内灘町大清台３２９番地", "緯度": 36.649308, "経度": 136.643425, "url": "https://www.iryou.teikyouseido.mhlw.go.jp/znk-web/juminkanja/S2430/initialize?prefCd=17&kikanCd=2230019&kikanKbn=3", "url2": null, "内容": "よしだ歯科医院【3:歯科】石川県河北郡内灘町大清台３２９番地" }, "geometry": { "type": "Point", "coordinates": [ 136.643425, 36.649308 ] } },
{ "type": "Feature", "properties": { "ID": 1732230020, "正式名称": "シーサイドデンタルクリニック", "機関区分": 3, "都道府県コード": 17, "市区町村コード": 365, "所在地": "石川県河北郡内灘町千鳥台", "緯度": 36.639334, "経度": 136.624616, "url": "https://www.iryou.teikyouseido.mhlw.go.jp/znk-web/juminkanja/S2430/initialize?prefCd=17&kikanCd=2230020&kikanKbn=3", "url2": null, "内容": "シーサイドデンタルクリニック【3:歯科】石川県河北郡内灘町千鳥台" }, "geometry": { "type": "Point", "coordinates": [ 136.624616, 36.639334 ] } },
{ "type": "Feature", "properties": { "ID": 1732230022, "正式名称": "医療法人社団　アネスティ　浜田歯科クリニック", "機関区分": 3, "都道府県コード": 17, "市区町村コード": 209, "所在地": "石川県かほく市宇野気チ１１２", "緯度": 36.721433, "経度": 136.700966, "url": "https://www.iryou.teikyouseido.mhlw.go.jp/znk-web/juminkanja/S2430/initialize?prefCd=17&kikanCd=2230022&kikanKbn=3", "url2": null, "内容": "医療法人社団　アネスティ　浜田歯科クリニック【3:歯科】石川県かほく市宇野気チ１１２" }, "geometry": { "type": "Point", "coordinates": [ 136.700966, 36.721433 ] } },
{ "type": "Feature", "properties": { "ID": 1732230029, "正式名称": "医療法人社団　ふたみ歯科", "機関区分": 3, "都道府県コード": 17, "市区町村コード": 209, "所在地": "石川県かほく市木津イ７５－６", "緯度": 36.746084, "経度": 136.709085, "url": "https://www.iryou.teikyouseido.mhlw.go.jp/znk-web/juminkanja/S2430/initialize?prefCd=17&kikanCd=2230029&kikanKbn=3", "url2": null, "内容": "医療法人社団　ふたみ歯科【3:歯科】石川県かほく市木津イ７５－６" }, "geometry": { "type": "Point", "coordinates": [ 136.709085, 36.746084 ] } },
{ "type": "Feature", "properties": { "ID": 1732230394, "正式名称": "マダチ歯科クリニック", "機関区分": 3, "都道府県コード": 17, "市区町村コード": 210, "所在地": "石川県白山市八ツ矢町４６７－１", "緯度": 36.527083, "経度": 136.57346, "url": "https://www.iryou.teikyouseido.mhlw.go.jp/znk-web/juminkanja/S2430/initialize?prefCd=17&kikanCd=2230394&kikanKbn=3", "url2": null, "内容": "マダチ歯科クリニック【3:歯科】石川県白山市八ツ矢町４６７－１" }, "geometry": { "type": "Point", "coordinates": [ 136.57346, 36.527083 ] } },
{ "type": "Feature", "properties": { "ID": 173255, "正式名称": "やまもと歯科医院", "機関区分": 3, "都道府県コード": 17, "市区町村コード": 201, "所在地": "石川県金沢市駅西本町３－１－５", "緯度": 36.582348, "経度": 136.635286, "url": "https://www.iryou.teikyouseido.mhlw.go.jp/znk-web/juminkanja/S2430/initialize?prefCd=17&kikanCd=255&kikanKbn=3", "url2": null, "内容": "やまもと歯科医院【3:歯科】石川県金沢市駅西本町３－１－５" }, "geometry": { "type": "Point", "coordinates": [ 136.635286, 36.582348 ] } },
{ "type": "Feature", "properties": { "ID": 173275, "正式名称": "なおき歯科クリニック", "機関区分": 3, "都道府県コード": 17, "市区町村コード": 207, "所在地": "石川県羽咋市鶴多町亀田１５－１", "緯度": 36.898187, "経度": 136.790959, "url": "https://www.iryou.teikyouseido.mhlw.go.jp/znk-web/juminkanja/S2430/initialize?prefCd=17&kikanCd=275&kikanKbn=3", "url2": "https://www.naokishika-clinic.info/", "内容": "なおき歯科クリニック【3:歯科】石川県羽咋市鶴多町亀田１５－１" }, "geometry": { "type": "Point", "coordinates": [ 136.790959, 36.898187 ] } },
{ "type": "Feature", "properties": { "ID": 173276, "正式名称": "パールデンタルクリニック", "機関区分": 3, "都道府県コード": 17, "市区町村コード": 203, "所在地": "石川県小松市細工町４７", "緯度": 36.408057, "経度": 136.451269, "url": "https://www.iryou.teikyouseido.mhlw.go.jp/znk-web/juminkanja/S2430/initialize?prefCd=17&kikanCd=276&kikanKbn=3", "url2": "http://www.pearldental.jp/", "内容": "パールデンタルクリニック【3:歯科】石川県小松市細工町４７" }, "geometry": { "type": "Point", "coordinates": [ 136.451269, 36.408057 ] } },
{ "type": "Feature", "properties": { "ID": 173294, "正式名称": "医療法人社団　ただ歯科クリニック", "機関区分": 3, "都道府県コード": 17, "市区町村コード": 201, "所在地": "石川県金沢市須崎町甲１７番地", "緯度": 36.620037, "経度": 136.638646, "url": "https://www.iryou.teikyouseido.mhlw.go.jp/znk-web/juminkanja/S2430/initialize?prefCd=17&kikanCd=294&kikanKbn=3", "url2": "tada-dentalclinic.com", "内容": "医療法人社団　ただ歯科クリニック【3:歯科】石川県金沢市須崎町甲１７番地" }, "geometry": { "type": "Point", "coordinates": [ 136.638646, 36.620037 ] } },
{ "type": "Feature", "properties": { "ID": 173302, "正式名称": "広瀬歯科医院", "機関区分": 3, "都道府県コード": 17, "市区町村コード": 206, "所在地": "石川県加賀市片山津温泉乙３７", "緯度": 36.345278, "経度": 136.365726, "url": "https://www.iryou.teikyouseido.mhlw.go.jp/znk-web/juminkanja/S2430/initialize?prefCd=17&kikanCd=302&kikanKbn=3", "url2": null, "内容": "広瀬歯科医院【3:歯科】石川県加賀市片山津温泉乙３７" }, "geometry": { "type": "Point", "coordinates": [ 136.365726, 36.345278 ] } },
{ "type": "Feature", "properties": { "ID": 173312, "正式名称": "島田歯科医院", "機関区分": 3, "都道府県コード": 17, "市区町村コード": 202, "所在地": "石川県七尾市府中町１７２", "緯度": 37.046657, "経度": 136.968115, "url": "https://www.iryou.teikyouseido.mhlw.go.jp/znk-web/juminkanja/S2430/initialize?prefCd=17&kikanCd=312&kikanKbn=3", "url2": null, "内容": "島田歯科医院【3:歯科】石川県七尾市府中町１７２" }, "geometry": { "type": "Point", "coordinates": [ 136.968115, 37.046657 ] } },
{ "type": "Feature", "properties": { "ID": 1733130004, "正式名称": "梅歯科医院", "機関区分": 3, "都道府県コード": 17, "市区町村コード": 202, "所在地": "石川県七尾市山王町１部１７番地", "緯度": 37.045684, "経度": 136.972445, "url": "https://www.iryou.teikyouseido.mhlw.go.jp/znk-web/juminkanja/S2430/initialize?prefCd=17&kikanCd=3130004&kikanKbn=3", "url2": null, "内容": "梅歯科医院【3:歯科】石川県七尾市山王町１部１７番地" }, "geometry": { "type": "Point", "coordinates": [ 136.972445, 37.045684 ] } },
{ "type": "Feature", "properties": { "ID": 1733130005, "正式名称": "今井歯科医院", "機関区分": 3, "都道府県コード": 17, "市区町村コード": 202, "所在地": "石川県七尾市小丸山台２丁目１１５", "緯度": 37.045684, "経度": 136.953435, "url": "https://www.iryou.teikyouseido.mhlw.go.jp/znk-web/juminkanja/S2430/initialize?prefCd=17&kikanCd=3130005&kikanKbn=3", "url2": null, "内容": "今井歯科医院【3:歯科】石川県七尾市小丸山台２丁目１１５" }, "geometry": { "type": "Point", "coordinates": [ 136.953435, 37.045684 ] } },
{ "type": "Feature", "properties": { "ID": 1733130007, "正式名称": "かぶと歯科医院", "機関区分": 3, "都道府県コード": 17, "市区町村コード": 202, "所在地": "石川県七尾市御祓町子部６－２", "緯度": 37.044369, "経度": 136.963103, "url": "https://www.iryou.teikyouseido.mhlw.go.jp/znk-web/juminkanja/S2430/initialize?prefCd=17&kikanCd=3130007&kikanKbn=3", "url2": null, "内容": "かぶと歯科医院【3:歯科】石川県七尾市御祓町子部６－２" }, "geometry": { "type": "Point", "coordinates": [ 136.963103, 37.044369 ] } },
{ "type": "Feature", "properties": { "ID": 1733130019, "正式名称": "医療法人社団　泰聖会　西野歯科医院", "機関区分": 3, "都道府県コード": 17, "市区町村コード": 202, "所在地": "石川県七尾市七尾市矢田新町ニ部１０４番地１", "緯度": 37.047419, "経度": 136.978, "url": "https://www.iryou.teikyouseido.mhlw.go.jp/znk-web/juminkanja/S2430/initialize?prefCd=17&kikanCd=3130019&kikanKbn=3", "url2": null, "内容": "医療法人社団　泰聖会　西野歯科医院【3:歯科】石川県七尾市七尾市矢田新町ニ部１０４番地１" }, "geometry": { "type": "Point", "coordinates": [ 136.978, 37.047419 ] } },
{ "type": "Feature", "properties": { "ID": 1733130021, "正式名称": "浜岸歯科医院", "機関区分": 3, "都道府県コード": 17, "市区町村コード": 202, "所在地": "石川県七尾市湊町", "緯度": 37.04679, "経度": 136.971263, "url": "https://www.iryou.teikyouseido.mhlw.go.jp/znk-web/juminkanja/S2430/initialize?prefCd=17&kikanCd=3130021&kikanKbn=3", "url2": null, "内容": "浜岸歯科医院【3:歯科】石川県七尾市湊町" }, "geometry": { "type": "Point", "coordinates": [ 136.971263, 37.04679 ] } },
{ "type": "Feature", "properties": { "ID": 1733130022, "正式名称": "春木歯科クリニック", "機関区分": 3, "都道府県コード": 17, "市区町村コード": 202, "所在地": "石川県七尾市塗師町", "緯度": 37.04473, "経度": 136.968792, "url": "https://www.iryou.teikyouseido.mhlw.go.jp/znk-web/juminkanja/S2430/initialize?prefCd=17&kikanCd=3130022&kikanKbn=3", "url2": null, "内容": "春木歯科クリニック【3:歯科】石川県七尾市塗師町" }, "geometry": { "type": "Point", "coordinates": [ 136.968792, 37.04473 ] } },
{ "type": "Feature", "properties": { "ID": 1733130023, "正式名称": "深尾歯科医院", "機関区分": 3, "都道府県コード": 17, "市区町村コード": 202, "所在地": "石川県七尾市本府中町ハ部２８−１", "緯度": 37.042009, "経度": 136.967703, "url": "https://www.iryou.teikyouseido.mhlw.go.jp/znk-web/juminkanja/S2430/initialize?prefCd=17&kikanCd=3130023&kikanKbn=3", "url2": null, "内容": "深尾歯科医院【3:歯科】石川県七尾市本府中町ハ部２８−１" }, "geometry": { "type": "Point", "coordinates": [ 136.967703, 37.042009 ] } },
{ "type": "Feature", "properties": { "ID": 1733130024, "正式名称": "医療法人社団　朝日会　マダチ歯科医院", "機関区分": 3, "都道府県コード": 17, "市区町村コード": 202, "所在地": "石川県七尾市飯川町１０１－７６－３３", "緯度": 37.00813, "経度": 136.931888, "url": "https://www.iryou.teikyouseido.mhlw.go.jp/znk-web/juminkanja/S2430/initialize?prefCd=17&kikanCd=3130024&kikanKbn=3", "url2": null, "内容": "医療法人社団　朝日会　マダチ歯科医院【3:歯科】石川県七尾市飯川町１０１－７６－３３" }, "geometry": { "type": "Point", "coordinates": [ 136.931888, 37.00813 ] } },
{ "type": "Feature", "properties": { "ID": 1733130025, "正式名称": "マツモト歯科医院", "機関区分": 3, "都道府県コード": 17, "市区町村コード": 202, "所在地": "石川県七尾市御祓町ホ部２６－４", "緯度": 37.043831, "経度": 136.963712, "url": "https://www.iryou.teikyouseido.mhlw.go.jp/znk-web/juminkanja/S2430/initialize?prefCd=17&kikanCd=3130025&kikanKbn=3", "url2": null, "内容": "マツモト歯科医院【3:歯科】石川県七尾市御祓町ホ部２６－４" }, "geometry": { "type": "Point", "coordinates": [ 136.963712, 37.043831 ] } },
{ "type": "Feature", "properties": { "ID": 1733130026, "正式名称": "三井歯科クリニック", "機関区分": 3, "都道府県コード": 17, "市区町村コード": 202, "所在地": "石川県七尾市田鶴浜町と－３", "緯度": 37.065486, "経度": 136.891866, "url": "https://www.iryou.teikyouseido.mhlw.go.jp/znk-web/juminkanja/S2430/initialize?prefCd=17&kikanCd=3130026&kikanKbn=3", "url2": null, "内容": "三井歯科クリニック【3:歯科】石川県七尾市田鶴浜町と－３" }, "geometry": { "type": "Point", "coordinates": [ 136.891866, 37.065486 ] } },
{ "type": "Feature", "properties": { "ID": 1733130028, "正式名称": "医療法人社団　室木歯科口腔外科医院", "機関区分": 3, "都道府県コード": 17, "市区町村コード": 202, "所在地": "石川県七尾市中島町浜田耕１００番地１", "緯度": 37.112358, "経度": 136.849697, "url": "https://www.iryou.teikyouseido.mhlw.go.jp/znk-web/juminkanja/S2430/initialize?prefCd=17&kikanCd=3130028&kikanKbn=3", "url2": "http://www.muroki-tooth.com/", "内容": "医療法人社団　室木歯科口腔外科医院【3:歯科】石川県七尾市中島町浜田耕１００番地１" }, "geometry": { "type": "Point", "coordinates": [ 136.849697, 37.112358 ] } },
{ "type": "Feature", "properties": { "ID": 1733130029, "正式名称": "守友歯科医院", "機関区分": 3, "都道府県コード": 17, "市区町村コード": 202, "所在地": "石川県七尾市神明町ロ部２－２９", "緯度": 37.042759, "経度": 136.96559, "url": "https://www.iryou.teikyouseido.mhlw.go.jp/znk-web/juminkanja/S2430/initialize?prefCd=17&kikanCd=3130029&kikanKbn=3", "url2": null, "内容": "守友歯科医院【3:歯科】石川県七尾市神明町ロ部２－２９" }, "geometry": { "type": "Point", "coordinates": [ 136.96559, 37.042759 ] } },
{ "type": "Feature", "properties": { "ID": 1733130104, "正式名称": "高橋歯科医院", "機関区分": 3, "都道府県コード": 17, "市区町村コード": 407, "所在地": "石川県鹿島郡中能登町小田中ラ部１０７－１", "緯度": 36.943487, "経度": 136.880025, "url": "https://www.iryou.teikyouseido.mhlw.go.jp/znk-web/juminkanja/S2430/initialize?prefCd=17&kikanCd=3130104&kikanKbn=3", "url2": null, "内容": "高橋歯科医院【3:歯科】石川県鹿島郡中能登町小田中ラ部１０７－１" }, "geometry": { "type": "Point", "coordinates": [ 136.880025, 36.943487 ] } },
{ "type": "Feature", "properties": { "ID": 1733130107, "正式名称": "堀江歯科医院", "機関区分": 3, "都道府県コード": 17, "市区町村コード": 407, "所在地": "石川県鹿島郡中能登町良川り部４１番地", "緯度": 36.97648, "経度": 136.89018, "url": "https://www.iryou.teikyouseido.mhlw.go.jp/znk-web/juminkanja/S2430/initialize?prefCd=17&kikanCd=3130107&kikanKbn=3", "url2": null, "内容": "堀江歯科医院【3:歯科】石川県鹿島郡中能登町良川り部４１番地" }, "geometry": { "type": "Point", "coordinates": [ 136.89018, 36.97648 ] } },
{ "type": "Feature", "properties": { "ID": 173314, "正式名称": "にしやまファミリー歯科クリニック", "機関区分": 3, "都道府県コード": 17, "市区町村コード": 206, "所在地": "石川県加賀市山代温泉１４－４－１", "緯度": 36.292688, "経度": 136.353876, "url": "https://www.iryou.teikyouseido.mhlw.go.jp/znk-web/juminkanja/S2430/initialize?prefCd=17&kikanCd=314&kikanKbn=3", "url2": null, "内容": "にしやまファミリー歯科クリニック【3:歯科】石川県加賀市山代温泉１４－４－１" }, "geometry": { "type": "Point", "coordinates": [ 136.353876, 36.292688 ] } },
{ "type": "Feature", "properties": { "ID": 1733230002, "正式名称": "岩原歯科医院", "機関区分": 3, "都道府県コード": 17, "市区町村コード": 207, "所在地": "石川県羽咋市飯山町ト１７", "緯度": 36.900869, "経度": 136.824768, "url": "https://www.iryou.teikyouseido.mhlw.go.jp/znk-web/juminkanja/S2430/initialize?prefCd=17&kikanCd=3230002&kikanKbn=3", "url2": null, "内容": "岩原歯科医院【3:歯科】石川県羽咋市飯山町ト１７" }, "geometry": { "type": "Point", "coordinates": [ 136.824768, 36.900869 ] } },
{ "type": "Feature", "properties": { "ID": 1733230004, "正式名称": "柴田歯科医院", "機関区分": 3, "都道府県コード": 17, "市区町村コード": 207, "所在地": "石川県羽咋市旭町コ１１４番地３", "緯度": 36.896628, "経度": 136.778085, "url": "https://www.iryou.teikyouseido.mhlw.go.jp/znk-web/juminkanja/S2430/initialize?prefCd=17&kikanCd=3230004&kikanKbn=3", "url2": null, "内容": "柴田歯科医院【3:歯科】石川県羽咋市旭町コ１１４番地３" }, "geometry": { "type": "Point", "coordinates": [ 136.778085, 36.896628 ] } },
{ "type": "Feature", "properties": { "ID": 1733230005, "正式名称": "鈴木歯科医院", "機関区分": 3, "都道府県コード": 17, "市区町村コード": 207, "所在地": "石川県羽咋市旭町", "緯度": 36.895882, "経度": 136.777824, "url": "https://www.iryou.teikyouseido.mhlw.go.jp/znk-web/juminkanja/S2430/initialize?prefCd=17&kikanCd=3230005&kikanKbn=3", "url2": null, "内容": "鈴木歯科医院【3:歯科】石川県羽咋市旭町" }, "geometry": { "type": "Point", "coordinates": [ 136.777824, 36.895882 ] } },
{ "type": "Feature", "properties": { "ID": 1733230006, "正式名称": "高井歯科医院", "機関区分": 3, "都道府県コード": 17, "市区町村コード": 207, "所在地": "石川県羽咋市的場町的場５８番地２", "緯度": 36.899288, "経度": 136.779941, "url": "https://www.iryou.teikyouseido.mhlw.go.jp/znk-web/juminkanja/S2430/initialize?prefCd=17&kikanCd=3230006&kikanKbn=3", "url2": null, "内容": "高井歯科医院【3:歯科】石川県羽咋市的場町的場５８番地２" }, "geometry": { "type": "Point", "coordinates": [ 136.779941, 36.899288 ] } },
{ "type": "Feature", "properties": { "ID": 1733230013, "正式名称": "医療法人社団医心会吉田歯科医院", "機関区分": 3, "都道府県コード": 17, "市区町村コード": 207, "所在地": "石川県羽咋市松ケ下町", "緯度": 36.89184, "経度": 136.786088, "url": "https://www.iryou.teikyouseido.mhlw.go.jp/znk-web/juminkanja/S2430/initialize?prefCd=17&kikanCd=3230013&kikanKbn=3", "url2": null, "内容": "医療法人社団医心会吉田歯科医院【3:歯科】石川県羽咋市松ケ下町" }, "geometry": { "type": "Point", "coordinates": [ 136.786088, 36.89184 ] } },
{ "type": "Feature", "properties": { "ID": 1733230015, "正式名称": "鶴沢歯科医院", "機関区分": 3, "都道府県コード": 17, "市区町村コード": 384, "所在地": "石川県羽咋郡志賀町富来地頭町８の１９６", "緯度": 37.137851, "経度": 136.731334, "url": "https://www.iryou.teikyouseido.mhlw.go.jp/znk-web/juminkanja/S2430/initialize?prefCd=17&kikanCd=3230015&kikanKbn=3", "url2": null, "内容": "鶴沢歯科医院【3:歯科】石川県羽咋郡志賀町富来地頭町８の１９６" }, "geometry": { "type": "Point", "coordinates": [ 136.731334, 37.137851 ] } },
{ "type": "Feature", "properties": { "ID": 1733230018, "正式名称": "フォーラムデンタルクリニック", "機関区分": 3, "都道府県コード": 17, "市区町村コード": 384, "所在地": "石川県羽咋郡志賀町高浜ヤ２３０－２", "緯度": 37.001724, "経度": 136.777468, "url": "https://www.iryou.teikyouseido.mhlw.go.jp/znk-web/juminkanja/S2430/initialize?prefCd=17&kikanCd=3230018&kikanKbn=3", "url2": null, "内容": "フォーラムデンタルクリニック【3:歯科】石川県羽咋郡志賀町高浜ヤ２３０－２" }, "geometry": { "type": "Point", "coordinates": [ 136.777468, 37.001724 ] } },
{ "type": "Feature", "properties": { "ID": 1733230023, "正式名称": "立浦歯科医院", "機関区分": 3, "都道府県コード": 17, "市区町村コード": 386, "所在地": "石川県羽咋郡宝達志水町小川２－２０ー３", "緯度": 36.822473, "経度": 136.761589, "url": "https://www.iryou.teikyouseido.mhlw.go.jp/znk-web/juminkanja/S2430/initialize?prefCd=17&kikanCd=3230023&kikanKbn=3", "url2": null, "内容": "立浦歯科医院【3:歯科】石川県羽咋郡宝達志水町小川２－２０ー３" }, "geometry": { "type": "Point", "coordinates": [ 136.761589, 36.822473 ] } },
{ "type": "Feature", "properties": { "ID": 173362, "正式名称": "金澤むさし総合歯科・矯正歯科クリニック", "機関区分": 3, "都道府県コード": 17, "市区町村コード": 201, "所在地": "石川県金沢市武蔵町１－１４", "緯度": 36.57091, "経度": 136.654672, "url": "https://www.iryou.teikyouseido.mhlw.go.jp/znk-web/juminkanja/S2430/initialize?prefCd=17&kikanCd=362&kikanKbn=3", "url2": "https://ki-dc.com/", "内容": "金澤むさし総合歯科・矯正歯科クリニック【3:歯科】石川県金沢市武蔵町１－１４" }, "geometry": { "type": "Point", "coordinates": [ 136.654672, 36.57091 ] } },
{ "type": "Feature", "properties": { "ID": 173377, "正式名称": "おおせと歯科クリニック", "機関区分": 3, "都道府県コード": 17, "市区町村コード": 461, "所在地": "石川県鳳珠郡穴水町字川島ヨ６５番１", "緯度": 37.2338, "経度": 136.906867, "url": "https://www.iryou.teikyouseido.mhlw.go.jp/znk-web/juminkanja/S2430/initialize?prefCd=17&kikanCd=377&kikanKbn=3", "url2": null, "内容": "おおせと歯科クリニック【3:歯科】石川県鳳珠郡穴水町字川島ヨ６５番１" }, "geometry": { "type": "Point", "coordinates": [ 136.906867, 37.2338 ] } },
{ "type": "Feature", "properties": { "ID": 173380, "正式名称": "ほしば歯科クリニック", "機関区分": 3, "都道府県コード": 17, "市区町村コード": 201, "所在地": "石川県金沢市横山町１番１８号", "緯度": 36.565201, "経度": 136.667665, "url": "https://www.iryou.teikyouseido.mhlw.go.jp/znk-web/juminkanja/S2430/initialize?prefCd=17&kikanCd=380&kikanKbn=3", "url2": null, "内容": "ほしば歯科クリニック【3:歯科】石川県金沢市横山町１番１８号" }, "geometry": { "type": "Point", "coordinates": [ 136.667665, 36.565201 ] } },
{ "type": "Feature", "properties": { "ID": 173407, "正式名称": "クラウン歯科クリニック", "機関区分": 3, "都道府県コード": 17, "市区町村コード": 201, "所在地": "石川県金沢市新神田５丁目３９番地", "緯度": 36.5626, "経度": 136.627529, "url": "https://www.iryou.teikyouseido.mhlw.go.jp/znk-web/juminkanja/S2430/initialize?prefCd=17&kikanCd=407&kikanKbn=3", "url2": "http://www.crown-dent.com/", "内容": "クラウン歯科クリニック【3:歯科】石川県金沢市新神田５丁目３９番地" }, "geometry": { "type": "Point", "coordinates": [ 136.627529, 36.5626 ] } },
{ "type": "Feature", "properties": { "ID": 173408, "正式名称": "ジョム・デンタルクリニック", "機関区分": 3, "都道府県コード": 17, "市区町村コード": 201, "所在地": "石川県金沢市小坂町西１６－１４", "緯度": 36.590647, "経度": 136.670773, "url": "https://www.iryou.teikyouseido.mhlw.go.jp/znk-web/juminkanja/S2430/initialize?prefCd=17&kikanCd=408&kikanKbn=3", "url2": "http://www.jomdental.com", "内容": "ジョム・デンタルクリニック【3:歯科】石川県金沢市小坂町西１６－１４" }, "geometry": { "type": "Point", "coordinates": [ 136.670773, 36.590647 ] } },
{ "type": "Feature", "properties": { "ID": 173409, "正式名称": "デンタルケア南條歯科", "機関区分": 3, "都道府県コード": 17, "市区町村コード": 201, "所在地": "石川県金沢市小坂町南６５０", "緯度": 36.587029, "経度": 136.678984, "url": "https://www.iryou.teikyouseido.mhlw.go.jp/znk-web/juminkanja/S2430/initialize?prefCd=17&kikanCd=409&kikanKbn=3", "url2": "http://www.nanjo-shika.com/index.html", "内容": "デンタルケア南條歯科【3:歯科】石川県金沢市小坂町南６５０" }, "geometry": { "type": "Point", "coordinates": [ 136.678984, 36.587029 ] } },
{ "type": "Feature", "properties": { "ID": 173412, "正式名称": "医療法人社団白根会　白根歯科クリニック", "機関区分": 3, "都道府県コード": 17, "市区町村コード": 201, "所在地": "石川県金沢市伏見新町２７６番１", "緯度": 36.53449, "経度": 136.650165, "url": "https://www.iryou.teikyouseido.mhlw.go.jp/znk-web/juminkanja/S2430/initialize?prefCd=17&kikanCd=412&kikanKbn=3", "url2": "http://care4618.com", "内容": "医療法人社団白根会　白根歯科クリニック【3:歯科】石川県金沢市伏見新町２７６番１" }, "geometry": { "type": "Point", "coordinates": [ 136.650165, 36.53449 ] } },
{ "type": "Feature", "properties": { "ID": 1734130004, "正式名称": "医療法人　真俊会　笹谷歯科医院", "機関区分": 3, "都道府県コード": 17, "市区町村コード": 204, "所在地": "石川県輪島市河井町３－１６７", "緯度": 37.392572, "経度": 136.905125, "url": "https://www.iryou.teikyouseido.mhlw.go.jp/znk-web/juminkanja/S2430/initialize?prefCd=17&kikanCd=4130004&kikanKbn=3", "url2": "http://sasatani-dc.com/", "内容": "医療法人　真俊会　笹谷歯科医院【3:歯科】石川県輪島市河井町３－１６７" }, "geometry": { "type": "Point", "coordinates": [ 136.905125, 37.392572 ] } },
{ "type": "Feature", "properties": { "ID": 1734130005, "正式名称": "ながい歯科医院", "機関区分": 3, "都道府県コード": 17, "市区町村コード": 204, "所在地": "石川県輪島市鳳至町畠田３－７５", "緯度": 37.393682, "経度": 136.897188, "url": "https://www.iryou.teikyouseido.mhlw.go.jp/znk-web/juminkanja/S2430/initialize?prefCd=17&kikanCd=4130005&kikanKbn=3", "url2": null, "内容": "ながい歯科医院【3:歯科】石川県輪島市鳳至町畠田３－７５" }, "geometry": { "type": "Point", "coordinates": [ 136.897188, 37.393682 ] } },
{ "type": "Feature", "properties": { "ID": 1734130007, "正式名称": "松原歯科医院", "機関区分": 3, "都道府県コード": 17, "市区町村コード": 204, "所在地": "石川県輪島市門前町清水", "緯度": 37.289064, "経度": 136.765113, "url": "https://www.iryou.teikyouseido.mhlw.go.jp/znk-web/juminkanja/S2430/initialize?prefCd=17&kikanCd=4130007&kikanKbn=3", "url2": null, "内容": "松原歯科医院【3:歯科】石川県輪島市門前町清水" }, "geometry": { "type": "Point", "coordinates": [ 136.765113, 37.289064 ] } },
{ "type": "Feature", "properties": { "ID": 1734130008, "正式名称": "医療法人社団　マルト歯科医院", "機関区分": 3, "都道府県コード": 17, "市区町村コード": 204, "所在地": "石川県輪島市門前町走出２の９０の４", "緯度": 37.290255, "経度": 136.770097, "url": "https://www.iryou.teikyouseido.mhlw.go.jp/znk-web/juminkanja/S2430/initialize?prefCd=17&kikanCd=4130008&kikanKbn=3", "url2": null, "内容": "医療法人社団　マルト歯科医院【3:歯科】石川県輪島市門前町走出２の９０の４" }, "geometry": { "type": "Point", "coordinates": [ 136.770097, 37.290255 ] } },
{ "type": "Feature", "properties": { "ID": 1734130016, "正式名称": "まない歯科医院", "機関区分": 3, "都道府県コード": 17, "市区町村コード": 461, "所在地": "石川県鳳珠郡穴水町大町ろ－２１－２", "緯度": 37.225929, "経度": 136.90882, "url": "https://www.iryou.teikyouseido.mhlw.go.jp/znk-web/juminkanja/S2430/initialize?prefCd=17&kikanCd=4130016&kikanKbn=3", "url2": null, "内容": "まない歯科医院【3:歯科】石川県鳳珠郡穴水町大町ろ－２１－２" }, "geometry": { "type": "Point", "coordinates": [ 136.90882, 37.225929 ] } },
{ "type": "Feature", "properties": { "ID": 1734130017, "正式名称": "もろはし歯科", "機関区分": 3, "都道府県コード": 17, "市区町村コード": 461, "所在地": "石川県鳳珠郡穴水町沖波ホ－２１６", "緯度": 37.211257, "経度": 137.057672, "url": "https://www.iryou.teikyouseido.mhlw.go.jp/znk-web/juminkanja/S2430/initialize?prefCd=17&kikanCd=4130017&kikanKbn=3", "url2": null, "内容": "もろはし歯科【3:歯科】石川県鳳珠郡穴水町沖波ホ－２１６" }, "geometry": { "type": "Point", "coordinates": [ 137.057672, 37.211257 ] } },
{ "type": "Feature", "properties": { "ID": 1734130023, "正式名称": "医療法人社団　美能里会　はしもとデンタルクリニック", "機関区分": 3, "都道府県コード": 17, "市区町村コード": 463, "所在地": "石川県鳳珠郡能登町崎山３－２０５", "緯度": 37.303636, "経度": 137.144715, "url": "https://www.iryou.teikyouseido.mhlw.go.jp/znk-web/juminkanja/S2430/initialize?prefCd=17&kikanCd=4130023&kikanKbn=3", "url2": null, "内容": "医療法人社団　美能里会　はしもとデンタルクリニック【3:歯科】石川県鳳珠郡能登町崎山３－２０５" }, "geometry": { "type": "Point", "coordinates": [ 137.144715, 37.303636 ] } },
{ "type": "Feature", "properties": { "ID": 1734130025, "正式名称": "持木歯科医院", "機関区分": 3, "都道府県コード": 17, "市区町村コード": 463, "所在地": "石川県鳳珠郡能登町宇出津タ字４２－１", "緯度": 37.309079, "経度": 137.147752, "url": "https://www.iryou.teikyouseido.mhlw.go.jp/znk-web/juminkanja/S2430/initialize?prefCd=17&kikanCd=4130025&kikanKbn=3", "url2": null, "内容": "持木歯科医院【3:歯科】石川県鳳珠郡能登町宇出津タ字４２－１" }, "geometry": { "type": "Point", "coordinates": [ 137.147752, 37.309079 ] } },
{ "type": "Feature", "properties": { "ID": 173414, "正式名称": "かほくデンタルクリニック", "機関区分": 3, "都道府県コード": 17, "市区町村コード": 209, "所在地": "石川県かほく市内日角タ２５番　イオンモールかほく１Ｆ", "緯度": 36.709017, "経度": 136.701212, "url": "https://www.iryou.teikyouseido.mhlw.go.jp/znk-web/juminkanja/S2430/initialize?prefCd=17&kikanCd=414&kikanKbn=3", "url2": "http://kahoku.dentalmall.jp/", "内容": "かほくデンタルクリニック【3:歯科】石川県かほく市内日角タ２５番　イオンモールかほく１Ｆ" }, "geometry": { "type": "Point", "coordinates": [ 136.701212, 36.709017 ] } },
{ "type": "Feature", "properties": { "ID": 173415, "正式名称": "こばやし歯科医院", "機関区分": 3, "都道府県コード": 17, "市区町村コード": 384, "所在地": "石川県羽咋郡志賀町富来領家町イ４９－４", "緯度": 37.140846, "経度": 136.726615, "url": "https://www.iryou.teikyouseido.mhlw.go.jp/znk-web/juminkanja/S2430/initialize?prefCd=17&kikanCd=415&kikanKbn=3", "url2": "https://www.kobayashishikaiin.net/", "内容": "こばやし歯科医院【3:歯科】石川県羽咋郡志賀町富来領家町イ４９－４" }, "geometry": { "type": "Point", "coordinates": [ 136.726615, 37.140846 ] } },
{ "type": "Feature", "properties": { "ID": 173416, "正式名称": "てらい歯科クリニック", "機関区分": 3, "都道府県コード": 17, "市区町村コード": 384, "所在地": "石川県羽咋郡志賀町富来領家町ソの６番地２", "緯度": 37.142024, "経度": 136.730421, "url": "https://www.iryou.teikyouseido.mhlw.go.jp/znk-web/juminkanja/S2430/initialize?prefCd=17&kikanCd=416&kikanKbn=3", "url2": null, "内容": "てらい歯科クリニック【3:歯科】石川県羽咋郡志賀町富来領家町ソの６番地２" }, "geometry": { "type": "Point", "coordinates": [ 136.730421, 37.142024 ] } },
{ "type": "Feature", "properties": { "ID": 173418, "正式名称": "アイビー歯科クリニック", "機関区分": 3, "都道府県コード": 17, "市区町村コード": 201, "所在地": "石川県金沢市久安", "緯度": 36.535422, "経度": 136.633386, "url": "https://www.iryou.teikyouseido.mhlw.go.jp/znk-web/juminkanja/S2430/initialize?prefCd=17&kikanCd=418&kikanKbn=3", "url2": "http:www.ivy-shika.com/", "内容": "アイビー歯科クリニック【3:歯科】石川県金沢市久安" }, "geometry": { "type": "Point", "coordinates": [ 136.633386, 36.535422 ] } },
{ "type": "Feature", "properties": { "ID": 1734230001, "正式名称": "とね歯科医院", "機関区分": 3, "都道府県コード": 17, "市区町村コード": 205, "所在地": "石川県珠洲市上戸町北方２字１４４番地", "緯度": 37.434283, "経度": 137.261488, "url": "https://www.iryou.teikyouseido.mhlw.go.jp/znk-web/juminkanja/S2430/initialize?prefCd=17&kikanCd=4230001&kikanKbn=3", "url2": null, "内容": "とね歯科医院【3:歯科】石川県珠洲市上戸町北方２字１４４番地" }, "geometry": { "type": "Point", "coordinates": [ 137.261488, 37.434283 ] } },
{ "type": "Feature", "properties": { "ID": 1734230005, "正式名称": "カーム歯科医院", "機関区分": 3, "都道府県コード": 17, "市区町村コード": 205, "所在地": "石川県珠洲市飯田町ヨ－１０", "緯度": 37.444225, "経度": 137.264246, "url": "https://www.iryou.teikyouseido.mhlw.go.jp/znk-web/juminkanja/S2430/initialize?prefCd=17&kikanCd=4230005&kikanKbn=3", "url2": null, "内容": "カーム歯科医院【3:歯科】石川県珠洲市飯田町ヨ－１０" }, "geometry": { "type": "Point", "coordinates": [ 137.264246, 37.444225 ] } },
{ "type": "Feature", "properties": { "ID": 173430, "正式名称": "医療法人社団　翠琥　キビキノ歯科医院", "機関区分": 3, "都道府県コード": 17, "市区町村コード": 201, "所在地": "石川県金沢市寺中町ト４", "緯度": 36.599819, "経度": 136.602069, "url": "https://www.iryou.teikyouseido.mhlw.go.jp/znk-web/juminkanja/S2430/initialize?prefCd=17&kikanCd=430&kikanKbn=3", "url2": "https://kibikinoshika.com/", "内容": "医療法人社団　翠琥　キビキノ歯科医院【3:歯科】石川県金沢市寺中町ト４" }, "geometry": { "type": "Point", "coordinates": [ 136.602069, 36.599819 ] } },
{ "type": "Feature", "properties": { "ID": 173434, "正式名称": "金沢まごころ歯科", "機関区分": 3, "都道府県コード": 17, "市区町村コード": 201, "所在地": "石川県金沢市玉鉾４－２６－２", "緯度": 36.571643, "経度": 136.616591, "url": "https://www.iryou.teikyouseido.mhlw.go.jp/znk-web/juminkanja/S2430/initialize?prefCd=17&kikanCd=434&kikanKbn=3", "url2": "www.magokoro-dental.com", "内容": "金沢まごころ歯科【3:歯科】石川県金沢市玉鉾４－２６－２" }, "geometry": { "type": "Point", "coordinates": [ 136.616591, 36.571643 ] } },
{ "type": "Feature", "properties": { "ID": 173444, "正式名称": "とみやま歯科", "機関区分": 3, "都道府県コード": 17, "市区町村コード": 201, "所在地": "石川県金沢市窪５丁目５５０番地", "緯度": 36.529395, "経度": 136.637194, "url": "https://www.iryou.teikyouseido.mhlw.go.jp/znk-web/juminkanja/S2430/initialize?prefCd=17&kikanCd=444&kikanKbn=3", "url2": "https://kanazawa-tomiyama.dental-office.jp/", "内容": "とみやま歯科【3:歯科】石川県金沢市窪５丁目５５０番地" }, "geometry": { "type": "Point", "coordinates": [ 136.637194, 36.529395 ] } },
{ "type": "Feature", "properties": { "ID": 173455, "正式名称": "とよはら歯科医院", "機関区分": 3, "都道府県コード": 17, "市区町村コード": 202, "所在地": "石川県七尾市塗師町２番地", "緯度": 37.044512, "経度": 136.969986, "url": "https://www.iryou.teikyouseido.mhlw.go.jp/znk-web/juminkanja/S2430/initialize?prefCd=17&kikanCd=455&kikanKbn=3", "url2": null, "内容": "とよはら歯科医院【3:歯科】石川県七尾市塗師町２番地" }, "geometry": { "type": "Point", "coordinates": [ 136.969986, 37.044512 ] } },
{ "type": "Feature", "properties": { "ID": 173475, "正式名称": "小山田歯科医院", "機関区分": 3, "都道府県コード": 17, "市区町村コード": 201, "所在地": "石川県金沢市京町７番６号", "緯度": 36.581958, "経度": 136.654428, "url": "https://www.iryou.teikyouseido.mhlw.go.jp/znk-web/juminkanja/S2430/initialize?prefCd=17&kikanCd=475&kikanKbn=3", "url2": "oyamadadental.com", "内容": "小山田歯科医院【3:歯科】石川県金沢市京町７番６号" }, "geometry": { "type": "Point", "coordinates": [ 136.654428, 36.581958 ] } },
{ "type": "Feature", "properties": { "ID": 173476, "正式名称": "アルバ歯科クリニック", "機関区分": 3, "都道府県コード": 17, "市区町村コード": 201, "所在地": "石川県金沢市暁町", "緯度": 36.562631, "経度": 136.674123, "url": "https://www.iryou.teikyouseido.mhlw.go.jp/znk-web/juminkanja/S2430/initialize?prefCd=17&kikanCd=476&kikanKbn=3", "url2": "http://alba-sika-clinic.com/", "内容": "アルバ歯科クリニック【3:歯科】石川県金沢市暁町" }, "geometry": { "type": "Point", "coordinates": [ 136.674123, 36.562631 ] } },
{ "type": "Feature", "properties": { "ID": 173477, "正式名称": "匠歯科医院", "機関区分": 3, "都道府県コード": 17, "市区町村コード": 201, "所在地": "石川県金沢市保古１丁目８９番地", "緯度": 36.557332, "経度": 136.621497, "url": "https://www.iryou.teikyouseido.mhlw.go.jp/znk-web/juminkanja/S2430/initialize?prefCd=17&kikanCd=477&kikanKbn=3", "url2": "http://takumi-dental.ishikawa.jp", "内容": "匠歯科医院【3:歯科】石川県金沢市保古１丁目８９番地" }, "geometry": { "type": "Point", "coordinates": [ 136.621497, 36.557332 ] } },
{ "type": "Feature", "properties": { "ID": 173478, "正式名称": "医療法人社団えいあい歯科クリニック", "機関区分": 3, "都道府県コード": 17, "市区町村コード": 210, "所在地": "石川県白山市専福寺町１５６－１", "緯度": 36.522471, "経度": 136.586707, "url": "https://www.iryou.teikyouseido.mhlw.go.jp/znk-web/juminkanja/S2430/initialize?prefCd=17&kikanCd=478&kikanKbn=3", "url2": "http://www.eiai-shika.jp/", "内容": "医療法人社団えいあい歯科クリニック【3:歯科】石川県白山市専福寺町１５６－１" }, "geometry": { "type": "Point", "coordinates": [ 136.586707, 36.522471 ] } },
{ "type": "Feature", "properties": { "ID": 173479, "正式名称": "ケイ歯科", "機関区分": 3, "都道府県コード": 17, "市区町村コード": 206, "所在地": "石川県加賀市小菅波町２丁目８０－１　ヴィラ・プレステージ加賀", "緯度": 36.316508, "経度": 136.347875, "url": "https://www.iryou.teikyouseido.mhlw.go.jp/znk-web/juminkanja/S2430/initialize?prefCd=17&kikanCd=479&kikanKbn=3", "url2": "http://kei-shika.cihp.jp/", "内容": "ケイ歯科【3:歯科】石川県加賀市小菅波町２丁目８０－１　ヴィラ・プレステージ加賀" }, "geometry": { "type": "Point", "coordinates": [ 136.347875, 36.316508 ] } },
{ "type": "Feature", "properties": { "ID": 173480, "正式名称": "さわのデンタルクリニック", "機関区分": 3, "都道府県コード": 17, "市区町村コード": 209, "所在地": "石川県かほく市七窪ハ１－５", "緯度": 36.724163, "経度": 136.708108, "url": "https://www.iryou.teikyouseido.mhlw.go.jp/znk-web/juminkanja/S2430/initialize?prefCd=17&kikanCd=480&kikanKbn=3", "url2": null, "内容": "さわのデンタルクリニック【3:歯科】石川県かほく市七窪ハ１－５" }, "geometry": { "type": "Point", "coordinates": [ 136.708108, 36.724163 ] } },
{ "type": "Feature", "properties": { "ID": 1735130001, "正式名称": "つばさ歯科医院", "機関区分": 3, "都道府県コード": 17, "市区町村コード": 201, "所在地": "石川県金沢市新神田１－８－２２", "緯度": 36.564959, "経度": 136.631942, "url": "https://www.iryou.teikyouseido.mhlw.go.jp/znk-web/juminkanja/S2430/initialize?prefCd=17&kikanCd=5130001&kikanKbn=3", "url2": "http://www.tsubasa-dc.com/", "内容": "つばさ歯科医院【3:歯科】石川県金沢市新神田１－８－２２" }, "geometry": { "type": "Point", "coordinates": [ 136.631942, 36.564959 ] } },
{ "type": "Feature", "properties": { "ID": 1735130003, "正式名称": "わだ歯科クリニック", "機関区分": 3, "都道府県コード": 17, "市区町村コード": 201, "所在地": "石川県金沢市疋田１―９１", "緯度": 36.603884, "経度": 136.671971, "url": "https://www.iryou.teikyouseido.mhlw.go.jp/znk-web/juminkanja/S2430/initialize?prefCd=17&kikanCd=5130003&kikanKbn=3", "url2": null, "内容": "わだ歯科クリニック【3:歯科】石川県金沢市疋田１―９１" }, "geometry": { "type": "Point", "coordinates": [ 136.671971, 36.603884 ] } },
{ "type": "Feature", "properties": { "ID": 1735130004, "正式名称": "宮田歯科室", "機関区分": 3, "都道府県コード": 17, "市区町村コード": 201, "所在地": "石川県金沢市疋田１－２２５", "緯度": 36.601188, "経度": 136.674082, "url": "https://www.iryou.teikyouseido.mhlw.go.jp/znk-web/juminkanja/S2430/initialize?prefCd=17&kikanCd=5130004&kikanKbn=3", "url2": null, "内容": "宮田歯科室【3:歯科】石川県金沢市疋田１－２２５" }, "geometry": { "type": "Point", "coordinates": [ 136.674082, 36.601188 ] } },
{ "type": "Feature", "properties": { "ID": 1735130007, "正式名称": "野尻歯科医院", "機関区分": 3, "都道府県コード": 17, "市区町村コード": 201, "所在地": "石川県金沢市諸江町下丁２１１－３", "緯度": 36.604466, "経度": 136.645807, "url": "https://www.iryou.teikyouseido.mhlw.go.jp/znk-web/juminkanja/S2430/initialize?prefCd=17&kikanCd=5130007&kikanKbn=3", "url2": "https://nojirishika.sakura.ne.jp", "内容": "野尻歯科医院【3:歯科】石川県金沢市諸江町下丁２１１－３" }, "geometry": { "type": "Point", "coordinates": [ 136.645807, 36.604466 ] } },
{ "type": "Feature", "properties": { "ID": 1735130016, "正式名称": "医療法人社団匠香林歯科・矯正歯科", "機関区分": 3, "都道府県コード": 17, "市区町村コード": 201, "所在地": "石川県金沢市広岡３－１－１金沢パークビル２階", "緯度": 36.580026, "経度": 136.64518, "url": "https://www.iryou.teikyouseido.mhlw.go.jp/znk-web/juminkanja/S2430/initialize?prefCd=17&kikanCd=5130016&kikanKbn=3", "url2": "http://koubaort.web.fc2.com/", "内容": "医療法人社団匠香林歯科・矯正歯科【3:歯科】石川県金沢市広岡３－１－１金沢パークビル２階" }, "geometry": { "type": "Point", "coordinates": [ 136.64518, 36.580026 ] } },
{ "type": "Feature", "properties": { "ID": 1735130017, "正式名称": "医療法人社団なぎさ歯科クリニック", "機関区分": 3, "都道府県コード": 17, "市区町村コード": 201, "所在地": "石川県金沢市広岡２－１０－６", "緯度": 36.579292, "経度": 136.641673, "url": "https://www.iryou.teikyouseido.mhlw.go.jp/znk-web/juminkanja/S2430/initialize?prefCd=17&kikanCd=5130017&kikanKbn=3", "url2": "http://www.nagisadc.com/index.html", "内容": "医療法人社団なぎさ歯科クリニック【3:歯科】石川県金沢市広岡２－１０－６" }, "geometry": { "type": "Point", "coordinates": [ 136.641673, 36.579292 ] } },
{ "type": "Feature", "properties": { "ID": 1735130018, "正式名称": "ＣＬＡＩＲ　ＤＥＮＴＡＬ　ＯＦＦＩＣＥ", "機関区分": 3, "都道府県コード": 17, "市区町村コード": 201, "所在地": "石川県金沢市広岡１－７－１金沢駅西口ビル４階", "緯度": 36.577432, "経度": 136.647297, "url": "https://www.iryou.teikyouseido.mhlw.go.jp/znk-web/juminkanja/S2430/initialize?prefCd=17&kikanCd=5130018&kikanKbn=3", "url2": "https://www.clairdental.jp", "内容": "ＣＬＡＩＲ　ＤＥＮＴＡＬ　ＯＦＦＩＣＥ【3:歯科】石川県金沢市広岡１－７－１金沢駅西口ビル４階" }, "geometry": { "type": "Point", "coordinates": [ 136.647297, 36.577432 ] } },
{ "type": "Feature", "properties": { "ID": 1735130019, "正式名称": "野口歯科医院", "機関区分": 3, "都道府県コード": 17, "市区町村コード": 201, "所在地": "石川県金沢市長田本町チ１８番地", "緯度": 36.573014, "経度": 136.640072, "url": "https://www.iryou.teikyouseido.mhlw.go.jp/znk-web/juminkanja/S2430/initialize?prefCd=17&kikanCd=5130019&kikanKbn=3", "url2": null, "内容": "野口歯科医院【3:歯科】石川県金沢市長田本町チ１８番地" }, "geometry": { "type": "Point", "coordinates": [ 136.640072, 36.573014 ] } },
{ "type": "Feature", "properties": { "ID": 1735130022, "正式名称": "しもむら歯科", "機関区分": 3, "都道府県コード": 17, "市区町村コード": 201, "所在地": "石川県金沢市駅西本町５－２－９", "緯度": 36.582521, "経度": 136.629863, "url": "https://www.iryou.teikyouseido.mhlw.go.jp/znk-web/juminkanja/S2430/initialize?prefCd=17&kikanCd=5130022&kikanKbn=3", "url2": null, "内容": "しもむら歯科【3:歯科】石川県金沢市駅西本町５－２－９" }, "geometry": { "type": "Point", "coordinates": [ 136.629863, 36.582521 ] } },
{ "type": "Feature", "properties": { "ID": 1735130024, "正式名称": "ヒロデンタルクリニック", "機関区分": 3, "都道府県コード": 17, "市区町村コード": 201, "所在地": "石川県金沢市示野中町", "緯度": 36.576772, "経度": 136.618045, "url": "https://www.iryou.teikyouseido.mhlw.go.jp/znk-web/juminkanja/S2430/initialize?prefCd=17&kikanCd=5130024&kikanKbn=3", "url2": null, "内容": "ヒロデンタルクリニック【3:歯科】石川県金沢市示野中町" }, "geometry": { "type": "Point", "coordinates": [ 136.618045, 36.576772 ] } },
{ "type": "Feature", "properties": { "ID": 1735130025, "正式名称": "歯科前多", "機関区分": 3, "都道府県コード": 17, "市区町村コード": 201, "所在地": "石川県金沢市問屋町", "緯度": 36.606896, "経度": 136.639165, "url": "https://www.iryou.teikyouseido.mhlw.go.jp/znk-web/juminkanja/S2430/initialize?prefCd=17&kikanCd=5130025&kikanKbn=3", "url2": "http://www.shika-maeda.com", "内容": "歯科前多【3:歯科】石川県金沢市問屋町" }, "geometry": { "type": "Point", "coordinates": [ 136.639165, 36.606896 ] } },
{ "type": "Feature", "properties": { "ID": 1735130026, "正式名称": "ひだまり歯科クリニック", "機関区分": 3, "都道府県コード": 17, "市区町村コード": 201, "所在地": "石川県金沢市南新保町ㇼ７０－４", "緯度": 36.601489, "経度": 136.631813, "url": "https://www.iryou.teikyouseido.mhlw.go.jp/znk-web/juminkanja/S2430/initialize?prefCd=17&kikanCd=5130026&kikanKbn=3", "url2": "http://www.hidamari-sika.com", "内容": "ひだまり歯科クリニック【3:歯科】石川県金沢市南新保町ㇼ７０－４" }, "geometry": { "type": "Point", "coordinates": [ 136.631813, 36.601489 ] } },
{ "type": "Feature", "properties": { "ID": 1735130028, "正式名称": "かきはら歯科", "機関区分": 3, "都道府県コード": 17, "市区町村コード": 201, "所在地": "石川県金沢市三ツ屋町ロ２３－３", "緯度": 36.61086, "経度": 136.64373, "url": "https://www.iryou.teikyouseido.mhlw.go.jp/znk-web/juminkanja/S2430/initialize?prefCd=17&kikanCd=5130028&kikanKbn=3", "url2": null, "内容": "かきはら歯科【3:歯科】石川県金沢市三ツ屋町ロ２３－３" }, "geometry": { "type": "Point", "coordinates": [ 136.64373, 36.61086 ] } },
{ "type": "Feature", "properties": { "ID": 1735130029, "正式名称": "医療法人社団健巧会　江守歯科医院", "機関区分": 3, "都道府県コード": 17, "市区町村コード": 201, "所在地": "石川県金沢市直江町イ３０－３", "緯度": 36.602194, "経度": 136.635649, "url": "https://www.iryou.teikyouseido.mhlw.go.jp/znk-web/juminkanja/S2430/initialize?prefCd=17&kikanCd=5130029&kikanKbn=3", "url2": "http://www2.spacelan.ne.jp/~tmemori/", "内容": "医療法人社団健巧会　江守歯科医院【3:歯科】石川県金沢市直江町イ３０－３" }, "geometry": { "type": "Point", "coordinates": [ 136.635649, 36.602194 ] } },
{ "type": "Feature", "properties": { "ID": 1735130030, "正式名称": "すみやま歯科クリニック", "機関区分": 3, "都道府県コード": 17, "市区町村コード": 201, "所在地": "石川県金沢市近岡町４２０－１", "緯度": 36.611504, "経度": 136.631533, "url": "https://www.iryou.teikyouseido.mhlw.go.jp/znk-web/juminkanja/S2430/initialize?prefCd=17&kikanCd=5130030&kikanKbn=3", "url2": null, "内容": "すみやま歯科クリニック【3:歯科】石川県金沢市近岡町４２０－１" }, "geometry": { "type": "Point", "coordinates": [ 136.631533, 36.611504 ] } },
{ "type": "Feature", "properties": { "ID": 1735130033, "正式名称": "きのした歯科医院", "機関区分": 3, "都道府県コード": 17, "市区町村コード": 201, "所在地": "石川県金沢市桂町イ１７－１", "緯度": 36.604442, "経度": 136.607298, "url": "https://www.iryou.teikyouseido.mhlw.go.jp/znk-web/juminkanja/S2430/initialize?prefCd=17&kikanCd=5130033&kikanKbn=3", "url2": null, "内容": "きのした歯科医院【3:歯科】石川県金沢市桂町イ１７－１" }, "geometry": { "type": "Point", "coordinates": [ 136.607298, 36.604442 ] } },
{ "type": "Feature", "properties": { "ID": 1735130034, "正式名称": "西田歯科クリニック", "機関区分": 3, "都道府県コード": 17, "市区町村コード": 201, "所在地": "石川県金沢市金石東３－６－８", "緯度": 36.601677, "経度": 136.595028, "url": "https://www.iryou.teikyouseido.mhlw.go.jp/znk-web/juminkanja/S2430/initialize?prefCd=17&kikanCd=5130034&kikanKbn=3", "url2": null, "内容": "西田歯科クリニック【3:歯科】石川県金沢市金石東３－６－８" }, "geometry": { "type": "Point", "coordinates": [ 136.595028, 36.601677 ] } },
{ "type": "Feature", "properties": { "ID": 1735130037, "正式名称": "医療法人社団岡部歯科医院", "機関区分": 3, "都道府県コード": 17, "市区町村コード": 201, "所在地": "石川県金沢市寺中町ホ７４ー１８", "緯度": 36.595271, "経度": 136.605267, "url": "https://www.iryou.teikyouseido.mhlw.go.jp/znk-web/juminkanja/S2430/initialize?prefCd=17&kikanCd=5130037&kikanKbn=3", "url2": null, "内容": "医療法人社団岡部歯科医院【3:歯科】石川県金沢市寺中町ホ７４ー１８" }, "geometry": { "type": "Point", "coordinates": [ 136.605267, 36.595271 ] } },
{ "type": "Feature", "properties": { "ID": 1735130038, "正式名称": "医療法人社団和平歯科医院", "機関区分": 3, "都道府県コード": 17, "市区町村コード": 201, "所在地": "石川県金沢市木曳野１丁目１８７番地", "緯度": 36.600567, "経度": 136.604138, "url": "https://www.iryou.teikyouseido.mhlw.go.jp/znk-web/juminkanja/S2430/initialize?prefCd=17&kikanCd=5130038&kikanKbn=3", "url2": "http://wahei-dc.com", "内容": "医療法人社団和平歯科医院【3:歯科】石川県金沢市木曳野１丁目１８７番地" }, "geometry": { "type": "Point", "coordinates": [ 136.604138, 36.600567 ] } },
{ "type": "Feature", "properties": { "ID": 1735130039, "正式名称": "宮田歯科クリニック", "機関区分": 3, "都道府県コード": 17, "市区町村コード": 201, "所在地": "石川県金沢市畝田西３－２０４", "緯度": 36.598051, "経度": 136.608416, "url": "https://www.iryou.teikyouseido.mhlw.go.jp/znk-web/juminkanja/S2430/initialize?prefCd=17&kikanCd=5130039&kikanKbn=3", "url2": null, "内容": "宮田歯科クリニック【3:歯科】石川県金沢市畝田西３－２０４" }, "geometry": { "type": "Point", "coordinates": [ 136.608416, 36.598051 ] } },
{ "type": "Feature", "properties": { "ID": 1735130040, "正式名称": "たち歯科医院", "機関区分": 3, "都道府県コード": 17, "市区町村コード": 201, "所在地": "石川県金沢市畝田東", "緯度": 36.596223, "経度": 136.616365, "url": "https://www.iryou.teikyouseido.mhlw.go.jp/znk-web/juminkanja/S2430/initialize?prefCd=17&kikanCd=5130040&kikanKbn=3", "url2": "http://tachi-dc.com/", "内容": "たち歯科医院【3:歯科】石川県金沢市畝田東" }, "geometry": { "type": "Point", "coordinates": [ 136.616365, 36.596223 ] } },
{ "type": "Feature", "properties": { "ID": 1735130049, "正式名称": "石川県口腔保健医療センター", "機関区分": 3, "都道府県コード": 17, "市区町村コード": 201, "所在地": "石川県金沢市神宮寺３丁目２０番５号", "緯度": 36.584628, "経度": 136.66544, "url": "https://www.iryou.teikyouseido.mhlw.go.jp/znk-web/juminkanja/S2430/initialize?prefCd=17&kikanCd=5130049&kikanKbn=3", "url2": "http://www.ida1926.or.jp/koku/", "内容": "石川県口腔保健医療センター【3:歯科】石川県金沢市神宮寺３丁目２０番５号" }, "geometry": { "type": "Point", "coordinates": [ 136.66544, 36.584628 ] } },
{ "type": "Feature", "properties": { "ID": 1735130053, "正式名称": "示野歯科医院", "機関区分": 3, "都道府県コード": 17, "市区町村コード": 201, "所在地": "石川県金沢市小坂町中９９－７", "緯度": 36.591045, "経度": 136.676826, "url": "https://www.iryou.teikyouseido.mhlw.go.jp/znk-web/juminkanja/S2430/initialize?prefCd=17&kikanCd=5130053&kikanKbn=3", "url2": "http://shimenoshika.com/", "内容": "示野歯科医院【3:歯科】石川県金沢市小坂町中９９－７" }, "geometry": { "type": "Point", "coordinates": [ 136.676826, 36.591045 ] } },
{ "type": "Feature", "properties": { "ID": 1735130055, "正式名称": "伊藤歯科医院", "機関区分": 3, "都道府県コード": 17, "市区町村コード": 201, "所在地": "石川県金沢市大樋町", "緯度": 36.586744, "経度": 136.676, "url": "https://www.iryou.teikyouseido.mhlw.go.jp/znk-web/juminkanja/S2430/initialize?prefCd=17&kikanCd=5130055&kikanKbn=3", "url2": null, "内容": "伊藤歯科医院【3:歯科】石川県金沢市大樋町" }, "geometry": { "type": "Point", "coordinates": [ 136.676, 36.586744 ] } },
{ "type": "Feature", "properties": { "ID": 1735130056, "正式名称": "わたなべ歯科クリニック", "機関区分": 3, "都道府県コード": 17, "市区町村コード": 201, "所在地": "石川県金沢市東長江町い２７番地５", "緯度": 36.580265, "経度": 136.68848, "url": "https://www.iryou.teikyouseido.mhlw.go.jp/znk-web/juminkanja/S2430/initialize?prefCd=17&kikanCd=5130056&kikanKbn=3", "url2": null, "内容": "わたなべ歯科クリニック【3:歯科】石川県金沢市東長江町い２７番地５" }, "geometry": { "type": "Point", "coordinates": [ 136.68848, 36.580265 ] } },
{ "type": "Feature", "properties": { "ID": 1735130057, "正式名称": "医療法人スワン会中嶋歯科医院", "機関区分": 3, "都道府県コード": 17, "市区町村コード": 201, "所在地": "石川県金沢市東山３丁目５－１０", "緯度": 36.576201, "経度": 136.665176, "url": "https://www.iryou.teikyouseido.mhlw.go.jp/znk-web/juminkanja/S2430/initialize?prefCd=17&kikanCd=5130057&kikanKbn=3", "url2": "http://www.nakashima-dc.net", "内容": "医療法人スワン会中嶋歯科医院【3:歯科】石川県金沢市東山３丁目５－１０" }, "geometry": { "type": "Point", "coordinates": [ 136.665176, 36.576201 ] } },
{ "type": "Feature", "properties": { "ID": 1735130058, "正式名称": "西田歯科医院", "機関区分": 3, "都道府県コード": 17, "市区町村コード": 201, "所在地": "石川県金沢市東山３丁目２９番１２号", "緯度": 36.576665, "経度": 136.662892, "url": "https://www.iryou.teikyouseido.mhlw.go.jp/znk-web/juminkanja/S2430/initialize?prefCd=17&kikanCd=5130058&kikanKbn=3", "url2": null, "内容": "西田歯科医院【3:歯科】石川県金沢市東山３丁目２９番１２号" }, "geometry": { "type": "Point", "coordinates": [ 136.662892, 36.576665 ] } },
{ "type": "Feature", "properties": { "ID": 1735130064, "正式名称": "石川勤労者医療協会　城北歯科", "機関区分": 3, "都道府県コード": 17, "市区町村コード": 201, "所在地": "石川県金沢市京町２０－１５", "緯度": 36.582642, "経度": 136.655843, "url": "https://www.iryou.teikyouseido.mhlw.go.jp/znk-web/juminkanja/S2430/initialize?prefCd=17&kikanCd=5130064&kikanKbn=3", "url2": "http://www.ishikawa-kinikyo.jp/jsika/", "内容": "石川勤労者医療協会　城北歯科【3:歯科】石川県金沢市京町２０－１５" }, "geometry": { "type": "Point", "coordinates": [ 136.655843, 36.582642 ] } },
{ "type": "Feature", "properties": { "ID": 1735130066, "正式名称": "矯正歯科専門　まつき矯正歯科クリニック", "機関区分": 3, "都道府県コード": 17, "市区町村コード": 201, "所在地": "石川県金沢市本町　１－５－１　リファーレ１Ｆ", "緯度": 36.57537, "経度": 136.651431, "url": "https://www.iryou.teikyouseido.mhlw.go.jp/znk-web/juminkanja/S2430/initialize?prefCd=17&kikanCd=5130066&kikanKbn=3", "url2": "https://www.moc-rifare-kanazawa.com/", "内容": "矯正歯科専門　まつき矯正歯科クリニック【3:歯科】石川県金沢市本町　１－５－１　リファーレ１Ｆ" }, "geometry": { "type": "Point", "coordinates": [ 136.651431, 36.57537 ] } },
{ "type": "Feature", "properties": { "ID": 1735130067, "正式名称": "倉歯科医院", "機関区分": 3, "都道府県コード": 17, "市区町村コード": 201, "所在地": "石川県金沢市本町２丁目１７番２４号", "緯度": 36.576884, "経度": 136.650489, "url": "https://www.iryou.teikyouseido.mhlw.go.jp/znk-web/juminkanja/S2430/initialize?prefCd=17&kikanCd=5130067&kikanKbn=3", "url2": null, "内容": "倉歯科医院【3:歯科】石川県金沢市本町２丁目１７番２４号" }, "geometry": { "type": "Point", "coordinates": [ 136.650489, 36.576884 ] } },
{ "type": "Feature", "properties": { "ID": 1735130074, "正式名称": "竹下歯科医院", "機関区分": 3, "都道府県コード": 17, "市区町村コード": 201, "所在地": "石川県金沢市芳斉１丁目６番３５号", "緯度": 36.570355, "経度": 136.650041, "url": "https://www.iryou.teikyouseido.mhlw.go.jp/znk-web/juminkanja/S2430/initialize?prefCd=17&kikanCd=5130074&kikanKbn=3", "url2": null, "内容": "竹下歯科医院【3:歯科】石川県金沢市芳斉１丁目６番３５号" }, "geometry": { "type": "Point", "coordinates": [ 136.650041, 36.570355 ] } },
{ "type": "Feature", "properties": { "ID": 1735130076, "正式名称": "ふじむら歯科", "機関区分": 3, "都道府県コード": 17, "市区町村コード": 201, "所在地": "石川県金沢市玉川町１３－１４", "緯度": 36.572796, "経度": 136.650841, "url": "https://www.iryou.teikyouseido.mhlw.go.jp/znk-web/juminkanja/S2430/initialize?prefCd=17&kikanCd=5130076&kikanKbn=3", "url2": null, "内容": "ふじむら歯科【3:歯科】石川県金沢市玉川町１３－１４" }, "geometry": { "type": "Point", "coordinates": [ 136.650841, 36.572796 ] } },
{ "type": "Feature", "properties": { "ID": 1735130077, "正式名称": "ア歯科診療所", "機関区分": 3, "都道府県コード": 17, "市区町村コード": 201, "所在地": "石川県金沢市南町４－６０大同生命ビル４階", "緯度": 36.566878, "経度": 136.653756, "url": "https://www.iryou.teikyouseido.mhlw.go.jp/znk-web/juminkanja/S2430/initialize?prefCd=17&kikanCd=5130077&kikanKbn=3", "url2": "https://www.ashika.website/", "内容": "ア歯科診療所【3:歯科】石川県金沢市南町４－６０大同生命ビル４階" }, "geometry": { "type": "Point", "coordinates": [ 136.653756, 36.566878 ] } },
{ "type": "Feature", "properties": { "ID": 1735130080, "正式名称": "中川歯科医院", "機関区分": 3, "都道府県コード": 17, "市区町村コード": 201, "所在地": "石川県金沢市長土塀１－１２－１１", "緯度": 36.568964, "経度": 136.646954, "url": "https://www.iryou.teikyouseido.mhlw.go.jp/znk-web/juminkanja/S2430/initialize?prefCd=17&kikanCd=5130080&kikanKbn=3", "url2": null, "内容": "中川歯科医院【3:歯科】石川県金沢市長土塀１－１２－１１" }, "geometry": { "type": "Point", "coordinates": [ 136.646954, 36.568964 ] } },
{ "type": "Feature", "properties": { "ID": 1735130082, "正式名称": "谷歯科医院", "機関区分": 3, "都道府県コード": 17, "市区町村コード": 201, "所在地": "石川県金沢市彦三町２丁目７番２号", "緯度": 36.574638, "経度": 136.65646, "url": "https://www.iryou.teikyouseido.mhlw.go.jp/znk-web/juminkanja/S2430/initialize?prefCd=17&kikanCd=5130082&kikanKbn=3", "url2": null, "内容": "谷歯科医院【3:歯科】石川県金沢市彦三町２丁目７番２号" }, "geometry": { "type": "Point", "coordinates": [ 136.65646, 36.574638 ] } },
{ "type": "Feature", "properties": { "ID": 1735130083, "正式名称": "野村歯科医院", "機関区分": 3, "都道府県コード": 17, "市区町村コード": 201, "所在地": "石川県金沢市三池栄町３０１番地", "緯度": 36.597487, "経度": 136.671444, "url": "https://www.iryou.teikyouseido.mhlw.go.jp/znk-web/juminkanja/S2430/initialize?prefCd=17&kikanCd=5130083&kikanKbn=3", "url2": "http://www.nomura-dc.jp", "内容": "野村歯科医院【3:歯科】石川県金沢市三池栄町３０１番地" }, "geometry": { "type": "Point", "coordinates": [ 136.671444, 36.597487 ] } },
{ "type": "Feature", "properties": { "ID": 1735130085, "正式名称": "医療法人社団和田歯科医院", "機関区分": 3, "都道府県コード": 17, "市区町村コード": 201, "所在地": "石川県金沢市下新町６－１２", "緯度": 36.571591, "経度": 136.663629, "url": "https://www.iryou.teikyouseido.mhlw.go.jp/znk-web/juminkanja/S2430/initialize?prefCd=17&kikanCd=5130085&kikanKbn=3", "url2": "https://wada-dent.com", "内容": "医療法人社団和田歯科医院【3:歯科】石川県金沢市下新町６－１２" }, "geometry": { "type": "Point", "coordinates": [ 136.663629, 36.571591 ] } },
{ "type": "Feature", "properties": { "ID": 1735130088, "正式名称": "小林歯科医院", "機関区分": 3, "都道府県コード": 17, "市区町村コード": 201, "所在地": "石川県金沢市博労町７４", "緯度": 36.570032, "経度": 136.658565, "url": "https://www.iryou.teikyouseido.mhlw.go.jp/znk-web/juminkanja/S2430/initialize?prefCd=17&kikanCd=5130088&kikanKbn=3", "url2": "kobayashi-shika.dentalmall.jp", "内容": "小林歯科医院【3:歯科】石川県金沢市博労町７４" }, "geometry": { "type": "Point", "coordinates": [ 136.658565, 36.570032 ] } },
{ "type": "Feature", "properties": { "ID": 1735130091, "正式名称": "井東歯科医院", "機関区分": 3, "都道府県コード": 17, "市区町村コード": 201, "所在地": "石川県金沢市大手町１番１２号", "緯度": 36.569498, "経度": 136.659341, "url": "https://www.iryou.teikyouseido.mhlw.go.jp/znk-web/juminkanja/S2430/initialize?prefCd=17&kikanCd=5130091&kikanKbn=3", "url2": null, "内容": "井東歯科医院【3:歯科】石川県金沢市大手町１番１２号" }, "geometry": { "type": "Point", "coordinates": [ 136.659341, 36.569498 ] } },
{ "type": "Feature", "properties": { "ID": 1735130104, "正式名称": "竹中歯科医院", "機関区分": 3, "都道府県コード": 17, "市区町村コード": 201, "所在地": "石川県金沢市小立野１の６の１８", "緯度": 36.543124, "経度": 136.684017, "url": "https://www.iryou.teikyouseido.mhlw.go.jp/znk-web/juminkanja/S2430/initialize?prefCd=17&kikanCd=5130104&kikanKbn=3", "url2": "http://takenakashika.net/", "内容": "竹中歯科医院【3:歯科】石川県金沢市小立野１の６の１８" }, "geometry": { "type": "Point", "coordinates": [ 136.684017, 36.543124 ] } },
{ "type": "Feature", "properties": { "ID": 1735130107, "正式名称": "キタイチ歯科医院", "機関区分": 3, "都道府県コード": 17, "市区町村コード": 201, "所在地": "石川県金沢市涌波", "緯度": 36.535937, "経度": 136.685699, "url": "https://www.iryou.teikyouseido.mhlw.go.jp/znk-web/juminkanja/S2430/initialize?prefCd=17&kikanCd=5130107&kikanKbn=3", "url2": null, "内容": "キタイチ歯科医院【3:歯科】石川県金沢市涌波" }, "geometry": { "type": "Point", "coordinates": [ 136.685699, 36.535937 ] } },
{ "type": "Feature", "properties": { "ID": 1735130110, "正式名称": "かなざわ矯正歯科クリニック", "機関区分": 3, "都道府県コード": 17, "市区町村コード": 201, "所在地": "石川県金沢市香林坊１－２－３８", "緯度": 36.564041, "経度": 136.654357, "url": "https://www.iryou.teikyouseido.mhlw.go.jp/znk-web/juminkanja/S2430/initialize?prefCd=17&kikanCd=5130110&kikanKbn=3", "url2": "http://www.kanazawakyousei.jp/", "内容": "かなざわ矯正歯科クリニック【3:歯科】石川県金沢市香林坊１－２－３８" }, "geometry": { "type": "Point", "coordinates": [ 136.654357, 36.564041 ] } },
{ "type": "Feature", "properties": { "ID": 1735130114, "正式名称": "竹内歯科医院", "機関区分": 3, "都道府県コード": 17, "市区町村コード": 201, "所在地": "石川県金沢市本多町３丁目１１番２号", "緯度": 36.556287, "経度": 136.658431, "url": "https://www.iryou.teikyouseido.mhlw.go.jp/znk-web/juminkanja/S2430/initialize?prefCd=17&kikanCd=5130114&kikanKbn=3", "url2": null, "内容": "竹内歯科医院【3:歯科】石川県金沢市本多町３丁目１１番２号" }, "geometry": { "type": "Point", "coordinates": [ 136.658431, 36.556287 ] } },
{ "type": "Feature", "properties": { "ID": 1735130115, "正式名称": "高田歯科医院", "機関区分": 3, "都道府県コード": 17, "市区町村コード": 201, "所在地": "石川県金沢市笠舞２丁目２４番３号", "緯度": 36.550311, "経度": 136.669922, "url": "https://www.iryou.teikyouseido.mhlw.go.jp/znk-web/juminkanja/S2430/initialize?prefCd=17&kikanCd=5130115&kikanKbn=3", "url2": null, "内容": "高田歯科医院【3:歯科】石川県金沢市笠舞２丁目２４番３号" }, "geometry": { "type": "Point", "coordinates": [ 136.669922, 36.550311 ] } },
{ "type": "Feature", "properties": { "ID": 1735130121, "正式名称": "くぼた矯正歯科医院", "機関区分": 3, "都道府県コード": 17, "市区町村コード": 201, "所在地": "石川県金沢市窪７丁目３６６", "緯度": 36.531282, "経度": 136.638753, "url": "https://www.iryou.teikyouseido.mhlw.go.jp/znk-web/juminkanja/S2430/initialize?prefCd=17&kikanCd=5130121&kikanKbn=3", "url2": "http://www.kubota-orthod.com/", "内容": "くぼた矯正歯科医院【3:歯科】石川県金沢市窪７丁目３６６" }, "geometry": { "type": "Point", "coordinates": [ 136.638753, 36.531282 ] } },
{ "type": "Feature", "properties": { "ID": 1735130122, "正式名称": "医療法人社団　溝口デンタルオフィス", "機関区分": 3, "都道府県コード": 17, "市区町村コード": 201, "所在地": "石川県金沢市片町１－４－１８　トークタテマチビル２～５階", "緯度": 36.560754, "経度": 136.653405, "url": "https://www.iryou.teikyouseido.mhlw.go.jp/znk-web/juminkanja/S2430/initialize?prefCd=17&kikanCd=5130122&kikanKbn=3", "url2": "http://www.mizo-dental.com", "内容": "医療法人社団　溝口デンタルオフィス【3:歯科】石川県金沢市片町１－４－１８　トークタテマチビル２～５階" }, "geometry": { "type": "Point", "coordinates": [ 136.653405, 36.560754 ] } },
{ "type": "Feature", "properties": { "ID": 1735130123, "正式名称": "伊川歯科医院", "機関区分": 3, "都道府県コード": 17, "市区町村コード": 201, "所在地": "石川県金沢市木倉町１ー１エコービル３階", "緯度": 36.561344, "経度": 136.652777, "url": "https://www.iryou.teikyouseido.mhlw.go.jp/znk-web/juminkanja/S2430/initialize?prefCd=17&kikanCd=5130123&kikanKbn=3", "url2": null, "内容": "伊川歯科医院【3:歯科】石川県金沢市木倉町１ー１エコービル３階" }, "geometry": { "type": "Point", "coordinates": [ 136.652777, 36.561344 ] } },
{ "type": "Feature", "properties": { "ID": 1735130124, "正式名称": "杉村歯科医院", "機関区分": 3, "都道府県コード": 17, "市区町村コード": 201, "所在地": "石川県金沢市新竪町３丁目５６番地", "緯度": 36.556721, "経度": 136.655894, "url": "https://www.iryou.teikyouseido.mhlw.go.jp/znk-web/juminkanja/S2430/initialize?prefCd=17&kikanCd=5130124&kikanKbn=3", "url2": "https://www.dc-sugimura.com/", "内容": "杉村歯科医院【3:歯科】石川県金沢市新竪町３丁目５６番地" }, "geometry": { "type": "Point", "coordinates": [ 136.655894, 36.556721 ] } },
{ "type": "Feature", "properties": { "ID": 1735130125, "正式名称": "山川歯科クリニック", "機関区分": 3, "都道府県コード": 17, "市区町村コード": 201, "所在地": "石川県金沢市田上さくら３丁目７１番", "緯度": 36.545844, "経度": 136.688684, "url": "https://www.iryou.teikyouseido.mhlw.go.jp/znk-web/juminkanja/S2430/initialize?prefCd=17&kikanCd=5130125&kikanKbn=3", "url2": "http://www.yamakawa-dc.jp/", "内容": "山川歯科クリニック【3:歯科】石川県金沢市田上さくら３丁目７１番" }, "geometry": { "type": "Point", "coordinates": [ 136.688684, 36.545844 ] } },
{ "type": "Feature", "properties": { "ID": 1735130131, "正式名称": "ハビリ歯科診療所", "機関区分": 3, "都道府県コード": 17, "市区町村コード": 201, "所在地": "石川県金沢市別所町７１０番地ハビリポート若葉内", "緯度": 36.501536, "経度": 136.671177, "url": "https://www.iryou.teikyouseido.mhlw.go.jp/znk-web/juminkanja/S2430/initialize?prefCd=17&kikanCd=5130131&kikanKbn=3", "url2": null, "内容": "ハビリ歯科診療所【3:歯科】石川県金沢市別所町７１０番地ハビリポート若葉内" }, "geometry": { "type": "Point", "coordinates": [ 136.671177, 36.501536 ] } },
{ "type": "Feature", "properties": { "ID": 1735130133, "正式名称": "蓮池歯科医院", "機関区分": 3, "都道府県コード": 17, "市区町村コード": 201, "所在地": "石川県金沢市吉原町ハ４２", "緯度": 36.612957, "経度": 136.691524, "url": "https://www.iryou.teikyouseido.mhlw.go.jp/znk-web/juminkanja/S2430/initialize?prefCd=17&kikanCd=5130133&kikanKbn=3", "url2": "http://www.hasuike-dc.com/index.html", "内容": "蓮池歯科医院【3:歯科】石川県金沢市吉原町ハ４２" }, "geometry": { "type": "Point", "coordinates": [ 136.691524, 36.612957 ] } },
{ "type": "Feature", "properties": { "ID": 1735130135, "正式名称": "みのり歯科医院", "機関区分": 3, "都道府県コード": 17, "市区町村コード": 201, "所在地": "石川県金沢市福久１－８８", "緯度": 36.621048, "経度": 136.680587, "url": "https://www.iryou.teikyouseido.mhlw.go.jp/znk-web/juminkanja/S2430/initialize?prefCd=17&kikanCd=5130135&kikanKbn=3", "url2": null, "内容": "みのり歯科医院【3:歯科】石川県金沢市福久１－８８" }, "geometry": { "type": "Point", "coordinates": [ 136.680587, 36.621048 ] } },
{ "type": "Feature", "properties": { "ID": 1735130136, "正式名称": "医療法人社団金沢青葉会あおば歯科クリニック", "機関区分": 3, "都道府県コード": 17, "市区町村コード": 201, "所在地": "石川県金沢市荒屋１丁目８３－２", "緯度": 36.615493, "経度": 136.683971, "url": "https://www.iryou.teikyouseido.mhlw.go.jp/znk-web/juminkanja/S2430/initialize?prefCd=17&kikanCd=5130136&kikanKbn=3", "url2": "http://www.aobashika.jp/", "内容": "医療法人社団金沢青葉会あおば歯科クリニック【3:歯科】石川県金沢市荒屋１丁目８３－２" }, "geometry": { "type": "Point", "coordinates": [ 136.683971, 36.615493 ] } },
{ "type": "Feature", "properties": { "ID": 1735130137, "正式名称": "医療法人社団向日葵会　たんぼ歯科診療所", "機関区分": 3, "都道府県コード": 17, "市区町村コード": 201, "所在地": "石川県金沢市百坂町リ３１－５７", "緯度": 36.610555, "経度": 136.688651, "url": "https://www.iryou.teikyouseido.mhlw.go.jp/znk-web/juminkanja/S2430/initialize?prefCd=17&kikanCd=5130137&kikanKbn=3", "url2": "http://tambodc.jp/", "内容": "医療法人社団向日葵会　たんぼ歯科診療所【3:歯科】石川県金沢市百坂町リ３１－５７" }, "geometry": { "type": "Point", "coordinates": [ 136.688651, 36.610555 ] } },
{ "type": "Feature", "properties": { "ID": 1735130139, "正式名称": "デンタルオフィス大森", "機関区分": 3, "都道府県コード": 17, "市区町村コード": 201, "所在地": "石川県金沢市鞍月５丁目１８１番地", "緯度": 36.596909, "経度": 136.625869, "url": "https://www.iryou.teikyouseido.mhlw.go.jp/znk-web/juminkanja/S2430/initialize?prefCd=17&kikanCd=5130139&kikanKbn=3", "url2": "http://www.d-o-omori.com", "内容": "デンタルオフィス大森【3:歯科】石川県金沢市鞍月５丁目１８１番地" }, "geometry": { "type": "Point", "coordinates": [ 136.625869, 36.596909 ] } },
{ "type": "Feature", "properties": { "ID": 1735130141, "正式名称": "しま矯正歯科", "機関区分": 3, "都道府県コード": 17, "市区町村コード": 201, "所在地": "石川県金沢市鞍月", "緯度": 36.598768, "経度": 136.624875, "url": "https://www.iryou.teikyouseido.mhlw.go.jp/znk-web/juminkanja/S2430/initialize?prefCd=17&kikanCd=5130141&kikanKbn=3", "url2": "http://www.ha-ha-ha-ha.com/", "内容": "しま矯正歯科【3:歯科】石川県金沢市鞍月" }, "geometry": { "type": "Point", "coordinates": [ 136.624875, 36.598768 ] } },
{ "type": "Feature", "properties": { "ID": 1735130142, "正式名称": "ぬりや歯科医院", "機関区分": 3, "都道府県コード": 17, "市区町村コード": 201, "所在地": "石川県金沢市大友２丁目９０番地", "緯度": 36.60068, "経度": 136.625413, "url": "https://www.iryou.teikyouseido.mhlw.go.jp/znk-web/juminkanja/S2430/initialize?prefCd=17&kikanCd=5130142&kikanKbn=3", "url2": null, "内容": "ぬりや歯科医院【3:歯科】石川県金沢市大友２丁目９０番地" }, "geometry": { "type": "Point", "coordinates": [ 136.625413, 36.60068 ] } },
{ "type": "Feature", "properties": { "ID": 1735130143, "正式名称": "大桑歯科・矯正歯科", "機関区分": 3, "都道府県コード": 17, "市区町村コード": 201, "所在地": "石川県金沢市大桑３－１７６", "緯度": 36.533609, "経度": 136.677199, "url": "https://www.iryou.teikyouseido.mhlw.go.jp/znk-web/juminkanja/S2430/initialize?prefCd=17&kikanCd=5130143&kikanKbn=3", "url2": "http://www.ookuwasika.com/", "内容": "大桑歯科・矯正歯科【3:歯科】石川県金沢市大桑３－１７６" }, "geometry": { "type": "Point", "coordinates": [ 136.677199, 36.533609 ] } },
{ "type": "Feature", "properties": { "ID": 1735130149, "正式名称": "医療法人社団宮本歯科医院", "機関区分": 3, "都道府県コード": 17, "市区町村コード": 201, "所在地": "石川県金沢市東力町ニ２８６番地", "緯度": 36.565875, "経度": 136.621414, "url": "https://www.iryou.teikyouseido.mhlw.go.jp/znk-web/juminkanja/S2430/initialize?prefCd=17&kikanCd=5130149&kikanKbn=3", "url2": "http://www.dental-miyamoto.com", "内容": "医療法人社団宮本歯科医院【3:歯科】石川県金沢市東力町ニ２８６番地" }, "geometry": { "type": "Point", "coordinates": [ 136.621414, 36.565875 ] } },
{ "type": "Feature", "properties": { "ID": 1735130158, "正式名称": "白山歯科", "機関区分": 3, "都道府県コード": 17, "市区町村コード": 201, "所在地": "石川県金沢市泉野町６丁目１９番５０号", "緯度": 36.541292, "経度": 136.648692, "url": "https://www.iryou.teikyouseido.mhlw.go.jp/znk-web/juminkanja/S2430/initialize?prefCd=17&kikanCd=5130158&kikanKbn=3", "url2": null, "内容": "白山歯科【3:歯科】石川県金沢市泉野町６丁目１９番５０号" }, "geometry": { "type": "Point", "coordinates": [ 136.648692, 36.541292 ] } },
{ "type": "Feature", "properties": { "ID": 1735130159, "正式名称": "ツシマ歯科医院", "機関区分": 3, "都道府県コード": 17, "市区町村コード": 201, "所在地": "石川県金沢市泉野町", "緯度": 36.543538, "経度": 136.649148, "url": "https://www.iryou.teikyouseido.mhlw.go.jp/znk-web/juminkanja/S2430/initialize?prefCd=17&kikanCd=5130159&kikanKbn=3", "url2": null, "内容": "ツシマ歯科医院【3:歯科】石川県金沢市泉野町" }, "geometry": { "type": "Point", "coordinates": [ 136.649148, 36.543538 ] } },
{ "type": "Feature", "properties": { "ID": 1735130161, "正式名称": "あらき歯科", "機関区分": 3, "都道府県コード": 17, "市区町村コード": 201, "所在地": "石川県金沢市泉野町", "緯度": 36.545066, "経度": 136.653289, "url": "https://www.iryou.teikyouseido.mhlw.go.jp/znk-web/juminkanja/S2430/initialize?prefCd=17&kikanCd=5130161&kikanKbn=3", "url2": "http://www.araki-sika.com/", "内容": "あらき歯科【3:歯科】石川県金沢市泉野町" }, "geometry": { "type": "Point", "coordinates": [ 136.653289, 36.545066 ] } },
{ "type": "Feature", "properties": { "ID": 1735130162, "正式名称": "にいざわ歯科医院", "機関区分": 3, "都道府県コード": 17, "市区町村コード": 201, "所在地": "石川県金沢市泉が丘", "緯度": 36.543219, "経度": 136.646229, "url": "https://www.iryou.teikyouseido.mhlw.go.jp/znk-web/juminkanja/S2430/initialize?prefCd=17&kikanCd=5130162&kikanKbn=3", "url2": "http://www.niizawa.com", "内容": "にいざわ歯科医院【3:歯科】石川県金沢市泉が丘" }, "geometry": { "type": "Point", "coordinates": [ 136.646229, 36.543219 ] } },
{ "type": "Feature", "properties": { "ID": 1735130163, "正式名称": "ふくむら歯科医院", "機関区分": 3, "都道府県コード": 17, "市区町村コード": 201, "所在地": "石川県金沢市弥生", "緯度": 36.546833, "経度": 136.643132, "url": "https://www.iryou.teikyouseido.mhlw.go.jp/znk-web/juminkanja/S2430/initialize?prefCd=17&kikanCd=5130163&kikanKbn=3", "url2": "http://www.fukumura-dental.jp", "内容": "ふくむら歯科医院【3:歯科】石川県金沢市弥生" }, "geometry": { "type": "Point", "coordinates": [ 136.643132, 36.546833 ] } },
{ "type": "Feature", "properties": { "ID": 1735130164, "正式名称": "泉野歯科", "機関区分": 3, "都道府県コード": 17, "市区町村コード": 201, "所在地": "石川県金沢市弥生１丁目１９－１３", "緯度": 36.548401, "経度": 136.649025, "url": "https://www.iryou.teikyouseido.mhlw.go.jp/znk-web/juminkanja/S2430/initialize?prefCd=17&kikanCd=5130164&kikanKbn=3", "url2": null, "内容": "泉野歯科【3:歯科】石川県金沢市弥生１丁目１９－１３" }, "geometry": { "type": "Point", "coordinates": [ 136.649025, 36.548401 ] } },
{ "type": "Feature", "properties": { "ID": 1735130166, "正式名称": "はすいけ歯科", "機関区分": 3, "都道府県コード": 17, "市区町村コード": 201, "所在地": "石川県金沢市泉３丁目６番５２号", "緯度": 36.544562, "経度": 136.638063, "url": "https://www.iryou.teikyouseido.mhlw.go.jp/znk-web/juminkanja/S2430/initialize?prefCd=17&kikanCd=5130166&kikanKbn=3", "url2": "http://hasuike8020.juno.bindsite.jp/", "内容": "はすいけ歯科【3:歯科】石川県金沢市泉３丁目６番５２号" }, "geometry": { "type": "Point", "coordinates": [ 136.638063, 36.544562 ] } },
{ "type": "Feature", "properties": { "ID": 1735130168, "正式名称": "柳沢歯科医院", "機関区分": 3, "都道府県コード": 17, "市区町村コード": 201, "所在地": "石川県金沢市泉本町２－１６２", "緯度": 36.550374, "経度": 136.64022, "url": "https://www.iryou.teikyouseido.mhlw.go.jp/znk-web/juminkanja/S2430/initialize?prefCd=17&kikanCd=5130168&kikanKbn=3", "url2": null, "内容": "柳沢歯科医院【3:歯科】石川県金沢市泉本町２－１６２" }, "geometry": { "type": "Point", "coordinates": [ 136.64022, 36.550374 ] } },
{ "type": "Feature", "properties": { "ID": 1735130170, "正式名称": "医療法人社団源会ひがし歯科医院", "機関区分": 3, "都道府県コード": 17, "市区町村コード": 201, "所在地": "石川県金沢市西泉１丁目１４番地", "緯度": 36.544503, "経度": 136.632315, "url": "https://www.iryou.teikyouseido.mhlw.go.jp/znk-web/juminkanja/S2430/initialize?prefCd=17&kikanCd=5130170&kikanKbn=3", "url2": null, "内容": "医療法人社団源会ひがし歯科医院【3:歯科】石川県金沢市西泉１丁目１４番地" }, "geometry": { "type": "Point", "coordinates": [ 136.632315, 36.544503 ] } },
{ "type": "Feature", "properties": { "ID": 1735130174, "正式名称": "医療法人社団ハッピー歯科医院", "機関区分": 3, "都道府県コード": 17, "市区町村コード": 201, "所在地": "石川県金沢市八日市５丁目５５９", "緯度": 36.550186, "経度": 136.6113, "url": "https://www.iryou.teikyouseido.mhlw.go.jp/znk-web/juminkanja/S2430/initialize?prefCd=17&kikanCd=5130174&kikanKbn=3", "url2": "http://www.happy-dental.jp", "内容": "医療法人社団ハッピー歯科医院【3:歯科】石川県金沢市八日市５丁目５５９" }, "geometry": { "type": "Point", "coordinates": [ 136.6113, 36.550186 ] } },
{ "type": "Feature", "properties": { "ID": 1735130175, "正式名称": "医療法人社団まめだ会　まめだ歯科医院", "機関区分": 3, "都道府県コード": 17, "市区町村コード": 201, "所在地": "石川県金沢市大豆田本町ハ５０番地３", "緯度": 36.567615, "経度": 136.632462, "url": "https://www.iryou.teikyouseido.mhlw.go.jp/znk-web/juminkanja/S2430/initialize?prefCd=17&kikanCd=5130175&kikanKbn=3", "url2": "http://mameda-dc.com/", "内容": "医療法人社団まめだ会　まめだ歯科医院【3:歯科】石川県金沢市大豆田本町ハ５０番地３" }, "geometry": { "type": "Point", "coordinates": [ 136.632462, 36.567615 ] } },
{ "type": "Feature", "properties": { "ID": 1735130176, "正式名称": "庄田歯科", "機関区分": 3, "都道府県コード": 17, "市区町村コード": 201, "所在地": "石川県金沢市黒田", "緯度": 36.559511, "経度": 136.615036, "url": "https://www.iryou.teikyouseido.mhlw.go.jp/znk-web/juminkanja/S2430/initialize?prefCd=17&kikanCd=5130176&kikanKbn=3", "url2": null, "内容": "庄田歯科【3:歯科】石川県金沢市黒田" }, "geometry": { "type": "Point", "coordinates": [ 136.615036, 36.559511 ] } },
{ "type": "Feature", "properties": { "ID": 1735130178, "正式名称": "かしわい歯科", "機関区分": 3, "都道府県コード": 17, "市区町村コード": 201, "所在地": "石川県金沢市西金沢４丁目５４２番地", "緯度": 36.555195, "経度": 136.611117, "url": "https://www.iryou.teikyouseido.mhlw.go.jp/znk-web/juminkanja/S2430/initialize?prefCd=17&kikanCd=5130178&kikanKbn=3", "url2": null, "内容": "かしわい歯科【3:歯科】石川県金沢市西金沢４丁目５４２番地" }, "geometry": { "type": "Point", "coordinates": [ 136.611117, 36.555195 ] } },
{ "type": "Feature", "properties": { "ID": 1735130179, "正式名称": "医療法人社団よつば会　すこやか歯科クリニック", "機関区分": 3, "都道府県コード": 17, "市区町村コード": 201, "所在地": "石川県金沢市西金沢", "緯度": 36.553419, "経度": 136.615443, "url": "https://www.iryou.teikyouseido.mhlw.go.jp/znk-web/juminkanja/S2430/initialize?prefCd=17&kikanCd=5130179&kikanKbn=3", "url2": "http://sukoyaka.dental/", "内容": "医療法人社団よつば会　すこやか歯科クリニック【3:歯科】石川県金沢市西金沢" }, "geometry": { "type": "Point", "coordinates": [ 136.615443, 36.553419 ] } },
{ "type": "Feature", "properties": { "ID": 1735130180, "正式名称": "おかべ歯科医院", "機関区分": 3, "都道府県コード": 17, "市区町村コード": 201, "所在地": "石川県金沢市西金沢新町１８２番地", "緯度": 36.553814, "経度": 136.616798, "url": "https://www.iryou.teikyouseido.mhlw.go.jp/znk-web/juminkanja/S2430/initialize?prefCd=17&kikanCd=5130180&kikanKbn=3", "url2": "https://okabe-shika.jp", "内容": "おかべ歯科医院【3:歯科】石川県金沢市西金沢新町１８２番地" }, "geometry": { "type": "Point", "coordinates": [ 136.616798, 36.553814 ] } },
{ "type": "Feature", "properties": { "ID": 1735130182, "正式名称": "高野歯科医院", "機関区分": 3, "都道府県コード": 17, "市区町村コード": 201, "所在地": "石川県金沢市新保本３丁目１番地", "緯度": 36.555473, "経度": 136.604463, "url": "https://www.iryou.teikyouseido.mhlw.go.jp/znk-web/juminkanja/S2430/initialize?prefCd=17&kikanCd=5130182&kikanKbn=3", "url2": "http://takanosika.cihp.jp/", "内容": "高野歯科医院【3:歯科】石川県金沢市新保本３丁目１番地" }, "geometry": { "type": "Point", "coordinates": [ 136.604463, 36.555473 ] } },
{ "type": "Feature", "properties": { "ID": 1735130183, "正式名称": "ながと歯科・小児歯科医院", "機関区分": 3, "都道府県コード": 17, "市区町村コード": 201, "所在地": "石川県金沢市八日市", "緯度": 36.542105, "経度": 136.605366, "url": "https://www.iryou.teikyouseido.mhlw.go.jp/znk-web/juminkanja/S2430/initialize?prefCd=17&kikanCd=5130183&kikanKbn=3", "url2": null, "内容": "ながと歯科・小児歯科医院【3:歯科】石川県金沢市八日市" }, "geometry": { "type": "Point", "coordinates": [ 136.605366, 36.542105 ] } },
{ "type": "Feature", "properties": { "ID": 1735130185, "正式名称": "さとう歯科医院", "機関区分": 3, "都道府県コード": 17, "市区町村コード": 201, "所在地": "石川県金沢市上荒屋６－５２２", "緯度": 36.553719, "経度": 136.587667, "url": "https://www.iryou.teikyouseido.mhlw.go.jp/znk-web/juminkanja/S2430/initialize?prefCd=17&kikanCd=5130185&kikanKbn=3", "url2": "https://satodc-kanazawa.com/", "内容": "さとう歯科医院【3:歯科】石川県金沢市上荒屋６－５２２" }, "geometry": { "type": "Point", "coordinates": [ 136.587667, 36.553719 ] } },
{ "type": "Feature", "properties": { "ID": 1735130186, "正式名称": "西南部歯科医院", "機関区分": 3, "都道府県コード": 17, "市区町村コード": 201, "所在地": "石川県金沢市矢木１丁目１４０番地", "緯度": 36.554221, "経度": 136.598342, "url": "https://www.iryou.teikyouseido.mhlw.go.jp/znk-web/juminkanja/S2430/initialize?prefCd=17&kikanCd=5130186&kikanKbn=3", "url2": null, "内容": "西南部歯科医院【3:歯科】石川県金沢市矢木１丁目１４０番地" }, "geometry": { "type": "Point", "coordinates": [ 136.598342, 36.554221 ] } },
{ "type": "Feature", "properties": { "ID": 1735130188, "正式名称": "丘村歯科医院", "機関区分": 3, "都道府県コード": 17, "市区町村コード": 201, "所在地": "石川県金沢市平和町２丁目２１番２２号", "緯度": 36.540252, "経度": 136.665083, "url": "https://www.iryou.teikyouseido.mhlw.go.jp/znk-web/juminkanja/S2430/initialize?prefCd=17&kikanCd=5130188&kikanKbn=3", "url2": null, "内容": "丘村歯科医院【3:歯科】石川県金沢市平和町２丁目２１番２２号" }, "geometry": { "type": "Point", "coordinates": [ 136.665083, 36.540252 ] } },
{ "type": "Feature", "properties": { "ID": 1735130189, "正式名称": "木村歯科医院", "機関区分": 3, "都道府県コード": 17, "市区町村コード": 201, "所在地": "石川県金沢市平和町２－１１－１７", "緯度": 36.541506, "経度": 136.664322, "url": "https://www.iryou.teikyouseido.mhlw.go.jp/znk-web/juminkanja/S2430/initialize?prefCd=17&kikanCd=5130189&kikanKbn=3", "url2": "http://kimura-sika.com", "内容": "木村歯科医院【3:歯科】石川県金沢市平和町２－１１－１７" }, "geometry": { "type": "Point", "coordinates": [ 136.664322, 36.541506 ] } },
{ "type": "Feature", "properties": { "ID": 1735130191, "正式名称": "福田歯科医院", "機関区分": 3, "都道府県コード": 17, "市区町村コード": 201, "所在地": "石川県金沢市泉野出町４丁目２番９号", "緯度": 36.535399, "経度": 136.647906, "url": "https://www.iryou.teikyouseido.mhlw.go.jp/znk-web/juminkanja/S2430/initialize?prefCd=17&kikanCd=5130191&kikanKbn=3", "url2": null, "内容": "福田歯科医院【3:歯科】石川県金沢市泉野出町４丁目２番９号" }, "geometry": { "type": "Point", "coordinates": [ 136.647906, 36.535399 ] } },
{ "type": "Feature", "properties": { "ID": 1735130192, "正式名称": "ひまわり歯科医院", "機関区分": 3, "都道府県コード": 17, "市区町村コード": 201, "所在地": "石川県金沢市泉野出町２－６－６", "緯度": 36.538674, "経度": 136.654961, "url": "https://www.iryou.teikyouseido.mhlw.go.jp/znk-web/juminkanja/S2430/initialize?prefCd=17&kikanCd=5130192&kikanKbn=3", "url2": null, "内容": "ひまわり歯科医院【3:歯科】石川県金沢市泉野出町２－６－６" }, "geometry": { "type": "Point", "coordinates": [ 136.654961, 36.538674 ] } },
{ "type": "Feature", "properties": { "ID": 1735130196, "正式名称": "高木歯科医院", "機関区分": 3, "都道府県コード": 17, "市区町村コード": 201, "所在地": "石川県金沢市額谷", "緯度": 36.507812, "経度": 136.62294, "url": "https://www.iryou.teikyouseido.mhlw.go.jp/znk-web/juminkanja/S2430/initialize?prefCd=17&kikanCd=5130196&kikanKbn=3", "url2": "http://park5.wakwak.com/~takagishika/", "内容": "高木歯科医院【3:歯科】石川県金沢市額谷" }, "geometry": { "type": "Point", "coordinates": [ 136.62294, 36.507812 ] } },
{ "type": "Feature", "properties": { "ID": 1735130199, "正式名称": "浦崎歯科医院", "機関区分": 3, "都道府県コード": 17, "市区町村コード": 201, "所在地": "石川県金沢市額新保１－３６６", "緯度": 36.521638, "経度": 136.615715, "url": "https://www.iryou.teikyouseido.mhlw.go.jp/znk-web/juminkanja/S2430/initialize?prefCd=17&kikanCd=5130199&kikanKbn=3", "url2": null, "内容": "浦崎歯科医院【3:歯科】石川県金沢市額新保１－３６６" }, "geometry": { "type": "Point", "coordinates": [ 136.615715, 36.521638 ] } },
{ "type": "Feature", "properties": { "ID": 1735130200, "正式名称": "おおさか歯科医院", "機関区分": 3, "都道府県コード": 17, "市区町村コード": 201, "所在地": "石川県金沢市額新保２丁目２３１", "緯度": 36.519479, "経度": 136.616111, "url": "https://www.iryou.teikyouseido.mhlw.go.jp/znk-web/juminkanja/S2430/initialize?prefCd=17&kikanCd=5130200&kikanKbn=3", "url2": null, "内容": "おおさか歯科医院【3:歯科】石川県金沢市額新保２丁目２３１" }, "geometry": { "type": "Point", "coordinates": [ 136.616111, 36.519479 ] } },
{ "type": "Feature", "properties": { "ID": 1735130206, "正式名称": "高尾佐々木歯科医院", "機関区分": 3, "都道府県コード": 17, "市区町村コード": 201, "所在地": "石川県金沢市高尾台１－５５", "緯度": 36.524139, "経度": 136.637907, "url": "https://www.iryou.teikyouseido.mhlw.go.jp/znk-web/juminkanja/S2430/initialize?prefCd=17&kikanCd=5130206&kikanKbn=3", "url2": null, "内容": "高尾佐々木歯科医院【3:歯科】石川県金沢市高尾台１－５５" }, "geometry": { "type": "Point", "coordinates": [ 136.637907, 36.524139 ] } },
{ "type": "Feature", "properties": { "ID": 1735130207, "正式名称": "マサミ歯科医院", "機関区分": 3, "都道府県コード": 17, "市区町村コード": 201, "所在地": "石川県金沢市高尾台２丁目３４番地", "緯度": 36.524213, "経度": 136.630209, "url": "https://www.iryou.teikyouseido.mhlw.go.jp/znk-web/juminkanja/S2430/initialize?prefCd=17&kikanCd=5130207&kikanKbn=3", "url2": null, "内容": "マサミ歯科医院【3:歯科】石川県金沢市高尾台２丁目３４番地" }, "geometry": { "type": "Point", "coordinates": [ 136.630209, 36.524213 ] } },
{ "type": "Feature", "properties": { "ID": 1735130209, "正式名称": "スター矯正歯科・歯科", "機関区分": 3, "都道府県コード": 17, "市区町村コード": 201, "所在地": "石川県金沢市有松２－１６－１", "緯度": 36.544146, "経度": 136.634879, "url": "https://www.iryou.teikyouseido.mhlw.go.jp/znk-web/juminkanja/S2430/initialize?prefCd=17&kikanCd=5130209&kikanKbn=3", "url2": "http://www.star-dc.jp/", "内容": "スター矯正歯科・歯科【3:歯科】石川県金沢市有松２－１６－１" }, "geometry": { "type": "Point", "coordinates": [ 136.634879, 36.544146 ] } },
{ "type": "Feature", "properties": { "ID": 1735130210, "正式名称": "北野歯科医院", "機関区分": 3, "都道府県コード": 17, "市区町村コード": 201, "所在地": "石川県金沢市久安１丁目４６８番地", "緯度": 36.532792, "経度": 136.63143, "url": "https://www.iryou.teikyouseido.mhlw.go.jp/znk-web/juminkanja/S2430/initialize?prefCd=17&kikanCd=5130210&kikanKbn=3", "url2": null, "内容": "北野歯科医院【3:歯科】石川県金沢市久安１丁目４６８番地" }, "geometry": { "type": "Point", "coordinates": [ 136.63143, 36.532792 ] } },
{ "type": "Feature", "properties": { "ID": 1735130212, "正式名称": "よしお歯科クリニック", "機関区分": 3, "都道府県コード": 17, "市区町村コード": 201, "所在地": "石川県金沢市富樫１－８－２", "緯度": 36.539544, "経度": 136.646007, "url": "https://www.iryou.teikyouseido.mhlw.go.jp/znk-web/juminkanja/S2430/initialize?prefCd=17&kikanCd=5130212&kikanKbn=3", "url2": "https://www.yoshio-shika.com/", "内容": "よしお歯科クリニック【3:歯科】石川県金沢市富樫１－８－２" }, "geometry": { "type": "Point", "coordinates": [ 136.646007, 36.539544 ] } },
{ "type": "Feature", "properties": { "ID": 1735130213, "正式名称": "医療法人社団豊歯会香林坊歯科クリニック", "機関区分": 3, "都道府県コード": 17, "市区町村コード": 201, "所在地": "石川県金沢市富樫", "緯度": 36.537049, "経度": 136.647643, "url": "https://www.iryou.teikyouseido.mhlw.go.jp/znk-web/juminkanja/S2430/initialize?prefCd=17&kikanCd=5130213&kikanKbn=3", "url2": "http://www.243-4618.com", "内容": "医療法人社団豊歯会香林坊歯科クリニック【3:歯科】石川県金沢市富樫" }, "geometry": { "type": "Point", "coordinates": [ 136.647643, 36.537049 ] } },
{ "type": "Feature", "properties": { "ID": 1735130216, "正式名称": "なかはま歯科医院", "機関区分": 3, "都道府県コード": 17, "市区町村コード": 201, "所在地": "石川県金沢市山科１丁目１番１１号", "緯度": 36.529887, "経度": 136.646946, "url": "https://www.iryou.teikyouseido.mhlw.go.jp/znk-web/juminkanja/S2430/initialize?prefCd=17&kikanCd=5130216&kikanKbn=3", "url2": null, "内容": "なかはま歯科医院【3:歯科】石川県金沢市山科１丁目１番１１号" }, "geometry": { "type": "Point", "coordinates": [ 136.646946, 36.529887 ] } },
{ "type": "Feature", "properties": { "ID": 1735130219, "正式名称": "ませ歯科医院", "機関区分": 3, "都道府県コード": 17, "市区町村コード": 201, "所在地": "石川県金沢市上安原２ー１６７", "緯度": 36.566086, "経度": 136.588334, "url": "https://www.iryou.teikyouseido.mhlw.go.jp/znk-web/juminkanja/S2430/initialize?prefCd=17&kikanCd=5130219&kikanKbn=3", "url2": null, "内容": "ませ歯科医院【3:歯科】石川県金沢市上安原２ー１６７" }, "geometry": { "type": "Point", "coordinates": [ 136.588334, 36.566086 ] } },
{ "type": "Feature", "properties": { "ID": 1735130220, "正式名称": "高忠デンタルクリニック", "機関区分": 3, "都道府県コード": 17, "市区町村コード": 201, "所在地": "石川県金沢市入江１丁目１５５番地", "緯度": 36.564039, "経度": 136.628648, "url": "https://www.iryou.teikyouseido.mhlw.go.jp/znk-web/juminkanja/S2430/initialize?prefCd=17&kikanCd=5130220&kikanKbn=3", "url2": "http://www.takachu-d.net", "内容": "高忠デンタルクリニック【3:歯科】石川県金沢市入江１丁目１５５番地" }, "geometry": { "type": "Point", "coordinates": [ 136.628648, 36.564039 ] } },
{ "type": "Feature", "properties": { "ID": 1735130222, "正式名称": "ファミリー歯科", "機関区分": 3, "都道府県コード": 17, "市区町村コード": 201, "所在地": "石川県金沢市大桑２丁目２６１番", "緯度": 36.53564, "経度": 136.674724, "url": "https://www.iryou.teikyouseido.mhlw.go.jp/znk-web/juminkanja/S2430/initialize?prefCd=17&kikanCd=5130222&kikanKbn=3", "url2": null, "内容": "ファミリー歯科【3:歯科】石川県金沢市大桑２丁目２６１番" }, "geometry": { "type": "Point", "coordinates": [ 136.674724, 36.53564 ] } },
{ "type": "Feature", "properties": { "ID": 1735130224, "正式名称": "垣内歯科クリニック", "機関区分": 3, "都道府県コード": 17, "市区町村コード": 201, "所在地": "石川県金沢市福増町北１３８４番地", "緯度": 36.564667, "経度": 136.581837, "url": "https://www.iryou.teikyouseido.mhlw.go.jp/znk-web/juminkanja/S2430/initialize?prefCd=17&kikanCd=5130224&kikanKbn=3", "url2": "http://www.kakiuchi-dc.com", "内容": "垣内歯科クリニック【3:歯科】石川県金沢市福増町北１３８４番地" }, "geometry": { "type": "Point", "coordinates": [ 136.581837, 36.564667 ] } },
{ "type": "Feature", "properties": { "ID": 1735130226, "正式名称": "くに歯科クリニック", "機関区分": 3, "都道府県コード": 17, "市区町村コード": 201, "所在地": "石川県金沢市田上の里２－１４９", "緯度": 36.547733, "経度": 136.691862, "url": "https://www.iryou.teikyouseido.mhlw.go.jp/znk-web/juminkanja/S2430/initialize?prefCd=17&kikanCd=5130226&kikanKbn=3", "url2": "http://kuni-sika.com", "内容": "くに歯科クリニック【3:歯科】石川県金沢市田上の里２－１４９" }, "geometry": { "type": "Point", "coordinates": [ 136.691862, 36.547733 ] } },
{ "type": "Feature", "properties": { "ID": 173525, "正式名称": "みやうちこどもデンタルクリニック", "機関区分": 3, "都道府県コード": 17, "市区町村コード": 201, "所在地": "石川県金沢市鞍月３丁目ー１０１", "緯度": 36.597765, "経度": 136.620127, "url": "https://www.iryou.teikyouseido.mhlw.go.jp/znk-web/juminkanja/S2430/initialize?prefCd=17&kikanCd=525&kikanKbn=3", "url2": "https://www.m-k-d-c.jp/", "内容": "みやうちこどもデンタルクリニック【3:歯科】石川県金沢市鞍月３丁目ー１０１" }, "geometry": { "type": "Point", "coordinates": [ 136.620127, 36.597765 ] } },
{ "type": "Feature", "properties": { "ID": 173529, "正式名称": "伊藤歯科医院", "機関区分": 3, "都道府県コード": 17, "市区町村コード": 203, "所在地": "石川県小松市日の出町３丁目１８１", "緯度": 36.396019, "経度": 136.453244, "url": "https://www.iryou.teikyouseido.mhlw.go.jp/znk-web/juminkanja/S2430/initialize?prefCd=17&kikanCd=529&kikanKbn=3", "url2": "http://ito-dc-komatsu.jp", "内容": "伊藤歯科医院【3:歯科】石川県小松市日の出町３丁目１８１" }, "geometry": { "type": "Point", "coordinates": [ 136.453244, 36.396019 ] } },
{ "type": "Feature", "properties": { "ID": 173534, "正式名称": "まこと歯科クリニック", "機関区分": 3, "都道府県コード": 17, "市区町村コード": 207, "所在地": "石川県羽咋市石野町ト２１番地４", "緯度": 36.895365, "経度": 136.79485, "url": "https://www.iryou.teikyouseido.mhlw.go.jp/znk-web/juminkanja/S2430/initialize?prefCd=17&kikanCd=534&kikanKbn=3", "url2": "http://www.makotodentalclinic.jp/", "内容": "まこと歯科クリニック【3:歯科】石川県羽咋市石野町ト２１番地４" }, "geometry": { "type": "Point", "coordinates": [ 136.79485, 36.895365 ] } },
{ "type": "Feature", "properties": { "ID": 173542, "正式名称": "歯科並木町斎藤クリニック", "機関区分": 3, "都道府県コード": 17, "市区町村コード": 201, "所在地": "石川県金沢市並木町２－１０　浅野川ハイム１Ｆ", "緯度": 36.5705, "経度": 136.6659, "url": "https://www.iryou.teikyouseido.mhlw.go.jp/znk-web/juminkanja/S2430/initialize?prefCd=17&kikanCd=542&kikanKbn=3", "url2": "https://www.namikimachi-saitoclinic.jp/", "内容": "歯科並木町斎藤クリニック【3:歯科】石川県金沢市並木町２－１０　浅野川ハイム１Ｆ" }, "geometry": { "type": "Point", "coordinates": [ 136.6659, 36.5705 ] } },
{ "type": "Feature", "properties": { "ID": 173545, "正式名称": "どんぐり歯科クリニック", "機関区分": 3, "都道府県コード": 17, "市区町村コード": 201, "所在地": "石川県金沢市末町１３－３－６", "緯度": 36.5217, "経度": 136.6868, "url": "https://www.iryou.teikyouseido.mhlw.go.jp/znk-web/juminkanja/S2430/initialize?prefCd=17&kikanCd=545&kikanKbn=3", "url2": "https://donguri-dental.com/", "内容": "どんぐり歯科クリニック【3:歯科】石川県金沢市末町１３－３－６" }, "geometry": { "type": "Point", "coordinates": [ 136.6868, 36.5217 ] } },
{ "type": "Feature", "properties": { "ID": 173547, "正式名称": "金沢けんろく矯正歯科", "機関区分": 3, "都道府県コード": 17, "市区町村コード": 201, "所在地": "石川県金沢市田上の里１丁目１０６番地１", "緯度": 36.5447, "経度": 136.69166, "url": "https://www.iryou.teikyouseido.mhlw.go.jp/znk-web/juminkanja/S2430/initialize?prefCd=17&kikanCd=547&kikanKbn=3", "url2": "https://kenroku-kyosei.jp", "内容": "金沢けんろく矯正歯科【3:歯科】石川県金沢市田上の里１丁目１０６番地１" }, "geometry": { "type": "Point", "coordinates": [ 136.69166, 36.5447 ] } },
{ "type": "Feature", "properties": { "ID": 173559, "正式名称": "ＰｉＥＡＣＥ　ＤＥＮＴＡＬ　ＣＬＩＮＩＣ", "機関区分": 3, "都道府県コード": 17, "市区町村コード": 201, "所在地": "石川県金沢市大友３丁目２番地", "緯度": 36.60429, "経度": 136.62819, "url": "https://www.iryou.teikyouseido.mhlw.go.jp/znk-web/juminkanja/S2430/initialize?prefCd=17&kikanCd=559&kikanKbn=3", "url2": "https://pieace.jp/", "内容": "ＰｉＥＡＣＥ　ＤＥＮＴＡＬ　ＣＬＩＮＩＣ【3:歯科】石川県金沢市大友３丁目２番地" }, "geometry": { "type": "Point", "coordinates": [ 136.62819, 36.60429 ] } },
{ "type": "Feature", "properties": { "ID": 173777, "正式名称": "本庄歯科医院", "機関区分": 3, "都道府県コード": 17, "市区町村コード": 386, "所在地": "石川県羽咋郡宝達志水町今浜へ２７７ー１", "緯度": 36.827994, "経度": 136.752078, "url": "https://www.iryou.teikyouseido.mhlw.go.jp/znk-web/juminkanja/S2430/initialize?prefCd=17&kikanCd=777&kikanKbn=3", "url2": null, "内容": "本庄歯科医院【3:歯科】石川県羽咋郡宝達志水町今浜へ２７７ー１" }, "geometry": { "type": "Point", "coordinates": [ 136.752078, 36.827994 ] } },
{ "type": "Feature", "properties": { "ID": 173778, "正式名称": "くすのき歯科医院", "機関区分": 3, "都道府県コード": 17, "市区町村コード": 203, "所在地": "石川県小松市吉竹町４丁目２１２番地", "緯度": 36.395534, "経度": 136.472201, "url": "https://www.iryou.teikyouseido.mhlw.go.jp/znk-web/juminkanja/S2430/initialize?prefCd=17&kikanCd=778&kikanKbn=3", "url2": null, "内容": "くすのき歯科医院【3:歯科】石川県小松市吉竹町４丁目２１２番地" }, "geometry": { "type": "Point", "coordinates": [ 136.472201, 36.395534 ] } },
{ "type": "Feature", "properties": { "ID": 173779, "正式名称": "なかむら歯科クリニック", "機関区分": 3, "都道府県コード": 17, "市区町村コード": 206, "所在地": "石川県加賀市湖城町２丁目３３７番", "緯度": 36.338858, "経度": 136.358842, "url": "https://www.iryou.teikyouseido.mhlw.go.jp/znk-web/juminkanja/S2430/initialize?prefCd=17&kikanCd=779&kikanKbn=3", "url2": null, "内容": "なかむら歯科クリニック【3:歯科】石川県加賀市湖城町２丁目３３７番" }, "geometry": { "type": "Point", "coordinates": [ 136.358842, 36.338858 ] } },
{ "type": "Feature", "properties": { "ID": 173783, "正式名称": "医療法人社団中井歯科医院", "機関区分": 3, "都道府県コード": 17, "市区町村コード": 361, "所在地": "石川県河北郡津幡町太田は１１３番地１", "緯度": 36.655463, "経度": 136.721615, "url": "https://www.iryou.teikyouseido.mhlw.go.jp/znk-web/juminkanja/S2430/initialize?prefCd=17&kikanCd=783&kikanKbn=3", "url2": null, "内容": "医療法人社団中井歯科医院【3:歯科】石川県河北郡津幡町太田は１１３番地１" }, "geometry": { "type": "Point", "coordinates": [ 136.721615, 36.655463 ] } },
{ "type": "Feature", "properties": { "ID": 173786, "正式名称": "せせらぎ歯科クリニック", "機関区分": 3, "都道府県コード": 17, "市区町村コード": 201, "所在地": "石川県金沢市大額３－２３３", "緯度": 36.511738, "経度": 136.624467, "url": "https://www.iryou.teikyouseido.mhlw.go.jp/znk-web/juminkanja/S2430/initialize?prefCd=17&kikanCd=786&kikanKbn=3", "url2": null, "内容": "せせらぎ歯科クリニック【3:歯科】石川県金沢市大額３－２３３" }, "geometry": { "type": "Point", "coordinates": [ 136.624467, 36.511738 ] } },
{ "type": "Feature", "properties": { "ID": 173787, "正式名称": "伏見台歯科クリニック", "機関区分": 3, "都道府県コード": 17, "市区町村コード": 201, "所在地": "石川県金沢市窪６－２４５トレンディ伏見台ビル１０１号", "緯度": 36.53325, "経度": 136.63887, "url": "https://www.iryou.teikyouseido.mhlw.go.jp/znk-web/juminkanja/S2430/initialize?prefCd=17&kikanCd=787&kikanKbn=3", "url2": null, "内容": "伏見台歯科クリニック【3:歯科】石川県金沢市窪６－２４５トレンディ伏見台ビル１０１号" }, "geometry": { "type": "Point", "coordinates": [ 136.63887, 36.53325 ] } },
{ "type": "Feature", "properties": { "ID": 173793, "正式名称": "医療法人社団　グリーン歯科クリニック", "機関区分": 3, "都道府県コード": 17, "市区町村コード": 201, "所在地": "石川県金沢市直江東２－５９", "緯度": 36.613961, "経度": 136.635039, "url": "https://www.iryou.teikyouseido.mhlw.go.jp/znk-web/juminkanja/S2430/initialize?prefCd=17&kikanCd=793&kikanKbn=3", "url2": "https://green-dentistry.jp/", "内容": "医療法人社団　グリーン歯科クリニック【3:歯科】石川県金沢市直江東２－５９" }, "geometry": { "type": "Point", "coordinates": [ 136.635039, 36.613961 ] } },
{ "type": "Feature", "properties": { "ID": 173794, "正式名称": "ミースデンタルクリニック", "機関区分": 3, "都道府県コード": 17, "市区町村コード": 212, "所在地": "石川県野々市市御経塚１丁目４４６", "緯度": 36.544647, "経度": 136.597874, "url": "https://www.iryou.teikyouseido.mhlw.go.jp/znk-web/juminkanja/S2430/initialize?prefCd=17&kikanCd=794&kikanKbn=3", "url2": null, "内容": "ミースデンタルクリニック【3:歯科】石川県野々市市御経塚１丁目４４６" }, "geometry": { "type": "Point", "coordinates": [ 136.597874, 36.544647 ] } },
{ "type": "Feature", "properties": { "ID": 173804, "正式名称": "あらい歯科クリニック", "機関区分": 3, "都道府県コード": 17, "市区町村コード": 210, "所在地": "石川県白山市千代野東５丁目５－３", "緯度": 36.523844, "経度": 136.542839, "url": "https://www.iryou.teikyouseido.mhlw.go.jp/znk-web/juminkanja/S2430/initialize?prefCd=17&kikanCd=804&kikanKbn=3", "url2": "https://araidentalclinic.co.jp/", "内容": "あらい歯科クリニック【3:歯科】石川県白山市千代野東５丁目５－３" }, "geometry": { "type": "Point", "coordinates": [ 136.542839, 36.523844 ] } },
{ "type": "Feature", "properties": { "ID": 173805, "正式名称": "なんぶ歯科クリニック", "機関区分": 3, "都道府県コード": 17, "市区町村コード": 201, "所在地": "石川県金沢市駅西新町３－１－３１", "緯度": 36.591558, "経度": 136.636733, "url": "https://www.iryou.teikyouseido.mhlw.go.jp/znk-web/juminkanja/S2430/initialize?prefCd=17&kikanCd=805&kikanKbn=3", "url2": null, "内容": "なんぶ歯科クリニック【3:歯科】石川県金沢市駅西新町３－１－３１" }, "geometry": { "type": "Point", "coordinates": [ 136.636733, 36.591558 ] } },
{ "type": "Feature", "properties": { "ID": 173828, "正式名称": "すみれ歯科クリニック", "機関区分": 3, "都道府県コード": 17, "市区町村コード": 202, "所在地": "石川県七尾市本府中町ル部３５−３", "緯度": 37.035055, "経度": 136.967778, "url": "https://www.iryou.teikyouseido.mhlw.go.jp/znk-web/juminkanja/S2430/initialize?prefCd=17&kikanCd=828&kikanKbn=3", "url2": "www.sumire-nanao.com", "内容": "すみれ歯科クリニック【3:歯科】石川県七尾市本府中町ル部３５−３" }, "geometry": { "type": "Point", "coordinates": [ 136.967778, 37.035055 ] } },
{ "type": "Feature", "properties": { "ID": 173837, "正式名称": "医療法人社団健巧会　さくら矯正歯科クリニック", "機関区分": 3, "都道府県コード": 17, "市区町村コード": 201, "所在地": "石川県金沢市近岡町４２８－１ＳＯＯＬ　ＢＵＩＬＤＩＮＧ　２階", "緯度": 36.610388, "経度": 136.631217, "url": "https://www.iryou.teikyouseido.mhlw.go.jp/znk-web/juminkanja/S2430/initialize?prefCd=17&kikanCd=837&kikanKbn=3", "url2": null, "内容": "医療法人社団健巧会　さくら矯正歯科クリニック【3:歯科】石川県金沢市近岡町４２８－１ＳＯＯＬ　ＢＵＩＬＤＩＮＧ　２階" }, "geometry": { "type": "Point", "coordinates": [ 136.631217, 36.610388 ] } },
{ "type": "Feature", "properties": { "ID": 173841, "正式名称": "かど歯科医院", "機関区分": 3, "都道府県コード": 17, "市区町村コード": 461, "所在地": "石川県鳳珠郡穴水町大町ろー３０－１", "緯度": 37.226938, "経度": 136.909236, "url": "https://www.iryou.teikyouseido.mhlw.go.jp/znk-web/juminkanja/S2430/initialize?prefCd=17&kikanCd=841&kikanKbn=3", "url2": null, "内容": "かど歯科医院【3:歯科】石川県鳳珠郡穴水町大町ろー３０－１" }, "geometry": { "type": "Point", "coordinates": [ 136.909236, 37.226938 ] } },
{ "type": "Feature", "properties": { "ID": 173870, "正式名称": "中川歯科", "機関区分": 3, "都道府県コード": 17, "市区町村コード": 201, "所在地": "石川県金沢市武蔵町３－１７", "緯度": 36.570522, "経度": 136.654444, "url": "https://www.iryou.teikyouseido.mhlw.go.jp/znk-web/juminkanja/S2430/initialize?prefCd=17&kikanCd=870&kikanKbn=3", "url2": null, "内容": "中川歯科【3:歯科】石川県金沢市武蔵町３－１７" }, "geometry": { "type": "Point", "coordinates": [ 136.654444, 36.570522 ] } },
{ "type": "Feature", "properties": { "ID": 173871, "正式名称": "わたや歯科医院", "機関区分": 3, "都道府県コード": 17, "市区町村コード": 201, "所在地": "石川県金沢市大桑２丁目１３番", "緯度": 36.538528, "経度": 136.673098, "url": "https://www.iryou.teikyouseido.mhlw.go.jp/znk-web/juminkanja/S2430/initialize?prefCd=17&kikanCd=871&kikanKbn=3", "url2": null, "内容": "わたや歯科医院【3:歯科】石川県金沢市大桑２丁目１３番" }, "geometry": { "type": "Point", "coordinates": [ 136.673098, 36.538528 ] } },
{ "type": "Feature", "properties": { "ID": 173872, "正式名称": "川原けんこう歯科医院", "機関区分": 3, "都道府県コード": 17, "市区町村コード": 201, "所在地": "石川県金沢市寺町１－６－３８", "緯度": 36.546544, "経度": 136.659286, "url": "https://www.iryou.teikyouseido.mhlw.go.jp/znk-web/juminkanja/S2430/initialize?prefCd=17&kikanCd=872&kikanKbn=3", "url2": null, "内容": "川原けんこう歯科医院【3:歯科】石川県金沢市寺町１－６－３８" }, "geometry": { "type": "Point", "coordinates": [ 136.659286, 36.546544 ] } },
{ "type": "Feature", "properties": { "ID": 173873, "正式名称": "医療法人松永　ケン歯科クリニック", "機関区分": 3, "都道府県コード": 17, "市区町村コード": 201, "所在地": "石川県金沢市本町２丁目１５番地１号ポルテ金沢２階", "緯度": 36.57634, "経度": 136.6494328, "url": "https://www.iryou.teikyouseido.mhlw.go.jp/znk-web/juminkanja/S2430/initialize?prefCd=17&kikanCd=873&kikanKbn=3", "url2": null, "内容": "医療法人松永　ケン歯科クリニック【3:歯科】石川県金沢市本町２丁目１５番地１号ポルテ金沢２階" }, "geometry": { "type": "Point", "coordinates": [ 136.6494328, 36.57634 ] } },
{ "type": "Feature", "properties": { "ID": 173874, "正式名称": "医療法人社団ＡＫ美容会　野町デンタルクリニック", "機関区分": 3, "都道府県コード": 17, "市区町村コード": 201, "所在地": "石川県金沢市野町１－１－４３", "緯度": 36.557842, "経度": 136.649875, "url": "https://www.iryou.teikyouseido.mhlw.go.jp/znk-web/juminkanja/S2430/initialize?prefCd=17&kikanCd=874&kikanKbn=3", "url2": null, "内容": "医療法人社団ＡＫ美容会　野町デンタルクリニック【3:歯科】石川県金沢市野町１－１－４３" }, "geometry": { "type": "Point", "coordinates": [ 136.649875, 36.557842 ] } },
{ "type": "Feature", "properties": { "ID": 173876, "正式名称": "北崎歯科医院", "機関区分": 3, "都道府県コード": 17, "市区町村コード": 201, "所在地": "石川県金沢市高尾台２丁目２０４番地", "緯度": 36.522443, "経度": 136.628716, "url": "https://www.iryou.teikyouseido.mhlw.go.jp/znk-web/juminkanja/S2430/initialize?prefCd=17&kikanCd=876&kikanKbn=3", "url2": null, "内容": "北崎歯科医院【3:歯科】石川県金沢市高尾台２丁目２０４番地" }, "geometry": { "type": "Point", "coordinates": [ 136.628716, 36.522443 ] } },
{ "type": "Feature", "properties": { "ID": 173878, "正式名称": "医療法人創成会　石川金沢駅前トラスト歯科・矯正歯科", "機関区分": 3, "都道府県コード": 17, "市区町村コード": 201, "所在地": "石川県金沢市広岡１丁目３－２０ファーストレーベン広岡", "緯度": 36.576303, "経度": 136.645042, "url": "https://www.iryou.teikyouseido.mhlw.go.jp/znk-web/juminkanja/S2430/initialize?prefCd=17&kikanCd=878&kikanKbn=3", "url2": "https://souseikai-trust.jp/kanazawa/", "内容": "医療法人創成会　石川金沢駅前トラスト歯科・矯正歯科【3:歯科】石川県金沢市広岡１丁目３－２０ファーストレーベン広岡" }, "geometry": { "type": "Point", "coordinates": [ 136.645042, 36.576303 ] } },
{ "type": "Feature", "properties": { "ID": 173881, "正式名称": "医療法人社団　加藤歯科", "機関区分": 3, "都道府県コード": 17, "市区町村コード": 201, "所在地": "石川県金沢市有松２−３−３７", "緯度": 36.540054, "経度": 136.6394, "url": "https://www.iryou.teikyouseido.mhlw.go.jp/znk-web/juminkanja/S2430/initialize?prefCd=17&kikanCd=881&kikanKbn=3", "url2": "https://www.katodc.jp/", "内容": "医療法人社団　加藤歯科【3:歯科】石川県金沢市有松２−３−３７" }, "geometry": { "type": "Point", "coordinates": [ 136.6394, 36.540054 ] } },
{ "type": "Feature", "properties": { "ID": 173898, "正式名称": "まつした歯科医院", "機関区分": 3, "都道府県コード": 17, "市区町村コード": 201, "所在地": "石川県金沢市寺中町ホ４－１", "緯度": 36.597256, "経度": 136.60101, "url": "https://www.iryou.teikyouseido.mhlw.go.jp/znk-web/juminkanja/S2430/initialize?prefCd=17&kikanCd=898&kikanKbn=3", "url2": null, "内容": "まつした歯科医院【3:歯科】石川県金沢市寺中町ホ４－１" }, "geometry": { "type": "Point", "coordinates": [ 136.60101, 36.597256 ] } },
{ "type": "Feature", "properties": { "ID": 173917, "正式名称": "まつうらクリニック", "機関区分": 3, "都道府県コード": 17, "市区町村コード": 201, "所在地": "石川県金沢市鞍月５ー２４８", "緯度": 36.597396, "経度": 136.628023, "url": "https://www.iryou.teikyouseido.mhlw.go.jp/znk-web/juminkanja/S2430/initialize?prefCd=17&kikanCd=917&kikanKbn=3", "url2": null, "内容": "まつうらクリニック【3:歯科】石川県金沢市鞍月５ー２４８" }, "geometry": { "type": "Point", "coordinates": [ 136.628023, 36.597396 ] } }
]
}
