{
"type": "FeatureCollection",
"name": "geo_17_5",
"crs": { "type": "name", "properties": { "name": "urn:ogc:def:crs:OGC:1.3:CRS84" } },
"features": [
{ "type": "Feature", "properties": { "ID": 1751001, "正式名称": "クスリのアオキ鈴見薬局", "機関区分": 5, "都道府県コード": 17, "市区町村コード": 201, "所在地": "石川県金沢市もりの里３丁目１８３番地", "緯度": 36.561042, "経度": 136.681562, "url": "https://www.iryou.teikyouseido.mhlw.go.jp/znk-web/juminkanja/S2430/initialize?prefCd=17&kikanCd=1001&kikanKbn=nan", "url2": "https://www.kusuri-aoki.co.jp/", "内容": "クスリのアオキ鈴見薬局0石川県金沢市もりの里３丁目１８３番地" }, "geometry": { "type": "Point", "coordinates": [ 136.681562, 36.561042 ] } },
{ "type": "Feature", "properties": { "ID": 1751002, "正式名称": "アルプ薬局粟崎店", "機関区分": 5, "都道府県コード": 17, "市区町村コード": 201, "所在地": "石川県金沢市粟崎町１丁目６２番地", "緯度": 36.626756, "経度": 136.628669, "url": "https://www.iryou.teikyouseido.mhlw.go.jp/znk-web/juminkanja/S2430/initialize?prefCd=17&kikanCd=1002&kikanKbn=nan", "url2": "http://www.alp-grp.jp", "内容": "アルプ薬局粟崎店0石川県金沢市粟崎町１丁目６２番地" }, "geometry": { "type": "Point", "coordinates": [ 136.628669, 36.626756 ] } },
{ "type": "Feature", "properties": { "ID": 1751003, "正式名称": "クスリのアオキ粟崎薬局", "機関区分": 5, "都道府県コード": 17, "市区町村コード": 201, "所在地": "石川県金沢市粟崎町２丁目３番地", "緯度": 36.628624, "経度": 136.630099, "url": "https://www.iryou.teikyouseido.mhlw.go.jp/znk-web/juminkanja/S2430/initialize?prefCd=17&kikanCd=1003&kikanKbn=nan", "url2": "https://www.kusuri-aoki.co.jp/", "内容": "クスリのアオキ粟崎薬局0石川県金沢市粟崎町２丁目３番地" }, "geometry": { "type": "Point", "coordinates": [ 136.630099, 36.628624 ] } },
{ "type": "Feature", "properties": { "ID": 1751004, "正式名称": "アルプ薬局大浜店", "機関区分": 5, "都道府県コード": 17, "市区町村コード": 201, "所在地": "石川県金沢市粟崎町３丁目３１番地２", "緯度": 36.626971, "経度": 136.627099, "url": "https://www.iryou.teikyouseido.mhlw.go.jp/znk-web/juminkanja/S2430/initialize?prefCd=17&kikanCd=1004&kikanKbn=nan", "url2": "http://www.alp-grp.jp/", "内容": "アルプ薬局大浜店0石川県金沢市粟崎町３丁目３１番地２" }, "geometry": { "type": "Point", "coordinates": [ 136.627099, 36.626971 ] } },
{ "type": "Feature", "properties": { "ID": 1751005, "正式名称": "クスリのアオキ安原薬局", "機関区分": 5, "都道府県コード": 17, "市区町村コード": 201, "所在地": "石川県金沢市福増町南１２５２番地", "緯度": 36.563622, "経度": 136.582214, "url": "https://www.iryou.teikyouseido.mhlw.go.jp/znk-web/juminkanja/S2430/initialize?prefCd=17&kikanCd=1005&kikanKbn=nan", "url2": "http://www.kusuri-aoki.co.jp", "内容": "クスリのアオキ安原薬局0石川県金沢市福増町南１２５２番地" }, "geometry": { "type": "Point", "coordinates": [ 136.582214, 36.563622 ] } },
{ "type": "Feature", "properties": { "ID": 1751007, "正式名称": "県庁北ゆうゆう薬局", "機関区分": 5, "都道府県コード": 17, "市区町村コード": 201, "所在地": "石川県金沢市鞍月４－１４７", "緯度": 36.59652, "経度": 136.624075, "url": "https://www.iryou.teikyouseido.mhlw.go.jp/znk-web/juminkanja/S2430/initialize?prefCd=17&kikanCd=1007&kikanKbn=nan", "url2": "http://www.youyu-p.com/", "内容": "県庁北ゆうゆう薬局0石川県金沢市鞍月４－１４７" }, "geometry": { "type": "Point", "coordinates": [ 136.624075, 36.59652 ] } },
{ "type": "Feature", "properties": { "ID": 1751008, "正式名称": "クスリのアオキ鞍月薬局", "機関区分": 5, "都道府県コード": 17, "市区町村コード": 201, "所在地": "石川県金沢市鞍月５丁目７７番", "緯度": 36.599899, "経度": 136.624991, "url": "https://www.iryou.teikyouseido.mhlw.go.jp/znk-web/juminkanja/S2430/initialize?prefCd=17&kikanCd=1008&kikanKbn=nan", "url2": "http://www.kusuri-aoki.co.jp/", "内容": "クスリのアオキ鞍月薬局0石川県金沢市鞍月５丁目７７番" }, "geometry": { "type": "Point", "coordinates": [ 136.624991, 36.599899 ] } },
{ "type": "Feature", "properties": { "ID": 1751010, "正式名称": "鞍月あおぞら薬局", "機関区分": 5, "都道府県コード": 17, "市区町村コード": 201, "所在地": "石川県金沢市鞍月東１－８－２", "緯度": 36.594284, "経度": 136.629631, "url": "https://www.iryou.teikyouseido.mhlw.go.jp/znk-web/juminkanja/S2430/initialize?prefCd=17&kikanCd=1010&kikanKbn=nan", "url2": "http://www.granpharma.co.jp", "内容": "鞍月あおぞら薬局0石川県金沢市鞍月東１－８－２" }, "geometry": { "type": "Point", "coordinates": [ 136.629631, 36.594284 ] } },
{ "type": "Feature", "properties": { "ID": 1751011, "正式名称": "クオール薬局磯部町店", "機関区分": 5, "都道府県コード": 17, "市区町村コード": 201, "所在地": "石川県金沢市磯部町ニ６－１", "緯度": 36.599061, "経度": 136.659834, "url": "https://www.iryou.teikyouseido.mhlw.go.jp/znk-web/juminkanja/S2430/initialize?prefCd=17&kikanCd=1011&kikanKbn=nan", "url2": "https://www.qol-net.co.jp/pharmacy/map/detail.php?id=79", "内容": "クオール薬局磯部町店0石川県金沢市磯部町ニ６－１" }, "geometry": { "type": "Point", "coordinates": [ 136.659834, 36.599061 ] } },
{ "type": "Feature", "properties": { "ID": 1751012, "正式名称": "アルプ薬局駅西店", "機関区分": 5, "都道府県コード": 17, "市区町村コード": 201, "所在地": "石川県金沢市駅西本町３丁目１番２５", "緯度": 36.581991, "経度": 136.635881, "url": "https://www.iryou.teikyouseido.mhlw.go.jp/znk-web/juminkanja/S2430/initialize?prefCd=17&kikanCd=1012&kikanKbn=nan", "url2": "http://www.alp-grp.jp/", "内容": "アルプ薬局駅西店0石川県金沢市駅西本町３丁目１番２５" }, "geometry": { "type": "Point", "coordinates": [ 136.635881, 36.581991 ] } },
{ "type": "Feature", "properties": { "ID": 1751013, "正式名称": "ラン薬局", "機関区分": 5, "都道府県コード": 17, "市区町村コード": 201, "所在地": "石川県金沢市駅西本町６－１４－７", "緯度": 36.585472, "経度": 136.626046, "url": "https://www.iryou.teikyouseido.mhlw.go.jp/znk-web/juminkanja/S2430/initialize?prefCd=17&kikanCd=1013&kikanKbn=nan", "url2": "http://www.ran-yakkyoku.jp/", "内容": "ラン薬局0石川県金沢市駅西本町６－１４－７" }, "geometry": { "type": "Point", "coordinates": [ 136.626046, 36.585472 ] } },
{ "type": "Feature", "properties": { "ID": 1751015, "正式名称": "若林光生堂薬局", "機関区分": 5, "都道府県コード": 17, "市区町村コード": 201, "所在地": "石川県金沢市円光寺２－６－７", "緯度": 36.53254, "経度": 136.647801, "url": "https://www.iryou.teikyouseido.mhlw.go.jp/znk-web/juminkanja/S2430/initialize?prefCd=17&kikanCd=1015&kikanKbn=nan", "url2": "https://www.e-classa.net/wakabayashikouseidou/index.html", "内容": "若林光生堂薬局0石川県金沢市円光寺２－６－７" }, "geometry": { "type": "Point", "coordinates": [ 136.647801, 36.53254 ] } },
{ "type": "Feature", "properties": { "ID": 1751016, "正式名称": "吉野薬局", "機関区分": 5, "都道府県コード": 17, "市区町村コード": 201, "所在地": "石川県金沢市横山町１５番２７号", "緯度": 36.564775, "経度": 136.670998, "url": "https://www.iryou.teikyouseido.mhlw.go.jp/znk-web/juminkanja/S2430/initialize?prefCd=17&kikanCd=1016&kikanKbn=nan", "url2": "http//www.toyama-sougou.jp", "内容": "吉野薬局0石川県金沢市横山町１５番２７号" }, "geometry": { "type": "Point", "coordinates": [ 136.670998, 36.564775 ] } },
{ "type": "Feature", "properties": { "ID": 1751018, "正式名称": "若葉らいふ薬局", "機関区分": 5, "都道府県コード": 17, "市区町村コード": 201, "所在地": "石川県金沢市沖町二３１", "緯度": 36.592052, "経度": 136.652374, "url": "https://www.iryou.teikyouseido.mhlw.go.jp/znk-web/juminkanja/S2430/initialize?prefCd=17&kikanCd=1018&kikanKbn=nan", "url2": "https://hokuriku-qol.jp/", "内容": "若葉らいふ薬局0石川県金沢市沖町二３１" }, "geometry": { "type": "Point", "coordinates": [ 136.652374, 36.592052 ] } },
{ "type": "Feature", "properties": { "ID": 1751019, "正式名称": "沖町ファーマライズ薬局", "機関区分": 5, "都道府県コード": 17, "市区町村コード": 201, "所在地": "石川県金沢市沖町ニ３３", "緯度": 36.592263, "経度": 136.652313, "url": "https://www.iryou.teikyouseido.mhlw.go.jp/znk-web/juminkanja/S2430/initialize?prefCd=17&kikanCd=1019&kikanKbn=nan", "url2": "http://www.pharmarise.com/", "内容": "沖町ファーマライズ薬局0石川県金沢市沖町ニ３３" }, "geometry": { "type": "Point", "coordinates": [ 136.652313, 36.592263 ] } },
{ "type": "Feature", "properties": { "ID": 1751020, "正式名称": "中森全快堂額乙丸薬局", "機関区分": 5, "都道府県コード": 17, "市区町村コード": 201, "所在地": "石川県金沢市額乙丸町ロ１３１番地", "緯度": 36.512239, "経度": 136.62107, "url": "https://www.iryou.teikyouseido.mhlw.go.jp/znk-web/juminkanja/S2430/initialize?prefCd=17&kikanCd=1020&kikanKbn=nan", "url2": "http://www.zenkaido.jp", "内容": "中森全快堂額乙丸薬局0石川県金沢市額乙丸町ロ１３１番地" }, "geometry": { "type": "Point", "coordinates": [ 136.62107, 36.512239 ] } },
{ "type": "Feature", "properties": { "ID": 1751023, "正式名称": "アルプ薬局笠舞店", "機関区分": 5, "都道府県コード": 17, "市区町村コード": 201, "所在地": "石川県金沢市笠舞２丁目２４番３号河合ビル１階", "緯度": 36.550143, "経度": 136.669257, "url": "https://www.iryou.teikyouseido.mhlw.go.jp/znk-web/juminkanja/S2430/initialize?prefCd=17&kikanCd=1023&kikanKbn=nan", "url2": "http://www.alp-grp.jp/", "内容": "アルプ薬局笠舞店0石川県金沢市笠舞２丁目２４番３号河合ビル１階" }, "geometry": { "type": "Point", "coordinates": [ 136.669257, 36.550143 ] } },
{ "type": "Feature", "properties": { "ID": 1751028, "正式名称": "アルプ薬局森本店", "機関区分": 5, "都道府県コード": 17, "市区町村コード": 201, "所在地": "石川県金沢市吉原町ホ２１３", "緯度": 36.611339, "経度": 136.690517, "url": "https://www.iryou.teikyouseido.mhlw.go.jp/znk-web/juminkanja/S2430/initialize?prefCd=17&kikanCd=1028&kikanKbn=nan", "url2": "http://www.alp-grp.jp/", "内容": "アルプ薬局森本店0石川県金沢市吉原町ホ２１３" }, "geometry": { "type": "Point", "coordinates": [ 136.690517, 36.611339 ] } },
{ "type": "Feature", "properties": { "ID": 1751029, "正式名称": "久安コメヤ薬局", "機関区分": 5, "都道府県コード": 17, "市区町村コード": 201, "所在地": "石川県金沢市久安２丁目２３５番地", "緯度": 36.5333, "経度": 136.631619, "url": "https://www.iryou.teikyouseido.mhlw.go.jp/znk-web/juminkanja/S2430/initialize?prefCd=17&kikanCd=1029&kikanKbn=nan", "url2": "http://www.komeya-drug.com/", "内容": "久安コメヤ薬局0石川県金沢市久安２丁目２３５番地" }, "geometry": { "type": "Point", "coordinates": [ 136.631619, 36.5333 ] } },
{ "type": "Feature", "properties": { "ID": 1751030, "正式名称": "菜の花薬局", "機関区分": 5, "都道府県コード": 17, "市区町村コード": 201, "所在地": "石川県金沢市京町２－１８", "緯度": 36.581206, "経度": 136.656707, "url": "https://www.iryou.teikyouseido.mhlw.go.jp/znk-web/juminkanja/S2430/initialize?prefCd=17&kikanCd=1030&kikanKbn=nan", "url2": "http://nanohana-pharmacy.com/", "内容": "菜の花薬局0石川県金沢市京町２－１８" }, "geometry": { "type": "Point", "coordinates": [ 136.656707, 36.581206 ] } },
{ "type": "Feature", "properties": { "ID": 1751031, "正式名称": "橋場町あおぞら薬局", "機関区分": 5, "都道府県コード": 17, "市区町村コード": 201, "所在地": "石川県金沢市橋場町３－１５", "緯度": 36.571005, "経度": 136.664237, "url": "https://www.iryou.teikyouseido.mhlw.go.jp/znk-web/juminkanja/S2430/initialize?prefCd=17&kikanCd=1031&kikanKbn=nan", "url2": "http://www.granpharma.co.jp", "内容": "橋場町あおぞら薬局0石川県金沢市橋場町３－１５" }, "geometry": { "type": "Point", "coordinates": [ 136.664237, 36.571005 ] } },
{ "type": "Feature", "properties": { "ID": 1751032, "正式名称": "アルプ薬局玉川店", "機関区分": 5, "都道府県コード": 17, "市区町村コード": 201, "所在地": "石川県金沢市玉川町１０－８", "緯度": 36.572724, "経度": 136.651761, "url": "https://www.iryou.teikyouseido.mhlw.go.jp/znk-web/juminkanja/S2430/initialize?prefCd=17&kikanCd=1032&kikanKbn=nan", "url2": "http://www.alp-grp.jp/", "内容": "アルプ薬局玉川店0石川県金沢市玉川町１０－８" }, "geometry": { "type": "Point", "coordinates": [ 136.651761, 36.572724 ] } },
{ "type": "Feature", "properties": { "ID": 1751033, "正式名称": "玉川町薬局", "機関区分": 5, "都道府県コード": 17, "市区町村コード": 201, "所在地": "石川県金沢市玉川町１６－５", "緯度": 36.570927, "経度": 136.650405, "url": "https://www.iryou.teikyouseido.mhlw.go.jp/znk-web/juminkanja/S2430/initialize?prefCd=17&kikanCd=1033&kikanKbn=nan", "url2": null, "内容": "玉川町薬局0石川県金沢市玉川町１６－５" }, "geometry": { "type": "Point", "coordinates": [ 136.650405, 36.570927 ] } },
{ "type": "Feature", "properties": { "ID": 1751038, "正式名称": "プリスケア薬局", "機関区分": 5, "都道府県コード": 17, "市区町村コード": 201, "所在地": "石川県金沢市窪４丁目５０６", "緯度": 36.526068, "経度": 136.640543, "url": "https://www.iryou.teikyouseido.mhlw.go.jp/znk-web/juminkanja/S2430/initialize?prefCd=17&kikanCd=1038&kikanKbn=nan", "url2": "http://www.komeya-drug.com/", "内容": "プリスケア薬局0石川県金沢市窪４丁目５０６" }, "geometry": { "type": "Point", "coordinates": [ 136.640543, 36.526068 ] } },
{ "type": "Feature", "properties": { "ID": 1751039, "正式名称": "堅田みらい薬局", "機関区分": 5, "都道府県コード": 17, "市区町村コード": 201, "所在地": "石川県金沢市堅田町", "緯度": 36.60927, "経度": 136.702324, "url": "https://www.iryou.teikyouseido.mhlw.go.jp/znk-web/juminkanja/S2430/initialize?prefCd=17&kikanCd=1039&kikanKbn=nan", "url2": "https://mirai-pharmacy.com", "内容": "堅田みらい薬局0石川県金沢市堅田町" }, "geometry": { "type": "Point", "coordinates": [ 136.702324, 36.60927 ] } },
{ "type": "Feature", "properties": { "ID": 1751042, "正式名称": "荒屋らいふ薬局", "機関区分": 5, "都道府県コード": 17, "市区町村コード": 201, "所在地": "石川県金沢市荒屋１－８９", "緯度": 36.615516, "経度": 136.684556, "url": "https://www.iryou.teikyouseido.mhlw.go.jp/znk-web/juminkanja/S2430/initialize?prefCd=17&kikanCd=1042&kikanKbn=nan", "url2": null, "内容": "荒屋らいふ薬局0石川県金沢市荒屋１－８９" }, "geometry": { "type": "Point", "coordinates": [ 136.684556, 36.615516 ] } },
{ "type": "Feature", "properties": { "ID": 1751044, "正式名称": "英薬局", "機関区分": 5, "都道府県コード": 17, "市区町村コード": 201, "所在地": "石川県金沢市香林坊１－１－１　アトリオ地下一階", "緯度": 36.562764, "経度": 136.654005, "url": "https://www.iryou.teikyouseido.mhlw.go.jp/znk-web/juminkanja/S2430/initialize?prefCd=17&kikanCd=1044&kikanKbn=nan", "url2": null, "内容": "英薬局0石川県金沢市香林坊１－１－１　アトリオ地下一階" }, "geometry": { "type": "Point", "coordinates": [ 136.654005, 36.562764 ] } },
{ "type": "Feature", "properties": { "ID": 1751048, "正式名称": "高尾コメヤ薬局", "機関区分": 5, "都道府県コード": 17, "市区町村コード": 201, "所在地": "石川県金沢市高尾南３丁目１７", "緯度": 36.519413, "経度": 136.628475, "url": "https://www.iryou.teikyouseido.mhlw.go.jp/znk-web/juminkanja/S2430/initialize?prefCd=17&kikanCd=1048&kikanKbn=nan", "url2": "http://www.komeya-drug.com/", "内容": "高尾コメヤ薬局0石川県金沢市高尾南３丁目１７" }, "geometry": { "type": "Point", "coordinates": [ 136.628475, 36.519413 ] } },
{ "type": "Feature", "properties": { "ID": 1751050, "正式名称": "アルプ薬局今町店", "機関区分": 5, "都道府県コード": 17, "市区町村コード": 201, "所在地": "石川県金沢市今町ホ３７番地２", "緯度": 36.6294, "経度": 136.702563, "url": "https://www.iryou.teikyouseido.mhlw.go.jp/znk-web/juminkanja/S2430/initialize?prefCd=17&kikanCd=1050&kikanKbn=nan", "url2": "http://www.alp-grp.jp/", "内容": "アルプ薬局今町店0石川県金沢市今町ホ３７番地２" }, "geometry": { "type": "Point", "coordinates": [ 136.702563, 36.6294 ] } },
{ "type": "Feature", "properties": { "ID": 1751052, "正式名称": "桜町ゆうゆう薬局", "機関区分": 5, "都道府県コード": 17, "市区町村コード": 201, "所在地": "石川県金沢市桜町２３‐１１", "緯度": 36.56178, "経度": 136.675001, "url": "https://www.iryou.teikyouseido.mhlw.go.jp/znk-web/juminkanja/S2430/initialize?prefCd=17&kikanCd=1052&kikanKbn=nan", "url2": "http://www.youyu-p.com/", "内容": "桜町ゆうゆう薬局0石川県金沢市桜町２３‐１１" }, "geometry": { "type": "Point", "coordinates": [ 136.675001, 36.56178 ] } },
{ "type": "Feature", "properties": { "ID": 1751053, "正式名称": "クスリのアオキ桜田薬局", "機関区分": 5, "都道府県コード": 17, "市区町村コード": 201, "所在地": "石川県金沢市桜田町１－３１", "緯度": 36.578589, "経度": 136.618365, "url": "https://www.iryou.teikyouseido.mhlw.go.jp/znk-web/juminkanja/S2430/initialize?prefCd=17&kikanCd=1053&kikanKbn=nan", "url2": "http://www.kusuri-aoki.co.jp", "内容": "クスリのアオキ桜田薬局0石川県金沢市桜田町１－３１" }, "geometry": { "type": "Point", "coordinates": [ 136.618365, 36.578589 ] } },
{ "type": "Feature", "properties": { "ID": 1751054, "正式名称": "アルプ薬局花里店", "機関区分": 5, "都道府県コード": 17, "市区町村コード": 201, "所在地": "石川県金沢市三口新町２―３―１２", "緯度": 36.539814, "経度": 136.68124, "url": "https://www.iryou.teikyouseido.mhlw.go.jp/znk-web/juminkanja/S2430/initialize?prefCd=17&kikanCd=1054&kikanKbn=nan", "url2": "http://www.alp-grp.jp", "内容": "アルプ薬局花里店0石川県金沢市三口新町２―３―１２" }, "geometry": { "type": "Point", "coordinates": [ 136.68124, 36.539814 ] } },
{ "type": "Feature", "properties": { "ID": 1751055, "正式名称": "さくら薬局　金沢三馬店", "機関区分": 5, "都道府県コード": 17, "市区町村コード": 201, "所在地": "石川県金沢市三馬２丁目２４５番地", "緯度": 36.529268, "経度": 136.636358, "url": "https://www.iryou.teikyouseido.mhlw.go.jp/znk-web/juminkanja/S2430/initialize?prefCd=17&kikanCd=1055&kikanKbn=nan", "url2": "http://www.kraft-net.co.jp/store/3357/", "内容": "さくら薬局　金沢三馬店0石川県金沢市三馬２丁目２４５番地" }, "geometry": { "type": "Point", "coordinates": [ 136.636358, 36.529268 ] } },
{ "type": "Feature", "properties": { "ID": 1751057, "正式名称": "かねだ薬局", "機関区分": 5, "都道府県コード": 17, "市区町村コード": 201, "所在地": "石川県金沢市三馬３－２３８", "緯度": 36.529662, "経度": 136.632147, "url": "https://www.iryou.teikyouseido.mhlw.go.jp/znk-web/juminkanja/S2430/initialize?prefCd=17&kikanCd=1057&kikanKbn=nan", "url2": null, "内容": "かねだ薬局0石川県金沢市三馬３－２３８" }, "geometry": { "type": "Point", "coordinates": [ 136.632147, 36.529662 ] } },
{ "type": "Feature", "properties": { "ID": 1751058, "正式名称": "キタムラ薬局", "機関区分": 5, "都道府県コード": 17, "市区町村コード": 201, "所在地": "石川県金沢市寺中町ト７−３", "緯度": 36.599858, "経度": 136.600275, "url": "https://www.iryou.teikyouseido.mhlw.go.jp/znk-web/juminkanja/S2430/initialize?prefCd=17&kikanCd=1058&kikanKbn=nan", "url2": null, "内容": "キタムラ薬局0石川県金沢市寺中町ト７−３" }, "geometry": { "type": "Point", "coordinates": [ 136.600275, 36.599858 ] } },
{ "type": "Feature", "properties": { "ID": 1751059, "正式名称": "木曳野らいふ薬局", "機関区分": 5, "都道府県コード": 17, "市区町村コード": 201, "所在地": "石川県金沢市寺中町ホ４２−７", "緯度": 36.596226, "経度": 136.60373, "url": "https://www.iryou.teikyouseido.mhlw.go.jp/znk-web/juminkanja/S2430/initialize?prefCd=17&kikanCd=1059&kikanKbn=nan", "url2": "https://hokuriku-qol.jp/", "内容": "木曳野らいふ薬局0石川県金沢市寺中町ホ４２−７" }, "geometry": { "type": "Point", "coordinates": [ 136.60373, 36.596226 ] } },
{ "type": "Feature", "properties": { "ID": 1751062, "正式名称": "クスリのアオキ小坂薬局", "機関区分": 5, "都道府県コード": 17, "市区町村コード": 201, "所在地": "石川県金沢市小坂町西１７番地", "緯度": 36.590695, "経度": 136.670318, "url": "https://www.iryou.teikyouseido.mhlw.go.jp/znk-web/juminkanja/S2430/initialize?prefCd=17&kikanCd=1062&kikanKbn=nan", "url2": "http://www.kusuri-aoki.co.jp", "内容": "クスリのアオキ小坂薬局0石川県金沢市小坂町西１７番地" }, "geometry": { "type": "Point", "coordinates": [ 136.670318, 36.590695 ] } },
{ "type": "Feature", "properties": { "ID": 1751064, "正式名称": "箔山堂小坂薬局", "機関区分": 5, "都道府県コード": 17, "市区町村コード": 201, "所在地": "石川県金沢市小坂町", "緯度": 36.592666, "経度": 136.678052, "url": "https://www.iryou.teikyouseido.mhlw.go.jp/znk-web/juminkanja/S2430/initialize?prefCd=17&kikanCd=1064&kikanKbn=nan", "url2": "http://www.nanzando.co.jp/h_kosaka.html", "内容": "箔山堂小坂薬局0石川県金沢市小坂町" }, "geometry": { "type": "Point", "coordinates": [ 136.678052, 36.592666 ] } },
{ "type": "Feature", "properties": { "ID": 1751065, "正式名称": "金沢ファーマライズ薬局", "機関区分": 5, "都道府県コード": 17, "市区町村コード": 201, "所在地": "石川県金沢市小坂町北１４２", "緯度": 36.593585, "経度": 136.67822, "url": "https://www.iryou.teikyouseido.mhlw.go.jp/znk-web/juminkanja/S2430/initialize?prefCd=17&kikanCd=1065&kikanKbn=nan", "url2": "http://www.pharmarise.com/", "内容": "金沢ファーマライズ薬局0石川県金沢市小坂町北１４２" }, "geometry": { "type": "Point", "coordinates": [ 136.67822, 36.593585 ] } },
{ "type": "Feature", "properties": { "ID": 1751066, "正式名称": "小立野瑠璃光薬局", "機関区分": 5, "都道府県コード": 17, "市区町村コード": 201, "所在地": "石川県金沢市小立野１－２－３", "緯度": 36.546088, "経度": 136.680643, "url": "https://www.iryou.teikyouseido.mhlw.go.jp/znk-web/juminkanja/S2430/initialize?prefCd=17&kikanCd=1066&kikanKbn=nan", "url2": "http://rurikou.jp/index.html", "内容": "小立野瑠璃光薬局0石川県金沢市小立野１－２－３" }, "geometry": { "type": "Point", "coordinates": [ 136.680643, 36.546088 ] } },
{ "type": "Feature", "properties": { "ID": 1751067, "正式名称": "小立野台コメヤ薬局", "機関区分": 5, "都道府県コード": 17, "市区町村コード": 201, "所在地": "石川県金沢市小立野２丁目４２－３６", "緯度": 36.548024, "経度": 136.679154, "url": "https://www.iryou.teikyouseido.mhlw.go.jp/znk-web/juminkanja/S2430/initialize?prefCd=17&kikanCd=1067&kikanKbn=nan", "url2": "http://www.komeya-drug.com/", "内容": "小立野台コメヤ薬局0石川県金沢市小立野２丁目４２－３６" }, "geometry": { "type": "Point", "coordinates": [ 136.679154, 36.548024 ] } },
{ "type": "Feature", "properties": { "ID": 1751069, "正式名称": "クスリのアオキ浅野本町薬局", "機関区分": 5, "都道府県コード": 17, "市区町村コード": 201, "所在地": "石川県金沢市昌永町１５番５０号", "緯度": 36.580856, "経度": 136.658532, "url": "https://www.iryou.teikyouseido.mhlw.go.jp/znk-web/juminkanja/S2430/initialize?prefCd=17&kikanCd=1069&kikanKbn=nan", "url2": "http://www.kusuri-aoki.co.jp", "内容": "クスリのアオキ浅野本町薬局0石川県金沢市昌永町１５番５０号" }, "geometry": { "type": "Point", "coordinates": [ 136.658532, 36.580856 ] } },
{ "type": "Feature", "properties": { "ID": 1751070, "正式名称": "大徳はなの木薬局", "機関区分": 5, "都道府県コード": 17, "市区町村コード": 201, "所在地": "石川県金沢市松村１－５", "緯度": 36.588763, "経度": 136.616735, "url": "https://www.iryou.teikyouseido.mhlw.go.jp/znk-web/juminkanja/S2430/initialize?prefCd=17&kikanCd=1070&kikanKbn=nan", "url2": "http://www.hananoki-ymt.com/", "内容": "大徳はなの木薬局0石川県金沢市松村１－５" }, "geometry": { "type": "Point", "coordinates": [ 136.616735, 36.588763 ] } },
{ "type": "Feature", "properties": { "ID": 1751072, "正式名称": "中森全快堂上安原町薬局", "機関区分": 5, "都道府県コード": 17, "市区町村コード": 201, "所在地": "石川県金沢市上安原町２丁目２１４", "緯度": 36.565785, "経度": 136.588645, "url": "https://www.iryou.teikyouseido.mhlw.go.jp/znk-web/juminkanja/S2430/initialize?prefCd=17&kikanCd=1072&kikanKbn=nan", "url2": "http://www.zenkaidou.jp/", "内容": "中森全快堂上安原町薬局0石川県金沢市上安原町２丁目２１４" }, "geometry": { "type": "Point", "coordinates": [ 136.588645, 36.565785 ] } },
{ "type": "Feature", "properties": { "ID": 1751073, "正式名称": "薬局マツモトキヨシ安原店", "機関区分": 5, "都道府県コード": 17, "市区町村コード": 201, "所在地": "石川県金沢市上安原１丁目２５６", "緯度": 36.565504, "経度": 136.589845, "url": "https://www.iryou.teikyouseido.mhlw.go.jp/znk-web/juminkanja/S2430/initialize?prefCd=17&kikanCd=1073&kikanKbn=nan", "url2": null, "内容": "薬局マツモトキヨシ安原店0石川県金沢市上安原１丁目２５６" }, "geometry": { "type": "Point", "coordinates": [ 136.589845, 36.565504 ] } },
{ "type": "Feature", "properties": { "ID": 1751074, "正式名称": "上荒屋菜の花薬局", "機関区分": 5, "都道府県コード": 17, "市区町村コード": 201, "所在地": "石川県金沢市上荒屋１丁目４０４番地", "緯度": 36.546043, "経度": 136.5935, "url": "https://www.iryou.teikyouseido.mhlw.go.jp/znk-web/juminkanja/S2430/initialize?prefCd=17&kikanCd=1074&kikanKbn=nan", "url2": "http://nanohana-pharmacy.com/", "内容": "上荒屋菜の花薬局0石川県金沢市上荒屋１丁目４０４番地" }, "geometry": { "type": "Point", "coordinates": [ 136.5935, 36.546043 ] } },
{ "type": "Feature", "properties": { "ID": 1751075, "正式名称": "北村長生堂薬局", "機関区分": 5, "都道府県コード": 17, "市区町村コード": 201, "所在地": "石川県金沢市上荒屋４－８", "緯度": 36.55315, "経度": 136.592969, "url": "https://www.iryou.teikyouseido.mhlw.go.jp/znk-web/juminkanja/S2430/initialize?prefCd=17&kikanCd=1075&kikanKbn=nan", "url2": null, "内容": "北村長生堂薬局0石川県金沢市上荒屋４－８" }, "geometry": { "type": "Point", "coordinates": [ 136.592969, 36.55315 ] } },
{ "type": "Feature", "properties": { "ID": 1751076, "正式名称": "神田まつだ薬局", "機関区分": 5, "都道府県コード": 17, "市区町村コード": 201, "所在地": "石川県金沢市新神田４丁目６番２号", "緯度": 36.562124, "経度": 136.628121, "url": "https://www.iryou.teikyouseido.mhlw.go.jp/znk-web/juminkanja/S2430/initialize?prefCd=17&kikanCd=1076&kikanKbn=nan", "url2": null, "内容": "神田まつだ薬局0石川県金沢市新神田４丁目６番２号" }, "geometry": { "type": "Point", "coordinates": [ 136.628121, 36.562124 ] } },
{ "type": "Feature", "properties": { "ID": 1751078, "正式名称": "クスリのアオキ畝田薬局", "機関区分": 5, "都道府県コード": 17, "市区町村コード": 201, "所在地": "石川県金沢市畝田西３−５１４", "緯度": 36.59677, "経度": 136.606738, "url": "https://www.iryou.teikyouseido.mhlw.go.jp/znk-web/juminkanja/S2430/initialize?prefCd=17&kikanCd=1078&kikanKbn=nan", "url2": "https://www.kusuri-aoki.co.jp/", "内容": "クスリのアオキ畝田薬局0石川県金沢市畝田西３−５１４" }, "geometry": { "type": "Point", "coordinates": [ 136.606738, 36.59677 ] } },
{ "type": "Feature", "properties": { "ID": 1751082, "正式名称": "有限会社能村薬局", "機関区分": 5, "都道府県コード": 17, "市区町村コード": 201, "所在地": "石川県金沢市西町藪ノ内通２７", "緯度": 36.570115, "経度": 136.65589, "url": "https://www.iryou.teikyouseido.mhlw.go.jp/znk-web/juminkanja/S2430/initialize?prefCd=17&kikanCd=1082&kikanKbn=nan", "url2": null, "内容": "有限会社能村薬局0石川県金沢市西町藪ノ内通２７" }, "geometry": { "type": "Point", "coordinates": [ 136.65589, 36.570115 ] } },
{ "type": "Feature", "properties": { "ID": 1751083, "正式名称": "県庁前コメヤ薬局", "機関区分": 5, "都道府県コード": 17, "市区町村コード": 201, "所在地": "石川県金沢市西都", "緯度": 36.592818, "経度": 136.626925, "url": "https://www.iryou.teikyouseido.mhlw.go.jp/znk-web/juminkanja/S2430/initialize?prefCd=17&kikanCd=1083&kikanKbn=nan", "url2": "http://www.komeya-drug.com/", "内容": "県庁前コメヤ薬局0石川県金沢市西都" }, "geometry": { "type": "Point", "coordinates": [ 136.626925, 36.592818 ] } },
{ "type": "Feature", "properties": { "ID": 1751085, "正式名称": "西念ラン薬局", "機関区分": 5, "都道府県コード": 17, "市区町村コード": 201, "所在地": "石川県金沢市西念３－３０－１１", "緯度": 36.590907, "経度": 136.63738, "url": "https://www.iryou.teikyouseido.mhlw.go.jp/znk-web/juminkanja/S2430/initialize?prefCd=17&kikanCd=1085&kikanKbn=nan", "url2": "http://www.ran-yakkyoku.jp/", "内容": "西念ラン薬局0石川県金沢市西念３－３０－１１" }, "geometry": { "type": "Point", "coordinates": [ 136.63738, 36.590907 ] } },
{ "type": "Feature", "properties": { "ID": 1751087, "正式名称": "石引ファーマライズ薬局", "機関区分": 5, "都道府県コード": 17, "市区町村コード": 201, "所在地": "石川県金沢市石引１−８−８", "緯度": 36.555662, "経度": 136.672032, "url": "https://www.iryou.teikyouseido.mhlw.go.jp/znk-web/juminkanja/S2430/initialize?prefCd=17&kikanCd=1087&kikanKbn=nan", "url2": "http://www.pharmarise.com/", "内容": "石引ファーマライズ薬局0石川県金沢市石引１−８−８" }, "geometry": { "type": "Point", "coordinates": [ 136.672032, 36.555662 ] } },
{ "type": "Feature", "properties": { "ID": 1751088, "正式名称": "さくら薬局　金沢大学前店", "機関区分": 5, "都道府県コード": 17, "市区町村コード": 201, "所在地": "石川県金沢市石引１－８－９", "緯度": 36.555726, "経度": 136.67209, "url": "https://www.iryou.teikyouseido.mhlw.go.jp/znk-web/juminkanja/S2430/initialize?prefCd=17&kikanCd=1088&kikanKbn=nan", "url2": "http://www.kraft-net.co.jp/store/3355/", "内容": "さくら薬局　金沢大学前店0石川県金沢市石引１－８－９" }, "geometry": { "type": "Point", "coordinates": [ 136.67209, 36.555726 ] } },
{ "type": "Feature", "properties": { "ID": 1751089, "正式名称": "中村漢方薬局", "機関区分": 5, "都道府県コード": 17, "市区町村コード": 201, "所在地": "石川県金沢市石引１丁目５番２３号", "緯度": 36.556029, "経度": 136.671599, "url": "https://www.iryou.teikyouseido.mhlw.go.jp/znk-web/juminkanja/S2430/initialize?prefCd=17&kikanCd=1089&kikanKbn=nan", "url2": "https://www.nakamura-kanpo.com/", "内容": "中村漢方薬局0石川県金沢市石引１丁目５番２３号" }, "geometry": { "type": "Point", "coordinates": [ 136.671599, 36.556029 ] } },
{ "type": "Feature", "properties": { "ID": 1751090, "正式名称": "済美会薬局", "機関区分": 5, "都道府県コード": 17, "市区町村コード": 201, "所在地": "石川県金沢市石引１丁目８－１０", "緯度": 36.555815, "経度": 136.67221, "url": "https://www.iryou.teikyouseido.mhlw.go.jp/znk-web/juminkanja/S2430/initialize?prefCd=17&kikanCd=1090&kikanKbn=nan", "url2": "https://www.saibikai.jp/", "内容": "済美会薬局0石川県金沢市石引１丁目８－１０" }, "geometry": { "type": "Point", "coordinates": [ 136.67221, 36.555815 ] } },
{ "type": "Feature", "properties": { "ID": 1751092, "正式名称": "合名会社　吉野薬局", "機関区分": 5, "都道府県コード": 17, "市区町村コード": 201, "所在地": "石川県金沢市石引２丁目６番５号", "緯度": 36.555227, "経度": 136.670476, "url": "https://www.iryou.teikyouseido.mhlw.go.jp/znk-web/juminkanja/S2430/initialize?prefCd=17&kikanCd=1092&kikanKbn=nan", "url2": "http://isibikisyouten.com/shop/34/", "内容": "合名会社　吉野薬局0石川県金沢市石引２丁目６番５号" }, "geometry": { "type": "Point", "coordinates": [ 136.670476, 36.555227 ] } },
{ "type": "Feature", "properties": { "ID": 1751094, "正式名称": "金沢石引トラヤ薬局", "機関区分": 5, "都道府県コード": 17, "市区町村コード": 201, "所在地": "石川県金沢市石引４－１－８", "緯度": 36.560048, "経度": 136.66503, "url": "https://www.iryou.teikyouseido.mhlw.go.jp/znk-web/juminkanja/S2430/initialize?prefCd=17&kikanCd=1094&kikanKbn=nan", "url2": null, "内容": "金沢石引トラヤ薬局0石川県金沢市石引４－１－８" }, "geometry": { "type": "Point", "coordinates": [ 136.66503, 36.560048 ] } },
{ "type": "Feature", "properties": { "ID": 1751095, "正式名称": "兼六薬局", "機関区分": 5, "都道府県コード": 17, "市区町村コード": 201, "所在地": "石川県金沢市石引", "緯度": 36.560054, "経度": 136.665104, "url": "https://www.iryou.teikyouseido.mhlw.go.jp/znk-web/juminkanja/S2430/initialize?prefCd=17&kikanCd=1095&kikanKbn=nan", "url2": null, "内容": "兼六薬局0石川県金沢市石引" }, "geometry": { "type": "Point", "coordinates": [ 136.665104, 36.560054 ] } },
{ "type": "Feature", "properties": { "ID": 1751097, "正式名称": "一般社団法人　金沢市薬剤師会　紫錦台薬局", "機関区分": 5, "都道府県コード": 17, "市区町村コード": 201, "所在地": "石川県金沢市石引４丁目１−１３", "緯度": 36.559717, "経度": 136.665377, "url": "https://www.iryou.teikyouseido.mhlw.go.jp/znk-web/juminkanja/S2430/initialize?prefCd=17&kikanCd=1097&kikanKbn=nan", "url2": null, "内容": "一般社団法人　金沢市薬剤師会　紫錦台薬局0石川県金沢市石引４丁目１−１３" }, "geometry": { "type": "Point", "coordinates": [ 136.665377, 36.559717 ] } },
{ "type": "Feature", "properties": { "ID": 1751098, "正式名称": "わかひの薬局", "機関区分": 5, "都道府県コード": 17, "市区町村コード": 201, "所在地": "石川県金沢市赤土町ニ４－９", "緯度": 36.582147, "経度": 136.596015, "url": "https://www.iryou.teikyouseido.mhlw.go.jp/znk-web/juminkanja/S2430/initialize?prefCd=17&kikanCd=1098&kikanKbn=nan", "url2": "http://www.rurikou.jp", "内容": "わかひの薬局0石川県金沢市赤土町ニ４－９" }, "geometry": { "type": "Point", "coordinates": [ 136.596015, 36.582147 ] } },
{ "type": "Feature", "properties": { "ID": 1751101, "正式名称": "クスリのアオキ泉が丘薬局", "機関区分": 5, "都道府県コード": 17, "市区町村コード": 201, "所在地": "石川県金沢市泉が丘２丁目４番２０号", "緯度": 36.539803, "経度": 136.647404, "url": "https://www.iryou.teikyouseido.mhlw.go.jp/znk-web/juminkanja/S2430/initialize?prefCd=17&kikanCd=1101&kikanKbn=nan", "url2": "https://www.kusuri-aoki.co.jp/", "内容": "クスリのアオキ泉が丘薬局0石川県金沢市泉が丘２丁目４番２０号" }, "geometry": { "type": "Point", "coordinates": [ 136.647404, 36.539803 ] } },
{ "type": "Feature", "properties": { "ID": 1751102, "正式名称": "泉野出町らいふ薬局", "機関区分": 5, "都道府県コード": 17, "市区町村コード": 201, "所在地": "石川県金沢市泉野出町１−１９−２５", "緯度": 36.539161, "経度": 136.654531, "url": "https://www.iryou.teikyouseido.mhlw.go.jp/znk-web/juminkanja/S2430/initialize?prefCd=17&kikanCd=1102&kikanKbn=nan", "url2": "http://www.life-jp.com/", "内容": "泉野出町らいふ薬局0石川県金沢市泉野出町１−１９−２５" }, "geometry": { "type": "Point", "coordinates": [ 136.654531, 36.539161 ] } },
{ "type": "Feature", "properties": { "ID": 1751103, "正式名称": "泉丘薬局", "機関区分": 5, "都道府県コード": 17, "市区町村コード": 201, "所在地": "石川県金沢市泉野出町３－１－１３", "緯度": 36.540469, "経度": 136.648681, "url": "https://www.iryou.teikyouseido.mhlw.go.jp/znk-web/juminkanja/S2430/initialize?prefCd=17&kikanCd=1103&kikanKbn=nan", "url2": "http://suzuran-pharmacy.net/", "内容": "泉丘薬局0石川県金沢市泉野出町３－１－１３" }, "geometry": { "type": "Point", "coordinates": [ 136.648681, 36.540469 ] } },
{ "type": "Feature", "properties": { "ID": 1751105, "正式名称": "アルプ薬局泉野店", "機関区分": 5, "都道府県コード": 17, "市区町村コード": 201, "所在地": "石川県金沢市泉野町１丁目１９番１０号", "緯度": 36.5446, "経度": 136.653628, "url": "https://www.iryou.teikyouseido.mhlw.go.jp/znk-web/juminkanja/S2430/initialize?prefCd=17&kikanCd=1105&kikanKbn=nan", "url2": "http://www.alp-grp.jp/", "内容": "アルプ薬局泉野店0石川県金沢市泉野町１丁目１９番１０号" }, "geometry": { "type": "Point", "coordinates": [ 136.653628, 36.5446 ] } },
{ "type": "Feature", "properties": { "ID": 1751106, "正式名称": "中森かいてき薬局", "機関区分": 5, "都道府県コード": 17, "市区町村コード": 201, "所在地": "石川県金沢市増泉２丁目７番４４号", "緯度": 36.558889, "経度": 136.641195, "url": "https://www.iryou.teikyouseido.mhlw.go.jp/znk-web/juminkanja/S2430/initialize?prefCd=17&kikanCd=1106&kikanKbn=nan", "url2": "http://www.kaiteki-01.jp/", "内容": "中森かいてき薬局0石川県金沢市増泉２丁目７番４４号" }, "geometry": { "type": "Point", "coordinates": [ 136.641195, 36.558889 ] } },
{ "type": "Feature", "properties": { "ID": 1751108, "正式名称": "メロディ薬局", "機関区分": 5, "都道府県コード": 17, "市区町村コード": 201, "所在地": "石川県金沢市大豆田本町ロ３７番地", "緯度": 36.567396, "経度": 136.633226, "url": "https://www.iryou.teikyouseido.mhlw.go.jp/znk-web/juminkanja/S2430/initialize?prefCd=17&kikanCd=1108&kikanKbn=nan", "url2": "https://yppp.jp/pharmacy/rkvi6ynd", "内容": "メロディ薬局0石川県金沢市大豆田本町ロ３７番地" }, "geometry": { "type": "Point", "coordinates": [ 136.633226, 36.567396 ] } },
{ "type": "Feature", "properties": { "ID": 1751109, "正式名称": "周佐堂薬局", "機関区分": 5, "都道府県コード": 17, "市区町村コード": 201, "所在地": "石川県金沢市竪町１３番地", "緯度": 36.558179, "経度": 136.655214, "url": "https://www.iryou.teikyouseido.mhlw.go.jp/znk-web/juminkanja/S2430/initialize?prefCd=17&kikanCd=1109&kikanKbn=nan", "url2": null, "内容": "周佐堂薬局0石川県金沢市竪町１３番地" }, "geometry": { "type": "Point", "coordinates": [ 136.655214, 36.558179 ] } },
{ "type": "Feature", "properties": { "ID": 1751111, "正式名称": "すずらん薬局", "機関区分": 5, "都道府県コード": 17, "市区町村コード": 201, "所在地": "石川県金沢市長町１−９−１", "緯度": 36.565872, "経度": 136.649964, "url": "https://www.iryou.teikyouseido.mhlw.go.jp/znk-web/juminkanja/S2430/initialize?prefCd=17&kikanCd=1111&kikanKbn=nan", "url2": "http://suzuran-pharmacy.net", "内容": "すずらん薬局0石川県金沢市長町１−９−１" }, "geometry": { "type": "Point", "coordinates": [ 136.649964, 36.565872 ] } },
{ "type": "Feature", "properties": { "ID": 1751114, "正式名称": "もりの里はなの木薬局", "機関区分": 5, "都道府県コード": 17, "市区町村コード": 201, "所在地": "石川県金沢市田上の里２丁目１４８番地", "緯度": 36.547976, "経度": 136.69117, "url": "https://www.iryou.teikyouseido.mhlw.go.jp/znk-web/juminkanja/S2430/initialize?prefCd=17&kikanCd=1114&kikanKbn=nan", "url2": "http://www.hananoki-ymt.com/", "内容": "もりの里はなの木薬局0石川県金沢市田上の里２丁目１４８番地" }, "geometry": { "type": "Point", "coordinates": [ 136.69117, 36.547976 ] } },
{ "type": "Feature", "properties": { "ID": 1751115, "正式名称": "朝霧台あおば薬局", "機関区分": 5, "都道府県コード": 17, "市区町村コード": 201, "所在地": "石川県金沢市田上本町３ー２０３", "緯度": 36.539802, "経度": 136.696309, "url": "https://www.iryou.teikyouseido.mhlw.go.jp/znk-web/juminkanja/S2430/initialize?prefCd=17&kikanCd=1115&kikanKbn=nan", "url2": "http://www.add-vantage.jp/", "内容": "朝霧台あおば薬局0石川県金沢市田上本町３ー２０３" }, "geometry": { "type": "Point", "coordinates": [ 136.696309, 36.539802 ] } },
{ "type": "Feature", "properties": { "ID": 1751118, "正式名称": "クスリのアオキ藤江薬局", "機関区分": 5, "都道府県コード": 17, "市区町村コード": 201, "所在地": "石川県金沢市藤江北１丁目３０３番地", "緯度": 36.591057, "経度": 136.624176, "url": "https://www.iryou.teikyouseido.mhlw.go.jp/znk-web/juminkanja/S2430/initialize?prefCd=17&kikanCd=1118&kikanKbn=nan", "url2": "https://www.kusuri-aoki.co.jp/", "内容": "クスリのアオキ藤江薬局0石川県金沢市藤江北１丁目３０３番地" }, "geometry": { "type": "Point", "coordinates": [ 136.624176, 36.591057 ] } },
{ "type": "Feature", "properties": { "ID": 1751119, "正式名称": "リンゴ薬局", "機関区分": 5, "都道府県コード": 17, "市区町村コード": 201, "所在地": "石川県金沢市藤江北４ー２３５", "緯度": 36.592837, "経度": 136.623078, "url": "https://www.iryou.teikyouseido.mhlw.go.jp/znk-web/juminkanja/S2430/initialize?prefCd=17&kikanCd=1119&kikanKbn=nan", "url2": null, "内容": "リンゴ薬局0石川県金沢市藤江北４ー２３５" }, "geometry": { "type": "Point", "coordinates": [ 136.623078, 36.592837 ] } },
{ "type": "Feature", "properties": { "ID": 1751121, "正式名称": "フラワー薬局", "機関区分": 5, "都道府県コード": 17, "市区町村コード": 201, "所在地": "石川県金沢市馬替２－１５５－４", "緯度": 36.520918, "経度": 136.621114, "url": "https://www.iryou.teikyouseido.mhlw.go.jp/znk-web/juminkanja/S2430/initialize?prefCd=17&kikanCd=1121&kikanKbn=nan", "url2": "http://iwaki-yakkyoku.co.jp", "内容": "フラワー薬局0石川県金沢市馬替２－１５５－４" }, "geometry": { "type": "Point", "coordinates": [ 136.621114, 36.520918 ] } },
{ "type": "Feature", "properties": { "ID": 1751124, "正式名称": "アイン薬局　金沢尾張町店", "機関区分": 5, "都道府県コード": 17, "市区町村コード": 201, "所在地": "石川県金沢市下新町６－２３", "緯度": 36.571674, "経度": 136.662771, "url": "https://www.iryou.teikyouseido.mhlw.go.jp/znk-web/juminkanja/S2430/initialize?prefCd=17&kikanCd=1124&kikanKbn=nan", "url2": "http://www.ainj.co.jp/", "内容": "アイン薬局　金沢尾張町店0石川県金沢市下新町６－２３" }, "geometry": { "type": "Point", "coordinates": [ 136.662771, 36.571674 ] } },
{ "type": "Feature", "properties": { "ID": 1751125, "正式名称": "クスリのアオキ疋田薬局", "機関区分": 5, "都道府県コード": 17, "市区町村コード": 201, "所在地": "石川県金沢市疋田３丁目６３番地", "緯度": 36.604448, "経度": 136.672405, "url": "https://www.iryou.teikyouseido.mhlw.go.jp/znk-web/juminkanja/S2430/initialize?prefCd=17&kikanCd=1125&kikanKbn=nan", "url2": "https://www.kusuri-aoki.co.jp/", "内容": "クスリのアオキ疋田薬局0石川県金沢市疋田３丁目６３番地" }, "geometry": { "type": "Point", "coordinates": [ 136.672405, 36.604448 ] } },
{ "type": "Feature", "properties": { "ID": 1751128, "正式名称": "金沢たんぽぽ薬局", "機関区分": 5, "都道府県コード": 17, "市区町村コード": 201, "所在地": "石川県金沢市平和町３－３－８", "緯度": 36.541286, "経度": 136.662478, "url": "https://www.iryou.teikyouseido.mhlw.go.jp/znk-web/juminkanja/S2430/initialize?prefCd=17&kikanCd=1128&kikanKbn=nan", "url2": "http://www.tanpopo-ph.co.jp/", "内容": "金沢たんぽぽ薬局0石川県金沢市平和町３－３－８" }, "geometry": { "type": "Point", "coordinates": [ 136.662478, 36.541286 ] } },
{ "type": "Feature", "properties": { "ID": 1751129, "正式名称": "平和町あおぞら薬局", "機関区分": 5, "都道府県コード": 17, "市区町村コード": 201, "所在地": "石川県金沢市平和町３－２－１３", "緯度": 36.540878, "経度": 136.66358, "url": "https://www.iryou.teikyouseido.mhlw.go.jp/znk-web/juminkanja/S2430/initialize?prefCd=17&kikanCd=1129&kikanKbn=nan", "url2": "http://www.granpharma.co.jp/", "内容": "平和町あおぞら薬局0石川県金沢市平和町３－２－１３" }, "geometry": { "type": "Point", "coordinates": [ 136.66358, 36.540878 ] } },
{ "type": "Feature", "properties": { "ID": 1751130, "正式名称": "平和町菜の花薬局", "機関区分": 5, "都道府県コード": 17, "市区町村コード": 201, "所在地": "石川県金沢市平和町３丁目４番２５号", "緯度": 36.541489, "経度": 136.661419, "url": "https://www.iryou.teikyouseido.mhlw.go.jp/znk-web/juminkanja/S2430/initialize?prefCd=17&kikanCd=1130&kikanKbn=nan", "url2": "http://nanohana-pharmacy.com/", "内容": "平和町菜の花薬局0石川県金沢市平和町３丁目４番２５号" }, "geometry": { "type": "Point", "coordinates": [ 136.661419, 36.541489 ] } },
{ "type": "Feature", "properties": { "ID": 1751131, "正式名称": "平和町薬局", "機関区分": 5, "都道府県コード": 17, "市区町村コード": 201, "所在地": "石川県金沢市平和町３－７－２", "緯度": 36.541625, "経度": 136.663552, "url": "https://www.iryou.teikyouseido.mhlw.go.jp/znk-web/juminkanja/S2430/initialize?prefCd=17&kikanCd=1131&kikanKbn=nan", "url2": "www.sarara-s.com", "内容": "平和町薬局0石川県金沢市平和町３－７－２" }, "geometry": { "type": "Point", "coordinates": [ 136.663552, 36.541625 ] } },
{ "type": "Feature", "properties": { "ID": 1751135, "正式名称": "中森かいてきホコ町薬局", "機関区分": 5, "都道府県コード": 17, "市区町村コード": 201, "所在地": "石川県金沢市保古１丁目１６７番地", "緯度": 36.558461, "経度": 136.620374, "url": "https://www.iryou.teikyouseido.mhlw.go.jp/znk-web/juminkanja/S2430/initialize?prefCd=17&kikanCd=1135&kikanKbn=nan", "url2": "http://www.kaiteki-01.jp/", "内容": "中森かいてきホコ町薬局0石川県金沢市保古１丁目１６７番地" }, "geometry": { "type": "Point", "coordinates": [ 136.620374, 36.558461 ] } },
{ "type": "Feature", "properties": { "ID": 1751136, "正式名称": "新生堂薬局", "機関区分": 5, "都道府県コード": 17, "市区町村コード": 201, "所在地": "石川県金沢市法光寺町１３８", "緯度": 36.604028, "経度": 136.683126, "url": "https://www.iryou.teikyouseido.mhlw.go.jp/znk-web/juminkanja/S2430/initialize?prefCd=17&kikanCd=1136&kikanKbn=nan", "url2": null, "内容": "新生堂薬局0石川県金沢市法光寺町１３８" }, "geometry": { "type": "Point", "coordinates": [ 136.683126, 36.604028 ] } },
{ "type": "Feature", "properties": { "ID": 1751139, "正式名称": "野村健美堂薬局", "機関区分": 5, "都道府県コード": 17, "市区町村コード": 201, "所在地": "石川県金沢市北塚町西４７６番２", "緯度": 36.56936, "経度": 136.59483, "url": "https://www.iryou.teikyouseido.mhlw.go.jp/znk-web/juminkanja/S2430/initialize?prefCd=17&kikanCd=1139&kikanKbn=nan", "url2": "https://www.nomurakenbidou-pharmacy.store/", "内容": "野村健美堂薬局0石川県金沢市北塚町西４７６番２" }, "geometry": { "type": "Point", "coordinates": [ 136.59483, 36.56936 ] } },
{ "type": "Feature", "properties": { "ID": 1751142, "正式名称": "ペンギン堂薬局", "機関区分": 5, "都道府県コード": 17, "市区町村コード": 201, "所在地": "石川県金沢市本多町３丁目１０−１５", "緯度": 36.557237, "経度": 136.659158, "url": "https://www.iryou.teikyouseido.mhlw.go.jp/znk-web/juminkanja/S2430/initialize?prefCd=17&kikanCd=1142&kikanKbn=nan", "url2": null, "内容": "ペンギン堂薬局0石川県金沢市本多町３丁目１０−１５" }, "geometry": { "type": "Point", "coordinates": [ 136.659158, 36.557237 ] } },
{ "type": "Feature", "properties": { "ID": 1751143, "正式名称": "アルプ薬局本町店", "機関区分": 5, "都道府県コード": 17, "市区町村コード": 201, "所在地": "石川県金沢市本町１丁目３番３８号", "緯度": 36.574984, "経度": 136.652599, "url": "https://www.iryou.teikyouseido.mhlw.go.jp/znk-web/juminkanja/S2430/initialize?prefCd=17&kikanCd=1143&kikanKbn=nan", "url2": "http://www.alp-grp.jp/", "内容": "アルプ薬局本町店0石川県金沢市本町１丁目３番３８号" }, "geometry": { "type": "Point", "coordinates": [ 136.652599, 36.574984 ] } },
{ "type": "Feature", "properties": { "ID": 1751145, "正式名称": "末町明徳薬局", "機関区分": 5, "都道府県コード": 17, "市区町村コード": 201, "所在地": "石川県金沢市末町１６－２１－３", "緯度": 36.520159, "経度": 136.686376, "url": "https://www.iryou.teikyouseido.mhlw.go.jp/znk-web/juminkanja/S2430/initialize?prefCd=17&kikanCd=1145&kikanKbn=nan", "url2": "https://phstr.co.jp/store/624/", "内容": "末町明徳薬局0石川県金沢市末町１６－２１－３" }, "geometry": { "type": "Point", "coordinates": [ 136.686376, 36.520159 ] } },
{ "type": "Feature", "properties": { "ID": 1751147, "正式名称": "薬局マツモトキヨシ　金沢駅西口店", "機関区分": 5, "都道府県コード": 17, "市区町村コード": 201, "所在地": "石川県金沢市木ノ新保町１−１　金沢百番街あんと西２Ｆ", "緯度": 36.578157, "経度": 136.64748, "url": "https://www.iryou.teikyouseido.mhlw.go.jp/znk-web/juminkanja/S2430/initialize?prefCd=17&kikanCd=1147&kikanKbn=nan", "url2": null, "内容": "薬局マツモトキヨシ　金沢駅西口店0石川県金沢市木ノ新保町１−１　金沢百番街あんと西２Ｆ" }, "geometry": { "type": "Point", "coordinates": [ 136.64748, 36.578157 ] } },
{ "type": "Feature", "properties": { "ID": 1751148, "正式名称": "プラス薬局", "機関区分": 5, "都道府県コード": 17, "市区町村コード": 201, "所在地": "石川県金沢市木越町チ８０－６", "緯度": 36.619545, "経度": 136.662756, "url": "https://www.iryou.teikyouseido.mhlw.go.jp/znk-web/juminkanja/S2430/initialize?prefCd=17&kikanCd=1148&kikanKbn=nan", "url2": "http://www.place-pharmacy.jp/", "内容": "プラス薬局0石川県金沢市木越町チ８０－６" }, "geometry": { "type": "Point", "coordinates": [ 136.662756, 36.619545 ] } },
{ "type": "Feature", "properties": { "ID": 1751149, "正式名称": "とくひさ中央薬局", "機関区分": 5, "都道府県コード": 17, "市区町村コード": 201, "所在地": "石川県金沢市野町１丁目３番６４号", "緯度": 36.55484, "経度": 136.647667, "url": "https://www.iryou.teikyouseido.mhlw.go.jp/znk-web/juminkanja/S2430/initialize?prefCd=17&kikanCd=1149&kikanKbn=nan", "url2": "http://tokuhisa.net", "内容": "とくひさ中央薬局0石川県金沢市野町１丁目３番６４号" }, "geometry": { "type": "Point", "coordinates": [ 136.647667, 36.55484 ] } },
{ "type": "Feature", "properties": { "ID": 1751150, "正式名称": "安藤薬局", "機関区分": 5, "都道府県コード": 17, "市区町村コード": 201, "所在地": "石川県金沢市野町１−２−４３", "緯度": 36.556659, "経度": 136.649008, "url": "https://www.iryou.teikyouseido.mhlw.go.jp/znk-web/juminkanja/S2430/initialize?prefCd=17&kikanCd=1150&kikanKbn=nan", "url2": null, "内容": "安藤薬局0石川県金沢市野町１−２−４３" }, "geometry": { "type": "Point", "coordinates": [ 136.649008, 36.556659 ] } },
{ "type": "Feature", "properties": { "ID": 1751153, "正式名称": "やち薬局", "機関区分": 5, "都道府県コード": 17, "市区町村コード": 201, "所在地": "石川県金沢市弥勒町ハ１－１", "緯度": 36.612747, "経度": 136.690845, "url": "https://www.iryou.teikyouseido.mhlw.go.jp/znk-web/juminkanja/S2430/initialize?prefCd=17&kikanCd=1153&kikanKbn=nan", "url2": null, "内容": "やち薬局0石川県金沢市弥勒町ハ１－１" }, "geometry": { "type": "Point", "coordinates": [ 136.690845, 36.612747 ] } },
{ "type": "Feature", "properties": { "ID": 1752001, "正式名称": "山中青木二階堂薬局", "機関区分": 5, "都道府県コード": 17, "市区町村コード": 206, "所在地": "石川県加賀市山中温泉塚谷町１丁目１２１番地", "緯度": 36.260029, "経度": 136.367685, "url": "https://www.iryou.teikyouseido.mhlw.go.jp/znk-web/juminkanja/S2430/initialize?prefCd=17&kikanCd=2001&kikanKbn=nan", "url2": "https://www.kusuri-aoki.co.jp/", "内容": "山中青木二階堂薬局0石川県加賀市山中温泉塚谷町１丁目１２１番地" }, "geometry": { "type": "Point", "coordinates": [ 136.367685, 36.260029 ] } },
{ "type": "Feature", "properties": { "ID": 1752004, "正式名称": "えくぼ薬局", "機関区分": 5, "都道府県コード": 17, "市区町村コード": 206, "所在地": "石川県加賀市下河崎町ト１−１", "緯度": 36.306726, "経度": 136.332588, "url": "https://www.iryou.teikyouseido.mhlw.go.jp/znk-web/juminkanja/S2430/initialize?prefCd=17&kikanCd=2004&kikanKbn=nan", "url2": null, "内容": "えくぼ薬局0石川県加賀市下河崎町ト１−１" }, "geometry": { "type": "Point", "coordinates": [ 136.332588, 36.306726 ] } },
{ "type": "Feature", "properties": { "ID": 1752006, "正式名称": "箔山堂作見薬局", "機関区分": 5, "都道府県コード": 17, "市区町村コード": 206, "所在地": "石川県加賀市作見町へ１－１", "緯度": 36.319071, "経度": 136.355725, "url": "https://www.iryou.teikyouseido.mhlw.go.jp/znk-web/juminkanja/S2430/initialize?prefCd=17&kikanCd=2006&kikanKbn=nan", "url2": "https://www.nanzando.co.jp/h_sakumi.html", "内容": "箔山堂作見薬局0石川県加賀市作見町へ１－１" }, "geometry": { "type": "Point", "coordinates": [ 136.355725, 36.319071 ] } },
{ "type": "Feature", "properties": { "ID": 1752007, "正式名称": "加賀いちご薬局", "機関区分": 5, "都道府県コード": 17, "市区町村コード": 206, "所在地": "石川県加賀市作見町", "緯度": 36.316165, "経度": 136.358402, "url": "https://www.iryou.teikyouseido.mhlw.go.jp/znk-web/juminkanja/S2430/initialize?prefCd=17&kikanCd=2007&kikanKbn=nan", "url2": null, "内容": "加賀いちご薬局0石川県加賀市作見町" }, "geometry": { "type": "Point", "coordinates": [ 136.358402, 36.316165 ] } },
{ "type": "Feature", "properties": { "ID": 1752010, "正式名称": "クスリのアオキ山代薬局", "機関区分": 5, "都道府県コード": 17, "市区町村コード": 206, "所在地": "石川県加賀市山代温泉１８５番地１", "緯度": 36.301515, "経度": 136.35944, "url": "https://www.iryou.teikyouseido.mhlw.go.jp/znk-web/juminkanja/S2430/initialize?prefCd=17&kikanCd=2010&kikanKbn=nan", "url2": "https://www.kusuri-aoki.co.jp/", "内容": "クスリのアオキ山代薬局0石川県加賀市山代温泉１８５番地１" }, "geometry": { "type": "Point", "coordinates": [ 136.35944, 36.301515 ] } },
{ "type": "Feature", "properties": { "ID": 1752012, "正式名称": "ササハラ薬局", "機関区分": 5, "都道府県コード": 17, "市区町村コード": 206, "所在地": "石川県加賀市山代温泉桔梗丘２丁目６４番地", "緯度": 36.286968, "経度": 136.357391, "url": "https://www.iryou.teikyouseido.mhlw.go.jp/znk-web/juminkanja/S2430/initialize?prefCd=17&kikanCd=2012&kikanKbn=nan", "url2": null, "内容": "ササハラ薬局0石川県加賀市山代温泉桔梗丘２丁目６４番地" }, "geometry": { "type": "Point", "coordinates": [ 136.357391, 36.286968 ] } },
{ "type": "Feature", "properties": { "ID": 1752015, "正式名称": "なかみち若葉薬局", "機関区分": 5, "都道府県コード": 17, "市区町村コード": 206, "所在地": "石川県加賀市山代温泉", "緯度": 36.295518, "経度": 136.35981, "url": "https://www.iryou.teikyouseido.mhlw.go.jp/znk-web/juminkanja/S2430/initialize?prefCd=17&kikanCd=2015&kikanKbn=nan", "url2": null, "内容": "なかみち若葉薬局0石川県加賀市山代温泉" }, "geometry": { "type": "Point", "coordinates": [ 136.35981, 36.295518 ] } },
{ "type": "Feature", "properties": { "ID": 1752017, "正式名称": "芝蘭薬局", "機関区分": 5, "都道府県コード": 17, "市区町村コード": 206, "所在地": "石川県加賀市大聖寺永町イ１４番地１", "緯度": 36.308243, "経度": 136.320097, "url": "https://www.iryou.teikyouseido.mhlw.go.jp/znk-web/juminkanja/S2430/initialize?prefCd=17&kikanCd=2017&kikanKbn=nan", "url2": null, "内容": "芝蘭薬局0石川県加賀市大聖寺永町イ１４番地１" }, "geometry": { "type": "Point", "coordinates": [ 136.320097, 36.308243 ] } },
{ "type": "Feature", "properties": { "ID": 1752018, "正式名称": "有限会社トラヤ薬局", "機関区分": 5, "都道府県コード": 17, "市区町村コード": 206, "所在地": "石川県加賀市大聖寺越前町３番地", "緯度": 36.304346, "経度": 136.308084, "url": "https://www.iryou.teikyouseido.mhlw.go.jp/znk-web/juminkanja/S2430/initialize?prefCd=17&kikanCd=2018&kikanKbn=nan", "url2": null, "内容": "有限会社トラヤ薬局0石川県加賀市大聖寺越前町３番地" }, "geometry": { "type": "Point", "coordinates": [ 136.308084, 36.304346 ] } },
{ "type": "Feature", "properties": { "ID": 1752021, "正式名称": "クスリのアオキ大聖寺薬局", "機関区分": 5, "都道府県コード": 17, "市区町村コード": 206, "所在地": "石川県加賀市大聖寺耳聞山町８６－８", "緯度": 36.308032, "経度": 136.316496, "url": "https://www.iryou.teikyouseido.mhlw.go.jp/znk-web/juminkanja/S2430/initialize?prefCd=17&kikanCd=2021&kikanKbn=nan", "url2": "http://www.kusuri-aoki.co.jp", "内容": "クスリのアオキ大聖寺薬局0石川県加賀市大聖寺耳聞山町８６－８" }, "geometry": { "type": "Point", "coordinates": [ 136.316496, 36.308032 ] } },
{ "type": "Feature", "properties": { "ID": 1752024, "正式名称": "タバタ薬局", "機関区分": 5, "都道府県コード": 17, "市区町村コード": 206, "所在地": "石川県加賀市大聖寺東横町６７番地の１", "緯度": 36.303185, "経度": 136.3109, "url": "https://www.iryou.teikyouseido.mhlw.go.jp/znk-web/juminkanja/S2430/initialize?prefCd=17&kikanCd=2024&kikanKbn=nan", "url2": null, "内容": "タバタ薬局0石川県加賀市大聖寺東横町６７番地の１" }, "geometry": { "type": "Point", "coordinates": [ 136.3109, 36.303185 ] } },
{ "type": "Feature", "properties": { "ID": 1752025, "正式名称": "トウダ薬局東町店", "機関区分": 5, "都道府県コード": 17, "市区町村コード": 206, "所在地": "石川県加賀市大聖寺東町４丁目２２番地", "緯度": 36.303402, "経度": 136.317171, "url": "https://www.iryou.teikyouseido.mhlw.go.jp/znk-web/juminkanja/S2430/initialize?prefCd=17&kikanCd=2025&kikanKbn=nan", "url2": null, "内容": "トウダ薬局東町店0石川県加賀市大聖寺東町４丁目２２番地" }, "geometry": { "type": "Point", "coordinates": [ 136.317171, 36.303402 ] } },
{ "type": "Feature", "properties": { "ID": 1752029, "正式名称": "大中薬局", "機関区分": 5, "都道府県コード": 17, "市区町村コード": 206, "所在地": "石川県加賀市潮津町　チ１５１", "緯度": 36.345917, "経度": 136.360886, "url": "https://www.iryou.teikyouseido.mhlw.go.jp/znk-web/juminkanja/S2430/initialize?prefCd=17&kikanCd=2029&kikanKbn=nan", "url2": null, "内容": "大中薬局0石川県加賀市潮津町　チ１５１" }, "geometry": { "type": "Point", "coordinates": [ 136.360886, 36.345917 ] } },
{ "type": "Feature", "properties": { "ID": 1752030, "正式名称": "てらだ薬局", "機関区分": 5, "都道府県コード": 17, "市区町村コード": 206, "所在地": "石川県加賀市潮津町ユ１１", "緯度": 36.34957, "経度": 136.361197, "url": "https://www.iryou.teikyouseido.mhlw.go.jp/znk-web/juminkanja/S2430/initialize?prefCd=17&kikanCd=2030&kikanKbn=nan", "url2": null, "内容": "てらだ薬局0石川県加賀市潮津町ユ１１" }, "geometry": { "type": "Point", "coordinates": [ 136.361197, 36.34957 ] } },
{ "type": "Feature", "properties": { "ID": 1752032, "正式名称": "北出薬局", "機関区分": 5, "都道府県コード": 17, "市区町村コード": 206, "所在地": "石川県加賀市動橋町", "緯度": 36.322062, "経度": 136.384562, "url": "https://www.iryou.teikyouseido.mhlw.go.jp/znk-web/juminkanja/S2430/initialize?prefCd=17&kikanCd=2032&kikanKbn=nan", "url2": null, "内容": "北出薬局0石川県加賀市動橋町" }, "geometry": { "type": "Point", "coordinates": [ 136.384562, 36.322062 ] } },
{ "type": "Feature", "properties": { "ID": 1752035, "正式名称": "小林薬局", "機関区分": 5, "都道府県コード": 17, "市区町村コード": 206, "所在地": "石川県加賀市片山津町１４番地４", "緯度": 36.341527, "経度": 136.368393, "url": "https://www.iryou.teikyouseido.mhlw.go.jp/znk-web/juminkanja/S2430/initialize?prefCd=17&kikanCd=2035&kikanKbn=nan", "url2": null, "内容": "小林薬局0石川県加賀市片山津町１４番地４" }, "geometry": { "type": "Point", "coordinates": [ 136.368393, 36.341527 ] } },
{ "type": "Feature", "properties": { "ID": 1752037, "正式名称": "石倉薬局", "機関区分": 5, "都道府県コード": 17, "市区町村コード": 203, "所在地": "石川県小松市粟津町ワ３９ー２", "緯度": 36.330914, "経度": 136.447041, "url": "https://www.iryou.teikyouseido.mhlw.go.jp/znk-web/juminkanja/S2430/initialize?prefCd=17&kikanCd=2037&kikanKbn=nan", "url2": null, "内容": "石倉薬局0石川県小松市粟津町ワ３９ー２" }, "geometry": { "type": "Point", "coordinates": [ 136.447041, 36.330914 ] } },
{ "type": "Feature", "properties": { "ID": 1752040, "正式名称": "クスリのアオキ園町薬局", "機関区分": 5, "都道府県コード": 17, "市区町村コード": 203, "所在地": "石川県小松市園町ホ１０７－３", "緯度": 36.408238, "経度": 136.458594, "url": "https://www.iryou.teikyouseido.mhlw.go.jp/znk-web/juminkanja/S2430/initialize?prefCd=17&kikanCd=2040&kikanKbn=nan", "url2": "https://www.kusuri-aoki.co.jp/", "内容": "クスリのアオキ園町薬局0石川県小松市園町ホ１０７－３" }, "geometry": { "type": "Point", "coordinates": [ 136.458594, 36.408238 ] } },
{ "type": "Feature", "properties": { "ID": 1752041, "正式名称": "小松ゆうゆう薬局", "機関区分": 5, "都道府県コード": 17, "市区町村コード": 203, "所在地": "石川県小松市園町園町ホ９７−３", "緯度": 36.407949, "経度": 136.460307, "url": "https://www.iryou.teikyouseido.mhlw.go.jp/znk-web/juminkanja/S2430/initialize?prefCd=17&kikanCd=2041&kikanKbn=nan", "url2": "http://www.youyu-p.com/", "内容": "小松ゆうゆう薬局0石川県小松市園町園町ホ９７−３" }, "geometry": { "type": "Point", "coordinates": [ 136.460307, 36.407949 ] } },
{ "type": "Feature", "properties": { "ID": 1752042, "正式名称": "小馬出あおぞら薬局", "機関区分": 5, "都道府県コード": 17, "市区町村コード": 203, "所在地": "石川県小松市京町５４番地２", "緯度": 36.406214, "経度": 136.448031, "url": "https://www.iryou.teikyouseido.mhlw.go.jp/znk-web/juminkanja/S2430/initialize?prefCd=17&kikanCd=2042&kikanKbn=nan", "url2": "http://www.granpharma.co.jp/", "内容": "小馬出あおぞら薬局0石川県小松市京町５４番地２" }, "geometry": { "type": "Point", "coordinates": [ 136.448031, 36.406214 ] } },
{ "type": "Feature", "properties": { "ID": 1752043, "正式名称": "まるぶん薬局", "機関区分": 5, "都道府県コード": 17, "市区町村コード": 203, "所在地": "石川県小松市錦町３９", "緯度": 36.398116, "経度": 136.445963, "url": "https://www.iryou.teikyouseido.mhlw.go.jp/znk-web/juminkanja/S2430/initialize?prefCd=17&kikanCd=2043&kikanKbn=nan", "url2": null, "内容": "まるぶん薬局0石川県小松市錦町３９" }, "geometry": { "type": "Point", "coordinates": [ 136.445963, 36.398116 ] } },
{ "type": "Feature", "properties": { "ID": 1752044, "正式名称": "箔山堂薬局", "機関区分": 5, "都道府県コード": 17, "市区町村コード": 203, "所在地": "石川県小松市串町東５０−１", "緯度": 36.368153, "経度": 136.427144, "url": "https://www.iryou.teikyouseido.mhlw.go.jp/znk-web/juminkanja/S2430/initialize?prefCd=17&kikanCd=2044&kikanKbn=nan", "url2": "http://www.nanzando.co.jp", "内容": "箔山堂薬局0石川県小松市串町東５０−１" }, "geometry": { "type": "Point", "coordinates": [ 136.427144, 36.368153 ] } },
{ "type": "Feature", "properties": { "ID": 1752047, "正式名称": "一般社団法人　小松能美薬剤師会　小松会営薬局", "機関区分": 5, "都道府県コード": 17, "市区町村コード": 203, "所在地": "石川県小松市向本折町", "緯度": 36.399116, "経度": 136.44085, "url": "https://www.iryou.teikyouseido.mhlw.go.jp/znk-web/juminkanja/S2430/initialize?prefCd=17&kikanCd=2047&kikanKbn=nan", "url2": null, "内容": "一般社団法人　小松能美薬剤師会　小松会営薬局0石川県小松市向本折町" }, "geometry": { "type": "Point", "coordinates": [ 136.44085, 36.399116 ] } },
{ "type": "Feature", "properties": { "ID": 1752048, "正式名称": "小松あおぞら薬局", "機関区分": 5, "都道府県コード": 17, "市区町村コード": 203, "所在地": "石川県小松市向本折町ホ８１番地１", "緯度": 36.399347, "経度": 136.440258, "url": "https://www.iryou.teikyouseido.mhlw.go.jp/znk-web/juminkanja/S2430/initialize?prefCd=17&kikanCd=2048&kikanKbn=nan", "url2": "http://www.granpharma.co.jp/", "内容": "小松あおぞら薬局0石川県小松市向本折町ホ８１番地１" }, "geometry": { "type": "Point", "coordinates": [ 136.440258, 36.399347 ] } },
{ "type": "Feature", "properties": { "ID": 1752049, "正式名称": "箔山堂向本折薬局", "機関区分": 5, "都道府県コード": 17, "市区町村コード": 203, "所在地": "石川県小松市向本折町午２９０－１", "緯度": 36.392676, "経度": 136.44631, "url": "https://www.iryou.teikyouseido.mhlw.go.jp/znk-web/juminkanja/S2430/initialize?prefCd=17&kikanCd=2049&kikanKbn=nan", "url2": "http://www.nanzando.co.jp/", "内容": "箔山堂向本折薬局0石川県小松市向本折町午２９０－１" }, "geometry": { "type": "Point", "coordinates": [ 136.44631, 36.392676 ] } },
{ "type": "Feature", "properties": { "ID": 1752051, "正式名称": "箔山堂今江薬局", "機関区分": 5, "都道府県コード": 17, "市区町村コード": 203, "所在地": "石川県小松市今江町８丁目２４０番地", "緯度": 36.377338, "経度": 136.432399, "url": "https://www.iryou.teikyouseido.mhlw.go.jp/znk-web/juminkanja/S2430/initialize?prefCd=17&kikanCd=2051&kikanKbn=nan", "url2": "http://www.nanzando.co.jp", "内容": "箔山堂今江薬局0石川県小松市今江町８丁目２４０番地" }, "geometry": { "type": "Point", "coordinates": [ 136.432399, 36.377338 ] } },
{ "type": "Feature", "properties": { "ID": 1752053, "正式名称": "アルプ薬局若杉店", "機関区分": 5, "都道府県コード": 17, "市区町村コード": 203, "所在地": "石川県小松市若杉町３−３１", "緯度": 36.396657, "経度": 136.478509, "url": "https://www.iryou.teikyouseido.mhlw.go.jp/znk-web/juminkanja/S2430/initialize?prefCd=17&kikanCd=2053&kikanKbn=nan", "url2": "http://www.alp-grp.jp/", "内容": "アルプ薬局若杉店0石川県小松市若杉町３−３１" }, "geometry": { "type": "Point", "coordinates": [ 136.478509, 36.396657 ] } },
{ "type": "Feature", "properties": { "ID": 1752057, "正式名称": "あさい薬局", "機関区分": 5, "都道府県コード": 17, "市区町村コード": 203, "所在地": "石川県小松市埴田町乙４３", "緯度": 36.406907, "経度": 136.514257, "url": "https://www.iryou.teikyouseido.mhlw.go.jp/znk-web/juminkanja/S2430/initialize?prefCd=17&kikanCd=2057&kikanKbn=nan", "url2": null, "内容": "あさい薬局0石川県小松市埴田町乙４３" }, "geometry": { "type": "Point", "coordinates": [ 136.514257, 36.406907 ] } },
{ "type": "Feature", "properties": { "ID": 1752063, "正式名称": "クローバー薬局", "機関区分": 5, "都道府県コード": 17, "市区町村コード": 203, "所在地": "石川県小松市大領町ロ７７番地２", "緯度": 36.386951, "経度": 136.448272, "url": "https://www.iryou.teikyouseido.mhlw.go.jp/znk-web/juminkanja/S2430/initialize?prefCd=17&kikanCd=2063&kikanKbn=nan", "url2": "http://www.e-classa.net./clover-yakkyoku/", "内容": "クローバー薬局0石川県小松市大領町ロ７７番地２" }, "geometry": { "type": "Point", "coordinates": [ 136.448272, 36.386951 ] } },
{ "type": "Feature", "properties": { "ID": 1752067, "正式名称": "アン薬局", "機関区分": 5, "都道府県コード": 17, "市区町村コード": 203, "所在地": "石川県小松市日の出町１丁目１６０番地", "緯度": 36.400646, "経度": 136.455431, "url": "https://www.iryou.teikyouseido.mhlw.go.jp/znk-web/juminkanja/S2430/initialize?prefCd=17&kikanCd=2067&kikanKbn=nan", "url2": null, "内容": "アン薬局0石川県小松市日の出町１丁目１６０番地" }, "geometry": { "type": "Point", "coordinates": [ 136.455431, 36.400646 ] } },
{ "type": "Feature", "properties": { "ID": 1752068, "正式名称": "カツキ薬局　糸町店", "機関区分": 5, "都道府県コード": 17, "市区町村コード": 203, "所在地": "石川県小松市白江町", "緯度": 36.402389, "経度": 136.473783, "url": "https://www.iryou.teikyouseido.mhlw.go.jp/znk-web/juminkanja/S2430/initialize?prefCd=17&kikanCd=2068&kikanKbn=nan", "url2": "http://www.katsuki-p.com/", "内容": "カツキ薬局　糸町店0石川県小松市白江町" }, "geometry": { "type": "Point", "coordinates": [ 136.473783, 36.402389 ] } },
{ "type": "Feature", "properties": { "ID": 1752069, "正式名称": "やわたたんぽぽ薬局", "機関区分": 5, "都道府県コード": 17, "市区町村コード": 203, "所在地": "石川県小松市八幡イ８－６", "緯度": 36.391099, "経度": 136.491657, "url": "https://www.iryou.teikyouseido.mhlw.go.jp/znk-web/juminkanja/S2430/initialize?prefCd=17&kikanCd=2069&kikanKbn=nan", "url2": "http://www.tanpopo-ph.co.jp", "内容": "やわたたんぽぽ薬局0石川県小松市八幡イ８－６" }, "geometry": { "type": "Point", "coordinates": [ 136.491657, 36.391099 ] } },
{ "type": "Feature", "properties": { "ID": 1752071, "正式名称": "クスリのアオキ北浅井薬局", "機関区分": 5, "都道府県コード": 17, "市区町村コード": 203, "所在地": "石川県小松市北浅井町ち２６番地１", "緯度": 36.388736, "経度": 136.456965, "url": "https://www.iryou.teikyouseido.mhlw.go.jp/znk-web/juminkanja/S2430/initialize?prefCd=17&kikanCd=2071&kikanKbn=nan", "url2": "https.//www.kusuri-aoki.co.jp/search/map.php", "内容": "クスリのアオキ北浅井薬局0石川県小松市北浅井町ち２６番地１" }, "geometry": { "type": "Point", "coordinates": [ 136.456965, 36.388736 ] } },
{ "type": "Feature", "properties": { "ID": 1752072, "正式名称": "箔山堂北浅井薬局", "機関区分": 5, "都道府県コード": 17, "市区町村コード": 203, "所在地": "石川県小松市北浅井町ハ５０ー１", "緯度": 36.388536, "経度": 136.45979, "url": "https://www.iryou.teikyouseido.mhlw.go.jp/znk-web/juminkanja/S2430/initialize?prefCd=17&kikanCd=2072&kikanKbn=nan", "url2": "http://www.nanzando.co.jp/h_kitaasai.html", "内容": "箔山堂北浅井薬局0石川県小松市北浅井町ハ５０ー１" }, "geometry": { "type": "Point", "coordinates": [ 136.45979, 36.388536 ] } },
{ "type": "Feature", "properties": { "ID": 1752074, "正式名称": "いちご薬局", "機関区分": 5, "都道府県コード": 17, "市区町村コード": 203, "所在地": "石川県小松市矢田野町ヲ５５－１", "緯度": 36.350287, "経度": 136.422526, "url": "https://www.iryou.teikyouseido.mhlw.go.jp/znk-web/juminkanja/S2430/initialize?prefCd=17&kikanCd=2074&kikanKbn=nan", "url2": null, "内容": "いちご薬局0石川県小松市矢田野町ヲ５５－１" }, "geometry": { "type": "Point", "coordinates": [ 136.422526, 36.350287 ] } },
{ "type": "Feature", "properties": { "ID": 1752075, "正式名称": "勝木薬局", "機関区分": 5, "都道府県コード": 17, "市区町村コード": 203, "所在地": "石川県小松市龍助町８５", "緯度": 36.40388, "経度": 136.448787, "url": "https://www.iryou.teikyouseido.mhlw.go.jp/znk-web/juminkanja/S2430/initialize?prefCd=17&kikanCd=2075&kikanKbn=nan", "url2": "http://www.katsuki-p.com/", "内容": "勝木薬局0石川県小松市龍助町８５" }, "geometry": { "type": "Point", "coordinates": [ 136.448787, 36.40388 ] } },
{ "type": "Feature", "properties": { "ID": 1752078, "正式名称": "しいの木薬局", "機関区分": 5, "都道府県コード": 17, "市区町村コード": 211, "所在地": "石川県能美市寺井町ウ８２番地", "緯度": 36.438731, "経度": 136.489642, "url": "https://www.iryou.teikyouseido.mhlw.go.jp/znk-web/juminkanja/S2430/initialize?prefCd=17&kikanCd=2078&kikanKbn=nan", "url2": "http://nanohana-pharmacy.com/", "内容": "しいの木薬局0石川県能美市寺井町ウ８２番地" }, "geometry": { "type": "Point", "coordinates": [ 136.489642, 36.438731 ] } },
{ "type": "Feature", "properties": { "ID": 1752079, "正式名称": "クスリのアオキ寺井薬局", "機関区分": 5, "都道府県コード": 17, "市区町村コード": 211, "所在地": "石川県能美市寺井町ロ９０番１", "緯度": 36.443495, "経度": 136.490106, "url": "https://www.iryou.teikyouseido.mhlw.go.jp/znk-web/juminkanja/S2430/initialize?prefCd=17&kikanCd=2079&kikanKbn=nan", "url2": "http://www.kusuri-aoki.co.jp", "内容": "クスリのアオキ寺井薬局0石川県能美市寺井町ロ９０番１" }, "geometry": { "type": "Point", "coordinates": [ 136.490106, 36.443495 ] } },
{ "type": "Feature", "properties": { "ID": 1752081, "正式名称": "サンライト薬局", "機関区分": 5, "都道府県コード": 17, "市区町村コード": 211, "所在地": "石川県能美市西二口町丙２９", "緯度": 36.448246, "経度": 136.468754, "url": "https://www.iryou.teikyouseido.mhlw.go.jp/znk-web/juminkanja/S2430/initialize?prefCd=17&kikanCd=2081&kikanKbn=nan", "url2": "http://accesslife.co.jp/", "内容": "サンライト薬局0石川県能美市西二口町丙２９" }, "geometry": { "type": "Point", "coordinates": [ 136.468754, 36.448246 ] } },
{ "type": "Feature", "properties": { "ID": 1752083, "正式名称": "根上薬局", "機関区分": 5, "都道府県コード": 17, "市区町村コード": 211, "所在地": "石川県能美市大成町ヌ２番地", "緯度": 36.449344, "経度": 136.460441, "url": "https://www.iryou.teikyouseido.mhlw.go.jp/znk-web/juminkanja/S2430/initialize?prefCd=17&kikanCd=2083&kikanKbn=nan", "url2": null, "内容": "根上薬局0石川県能美市大成町ヌ２番地" }, "geometry": { "type": "Point", "coordinates": [ 136.460441, 36.449344 ] } },
{ "type": "Feature", "properties": { "ID": 1753001, "正式名称": "今村薬局", "機関区分": 5, "都道府県コード": 17, "市区町村コード": 209, "所在地": "石川県かほく市宇野気チ７６", "緯度": 36.721222, "経度": 136.702795, "url": "https://www.iryou.teikyouseido.mhlw.go.jp/znk-web/juminkanja/S2430/initialize?prefCd=17&kikanCd=3001&kikanKbn=nan", "url2": null, "内容": "今村薬局0石川県かほく市宇野気チ７６" }, "geometry": { "type": "Point", "coordinates": [ 136.702795, 36.721222 ] } },
{ "type": "Feature", "properties": { "ID": 1753003, "正式名称": "きくのや薬局", "機関区分": 5, "都道府県コード": 17, "市区町村コード": 209, "所在地": "石川県かほく市外日角二７１−１", "緯度": 36.723854, "経度": 136.693836, "url": "https://www.iryou.teikyouseido.mhlw.go.jp/znk-web/juminkanja/S2430/initialize?prefCd=17&kikanCd=3003&kikanKbn=nan", "url2": null, "内容": "きくのや薬局0石川県かほく市外日角二７１−１" }, "geometry": { "type": "Point", "coordinates": [ 136.693836, 36.723854 ] } },
{ "type": "Feature", "properties": { "ID": 1753004, "正式名称": "イオン薬局かほく店", "機関区分": 5, "都道府県コード": 17, "市区町村コード": 209, "所在地": "石川県かほく市内日角タ２５番", "緯度": 36.709078, "経度": 136.701069, "url": "https://www.iryou.teikyouseido.mhlw.go.jp/znk-web/juminkanja/S2430/initialize?prefCd=17&kikanCd=3004&kikanKbn=nan", "url2": "www.aeon.jp/kahoku/", "内容": "イオン薬局かほく店0石川県かほく市内日角タ２５番" }, "geometry": { "type": "Point", "coordinates": [ 136.701069, 36.709078 ] } },
{ "type": "Feature", "properties": { "ID": 1753005, "正式名称": "にわ薬局", "機関区分": 5, "都道府県コード": 17, "市区町村コード": 209, "所在地": "石川県かほく市高松ク２７－２", "緯度": 36.768708, "経度": 136.721152, "url": "https://www.iryou.teikyouseido.mhlw.go.jp/znk-web/juminkanja/S2430/initialize?prefCd=17&kikanCd=3005&kikanKbn=nan", "url2": null, "内容": "にわ薬局0石川県かほく市高松ク２７－２" }, "geometry": { "type": "Point", "coordinates": [ 136.721152, 36.768708 ] } },
{ "type": "Feature", "properties": { "ID": 1753008, "正式名称": "ナカヤ薬局", "機関区分": 5, "都道府県コード": 17, "市区町村コード": 209, "所在地": "石川県かほく市内高松コ４１−２", "緯度": 36.769834, "経度": 136.730577, "url": "https://www.iryou.teikyouseido.mhlw.go.jp/znk-web/juminkanja/S2430/initialize?prefCd=17&kikanCd=3008&kikanKbn=nan", "url2": null, "内容": "ナカヤ薬局0石川県かほく市内高松コ４１−２" }, "geometry": { "type": "Point", "coordinates": [ 136.730577, 36.769834 ] } },
{ "type": "Feature", "properties": { "ID": 1753009, "正式名称": "アルプ薬局高松店", "機関区分": 5, "都道府県コード": 17, "市区町村コード": 209, "所在地": "石川県かほく市二ツ屋ツ４６−５", "緯度": 36.784237, "経度": 136.738447, "url": "https://www.iryou.teikyouseido.mhlw.go.jp/znk-web/juminkanja/S2430/initialize?prefCd=17&kikanCd=3009&kikanKbn=nan", "url2": "http://www.alp-grp.jp/", "内容": "アルプ薬局高松店0石川県かほく市二ツ屋ツ４６−５" }, "geometry": { "type": "Point", "coordinates": [ 136.738447, 36.784237 ] } },
{ "type": "Feature", "properties": { "ID": 1753011, "正式名称": "みやざき薬局", "機関区分": 5, "都道府県コード": 17, "市区町村コード": 209, "所在地": "石川県かほく市浜北", "緯度": 36.733209, "経度": 136.699158, "url": "https://www.iryou.teikyouseido.mhlw.go.jp/znk-web/juminkanja/S2430/initialize?prefCd=17&kikanCd=3011&kikanKbn=nan", "url2": null, "内容": "みやざき薬局0石川県かほく市浜北" }, "geometry": { "type": "Point", "coordinates": [ 136.699158, 36.733209 ] } },
{ "type": "Feature", "properties": { "ID": 1753012, "正式名称": "クスリのアオキ津幡薬局", "機関区分": 5, "都道府県コード": 17, "市区町村コード": 361, "所在地": "石川県河北郡津幡町字横浜へ３１−１", "緯度": 36.66561, "経度": 136.727947, "url": "https://www.iryou.teikyouseido.mhlw.go.jp/znk-web/juminkanja/S2430/initialize?prefCd=17&kikanCd=3012&kikanKbn=nan", "url2": "https://www.kusuri-aoki.co.jp/", "内容": "クスリのアオキ津幡薬局0石川県河北郡津幡町字横浜へ３１−１" }, "geometry": { "type": "Point", "coordinates": [ 136.727947, 36.66561 ] } },
{ "type": "Feature", "properties": { "ID": 1753013, "正式名称": "津幡あおぞら薬局", "機関区分": 5, "都道府県コード": 17, "市区町村コード": 361, "所在地": "石川県河北郡津幡町字横浜へ３５－１", "緯度": 36.665347, "経度": 136.728665, "url": "https://www.iryou.teikyouseido.mhlw.go.jp/znk-web/juminkanja/S2430/initialize?prefCd=17&kikanCd=3013&kikanKbn=nan", "url2": "http://www.granpharma.co.jp/", "内容": "津幡あおぞら薬局0石川県河北郡津幡町字横浜へ３５－１" }, "geometry": { "type": "Point", "coordinates": [ 136.728665, 36.665347 ] } },
{ "type": "Feature", "properties": { "ID": 1753014, "正式名称": "有限会社　西島薬局", "機関区分": 5, "都道府県コード": 17, "市区町村コード": 361, "所在地": "石川県河北郡津幡町加賀爪ホ６０", "緯度": 36.671295, "経度": 136.733783, "url": "https://www.iryou.teikyouseido.mhlw.go.jp/znk-web/juminkanja/S2430/initialize?prefCd=17&kikanCd=3014&kikanKbn=nan", "url2": "https://nishijima-pharmacy.jimdosite.com", "内容": "有限会社　西島薬局0石川県河北郡津幡町加賀爪ホ６０" }, "geometry": { "type": "Point", "coordinates": [ 136.733783, 36.671295 ] } },
{ "type": "Feature", "properties": { "ID": 1753015, "正式名称": "瑠璃光薬局", "機関区分": 5, "都道府県コード": 17, "市区町村コード": 361, "所在地": "石川県河北郡津幡町字津幡ロ１４３番地２", "緯度": 36.670611, "経度": 136.737227, "url": "https://www.iryou.teikyouseido.mhlw.go.jp/znk-web/juminkanja/S2430/initialize?prefCd=17&kikanCd=3015&kikanKbn=nan", "url2": "http://rurikou.jp/index.html", "内容": "瑠璃光薬局0石川県河北郡津幡町字津幡ロ１４３番地２" }, "geometry": { "type": "Point", "coordinates": [ 136.737227, 36.670611 ] } },
{ "type": "Feature", "properties": { "ID": 1753016, "正式名称": "中村栄安堂薬局", "機関区分": 5, "都道府県コード": 17, "市区町村コード": 361, "所在地": "石川県河北郡津幡町清水イの１３９", "緯度": 36.671855, "経度": 136.73431, "url": "https://www.iryou.teikyouseido.mhlw.go.jp/znk-web/juminkanja/S2430/initialize?prefCd=17&kikanCd=3016&kikanKbn=nan", "url2": null, "内容": "中村栄安堂薬局0石川県河北郡津幡町清水イの１３９" }, "geometry": { "type": "Point", "coordinates": [ 136.73431, 36.671855 ] } },
{ "type": "Feature", "properties": { "ID": 1753019, "正式名称": "さくら薬局　河北内灘店", "機関区分": 5, "都道府県コード": 17, "市区町村コード": 365, "所在地": "石川県河北郡内灘町大学１－１－６　サンライズビル", "緯度": 36.657592, "経度": 136.64855, "url": "https://www.iryou.teikyouseido.mhlw.go.jp/znk-web/juminkanja/S2430/initialize?prefCd=17&kikanCd=3019&kikanKbn=nan", "url2": "http://www.kraft-net.co.jp/store/3359/", "内容": "さくら薬局　河北内灘店0石川県河北郡内灘町大学１－１－６　サンライズビル" }, "geometry": { "type": "Point", "coordinates": [ 136.64855, 36.657592 ] } },
{ "type": "Feature", "properties": { "ID": 1753020, "正式名称": "キリン堂薬局金沢医科大店", "機関区分": 5, "都道府県コード": 17, "市区町村コード": 365, "所在地": "石川県河北郡内灘町大学１－１敷地内薬局棟", "緯度": 36.657592, "経度": 136.64855, "url": "https://www.iryou.teikyouseido.mhlw.go.jp/znk-web/juminkanja/S2430/initialize?prefCd=17&kikanCd=3020&kikanKbn=nan", "url2": "https://www.kirindo-shop.com/manage/shop/RX0521.html", "内容": "キリン堂薬局金沢医科大店0石川県河北郡内灘町大学１－１敷地内薬局棟" }, "geometry": { "type": "Point", "coordinates": [ 136.64855, 36.657592 ] } },
{ "type": "Feature", "properties": { "ID": 1753024, "正式名称": "アルプ薬局内灘店", "機関区分": 5, "都道府県コード": 17, "市区町村コード": 365, "所在地": "石川県河北郡内灘町鶴ケ丘３丁目１５番地２", "緯度": 36.641885, "経度": 136.639691, "url": "https://www.iryou.teikyouseido.mhlw.go.jp/znk-web/juminkanja/S2430/initialize?prefCd=17&kikanCd=3024&kikanKbn=nan", "url2": "http://www.alp-grp.jp/", "内容": "アルプ薬局内灘店0石川県河北郡内灘町鶴ケ丘３丁目１５番地２" }, "geometry": { "type": "Point", "coordinates": [ 136.639691, 36.641885 ] } },
{ "type": "Feature", "properties": { "ID": 1753025, "正式名称": "押野あおぞら薬局", "機関区分": 5, "都道府県コード": 17, "市区町村コード": 212, "所在地": "石川県野々市市押野６丁目１７４", "緯度": 36.544585, "経度": 136.618609, "url": "https://www.iryou.teikyouseido.mhlw.go.jp/znk-web/juminkanja/S2430/initialize?prefCd=17&kikanCd=3025&kikanKbn=nan", "url2": "http://www.granpharma.co.jp/", "内容": "押野あおぞら薬局0石川県野々市市押野６丁目１７４" }, "geometry": { "type": "Point", "coordinates": [ 136.618609, 36.544585 ] } },
{ "type": "Feature", "properties": { "ID": 1753026, "正式名称": "キリン堂押野薬局", "機関区分": 5, "都道府県コード": 17, "市区町村コード": 212, "所在地": "石川県野々市市押野６−６２", "緯度": 36.54589, "経度": 136.617695, "url": "https://www.iryou.teikyouseido.mhlw.go.jp/znk-web/juminkanja/S2430/initialize?prefCd=17&kikanCd=3026&kikanKbn=nan", "url2": "http://www.kirindo.co.jp/", "内容": "キリン堂押野薬局0石川県野々市市押野６−６２" }, "geometry": { "type": "Point", "coordinates": [ 136.617695, 36.54589 ] } },
{ "type": "Feature", "properties": { "ID": 1753027, "正式名称": "横宮町あおば薬局", "機関区分": 5, "都道府県コード": 17, "市区町村コード": 212, "所在地": "石川県　野々市市　横宮町６７−１", "緯度": 36.53542, "経度": 136.616589, "url": "https://www.iryou.teikyouseido.mhlw.go.jp/znk-web/juminkanja/S2430/initialize?prefCd=17&kikanCd=3027&kikanKbn=nan", "url2": "http://www.add-vantage.jp", "内容": "横宮町あおば薬局0石川県　野々市市　横宮町６７−１" }, "geometry": { "type": "Point", "coordinates": [ 136.616589, 36.53542 ] } },
{ "type": "Feature", "properties": { "ID": 1753030, "正式名称": "御経塚みらい薬局", "機関区分": 5, "都道府県コード": 17, "市区町村コード": 212, "所在地": "石川県野々市市御経塚２丁目２７１", "緯度": 36.54749, "経度": 136.595721, "url": "https://www.iryou.teikyouseido.mhlw.go.jp/znk-web/juminkanja/S2430/initialize?prefCd=17&kikanCd=3030&kikanKbn=nan", "url2": "http://mirai-pharmacy.com/", "内容": "御経塚みらい薬局0石川県野々市市御経塚２丁目２７１" }, "geometry": { "type": "Point", "coordinates": [ 136.595721, 36.54749 ] } },
{ "type": "Feature", "properties": { "ID": 1753031, "正式名称": "サンライトなかよし薬局　野々市店", "機関区分": 5, "都道府県コード": 17, "市区町村コード": 212, "所在地": "石川県野々市市上林４−５１０", "緯度": 36.506002, "経度": 136.606474, "url": "https://www.iryou.teikyouseido.mhlw.go.jp/znk-web/juminkanja/S2430/initialize?prefCd=17&kikanCd=3031&kikanKbn=nan", "url2": "http://www.accesslife.co.jp/", "内容": "サンライトなかよし薬局　野々市店0石川県野々市市上林４−５１０" }, "geometry": { "type": "Point", "coordinates": [ 136.606474, 36.506002 ] } },
{ "type": "Feature", "properties": { "ID": 1753032, "正式名称": "上林あおば薬局", "機関区分": 5, "都道府県コード": 17, "市区町村コード": 212, "所在地": "石川県野々市市上林４−６５０", "緯度": 36.504402, "経度": 136.606005, "url": "https://www.iryou.teikyouseido.mhlw.go.jp/znk-web/juminkanja/S2430/initialize?prefCd=17&kikanCd=3032&kikanKbn=nan", "url2": "http://www.add-vantage.jp", "内容": "上林あおば薬局0石川県野々市市上林４−６５０" }, "geometry": { "type": "Point", "coordinates": [ 136.606005, 36.504402 ] } },
{ "type": "Feature", "properties": { "ID": 1753033, "正式名称": "イオン薬局野々市南店", "機関区分": 5, "都道府県コード": 17, "市区町村コード": 212, "所在地": "石川県野々市市上林４丁目７４７番地", "緯度": 36.502578, "経度": 136.605436, "url": "https://www.iryou.teikyouseido.mhlw.go.jp/znk-web/juminkanja/S2430/initialize?prefCd=17&kikanCd=3033&kikanKbn=nan", "url2": null, "内容": "イオン薬局野々市南店0石川県野々市市上林４丁目７４７番地" }, "geometry": { "type": "Point", "coordinates": [ 136.605436, 36.502578 ] } },
{ "type": "Feature", "properties": { "ID": 1753035, "正式名称": "中森全快堂新庄薬局", "機関区分": 5, "都道府県コード": 17, "市区町村コード": 212, "所在地": "石川県野々市市新庄５丁目１０３番地", "緯度": 36.506053, "経度": 136.609567, "url": "https://www.iryou.teikyouseido.mhlw.go.jp/znk-web/juminkanja/S2430/initialize?prefCd=17&kikanCd=3035&kikanKbn=nan", "url2": "http://www.zenkaido.jp/", "内容": "中森全快堂新庄薬局0石川県野々市市新庄５丁目１０３番地" }, "geometry": { "type": "Point", "coordinates": [ 136.609567, 36.506053 ] } },
{ "type": "Feature", "properties": { "ID": 1753036, "正式名称": "クスリのアオキ扇が丘薬局", "機関区分": 5, "都道府県コード": 17, "市区町村コード": 212, "所在地": "石川県野々市市扇が丘３４−６", "緯度": 36.525637, "経度": 136.623736, "url": "https://www.iryou.teikyouseido.mhlw.go.jp/znk-web/juminkanja/S2430/initialize?prefCd=17&kikanCd=3036&kikanKbn=nan", "url2": "https://www.kusuri-aoki.co.jp/", "内容": "クスリのアオキ扇が丘薬局0石川県野々市市扇が丘３４−６" }, "geometry": { "type": "Point", "coordinates": [ 136.623736, 36.525637 ] } },
{ "type": "Feature", "properties": { "ID": 1753040, "正式名称": "中森全快堂白山町薬局", "機関区分": 5, "都道府県コード": 17, "市区町村コード": 212, "所在地": "石川県野々市市白山町６−７", "緯度": 36.527763, "経度": 136.612678, "url": "https://www.iryou.teikyouseido.mhlw.go.jp/znk-web/juminkanja/S2430/initialize?prefCd=17&kikanCd=3040&kikanKbn=nan", "url2": "http://www.zenkaido.jp/index.html", "内容": "中森全快堂白山町薬局0石川県野々市市白山町６−７" }, "geometry": { "type": "Point", "coordinates": [ 136.612678, 36.527763 ] } },
{ "type": "Feature", "properties": { "ID": 1753042, "正式名称": "野々市三納コメヤ薬局", "機関区分": 5, "都道府県コード": 17, "市区町村コード": 212, "所在地": "石川県野々市市三納２丁目１５５番地", "緯度": 36.522208, "経度": 136.608711, "url": "https://www.iryou.teikyouseido.mhlw.go.jp/znk-web/juminkanja/S2430/initialize?prefCd=17&kikanCd=3042&kikanKbn=nan", "url2": "http://komeya-drug.com", "内容": "野々市三納コメヤ薬局0石川県野々市市三納２丁目１５５番地" }, "geometry": { "type": "Point", "coordinates": [ 136.608711, 36.522208 ] } },
{ "type": "Feature", "properties": { "ID": 1753043, "正式名称": "コメヤ薬局安養寺店", "機関区分": 5, "都道府県コード": 17, "市区町村コード": 210, "所在地": "石川県白山市安養寺町ロ３－１", "緯度": 36.493259, "経度": 136.598361, "url": "https://www.iryou.teikyouseido.mhlw.go.jp/znk-web/juminkanja/S2430/initialize?prefCd=17&kikanCd=3043&kikanKbn=nan", "url2": "http://www.myph.jp/komeya_drug/pc/pharmacy.html", "内容": "コメヤ薬局安養寺店0石川県白山市安養寺町ロ３－１" }, "geometry": { "type": "Point", "coordinates": [ 136.598361, 36.493259 ] } },
{ "type": "Feature", "properties": { "ID": 1753045, "正式名称": "美川らいふ薬局", "機関区分": 5, "都道府県コード": 17, "市区町村コード": 210, "所在地": "石川県白山市井関町１１５−２", "緯度": 36.492543, "経度": 136.501538, "url": "https://www.iryou.teikyouseido.mhlw.go.jp/znk-web/juminkanja/S2430/initialize?prefCd=17&kikanCd=3045&kikanKbn=nan", "url2": "https://hokuriku-qol.jp/", "内容": "美川らいふ薬局0石川県白山市井関町１１５−２" }, "geometry": { "type": "Point", "coordinates": [ 136.501538, 36.492543 ] } },
{ "type": "Feature", "properties": { "ID": 1753046, "正式名称": "かわちコメヤ薬局", "機関区分": 5, "都道府県コード": 17, "市区町村コード": 210, "所在地": "石川県白山市河内町きりの里６４番地", "緯度": 36.390525, "経度": 136.616347, "url": "https://www.iryou.teikyouseido.mhlw.go.jp/znk-web/juminkanja/S2430/initialize?prefCd=17&kikanCd=3046&kikanKbn=nan", "url2": "https://komeya-drug.com", "内容": "かわちコメヤ薬局0石川県白山市河内町きりの里６４番地" }, "geometry": { "type": "Point", "coordinates": [ 136.616347, 36.390525 ] } },
{ "type": "Feature", "properties": { "ID": 1753047, "正式名称": "月橋コメヤ薬局", "機関区分": 5, "都道府県コード": 17, "市区町村コード": 210, "所在地": "石川県白山市月橋町４１４", "緯度": 36.466276, "経度": 136.619384, "url": "https://www.iryou.teikyouseido.mhlw.go.jp/znk-web/juminkanja/S2430/initialize?prefCd=17&kikanCd=3047&kikanKbn=nan", "url2": "http://www.myph.jp/komeya_drug/pc/pharmacy.html", "内容": "月橋コメヤ薬局0石川県白山市月橋町４１４" }, "geometry": { "type": "Point", "coordinates": [ 136.619384, 36.466276 ] } },
{ "type": "Feature", "properties": { "ID": 1753048, "正式名称": "シメノドラッグ鶴来薬局", "機関区分": 5, "都道府県コード": 17, "市区町村コード": 210, "所在地": "石川県白山市月橋町７０５番１", "緯度": 36.45605, "経度": 136.618776, "url": "https://www.iryou.teikyouseido.mhlw.go.jp/znk-web/juminkanja/S2430/initialize?prefCd=17&kikanCd=3048&kikanKbn=nan", "url2": null, "内容": "シメノドラッグ鶴来薬局0石川県白山市月橋町７０５番１" }, "geometry": { "type": "Point", "coordinates": [ 136.618776, 36.45605 ] } },
{ "type": "Feature", "properties": { "ID": 1753049, "正式名称": "月橋ゆうゆう薬局", "機関区分": 5, "都道府県コード": 17, "市区町村コード": 210, "所在地": "石川県白山市月橋町７２１－２", "緯度": 36.455391, "経度": 136.617576, "url": "https://www.iryou.teikyouseido.mhlw.go.jp/znk-web/juminkanja/S2430/initialize?prefCd=17&kikanCd=3049&kikanKbn=nan", "url2": "https://youyu-p.com/", "内容": "月橋ゆうゆう薬局0石川県白山市月橋町７２１－２" }, "geometry": { "type": "Point", "coordinates": [ 136.617576, 36.455391 ] } },
{ "type": "Feature", "properties": { "ID": 1753050, "正式名称": "山島台コメヤ薬局", "機関区分": 5, "都道府県コード": 17, "市区町村コード": 210, "所在地": "石川県白山市山島台６丁目１番地", "緯度": 36.471731, "経度": 136.577595, "url": "https://www.iryou.teikyouseido.mhlw.go.jp/znk-web/juminkanja/S2430/initialize?prefCd=17&kikanCd=3050&kikanKbn=nan", "url2": "https://komeya-drug.com", "内容": "山島台コメヤ薬局0石川県白山市山島台６丁目１番地" }, "geometry": { "type": "Point", "coordinates": [ 136.577595, 36.471731 ] } },
{ "type": "Feature", "properties": { "ID": 1753052, "正式名称": "アルプ薬局松任店", "機関区分": 5, "都道府県コード": 17, "市区町村コード": 210, "所在地": "石川県白山市新田町８６番地１", "緯度": 36.535013, "経度": 136.570873, "url": "https://www.iryou.teikyouseido.mhlw.go.jp/znk-web/juminkanja/S2430/initialize?prefCd=17&kikanCd=3052&kikanKbn=nan", "url2": "http://www.alp-grp.jp/", "内容": "アルプ薬局松任店0石川県白山市新田町８６番地１" }, "geometry": { "type": "Point", "coordinates": [ 136.570873, 36.535013 ] } },
{ "type": "Feature", "properties": { "ID": 1753054, "正式名称": "連代薬局", "機関区分": 5, "都道府県コード": 17, "市区町村コード": 210, "所在地": "石川県白山市西柏１−８−１８", "緯度": 36.502998, "経度": 136.530487, "url": "https://www.iryou.teikyouseido.mhlw.go.jp/znk-web/juminkanja/S2430/initialize?prefCd=17&kikanCd=3054&kikanKbn=nan", "url2": null, "内容": "連代薬局0石川県白山市西柏１−８−１８" }, "geometry": { "type": "Point", "coordinates": [ 136.530487, 36.502998 ] } },
{ "type": "Feature", "properties": { "ID": 1753058, "正式名称": "倉光ゆうゆう薬局", "機関区分": 5, "都道府県コード": 17, "市区町村コード": 210, "所在地": "石川県白山市倉光５－１０４", "緯度": 36.516754, "経度": 136.564693, "url": "https://www.iryou.teikyouseido.mhlw.go.jp/znk-web/juminkanja/S2430/initialize?prefCd=17&kikanCd=3058&kikanKbn=nan", "url2": "http://www.youyu-p.com/", "内容": "倉光ゆうゆう薬局0石川県白山市倉光５－１０４" }, "geometry": { "type": "Point", "coordinates": [ 136.564693, 36.516754 ] } },
{ "type": "Feature", "properties": { "ID": 1753061, "正式名称": "水戸町コメヤ薬局", "機関区分": 5, "都道府県コード": 17, "市区町村コード": 210, "所在地": "石川県白山市鶴来水戸町", "緯度": 36.448075, "経度": 136.622704, "url": "https://www.iryou.teikyouseido.mhlw.go.jp/znk-web/juminkanja/S2430/initialize?prefCd=17&kikanCd=3061&kikanKbn=nan", "url2": "https://komeya-drug.com", "内容": "水戸町コメヤ薬局0石川県白山市鶴来水戸町" }, "geometry": { "type": "Point", "coordinates": [ 136.622704, 36.448075 ] } },
{ "type": "Feature", "properties": { "ID": 1753062, "正式名称": "株式会社コメヤ薬局", "機関区分": 5, "都道府県コード": 17, "市区町村コード": 210, "所在地": "石川県白山市鶴来本町２丁目ワ４３番地", "緯度": 36.447726, "経度": 136.626759, "url": "https://www.iryou.teikyouseido.mhlw.go.jp/znk-web/juminkanja/S2430/initialize?prefCd=17&kikanCd=3062&kikanKbn=nan", "url2": "https://komeya_drug.com", "内容": "株式会社コメヤ薬局0石川県白山市鶴来本町２丁目ワ４３番地" }, "geometry": { "type": "Point", "coordinates": [ 136.626759, 36.447726 ] } },
{ "type": "Feature", "properties": { "ID": 1753064, "正式名称": "松南青木二階堂薬局", "機関区分": 5, "都道府県コード": 17, "市区町村コード": 210, "所在地": "石川県白山市博労３丁目２番地", "緯度": 36.518811, "経度": 136.565713, "url": "https://www.iryou.teikyouseido.mhlw.go.jp/znk-web/juminkanja/S2430/initialize?prefCd=17&kikanCd=3064&kikanKbn=nan", "url2": "https://www.kusuri-aoki.co.jp/", "内容": "松南青木二階堂薬局0石川県白山市博労３丁目２番地" }, "geometry": { "type": "Point", "coordinates": [ 136.565713, 36.518811 ] } },
{ "type": "Feature", "properties": { "ID": 1753065, "正式名称": "イオン薬局松任店", "機関区分": 5, "都道府県コード": 17, "市区町村コード": 210, "所在地": "石川県白山市平松町１０２－１", "緯度": 36.507607, "経度": 136.56601, "url": "https://www.iryou.teikyouseido.mhlw.go.jp/znk-web/juminkanja/S2430/initialize?prefCd=17&kikanCd=3065&kikanKbn=nan", "url2": null, "内容": "イオン薬局松任店0石川県白山市平松町１０２－１" }, "geometry": { "type": "Point", "coordinates": [ 136.56601, 36.507607 ] } },
{ "type": "Feature", "properties": { "ID": 1753066, "正式名称": "株式会社みかわ薬局", "機関区分": 5, "都道府県コード": 17, "市区町村コード": 210, "所在地": "石川県白山市美川中町ソ６７番地", "緯度": 36.486522, "経度": 136.488082, "url": "https://www.iryou.teikyouseido.mhlw.go.jp/znk-web/juminkanja/S2430/initialize?prefCd=17&kikanCd=3066&kikanKbn=nan", "url2": "http://www.mikawap.jp/", "内容": "株式会社みかわ薬局0石川県白山市美川中町ソ６７番地" }, "geometry": { "type": "Point", "coordinates": [ 136.488082, 36.486522 ] } },
{ "type": "Feature", "properties": { "ID": 1753070, "正式名称": "蕪城堂薬局", "機関区分": 5, "都道府県コード": 17, "市区町村コード": 210, "所在地": "石川県白山市蕪城", "緯度": 36.531974, "経度": 136.553653, "url": "https://www.iryou.teikyouseido.mhlw.go.jp/znk-web/juminkanja/S2430/initialize?prefCd=17&kikanCd=3070&kikanKbn=nan", "url2": null, "内容": "蕪城堂薬局0石川県白山市蕪城" }, "geometry": { "type": "Point", "coordinates": [ 136.553653, 36.531974 ] } },
{ "type": "Feature", "properties": { "ID": 1753071, "正式名称": "アイン薬局松任店", "機関区分": 5, "都道府県コード": 17, "市区町村コード": 210, "所在地": "石川県白山市平松町７４－２", "緯度": 36.509311, "経度": 136.563969, "url": "https://www.iryou.teikyouseido.mhlw.go.jp/znk-web/juminkanja/S2430/initialize?prefCd=17&kikanCd=3071&kikanKbn=nan", "url2": "http://www.ainj.co.jp/", "内容": "アイン薬局松任店0石川県白山市平松町７４－２" }, "geometry": { "type": "Point", "coordinates": [ 136.563969, 36.509311 ] } },
{ "type": "Feature", "properties": { "ID": 1753072, "正式名称": "クスリのアオキ北安田薬局", "機関区分": 5, "都道府県コード": 17, "市区町村コード": 210, "所在地": "石川県白山市北安田西１丁目５０番地", "緯度": 36.525146, "経度": 136.545349, "url": "https://www.iryou.teikyouseido.mhlw.go.jp/znk-web/juminkanja/S2430/initialize?prefCd=17&kikanCd=3072&kikanKbn=nan", "url2": "https://www.kusuri-aoki.co.jp/", "内容": "クスリのアオキ北安田薬局0石川県白山市北安田西１丁目５０番地" }, "geometry": { "type": "Point", "coordinates": [ 136.545349, 36.525146 ] } },
{ "type": "Feature", "properties": { "ID": 1754001, "正式名称": "志賀プリスケア薬局", "機関区分": 5, "都道府県コード": 17, "市区町村コード": 384, "所在地": "石川県羽咋郡志賀町高浜町ク８番地１", "緯度": 37.002514, "経度": 136.777031, "url": "https://www.iryou.teikyouseido.mhlw.go.jp/znk-web/juminkanja/S2430/initialize?prefCd=17&kikanCd=4001&kikanKbn=nan", "url2": "http://www.komeya-drug.com", "内容": "志賀プリスケア薬局0石川県羽咋郡志賀町高浜町ク８番地１" }, "geometry": { "type": "Point", "coordinates": [ 136.777031, 37.002514 ] } },
{ "type": "Feature", "properties": { "ID": 1754003, "正式名称": "富来あおぞら薬局", "機関区分": 5, "都道府県コード": 17, "市区町村コード": 384, "所在地": "石川県羽咋郡志賀町富来地頭町七９８−２６", "緯度": 37.136939, "経度": 136.729627, "url": "https://www.iryou.teikyouseido.mhlw.go.jp/znk-web/juminkanja/S2430/initialize?prefCd=17&kikanCd=4003&kikanKbn=nan", "url2": "http://www.granpharma.co.jp", "内容": "富来あおぞら薬局0石川県羽咋郡志賀町富来地頭町七９８−２６" }, "geometry": { "type": "Point", "coordinates": [ 136.729627, 37.136939 ] } },
{ "type": "Feature", "properties": { "ID": 1754004, "正式名称": "笠原健招堂薬局", "機関区分": 5, "都道府県コード": 17, "市区町村コード": 384, "所在地": "石川県羽咋郡志賀町富来領家町甲６３番地４", "緯度": 37.141916, "経度": 136.725993, "url": "https://www.iryou.teikyouseido.mhlw.go.jp/znk-web/juminkanja/S2430/initialize?prefCd=17&kikanCd=4004&kikanKbn=nan", "url2": "http://www.kasahara-kenshoudou.com/", "内容": "笠原健招堂薬局0石川県羽咋郡志賀町富来領家町甲６３番地４" }, "geometry": { "type": "Point", "coordinates": [ 136.725993, 37.141916 ] } },
{ "type": "Feature", "properties": { "ID": 1754007, "正式名称": "アルプ薬局押水店", "機関区分": 5, "都道府県コード": 17, "市区町村コード": 386, "所在地": "石川県羽咋郡宝達志水町今浜ト１７６番地５", "緯度": 36.824728, "経度": 136.757222, "url": "https://www.iryou.teikyouseido.mhlw.go.jp/znk-web/juminkanja/S2430/initialize?prefCd=17&kikanCd=4007&kikanKbn=nan", "url2": "http://www.alp-grp.jp/", "内容": "アルプ薬局押水店0石川県羽咋郡宝達志水町今浜ト１７６番地５" }, "geometry": { "type": "Point", "coordinates": [ 136.757222, 36.824728 ] } },
{ "type": "Feature", "properties": { "ID": 1754010, "正式名称": "押水瑠璃光薬局", "機関区分": 5, "都道府県コード": 17, "市区町村コード": 386, "所在地": "石川県羽咋郡宝達志水町門前１５０－９", "緯度": 36.815746, "経度": 136.764318, "url": "https://www.iryou.teikyouseido.mhlw.go.jp/znk-web/juminkanja/S2430/initialize?prefCd=17&kikanCd=4010&kikanKbn=nan", "url2": "http://rurikou.jp", "内容": "押水瑠璃光薬局0石川県羽咋郡宝達志水町門前１５０－９" }, "geometry": { "type": "Point", "coordinates": [ 136.764318, 36.815746 ] } },
{ "type": "Feature", "properties": { "ID": 1754012, "正式名称": "クスリのアオキ羽咋店青木二階堂薬局", "機関区分": 5, "都道府県コード": 17, "市区町村コード": 207, "所在地": "石川県羽咋市石野町ト３７", "緯度": 36.895732, "経度": 136.794001, "url": "https://www.iryou.teikyouseido.mhlw.go.jp/znk-web/juminkanja/S2430/initialize?prefCd=17&kikanCd=4012&kikanKbn=nan", "url2": "http://www.kusuri-aoki.co.jp", "内容": "クスリのアオキ羽咋店青木二階堂薬局0石川県羽咋市石野町ト３７" }, "geometry": { "type": "Point", "coordinates": [ 136.794001, 36.895732 ] } },
{ "type": "Feature", "properties": { "ID": 1754013, "正式名称": "ヒラバ薬局", "機関区分": 5, "都道府県コード": 17, "市区町村コード": 207, "所在地": "石川県羽咋市川原町エ１６８－２", "緯度": 36.896886, "経度": 136.780697, "url": "https://www.iryou.teikyouseido.mhlw.go.jp/znk-web/juminkanja/S2430/initialize?prefCd=17&kikanCd=4013&kikanKbn=nan", "url2": null, "内容": "ヒラバ薬局0石川県羽咋市川原町エ１６８－２" }, "geometry": { "type": "Point", "coordinates": [ 136.780697, 36.896886 ] } },
{ "type": "Feature", "properties": { "ID": 1754015, "正式名称": "鶴多あおぞら薬局", "機関区分": 5, "都道府県コード": 17, "市区町村コード": 207, "所在地": "石川県羽咋市鶴多町亀田４番５", "緯度": 36.896409, "経度": 136.792164, "url": "https://www.iryou.teikyouseido.mhlw.go.jp/znk-web/juminkanja/S2430/initialize?prefCd=17&kikanCd=4015&kikanKbn=nan", "url2": "http://www.granpharma.co.jp", "内容": "鶴多あおぞら薬局0石川県羽咋市鶴多町亀田４番５" }, "geometry": { "type": "Point", "coordinates": [ 136.792164, 36.896409 ] } },
{ "type": "Feature", "properties": { "ID": 1754016, "正式名称": "さくら薬局　羽咋的場店", "機関区分": 5, "都道府県コード": 17, "市区町村コード": 207, "所在地": "石川県羽咋市的場町", "緯度": 36.900487, "経度": 136.781037, "url": "https://www.iryou.teikyouseido.mhlw.go.jp/znk-web/juminkanja/S2430/initialize?prefCd=17&kikanCd=4016&kikanKbn=nan", "url2": "http://www.kraft-net.co.jp/search/3356/", "内容": "さくら薬局　羽咋的場店0石川県羽咋市的場町" }, "geometry": { "type": "Point", "coordinates": [ 136.781037, 36.900487 ] } },
{ "type": "Feature", "properties": { "ID": 1754017, "正式名称": "はくい薬局", "機関区分": 5, "都道府県コード": 17, "市区町村コード": 207, "所在地": "石川県羽咋市的場町稲荷山出口８番地２", "緯度": 36.900388, "経度": 136.781048, "url": "https://www.iryou.teikyouseido.mhlw.go.jp/znk-web/juminkanja/S2430/initialize?prefCd=17&kikanCd=4017&kikanKbn=nan", "url2": null, "内容": "はくい薬局0石川県羽咋市的場町稲荷山出口８番地２" }, "geometry": { "type": "Point", "coordinates": [ 136.781048, 36.900388 ] } },
{ "type": "Feature", "properties": { "ID": 1754018, "正式名称": "羽咋菜の花薬局", "機関区分": 5, "都道府県コード": 17, "市区町村コード": 207, "所在地": "石川県羽咋市柳橋町堂田５５－１", "緯度": 36.89245, "経度": 136.786507, "url": "https://www.iryou.teikyouseido.mhlw.go.jp/znk-web/juminkanja/S2430/initialize?prefCd=17&kikanCd=4018&kikanKbn=nan", "url2": "http://nanohana-pharmacy.com/", "内容": "羽咋菜の花薬局0石川県羽咋市柳橋町堂田５５－１" }, "geometry": { "type": "Point", "coordinates": [ 136.786507, 36.89245 ] } },
{ "type": "Feature", "properties": { "ID": 1754020, "正式名称": "中島薬局", "機関区分": 5, "都道府県コード": 17, "市区町村コード": 407, "所在地": "石川県鹿島郡中能登町能登部下７０－２６", "緯度": 36.959067, "経度": 136.860852, "url": "https://www.iryou.teikyouseido.mhlw.go.jp/znk-web/juminkanja/S2430/initialize?prefCd=17&kikanCd=4020&kikanKbn=nan", "url2": "http://nakashima-de-kanpou,jp/", "内容": "中島薬局0石川県鹿島郡中能登町能登部下７０－２６" }, "geometry": { "type": "Point", "coordinates": [ 136.860852, 36.959067 ] } },
{ "type": "Feature", "properties": { "ID": 1754021, "正式名称": "アルプ薬局鹿西店", "機関区分": 5, "都道府県コード": 17, "市区町村コード": 407, "所在地": "石川県鹿島郡中能登町能登部下９２ー５８", "緯度": 36.963177, "経度": 136.867495, "url": "https://www.iryou.teikyouseido.mhlw.go.jp/znk-web/juminkanja/S2430/initialize?prefCd=17&kikanCd=4021&kikanKbn=nan", "url2": "http://www.alp-grp.jp/", "内容": "アルプ薬局鹿西店0石川県鹿島郡中能登町能登部下９２ー５８" }, "geometry": { "type": "Point", "coordinates": [ 136.867495, 36.963177 ] } },
{ "type": "Feature", "properties": { "ID": 1754022, "正式名称": "パトリア中山薬局", "機関区分": 5, "都道府県コード": 17, "市区町村コード": 202, "所在地": "石川県七尾市御祓町１パトリア一階", "緯度": 37.04331, "経度": 136.963862, "url": "https://www.iryou.teikyouseido.mhlw.go.jp/znk-web/juminkanja/S2430/initialize?prefCd=17&kikanCd=4022&kikanKbn=nan", "url2": "https://www.nakayamaonline.net/", "内容": "パトリア中山薬局0石川県七尾市御祓町１パトリア一階" }, "geometry": { "type": "Point", "coordinates": [ 136.963862, 37.04331 ] } },
{ "type": "Feature", "properties": { "ID": 1754023, "正式名称": "ななお調剤薬局", "機関区分": 5, "都道府県コード": 17, "市区町村コード": 202, "所在地": "石川県七尾市国分町ラ部３番地１", "緯度": 37.03604, "経度": 136.953265, "url": "https://www.iryou.teikyouseido.mhlw.go.jp/znk-web/juminkanja/S2430/initialize?prefCd=17&kikanCd=4023&kikanKbn=nan", "url2": null, "内容": "ななお調剤薬局0石川県七尾市国分町ラ部３番地１" }, "geometry": { "type": "Point", "coordinates": [ 136.953265, 37.03604 ] } },
{ "type": "Feature", "properties": { "ID": 1754024, "正式名称": "あおぞら七尾薬局", "機関区分": 5, "都道府県コード": 17, "市区町村コード": 202, "所在地": "石川県七尾市作事町５８番地２", "緯度": 37.045595, "経度": 136.967894, "url": "https://www.iryou.teikyouseido.mhlw.go.jp/znk-web/juminkanja/S2430/initialize?prefCd=17&kikanCd=4024&kikanKbn=nan", "url2": "http://www.granpharma.co.jp", "内容": "あおぞら七尾薬局0石川県七尾市作事町５８番地２" }, "geometry": { "type": "Point", "coordinates": [ 136.967894, 37.045595 ] } },
{ "type": "Feature", "properties": { "ID": 1754028, "正式名称": "さくら薬局　七尾店", "機関区分": 5, "都道府県コード": 17, "市区町村コード": 202, "所在地": "石川県七尾市小丸山台３－９６", "緯度": 37.044478, "経度": 136.948684, "url": "https://www.iryou.teikyouseido.mhlw.go.jp/znk-web/juminkanja/S2430/initialize?prefCd=17&kikanCd=4028&kikanKbn=nan", "url2": "https://www.kraft-net.co.jp/sakura/store/3361/", "内容": "さくら薬局　七尾店0石川県七尾市小丸山台３－９６" }, "geometry": { "type": "Point", "coordinates": [ 136.948684, 37.044478 ] } },
{ "type": "Feature", "properties": { "ID": 1754029, "正式名称": "日本調剤小丸山薬局", "機関区分": 5, "都道府県コード": 17, "市区町村コード": 202, "所在地": "石川県七尾市藤橋町ア部６番地１９", "緯度": 37.044561, "経度": 136.948602, "url": "https://www.iryou.teikyouseido.mhlw.go.jp/znk-web/juminkanja/S2430/initialize?prefCd=17&kikanCd=4029&kikanKbn=nan", "url2": "http://www.nicho.co.jp/tenpo/komaruyama/", "内容": "日本調剤小丸山薬局0石川県七尾市藤橋町ア部６番地１９" }, "geometry": { "type": "Point", "coordinates": [ 136.948602, 37.044561 ] } },
{ "type": "Feature", "properties": { "ID": 1754031, "正式名称": "神明あおぞら薬局", "機関区分": 5, "都道府県コード": 17, "市区町村コード": 202, "所在地": "石川県七尾市神明町ロ１７番地４", "緯度": 37.043471, "経度": 136.964434, "url": "https://www.iryou.teikyouseido.mhlw.go.jp/znk-web/juminkanja/S2430/initialize?prefCd=17&kikanCd=4031&kikanKbn=nan", "url2": "http://www.granpharma.co.jp/", "内容": "神明あおぞら薬局0石川県七尾市神明町ロ１７番地４" }, "geometry": { "type": "Point", "coordinates": [ 136.964434, 37.043471 ] } },
{ "type": "Feature", "properties": { "ID": 1754035, "正式名称": "あさひ薬局", "機関区分": 5, "都道府県コード": 17, "市区町村コード": 202, "所在地": "石川県七尾市千野町に５－２", "緯度": 37.0164, "経度": 136.952675, "url": "https://www.iryou.teikyouseido.mhlw.go.jp/znk-web/juminkanja/S2430/initialize?prefCd=17&kikanCd=4035&kikanKbn=nan", "url2": null, "内容": "あさひ薬局0石川県七尾市千野町に５－２" }, "geometry": { "type": "Point", "coordinates": [ 136.952675, 37.0164 ] } },
{ "type": "Feature", "properties": { "ID": 1754038, "正式名称": "有限会社　瀬川薬局", "機関区分": 5, "都道府県コード": 17, "市区町村コード": 202, "所在地": "石川県七尾市鍛冶町", "緯度": 37.044182, "経度": 136.970555, "url": "https://www.iryou.teikyouseido.mhlw.go.jp/znk-web/juminkanja/S2430/initialize?prefCd=17&kikanCd=4038&kikanKbn=nan", "url2": "http://www.segawa-pharmacy.com/", "内容": "有限会社　瀬川薬局0石川県七尾市鍛冶町" }, "geometry": { "type": "Point", "coordinates": [ 136.970555, 37.044182 ] } },
{ "type": "Feature", "properties": { "ID": 1754040, "正式名称": "あおぞら薬局", "機関区分": 5, "都道府県コード": 17, "市区町村コード": 202, "所在地": "石川県七尾市中島町浜田１－３４－１", "緯度": 37.11329, "経度": 136.853562, "url": "https://www.iryou.teikyouseido.mhlw.go.jp/znk-web/juminkanja/S2430/initialize?prefCd=17&kikanCd=4040&kikanKbn=nan", "url2": "http://www.granpharma.co.jp", "内容": "あおぞら薬局0石川県七尾市中島町浜田１－３４－１" }, "geometry": { "type": "Point", "coordinates": [ 136.853562, 37.11329 ] } },
{ "type": "Feature", "properties": { "ID": 1754042, "正式名称": "七尾らいふ薬局", "機関区分": 5, "都道府県コード": 17, "市区町村コード": 202, "所在地": "石川県七尾市藤橋町ケ部８１－１", "緯度": 37.043308, "経度": 136.95187, "url": "https://www.iryou.teikyouseido.mhlw.go.jp/znk-web/juminkanja/S2430/initialize?prefCd=17&kikanCd=4042&kikanKbn=nan", "url2": "https://hokuriku-qol.jp/", "内容": "七尾らいふ薬局0石川県七尾市藤橋町ケ部８１－１" }, "geometry": { "type": "Point", "coordinates": [ 136.95187, 37.043308 ] } },
{ "type": "Feature", "properties": { "ID": 1754045, "正式名称": "モリ薬局", "機関区分": 5, "都道府県コード": 17, "市区町村コード": 202, "所在地": "石川県七尾市桧物町２８", "緯度": 37.045107, "経度": 136.96495, "url": "https://www.iryou.teikyouseido.mhlw.go.jp/znk-web/juminkanja/S2430/initialize?prefCd=17&kikanCd=4045&kikanKbn=nan", "url2": null, "内容": "モリ薬局0石川県七尾市桧物町２８" }, "geometry": { "type": "Point", "coordinates": [ 136.96495, 37.045107 ] } },
{ "type": "Feature", "properties": { "ID": 1755004, "正式名称": "薬局マツモトキヨシ　穴水店", "機関区分": 5, "都道府県コード": 17, "市区町村コード": 461, "所在地": "石川県鳳珠郡穴水町字川島レ３０番１", "緯度": 37.233475, "経度": 136.908236, "url": "https://www.iryou.teikyouseido.mhlw.go.jp/znk-web/juminkanja/S2430/initialize?prefCd=17&kikanCd=5004&kikanKbn=nan", "url2": "www..matsukiyococokara.com", "内容": "薬局マツモトキヨシ　穴水店0石川県鳳珠郡穴水町字川島レ３０番１" }, "geometry": { "type": "Point", "coordinates": [ 136.908236, 37.233475 ] } },
{ "type": "Feature", "properties": { "ID": 1755007, "正式名称": "アイン薬局穴水店", "機関区分": 5, "都道府県コード": 17, "市区町村コード": 461, "所在地": "石川県鳳珠郡穴水町字川島タ１−１", "緯度": 37.234377, "経度": 136.909325, "url": "https://www.iryou.teikyouseido.mhlw.go.jp/znk-web/juminkanja/S2430/initialize?prefCd=17&kikanCd=5007&kikanKbn=nan", "url2": "http://www.ainj.co.jp/", "内容": "アイン薬局穴水店0石川県鳳珠郡穴水町字川島タ１−１" }, "geometry": { "type": "Point", "coordinates": [ 136.909325, 37.234377 ] } },
{ "type": "Feature", "properties": { "ID": 1755008, "正式名称": "穴水たんぽぽ薬局", "機関区分": 5, "都道府県コード": 17, "市区町村コード": 461, "所在地": "石川県鳳珠郡穴水町字川島レ３８番１", "緯度": 37.233844, "経度": 136.908374, "url": "https://www.iryou.teikyouseido.mhlw.go.jp/znk-web/juminkanja/S2430/initialize?prefCd=17&kikanCd=5008&kikanKbn=nan", "url2": "http://www.tanpopo-ph.co.jp", "内容": "穴水たんぽぽ薬局0石川県鳳珠郡穴水町字川島レ３８番１" }, "geometry": { "type": "Point", "coordinates": [ 136.908374, 37.233844 ] } },
{ "type": "Feature", "properties": { "ID": 1755009, "正式名称": "穴水あおば薬局", "機関区分": 5, "都道府県コード": 17, "市区町村コード": 461, "所在地": "石川県鳳珠郡穴水町川島ろ３番地２", "緯度": 37.231745, "経度": 136.903995, "url": "https://www.iryou.teikyouseido.mhlw.go.jp/znk-web/juminkanja/S2430/initialize?prefCd=17&kikanCd=5009&kikanKbn=nan", "url2": "https://www.facebook.com/XueShuiaobaYaoJu", "内容": "穴水あおば薬局0石川県鳳珠郡穴水町川島ろ３番地２" }, "geometry": { "type": "Point", "coordinates": [ 136.903995, 37.231745 ] } },
{ "type": "Feature", "properties": { "ID": 1755010, "正式名称": "あおぞら宇出津薬局", "機関区分": 5, "都道府県コード": 17, "市区町村コード": 463, "所在地": "石川県鳳珠郡能登町宇出津タ５６番５", "緯度": 37.308579, "経度": 137.148213, "url": "https://www.iryou.teikyouseido.mhlw.go.jp/znk-web/juminkanja/S2430/initialize?prefCd=17&kikanCd=5010&kikanKbn=nan", "url2": "http://www.granpharma.co.jp/", "内容": "あおぞら宇出津薬局0石川県鳳珠郡能登町宇出津タ５６番５" }, "geometry": { "type": "Point", "coordinates": [ 137.148213, 37.308579 ] } },
{ "type": "Feature", "properties": { "ID": 1755012, "正式名称": "宇出津らいふ薬局", "機関区分": 5, "都道府県コード": 17, "市区町村コード": 463, "所在地": "石川県鳳珠郡能登町宇出津タ字７０ー８", "緯度": 37.309206, "経度": 137.147633, "url": "https://www.iryou.teikyouseido.mhlw.go.jp/znk-web/juminkanja/S2430/initialize?prefCd=17&kikanCd=5012&kikanKbn=nan", "url2": "http://www.life-jp.com", "内容": "宇出津らいふ薬局0石川県鳳珠郡能登町宇出津タ字７０ー８" }, "geometry": { "type": "Point", "coordinates": [ 137.147633, 37.309206 ] } },
{ "type": "Feature", "properties": { "ID": 1755013, "正式名称": "アイン薬局能登宇出津店", "機関区分": 5, "都道府県コード": 17, "市区町村コード": 463, "所在地": "石川県鳳珠郡能登町宇出津タ字９８－２", "緯度": 37.307971, "経度": 137.147694, "url": "https://www.iryou.teikyouseido.mhlw.go.jp/znk-web/juminkanja/S2430/initialize?prefCd=17&kikanCd=5013&kikanKbn=nan", "url2": "http://www.ainj.co.jp/", "内容": "アイン薬局能登宇出津店0石川県鳳珠郡能登町宇出津タ字９８－２" }, "geometry": { "type": "Point", "coordinates": [ 137.147694, 37.307971 ] } },
{ "type": "Feature", "properties": { "ID": 1755014, "正式名称": "たておか薬局", "機関区分": 5, "都道府県コード": 17, "市区町村コード": 463, "所在地": "石川県鳳珠郡能登町宇出津", "緯度": 37.306282, "経度": 137.147931, "url": "https://www.iryou.teikyouseido.mhlw.go.jp/znk-web/juminkanja/S2430/initialize?prefCd=17&kikanCd=5014&kikanKbn=nan", "url2": null, "内容": "たておか薬局0石川県鳳珠郡能登町宇出津" }, "geometry": { "type": "Point", "coordinates": [ 137.147931, 37.306282 ] } },
{ "type": "Feature", "properties": { "ID": 1755015, "正式名称": "小西薬局", "機関区分": 5, "都道府県コード": 17, "市区町村コード": 463, "所在地": "石川県鳳珠郡能登町宇出津新３５", "緯度": 37.299644, "経度": 137.146631, "url": "https://www.iryou.teikyouseido.mhlw.go.jp/znk-web/juminkanja/S2430/initialize?prefCd=17&kikanCd=5015&kikanKbn=nan", "url2": null, "内容": "小西薬局0石川県鳳珠郡能登町宇出津新３５" }, "geometry": { "type": "Point", "coordinates": [ 137.146631, 37.299644 ] } },
{ "type": "Feature", "properties": { "ID": 1755018, "正式名称": "輪島菜の花薬局", "機関区分": 5, "都道府県コード": 17, "市区町村コード": 204, "所在地": "石川県輪島市釜屋谷町１字２４番３", "緯度": 37.389265, "経度": 136.89361, "url": "https://www.iryou.teikyouseido.mhlw.go.jp/znk-web/juminkanja/S2430/initialize?prefCd=17&kikanCd=5018&kikanKbn=nan", "url2": "http://nanohana-pharmacy.com/", "内容": "輪島菜の花薬局0石川県輪島市釜屋谷町１字２４番３" }, "geometry": { "type": "Point", "coordinates": [ 136.89361, 37.389265 ] } },
{ "type": "Feature", "properties": { "ID": 1755020, "正式名称": "薬局マツモトキヨシ　輪島店", "機関区分": 5, "都道府県コード": 17, "市区町村コード": 204, "所在地": "石川県輪島市宅田町１２−１", "緯度": 37.387332, "経度": 136.903037, "url": "https://www.iryou.teikyouseido.mhlw.go.jp/znk-web/juminkanja/S2430/initialize?prefCd=17&kikanCd=5020&kikanKbn=nan", "url2": null, "内容": "薬局マツモトキヨシ　輪島店0石川県輪島市宅田町１２−１" }, "geometry": { "type": "Point", "coordinates": [ 136.903037, 37.387332 ] } },
{ "type": "Feature", "properties": { "ID": 1755022, "正式名称": "日本調剤　ワイプラザ薬局", "機関区分": 5, "都道府県コード": 17, "市区町村コード": 204, "所在地": "石川県輪島市宅田町３８－３", "緯度": 37.385316, "経度": 136.90369, "url": "https://www.iryou.teikyouseido.mhlw.go.jp/znk-web/juminkanja/S2430/initialize?prefCd=17&kikanCd=5022&kikanKbn=nan", "url2": "https://www.nicho.co.jp/tenpo/yplaza/", "内容": "日本調剤　ワイプラザ薬局0石川県輪島市宅田町３８－３" }, "geometry": { "type": "Point", "coordinates": [ 136.90369, 37.385316 ] } },
{ "type": "Feature", "properties": { "ID": 1755023, "正式名称": "クスリのアオキ輪島薬局", "機関区分": 5, "都道府県コード": 17, "市区町村コード": 204, "所在地": "石川県輪島市宅田町５８番地", "緯度": 37.386706, "経度": 136.902008, "url": "https://www.iryou.teikyouseido.mhlw.go.jp/znk-web/juminkanja/S2430/initialize?prefCd=17&kikanCd=5023&kikanKbn=nan", "url2": "http://www.kusuri-aoki.co.jp/", "内容": "クスリのアオキ輪島薬局0石川県輪島市宅田町５８番地" }, "geometry": { "type": "Point", "coordinates": [ 136.902008, 37.386706 ] } },
{ "type": "Feature", "properties": { "ID": 1755025, "正式名称": "門前薬局", "機関区分": 5, "都道府県コード": 17, "市区町村コード": 204, "所在地": "石川県輪島市門前町門前１９９４番邸", "緯度": 37.289325, "経度": 136.76852, "url": "https://www.iryou.teikyouseido.mhlw.go.jp/znk-web/juminkanja/S2430/initialize?prefCd=17&kikanCd=5025&kikanKbn=nan", "url2": null, "内容": "門前薬局0石川県輪島市門前町門前１９９４番邸" }, "geometry": { "type": "Point", "coordinates": [ 136.76852, 37.289325 ] } },
{ "type": "Feature", "properties": { "ID": 1756003, "正式名称": "クスリのアオキ小松日の出薬局", "機関区分": 5, "都道府県コード": 17, "市区町村コード": 203, "所在地": "石川県小松市日の出町４丁目２１２番", "緯度": 36.399371, "経度": 136.45504, "url": "https://www.iryou.teikyouseido.mhlw.go.jp/znk-web/juminkanja/S2430/initialize?prefCd=17&kikanCd=6003&kikanKbn=nan", "url2": "http://www.kusuri-aoki.co.jp", "内容": "クスリのアオキ小松日の出薬局0石川県小松市日の出町４丁目２１２番" }, "geometry": { "type": "Point", "coordinates": [ 136.45504, 36.399371 ] } },
{ "type": "Feature", "properties": { "ID": 1756004, "正式名称": "クスリのアオキ三口新町３丁目薬局", "機関区分": 5, "都道府県コード": 17, "市区町村コード": 201, "所在地": "石川県金沢市三口新町３丁目６−３０", "緯度": 36.541006, "経度": 136.680582, "url": "https://www.iryou.teikyouseido.mhlw.go.jp/znk-web/juminkanja/S2430/initialize?prefCd=17&kikanCd=6004&kikanKbn=nan", "url2": "http://www.kusuri-aoki.co.jp", "内容": "クスリのアオキ三口新町３丁目薬局0石川県金沢市三口新町３丁目６−３０" }, "geometry": { "type": "Point", "coordinates": [ 136.680582, 36.541006 ] } },
{ "type": "Feature", "properties": { "ID": 1756005, "正式名称": "クスリのアオキ鶴ヶ丘薬局", "機関区分": 5, "都道府県コード": 17, "市区町村コード": 365, "所在地": "石川県河北郡内灘町字鶴ヶ丘五丁目１番地３５０", "緯度": 36.645677, "経度": 136.640289, "url": "https://www.iryou.teikyouseido.mhlw.go.jp/znk-web/juminkanja/S2430/initialize?prefCd=17&kikanCd=6005&kikanKbn=nan", "url2": "https://www.kusuri-aoki.co.jp/", "内容": "クスリのアオキ鶴ヶ丘薬局0石川県河北郡内灘町字鶴ヶ丘五丁目１番地３５０" }, "geometry": { "type": "Point", "coordinates": [ 136.640289, 36.645677 ] } },
{ "type": "Feature", "properties": { "ID": 1756006, "正式名称": "クスリのアオキ小島薬局", "機関区分": 5, "都道府県コード": 17, "市区町村コード": 202, "所在地": "石川県七尾市小島町大開地１番７８", "緯度": 37.053574, "経度": 136.957241, "url": "https://www.iryou.teikyouseido.mhlw.go.jp/znk-web/juminkanja/S2430/initialize?prefCd=17&kikanCd=6006&kikanKbn=nan", "url2": "https://www.kusuri-aoki.co.jp/", "内容": "クスリのアオキ小島薬局0石川県七尾市小島町大開地１番７８" }, "geometry": { "type": "Point", "coordinates": [ 136.957241, 37.053574 ] } },
{ "type": "Feature", "properties": { "ID": 1756009, "正式名称": "広岡ラン薬局", "機関区分": 5, "都道府県コード": 17, "市区町村コード": 201, "所在地": "石川県金沢市広岡３－１－１　金沢パークビルＢ１Ｆ", "緯度": 36.580437, "経度": 136.643041, "url": "https://www.iryou.teikyouseido.mhlw.go.jp/znk-web/juminkanja/S2430/initialize?prefCd=17&kikanCd=6009&kikanKbn=nan", "url2": "http://www.ran-yakkyoku.jp/", "内容": "広岡ラン薬局0石川県金沢市広岡３－１－１　金沢パークビルＢ１Ｆ" }, "geometry": { "type": "Point", "coordinates": [ 136.643041, 36.580437 ] } },
{ "type": "Feature", "properties": { "ID": 1756010, "正式名称": "松村みらい薬局", "機関区分": 5, "都道府県コード": 17, "市区町村コード": 201, "所在地": "石川県金沢市松村４丁目３０７番地", "緯度": 36.582851, "経度": 136.611913, "url": "https://www.iryou.teikyouseido.mhlw.go.jp/znk-web/juminkanja/S2430/initialize?prefCd=17&kikanCd=6010&kikanKbn=nan", "url2": "http://mirai-pharmacy.com/", "内容": "松村みらい薬局0石川県金沢市松村４丁目３０７番地" }, "geometry": { "type": "Point", "coordinates": [ 136.611913, 36.582851 ] } },
{ "type": "Feature", "properties": { "ID": 1756011, "正式名称": "アルプ薬局石引店", "機関区分": 5, "都道府県コード": 17, "市区町村コード": 201, "所在地": "石川県金沢市石引４丁目４ー１村田ビル１階", "緯度": 36.557834, "経度": 136.667455, "url": "https://www.iryou.teikyouseido.mhlw.go.jp/znk-web/juminkanja/S2430/initialize?prefCd=17&kikanCd=6011&kikanKbn=nan", "url2": "http://www.alp-grp.jp/", "内容": "アルプ薬局石引店0石川県金沢市石引４丁目４ー１村田ビル１階" }, "geometry": { "type": "Point", "coordinates": [ 136.667455, 36.557834 ] } },
{ "type": "Feature", "properties": { "ID": 1756012, "正式名称": "アルプ薬局園町店", "機関区分": 5, "都道府県コード": 17, "市区町村コード": 203, "所在地": "石川県小松市園町ニ２２－２", "緯度": 36.404567, "経度": 136.463225, "url": "https://www.iryou.teikyouseido.mhlw.go.jp/znk-web/juminkanja/S2430/initialize?prefCd=17&kikanCd=6012&kikanKbn=nan", "url2": "http://www.alp-grp.jp/", "内容": "アルプ薬局園町店0石川県小松市園町ニ２２－２" }, "geometry": { "type": "Point", "coordinates": [ 136.463225, 36.404567 ] } },
{ "type": "Feature", "properties": { "ID": 1756013, "正式名称": "中森かいてきゆいの里薬局", "機関区分": 5, "都道府県コード": 17, "市区町村コード": 201, "所在地": "石川県金沢市三池栄町７０番地", "緯度": 36.596956, "経度": 136.67056, "url": "https://www.iryou.teikyouseido.mhlw.go.jp/znk-web/juminkanja/S2430/initialize?prefCd=17&kikanCd=6013&kikanKbn=nan", "url2": "http://www.kaiteki-01.jp/", "内容": "中森かいてきゆいの里薬局0石川県金沢市三池栄町７０番地" }, "geometry": { "type": "Point", "coordinates": [ 136.67056, 36.596956 ] } },
{ "type": "Feature", "properties": { "ID": 1756014, "正式名称": "シメノドラッグ辰口薬局", "機関区分": 5, "都道府県コード": 17, "市区町村コード": 211, "所在地": "石川県能美市辰口町５４６－１", "緯度": 36.442305, "経度": 136.54579, "url": "https://www.iryou.teikyouseido.mhlw.go.jp/znk-web/juminkanja/S2430/initialize?prefCd=17&kikanCd=6014&kikanKbn=nan", "url2": null, "内容": "シメノドラッグ辰口薬局0石川県能美市辰口町５４６－１" }, "geometry": { "type": "Point", "coordinates": [ 136.54579, 36.442305 ] } },
{ "type": "Feature", "properties": { "ID": 1756015, "正式名称": "ワカバ薬局", "機関区分": 5, "都道府県コード": 17, "市区町村コード": 201, "所在地": "石川県金沢市西金沢３－１－２", "緯度": 36.552414, "経度": 136.614525, "url": "https://www.iryou.teikyouseido.mhlw.go.jp/znk-web/juminkanja/S2430/initialize?prefCd=17&kikanCd=6015&kikanKbn=nan", "url2": "http://wakaba-yakkyoku.com/", "内容": "ワカバ薬局0石川県金沢市西金沢３－１－２" }, "geometry": { "type": "Point", "coordinates": [ 136.614525, 36.552414 ] } },
{ "type": "Feature", "properties": { "ID": 1756016, "正式名称": "クスリのアオキ若杉薬局", "機関区分": 5, "都道府県コード": 17, "市区町村コード": 203, "所在地": "石川県小松市若杉町２丁目３５番地", "緯度": 36.398764, "経度": 136.480638, "url": "https://www.iryou.teikyouseido.mhlw.go.jp/znk-web/juminkanja/S2430/initialize?prefCd=17&kikanCd=6016&kikanKbn=nan", "url2": "http://www.kusuri-aoki.co.jp/", "内容": "クスリのアオキ若杉薬局0石川県小松市若杉町２丁目３５番地" }, "geometry": { "type": "Point", "coordinates": [ 136.480638, 36.398764 ] } },
{ "type": "Feature", "properties": { "ID": 1756017, "正式名称": "松が丘薬局", "機関区分": 5, "都道府県コード": 17, "市区町村コード": 206, "所在地": "石川県加賀市松が丘１－２１－１１", "緯度": 36.325001, "経度": 136.342667, "url": "https://www.iryou.teikyouseido.mhlw.go.jp/znk-web/juminkanja/S2430/initialize?prefCd=17&kikanCd=6017&kikanKbn=nan", "url2": null, "内容": "松が丘薬局0石川県加賀市松が丘１－２１－１１" }, "geometry": { "type": "Point", "coordinates": [ 136.342667, 36.325001 ] } },
{ "type": "Feature", "properties": { "ID": 1756025, "正式名称": "サンライトげんき薬局", "機関区分": 5, "都道府県コード": 17, "市区町村コード": 211, "所在地": "石川県能美市寺井町ロ８０－３", "緯度": 36.443608, "経度": 136.492111, "url": "https://www.iryou.teikyouseido.mhlw.go.jp/znk-web/juminkanja/S2430/initialize?prefCd=17&kikanCd=6025&kikanKbn=nan", "url2": "https://accesslife.co.jp/", "内容": "サンライトげんき薬局0石川県能美市寺井町ロ８０－３" }, "geometry": { "type": "Point", "coordinates": [ 136.492111, 36.443608 ] } },
{ "type": "Feature", "properties": { "ID": 1756026, "正式名称": "山代あおぞら薬局", "機関区分": 5, "都道府県コード": 17, "市区町村コード": 206, "所在地": "石川県加賀市山代温泉山背台１ー６７－２", "緯度": 36.292208, "経度": 136.358897, "url": "https://www.iryou.teikyouseido.mhlw.go.jp/znk-web/juminkanja/S2430/initialize?prefCd=17&kikanCd=6026&kikanKbn=nan", "url2": "http://www.granpharma.co.jp", "内容": "山代あおぞら薬局0石川県加賀市山代温泉山背台１ー６７－２" }, "geometry": { "type": "Point", "coordinates": [ 136.358897, 36.292208 ] } },
{ "type": "Feature", "properties": { "ID": 1756027, "正式名称": "てまり涌波薬局", "機関区分": 5, "都道府県コード": 17, "市区町村コード": 201, "所在地": "石川県金沢市涌波１－８－３３", "緯度": 36.533423, "経度": 136.685613, "url": "https://www.iryou.teikyouseido.mhlw.go.jp/znk-web/juminkanja/S2430/initialize?prefCd=17&kikanCd=6027&kikanKbn=nan", "url2": "https://spatel.co.jp", "内容": "てまり涌波薬局0石川県金沢市涌波１－８－３３" }, "geometry": { "type": "Point", "coordinates": [ 136.685613, 36.533423 ] } },
{ "type": "Feature", "properties": { "ID": 1756028, "正式名称": "若草あおぞら薬局", "機関区分": 5, "都道府県コード": 17, "市区町村コード": 201, "所在地": "石川県金沢市若草町２番３８号", "緯度": 36.544853, "経度": 136.656783, "url": "https://www.iryou.teikyouseido.mhlw.go.jp/znk-web/juminkanja/S2430/initialize?prefCd=17&kikanCd=6028&kikanKbn=nan", "url2": "http://www.granpharma.co.jp", "内容": "若草あおぞら薬局0石川県金沢市若草町２番３８号" }, "geometry": { "type": "Point", "coordinates": [ 136.656783, 36.544853 ] } },
{ "type": "Feature", "properties": { "ID": 1756030, "正式名称": "金沢駅西口あおぞら薬局", "機関区分": 5, "都道府県コード": 17, "市区町村コード": 201, "所在地": "石川県金沢市広岡１丁目１番５号", "緯度": 36.57802, "経度": 136.645116, "url": "https://www.iryou.teikyouseido.mhlw.go.jp/znk-web/juminkanja/S2430/initialize?prefCd=17&kikanCd=6030&kikanKbn=nan", "url2": "http://www.granpharma.co.jp", "内容": "金沢駅西口あおぞら薬局0石川県金沢市広岡１丁目１番５号" }, "geometry": { "type": "Point", "coordinates": [ 136.645116, 36.57802 ] } },
{ "type": "Feature", "properties": { "ID": 1756032, "正式名称": "薬局マツモトキヨシ　森本店", "機関区分": 5, "都道府県コード": 17, "市区町村コード": 201, "所在地": "石川県金沢市南森本町ヌ８－１", "緯度": 36.61646, "経度": 136.695006, "url": "https://www.iryou.teikyouseido.mhlw.go.jp/znk-web/juminkanja/S2430/initialize?prefCd=17&kikanCd=6032&kikanKbn=nan", "url2": null, "内容": "薬局マツモトキヨシ　森本店0石川県金沢市南森本町ヌ８－１" }, "geometry": { "type": "Point", "coordinates": [ 136.695006, 36.61646 ] } },
{ "type": "Feature", "properties": { "ID": 1756033, "正式名称": "岡薬局", "機関区分": 5, "都道府県コード": 17, "市区町村コード": 201, "所在地": "石川県金沢市尾張町２丁目１３－８", "緯度": 36.571335, "経度": 136.663879, "url": "https://www.iryou.teikyouseido.mhlw.go.jp/znk-web/juminkanja/S2430/initialize?prefCd=17&kikanCd=6033&kikanKbn=nan", "url2": null, "内容": "岡薬局0石川県金沢市尾張町２丁目１３－８" }, "geometry": { "type": "Point", "coordinates": [ 136.663879, 36.571335 ] } },
{ "type": "Feature", "properties": { "ID": 1756034, "正式名称": "あやめ薬局", "機関区分": 5, "都道府県コード": 17, "市区町村コード": 201, "所在地": "石川県金沢市高柳町１－１１－１", "緯度": 36.591638, "経度": 136.663001, "url": "https://www.iryou.teikyouseido.mhlw.go.jp/znk-web/juminkanja/S2430/initialize?prefCd=17&kikanCd=6034&kikanKbn=nan", "url2": null, "内容": "あやめ薬局0石川県金沢市高柳町１－１１－１" }, "geometry": { "type": "Point", "coordinates": [ 136.663001, 36.591638 ] } },
{ "type": "Feature", "properties": { "ID": 1756036, "正式名称": "広岡あおぞら薬局", "機関区分": 5, "都道府県コード": 17, "市区町村コード": 201, "所在地": "石川県金沢市広岡", "緯度": 36.576276, "経度": 136.646055, "url": "https://www.iryou.teikyouseido.mhlw.go.jp/znk-web/juminkanja/S2430/initialize?prefCd=17&kikanCd=6036&kikanKbn=nan", "url2": "http://www.granpharma.co.jp/", "内容": "広岡あおぞら薬局0石川県金沢市広岡" }, "geometry": { "type": "Point", "coordinates": [ 136.646055, 36.576276 ] } },
{ "type": "Feature", "properties": { "ID": 1756037, "正式名称": "Ｖ・ｄｒｕｇ　古府薬局", "機関区分": 5, "都道府県コード": 17, "市区町村コード": 201, "所在地": "石川県金沢市古府１－１２１", "緯度": 36.563524, "経度": 136.608306, "url": "https://www.iryou.teikyouseido.mhlw.go.jp/znk-web/juminkanja/S2430/initialize?prefCd=17&kikanCd=6037&kikanKbn=nan", "url2": "http://www.vdrug..co.jp/", "内容": "Ｖ・ｄｒｕｇ　古府薬局0石川県金沢市古府１－１２１" }, "geometry": { "type": "Point", "coordinates": [ 136.608306, 36.563524 ] } },
{ "type": "Feature", "properties": { "ID": 1756038, "正式名称": "山中薬局", "機関区分": 5, "都道府県コード": 17, "市区町村コード": 206, "所在地": "石川県加賀市山中温泉湯の本町", "緯度": 36.247208, "経度": 136.373412, "url": "https://www.iryou.teikyouseido.mhlw.go.jp/znk-web/juminkanja/S2430/initialize?prefCd=17&kikanCd=6038&kikanKbn=nan", "url2": null, "内容": "山中薬局0石川県加賀市山中温泉湯の本町" }, "geometry": { "type": "Point", "coordinates": [ 136.373412, 36.247208 ] } },
{ "type": "Feature", "properties": { "ID": 1756039, "正式名称": "中道薬局", "機関区分": 5, "都道府県コード": 17, "市区町村コード": 206, "所在地": "石川県加賀市山代温泉", "緯度": 36.290016, "経度": 136.357901, "url": "https://www.iryou.teikyouseido.mhlw.go.jp/znk-web/juminkanja/S2430/initialize?prefCd=17&kikanCd=6039&kikanKbn=nan", "url2": null, "内容": "中道薬局0石川県加賀市山代温泉" }, "geometry": { "type": "Point", "coordinates": [ 136.357901, 36.290016 ] } },
{ "type": "Feature", "properties": { "ID": 1756040, "正式名称": "さくら薬局", "機関区分": 5, "都道府県コード": 17, "市区町村コード": 211, "所在地": "石川県能美市辰口町６５２－１", "緯度": 36.442924, "経度": 136.544423, "url": "https://www.iryou.teikyouseido.mhlw.go.jp/znk-web/juminkanja/S2430/initialize?prefCd=17&kikanCd=6040&kikanKbn=nan", "url2": "www.e-classa.net/sakura5767sakura/informaition.html", "内容": "さくら薬局0石川県能美市辰口町６５２－１" }, "geometry": { "type": "Point", "coordinates": [ 136.544423, 36.442924 ] } },
{ "type": "Feature", "properties": { "ID": 1756041, "正式名称": "あかね薬局", "機関区分": 5, "都道府県コード": 17, "市区町村コード": 211, "所在地": "石川県能美市大浜町ノ３５ー１３", "緯度": 36.454816, "経度": 136.45984, "url": "https://www.iryou.teikyouseido.mhlw.go.jp/znk-web/juminkanja/S2430/initialize?prefCd=17&kikanCd=6041&kikanKbn=nan", "url2": "https://lifullpharmacy.jp/", "内容": "あかね薬局0石川県能美市大浜町ノ３５ー１３" }, "geometry": { "type": "Point", "coordinates": [ 136.45984, 36.454816 ] } },
{ "type": "Feature", "properties": { "ID": 1756042, "正式名称": "サエラ薬局", "機関区分": 5, "都道府県コード": 17, "市区町村コード": 461, "所在地": "石川県鳳珠郡穴水町此木壱１４３－１", "緯度": 37.242368, "経度": 136.900523, "url": "https://www.iryou.teikyouseido.mhlw.go.jp/znk-web/juminkanja/S2430/initialize?prefCd=17&kikanCd=6042&kikanKbn=nan", "url2": "https://www.saera-ph.co.jp/shop/anamizu/", "内容": "サエラ薬局0石川県鳳珠郡穴水町此木壱１４３－１" }, "geometry": { "type": "Point", "coordinates": [ 136.900523, 37.242368 ] } },
{ "type": "Feature", "properties": { "ID": 1756043, "正式名称": "河合薬局", "機関区分": 5, "都道府県コード": 17, "市区町村コード": 461, "所在地": "石川県鳳珠郡穴水町川島イ－７", "緯度": 37.230167, "経度": 136.905936, "url": "https://www.iryou.teikyouseido.mhlw.go.jp/znk-web/juminkanja/S2430/initialize?prefCd=17&kikanCd=6043&kikanKbn=nan", "url2": "http://www.e-classa.net/kawai-pharmocy/index.html", "内容": "河合薬局0石川県鳳珠郡穴水町川島イ－７" }, "geometry": { "type": "Point", "coordinates": [ 136.905936, 37.230167 ] } },
{ "type": "Feature", "properties": { "ID": 1756047, "正式名称": "フロンティア能美薬局", "機関区分": 5, "都道府県コード": 17, "市区町村コード": 211, "所在地": "石川県能美市大浜町ノ１４５－１", "緯度": 36.455356, "経度": 136.459538, "url": "https://www.iryou.teikyouseido.mhlw.go.jp/znk-web/juminkanja/S2430/initialize?prefCd=17&kikanCd=6047&kikanKbn=nan", "url2": "http://www.frontier-ph.com/", "内容": "フロンティア能美薬局0石川県能美市大浜町ノ１４５－１" }, "geometry": { "type": "Point", "coordinates": [ 136.459538, 36.455356 ] } },
{ "type": "Feature", "properties": { "ID": 1756049, "正式名称": "中森かいてき小松薬局", "機関区分": 5, "都道府県コード": 17, "市区町村コード": 203, "所在地": "石川県小松市上小松町丙６７－６", "緯度": 36.407743, "経度": 136.464078, "url": "https://www.iryou.teikyouseido.mhlw.go.jp/znk-web/juminkanja/S2430/initialize?prefCd=17&kikanCd=6049&kikanKbn=nan", "url2": "http://www.kaiteki-01.jp/", "内容": "中森かいてき小松薬局0石川県小松市上小松町丙６７－６" }, "geometry": { "type": "Point", "coordinates": [ 136.464078, 36.407743 ] } },
{ "type": "Feature", "properties": { "ID": 1756050, "正式名称": "ピスコしままち薬局", "機関区分": 5, "都道府県コード": 17, "市区町村コード": 203, "所在地": "石川県小松市島町ル６９番地１", "緯度": 36.352345, "経度": 136.428727, "url": "https://www.iryou.teikyouseido.mhlw.go.jp/znk-web/juminkanja/S2430/initialize?prefCd=17&kikanCd=6050&kikanKbn=nan", "url2": null, "内容": "ピスコしままち薬局0石川県小松市島町ル６９番地１" }, "geometry": { "type": "Point", "coordinates": [ 136.428727, 36.352345 ] } },
{ "type": "Feature", "properties": { "ID": 1756052, "正式名称": "てまり下牧薬局", "機関区分": 5, "都道府県コード": 17, "市区町村コード": 203, "所在地": "石川県小松市下牧町ホ１０１番１", "緯度": 36.411033, "経度": 136.424774, "url": "https://www.iryou.teikyouseido.mhlw.go.jp/znk-web/juminkanja/S2430/initialize?prefCd=17&kikanCd=6052&kikanKbn=nan", "url2": "https://www.temariyakkyoku.com", "内容": "てまり下牧薬局0石川県小松市下牧町ホ１０１番１" }, "geometry": { "type": "Point", "coordinates": [ 136.424774, 36.411033 ] } },
{ "type": "Feature", "properties": { "ID": 1756053, "正式名称": "三ツ屋ふたば薬局", "機関区分": 5, "都道府県コード": 17, "市区町村コード": 211, "所在地": "石川県能美市三ツ屋町ロ１７－１", "緯度": 36.452151, "経度": 136.548009, "url": "https://www.iryou.teikyouseido.mhlw.go.jp/znk-web/juminkanja/S2430/initialize?prefCd=17&kikanCd=6053&kikanKbn=nan", "url2": "http://www.futaba-y.net", "内容": "三ツ屋ふたば薬局0石川県能美市三ツ屋町ロ１７－１" }, "geometry": { "type": "Point", "coordinates": [ 136.548009, 36.452151 ] } },
{ "type": "Feature", "properties": { "ID": 1756054, "正式名称": "オリーブ薬局", "機関区分": 5, "都道府県コード": 17, "市区町村コード": 203, "所在地": "石川県小松市園町ニ６６番地", "緯度": 36.403729, "経度": 136.466453, "url": "https://www.iryou.teikyouseido.mhlw.go.jp/znk-web/juminkanja/S2430/initialize?prefCd=17&kikanCd=6054&kikanKbn=nan", "url2": null, "内容": "オリーブ薬局0石川県小松市園町ニ６６番地" }, "geometry": { "type": "Point", "coordinates": [ 136.466453, 36.403729 ] } },
{ "type": "Feature", "properties": { "ID": 1756055, "正式名称": "野々市ファーマライズ薬局", "機関区分": 5, "都道府県コード": 17, "市区町村コード": 210, "所在地": "石川県白山市専福寺町８４－３", "緯度": 36.525848, "経度": 136.587729, "url": "https://www.iryou.teikyouseido.mhlw.go.jp/znk-web/juminkanja/S2430/initialize?prefCd=17&kikanCd=6055&kikanKbn=nan", "url2": "http://www.pharmarise.com/", "内容": "野々市ファーマライズ薬局0石川県白山市専福寺町８４－３" }, "geometry": { "type": "Point", "coordinates": [ 136.587729, 36.525848 ] } },
{ "type": "Feature", "properties": { "ID": 1756056, "正式名称": "松任あおば薬局", "機関区分": 5, "都道府県コード": 17, "市区町村コード": 210, "所在地": "石川県白山市北安田町５０１２", "緯度": 36.525022, "経度": 136.547727, "url": "https://www.iryou.teikyouseido.mhlw.go.jp/znk-web/juminkanja/S2430/initialize?prefCd=17&kikanCd=6056&kikanKbn=nan", "url2": "http://www.add-vantage.jp/", "内容": "松任あおば薬局0石川県白山市北安田町５０１２" }, "geometry": { "type": "Point", "coordinates": [ 136.547727, 36.525022 ] } },
{ "type": "Feature", "properties": { "ID": 1756059, "正式名称": "みなみ野々市薬局", "機関区分": 5, "都道府県コード": 17, "市区町村コード": 212, "所在地": "石川県野々市市御経塚１丁目４５１番地", "緯度": 36.544476, "経度": 136.595776, "url": "https://www.iryou.teikyouseido.mhlw.go.jp/znk-web/juminkanja/S2430/initialize?prefCd=17&kikanCd=6059&kikanKbn=nan", "url2": null, "内容": "みなみ野々市薬局0石川県野々市市御経塚１丁目４５１番地" }, "geometry": { "type": "Point", "coordinates": [ 136.595776, 36.544476 ] } },
{ "type": "Feature", "properties": { "ID": 1756060, "正式名称": "かほくまこと薬局", "機関区分": 5, "都道府県コード": 17, "市区町村コード": 209, "所在地": "石川県かほく市遠塚ロ５４－９", "緯度": 36.735469, "経度": 136.701231, "url": "https://www.iryou.teikyouseido.mhlw.go.jp/znk-web/juminkanja/S2430/initialize?prefCd=17&kikanCd=6060&kikanKbn=nan", "url2": "http://hikari-pharma.com/", "内容": "かほくまこと薬局0石川県かほく市遠塚ロ５４－９" }, "geometry": { "type": "Point", "coordinates": [ 136.701231, 36.735469 ] } },
{ "type": "Feature", "properties": { "ID": 1756065, "正式名称": "ふじはしまち薬局", "機関区分": 5, "都道府県コード": 17, "市区町村コード": 202, "所在地": "石川県七尾市藤橋町戌１５－４", "緯度": 37.038936, "経度": 136.954687, "url": "https://www.iryou.teikyouseido.mhlw.go.jp/znk-web/juminkanja/S2430/initialize?prefCd=17&kikanCd=6065&kikanKbn=nan", "url2": "https://ehm-medical.site/", "内容": "ふじはしまち薬局0石川県七尾市藤橋町戌１５－４" }, "geometry": { "type": "Point", "coordinates": [ 136.954687, 37.038936 ] } },
{ "type": "Feature", "properties": { "ID": 1756068, "正式名称": "クスリのアオキ押越薬局", "機関区分": 5, "都道府県コード": 17, "市区町村コード": 212, "所在地": "石川県野々市市若松町３番２０号", "緯度": 36.537407, "経度": 136.611755, "url": "https://www.iryou.teikyouseido.mhlw.go.jp/znk-web/juminkanja/S2430/initialize?prefCd=17&kikanCd=6068&kikanKbn=nan", "url2": "https://www.kusuri-aoki.co.jp/", "内容": "クスリのアオキ押越薬局0石川県野々市市若松町３番２０号" }, "geometry": { "type": "Point", "coordinates": [ 136.611755, 36.537407 ] } },
{ "type": "Feature", "properties": { "ID": 1756070, "正式名称": "森本あおぞら薬局", "機関区分": 5, "都道府県コード": 17, "市区町村コード": 201, "所在地": "石川県金沢市吉原町ハ２４－１", "緯度": 36.6121, "経度": 136.693593, "url": "https://www.iryou.teikyouseido.mhlw.go.jp/znk-web/juminkanja/S2430/initialize?prefCd=17&kikanCd=6070&kikanKbn=nan", "url2": "https://www.granpharma.co.jp/", "内容": "森本あおぞら薬局0石川県金沢市吉原町ハ２４－１" }, "geometry": { "type": "Point", "coordinates": [ 136.693593, 36.6121 ] } },
{ "type": "Feature", "properties": { "ID": 1756075, "正式名称": "のとじま薬局", "機関区分": 5, "都道府県コード": 17, "市区町村コード": 202, "所在地": "石川県七尾市能登島鰀目町２９部７番地１", "緯度": 37.151389, "経度": 137.049165, "url": "https://www.iryou.teikyouseido.mhlw.go.jp/znk-web/juminkanja/S2430/initialize?prefCd=17&kikanCd=6075&kikanKbn=nan", "url2": null, "内容": "のとじま薬局0石川県七尾市能登島鰀目町２９部７番地１" }, "geometry": { "type": "Point", "coordinates": [ 137.049165, 37.151389 ] } },
{ "type": "Feature", "properties": { "ID": 1756076, "正式名称": "薬局マツモトキヨシ　七尾西店", "機関区分": 5, "都道府県コード": 17, "市区町村コード": 202, "所在地": "石川県七尾市国分町ラ１７番地", "緯度": 37.035255, "経度": 136.95293, "url": "https://www.iryou.teikyouseido.mhlw.go.jp/znk-web/juminkanja/S2430/initialize?prefCd=17&kikanCd=6076&kikanKbn=nan", "url2": null, "内容": "薬局マツモトキヨシ　七尾西店0石川県七尾市国分町ラ１７番地" }, "geometry": { "type": "Point", "coordinates": [ 136.95293, 37.035255 ] } },
{ "type": "Feature", "properties": { "ID": 1756081, "正式名称": "てまり野々市薬局", "機関区分": 5, "都道府県コード": 17, "市区町村コード": 212, "所在地": "石川県野々市市堀内４－８０－３", "緯度": 36.531073, "経度": 136.600696, "url": "https://www.iryou.teikyouseido.mhlw.go.jp/znk-web/juminkanja/S2430/initialize?prefCd=17&kikanCd=6081&kikanKbn=nan", "url2": "https://spatel.jp", "内容": "てまり野々市薬局0石川県野々市市堀内４－８０－３" }, "geometry": { "type": "Point", "coordinates": [ 136.600696, 36.531073 ] } },
{ "type": "Feature", "properties": { "ID": 1756082, "正式名称": "フロンティア泉が丘薬局", "機関区分": 5, "都道府県コード": 17, "市区町村コード": 201, "所在地": "石川県金沢市泉が丘２丁目１５－２３", "緯度": 36.543183, "経度": 136.644398, "url": "https://www.iryou.teikyouseido.mhlw.go.jp/znk-web/juminkanja/S2430/initialize?prefCd=17&kikanCd=6082&kikanKbn=nan", "url2": "http://www.frontier-ph.com/", "内容": "フロンティア泉が丘薬局0石川県金沢市泉が丘２丁目１５－２３" }, "geometry": { "type": "Point", "coordinates": [ 136.644398, 36.543183 ] } },
{ "type": "Feature", "properties": { "ID": 1756083, "正式名称": "クスリのアオキみずき薬局", "機関区分": 5, "都道府県コード": 17, "市区町村コード": 201, "所在地": "石川県金沢市みずき１丁目３番１", "緯度": 36.618566, "経度": 136.672107, "url": "https://www.iryou.teikyouseido.mhlw.go.jp/znk-web/juminkanja/S2430/initialize?prefCd=17&kikanCd=6083&kikanKbn=nan", "url2": "https://www.kusuri-aoki.co.jp/", "内容": "クスリのアオキみずき薬局0石川県金沢市みずき１丁目３番１" }, "geometry": { "type": "Point", "coordinates": [ 136.672107, 36.618566 ] } },
{ "type": "Feature", "properties": { "ID": 1756085, "正式名称": "薬局マツモトキヨシ　高浜店", "機関区分": 5, "都道府県コード": 17, "市区町村コード": 384, "所在地": "石川県羽咋郡志賀町高浜ヤ６９", "緯度": 37.001354, "経度": 136.776183, "url": "https://www.iryou.teikyouseido.mhlw.go.jp/znk-web/juminkanja/S2430/initialize?prefCd=17&kikanCd=6085&kikanKbn=nan", "url2": null, "内容": "薬局マツモトキヨシ　高浜店0石川県羽咋郡志賀町高浜ヤ６９" }, "geometry": { "type": "Point", "coordinates": [ 136.776183, 37.001354 ] } },
{ "type": "Feature", "properties": { "ID": 1756086, "正式名称": "クスリのアオキ相木薬局", "機関区分": 5, "都道府県コード": 17, "市区町村コード": 210, "所在地": "石川県白山市相木二丁目３番地６", "緯度": 36.52765, "経度": 136.563238, "url": "https://www.iryou.teikyouseido.mhlw.go.jp/znk-web/juminkanja/S2430/initialize?prefCd=17&kikanCd=6086&kikanKbn=nan", "url2": "https://www.kusuri-aoki.co.jp/", "内容": "クスリのアオキ相木薬局0石川県白山市相木二丁目３番地６" }, "geometry": { "type": "Point", "coordinates": [ 136.563238, 36.52765 ] } },
{ "type": "Feature", "properties": { "ID": 1756087, "正式名称": "フロンティア津幡薬局", "機関区分": 5, "都道府県コード": 17, "市区町村コード": 361, "所在地": "石川県河北郡津幡町字潟端４２１－１７", "緯度": 36.655719, "経度": 136.710564, "url": "https://www.iryou.teikyouseido.mhlw.go.jp/znk-web/juminkanja/S2430/initialize?prefCd=17&kikanCd=6087&kikanKbn=nan", "url2": "http://www.frontier-ph.com", "内容": "フロンティア津幡薬局0石川県河北郡津幡町字潟端４２１－１７" }, "geometry": { "type": "Point", "coordinates": [ 136.710564, 36.655719 ] } },
{ "type": "Feature", "properties": { "ID": 1756088, "正式名称": "中森かいてき中村町薬局", "機関区分": 5, "都道府県コード": 17, "市区町村コード": 201, "所在地": "石川県金沢市中村町９番２５号", "緯度": 36.559724, "経度": 136.643762, "url": "https://www.iryou.teikyouseido.mhlw.go.jp/znk-web/juminkanja/S2430/initialize?prefCd=17&kikanCd=6088&kikanKbn=nan", "url2": "http://www.kaiteki-01.jp/", "内容": "中森かいてき中村町薬局0石川県金沢市中村町９番２５号" }, "geometry": { "type": "Point", "coordinates": [ 136.643762, 36.559724 ] } },
{ "type": "Feature", "properties": { "ID": 1756091, "正式名称": "クスリのアオキ三馬薬局", "機関区分": 5, "都道府県コード": 17, "市区町村コード": 201, "所在地": "石川県金沢市三馬２丁目２５４番", "緯度": 36.529648, "経度": 136.635094, "url": "https://www.iryou.teikyouseido.mhlw.go.jp/znk-web/juminkanja/S2430/initialize?prefCd=17&kikanCd=6091&kikanKbn=nan", "url2": "https://www.kusuri-aoki.co.jp/", "内容": "クスリのアオキ三馬薬局0石川県金沢市三馬２丁目２５４番" }, "geometry": { "type": "Point", "coordinates": [ 136.635094, 36.529648 ] } },
{ "type": "Feature", "properties": { "ID": 1756092, "正式名称": "日本調剤　金沢西薬局", "機関区分": 5, "都道府県コード": 17, "市区町村コード": 201, "所在地": "石川県金沢市赤土町ト１８－３", "緯度": 36.582336, "経度": 136.596328, "url": "https://www.iryou.teikyouseido.mhlw.go.jp/znk-web/juminkanja/S2430/initialize?prefCd=17&kikanCd=6092&kikanKbn=nan", "url2": "http://www.nicho.co.jp/tenpo/kanazawanisi/", "内容": "日本調剤　金沢西薬局0石川県金沢市赤土町ト１８－３" }, "geometry": { "type": "Point", "coordinates": [ 136.596328, 36.582336 ] } },
{ "type": "Feature", "properties": { "ID": 1756093, "正式名称": "クオール薬局かほく店", "機関区分": 5, "都道府県コード": 17, "市区町村コード": 209, "所在地": "石川県かほく市内日角４－１３－１", "緯度": 36.712585, "経度": 136.700572, "url": "https://www.iryou.teikyouseido.mhlw.go.jp/znk-web/juminkanja/S2430/initialize?prefCd=17&kikanCd=6093&kikanKbn=nan", "url2": "http://www.qol-net.co.jp/", "内容": "クオール薬局かほく店0石川県かほく市内日角４－１３－１" }, "geometry": { "type": "Point", "coordinates": [ 136.700572, 36.712585 ] } },
{ "type": "Feature", "properties": { "ID": 1756094, "正式名称": "にじいろ薬局", "機関区分": 5, "都道府県コード": 17, "市区町村コード": 204, "所在地": "石川県輪島市鳳至町下１６４番地４", "緯度": 37.399726, "経度": 136.899901, "url": "https://www.iryou.teikyouseido.mhlw.go.jp/znk-web/juminkanja/S2430/initialize?prefCd=17&kikanCd=6094&kikanKbn=nan", "url2": null, "内容": "にじいろ薬局0石川県輪島市鳳至町下１６４番地４" }, "geometry": { "type": "Point", "coordinates": [ 136.899901, 37.399726 ] } },
{ "type": "Feature", "properties": { "ID": 1756095, "正式名称": "日本調剤　門前町薬局", "機関区分": 5, "都道府県コード": 17, "市区町村コード": 204, "所在地": "石川県輪島市門前町道下七　７－１", "緯度": 37.289863, "経度": 136.746097, "url": "https://www.iryou.teikyouseido.mhlw.go.jp/znk-web/juminkanja/S2430/initialize?prefCd=17&kikanCd=6095&kikanKbn=nan", "url2": "http://www.nicho.co.jp/tenpo/monzenmati/", "内容": "日本調剤　門前町薬局0石川県輪島市門前町道下七　７－１" }, "geometry": { "type": "Point", "coordinates": [ 136.746097, 37.289863 ] } },
{ "type": "Feature", "properties": { "ID": 1756096, "正式名称": "グリーン増泉薬局", "機関区分": 5, "都道府県コード": 17, "市区町村コード": 201, "所在地": "石川県金沢市神田２丁目１番１０号", "緯度": 36.558897, "経度": 136.636922, "url": "https://www.iryou.teikyouseido.mhlw.go.jp/znk-web/juminkanja/S2430/initialize?prefCd=17&kikanCd=6096&kikanKbn=nan", "url2": "http://www.green-tz.com/", "内容": "グリーン増泉薬局0石川県金沢市神田２丁目１番１０号" }, "geometry": { "type": "Point", "coordinates": [ 136.636922, 36.558897 ] } },
{ "type": "Feature", "properties": { "ID": 1756097, "正式名称": "てまり南部薬局", "機関区分": 5, "都道府県コード": 17, "市区町村コード": 203, "所在地": "石川県小松市四丁町ハ１－２", "緯度": 36.355794, "経度": 136.412365, "url": "https://www.iryou.teikyouseido.mhlw.go.jp/znk-web/juminkanja/S2430/initialize?prefCd=17&kikanCd=6097&kikanKbn=nan", "url2": "https://spatel.co.jp", "内容": "てまり南部薬局0石川県小松市四丁町ハ１－２" }, "geometry": { "type": "Point", "coordinates": [ 136.412365, 36.355794 ] } },
{ "type": "Feature", "properties": { "ID": 1756100, "正式名称": "クスリのアオキ間明薬局", "機関区分": 5, "都道府県コード": 17, "市区町村コード": 201, "所在地": "石川県金沢市進和町８２番地", "緯度": 36.56639, "経度": 136.61394, "url": "https://www.iryou.teikyouseido.mhlw.go.jp/znk-web/juminkanja/S2430/initialize?prefCd=17&kikanCd=6100&kikanKbn=nan", "url2": "https://www.kusuri-aoki.co.jp/", "内容": "クスリのアオキ間明薬局0石川県金沢市進和町８２番地" }, "geometry": { "type": "Point", "coordinates": [ 136.61394, 36.56639 ] } },
{ "type": "Feature", "properties": { "ID": 1756106, "正式名称": "ひなどり薬局", "機関区分": 5, "都道府県コード": 17, "市区町村コード": 201, "所在地": "石川県金沢市畝田東２丁目５６９番地", "緯度": 36.594471, "経度": 136.617286, "url": "https://www.iryou.teikyouseido.mhlw.go.jp/znk-web/juminkanja/S2430/initialize?prefCd=17&kikanCd=6106&kikanKbn=nan", "url2": "https://www.w-and-m.jp/", "内容": "ひなどり薬局0石川県金沢市畝田東２丁目５６９番地" }, "geometry": { "type": "Point", "coordinates": [ 136.617286, 36.594471 ] } },
{ "type": "Feature", "properties": { "ID": 1756107, "正式名称": "小立野あおば薬局", "機関区分": 5, "都道府県コード": 17, "市区町村コード": 201, "所在地": "石川県金沢市小立野３－１２－１８", "緯度": 36.551168, "経度": 136.67434, "url": "https://www.iryou.teikyouseido.mhlw.go.jp/znk-web/juminkanja/S2430/initialize?prefCd=17&kikanCd=6107&kikanKbn=nan", "url2": "http://www.add-vantage.jp/", "内容": "小立野あおば薬局0石川県金沢市小立野３－１２－１８" }, "geometry": { "type": "Point", "coordinates": [ 136.67434, 36.551168 ] } },
{ "type": "Feature", "properties": { "ID": 1756108, "正式名称": "箔山堂専福寺薬局", "機関区分": 5, "都道府県コード": 17, "市区町村コード": 210, "所在地": "石川県白山市専福寺町１６０－５", "緯度": 36.52289, "経度": 136.587354, "url": "https://www.iryou.teikyouseido.mhlw.go.jp/znk-web/juminkanja/S2430/initialize?prefCd=17&kikanCd=6108&kikanKbn=nan", "url2": "http://www.nanzando.co.jp", "内容": "箔山堂専福寺薬局0石川県白山市専福寺町１６０－５" }, "geometry": { "type": "Point", "coordinates": [ 136.587354, 36.52289 ] } },
{ "type": "Feature", "properties": { "ID": 1756109, "正式名称": "箔山堂高松薬局", "機関区分": 5, "都道府県コード": 17, "市区町村コード": 209, "所在地": "石川県かほく市内高松申５０－３", "緯度": 36.769117, "経度": 136.733817, "url": "https://www.iryou.teikyouseido.mhlw.go.jp/znk-web/juminkanja/S2430/initialize?prefCd=17&kikanCd=6109&kikanKbn=nan", "url2": "http://www.nanzando.co.jp/h_takamatsu.html", "内容": "箔山堂高松薬局0石川県かほく市内高松申５０－３" }, "geometry": { "type": "Point", "coordinates": [ 136.733817, 36.769117 ] } },
{ "type": "Feature", "properties": { "ID": 1756117, "正式名称": "イオン薬局　杜の里店", "機関区分": 5, "都道府県コード": 17, "市区町村コード": 201, "所在地": "石川県金沢市もりの里１丁目７０", "緯度": 36.551916, "経度": 136.689923, "url": "https://www.iryou.teikyouseido.mhlw.go.jp/znk-web/juminkanja/S2430/initialize?prefCd=17&kikanCd=6117&kikanKbn=nan", "url2": "https://www.aeonretail.jp/syohousen/shoplist.html", "内容": "イオン薬局　杜の里店0石川県金沢市もりの里１丁目７０" }, "geometry": { "type": "Point", "coordinates": [ 136.689923, 36.551916 ] } },
{ "type": "Feature", "properties": { "ID": 1756118, "正式名称": "ウエルシア能美寺井薬局", "機関区分": 5, "都道府県コード": 17, "市区町村コード": 211, "所在地": "石川県能美市寺井町ハ１１２", "緯度": 36.443633, "経度": 136.495264, "url": "https://www.iryou.teikyouseido.mhlw.go.jp/znk-web/juminkanja/S2430/initialize?prefCd=17&kikanCd=6118&kikanKbn=nan", "url2": "http://www.welcia-yakkyoku.co.jp", "内容": "ウエルシア能美寺井薬局0石川県能美市寺井町ハ１１２" }, "geometry": { "type": "Point", "coordinates": [ 136.495264, 36.443633 ] } },
{ "type": "Feature", "properties": { "ID": 1756119, "正式名称": "ウエルシア加賀作見薬局", "機関区分": 5, "都道府県コード": 17, "市区町村コード": 206, "所在地": "石川県加賀市作見町ニ４２番１", "緯度": 36.319321, "経度": 136.356487, "url": "https://www.iryou.teikyouseido.mhlw.go.jp/znk-web/juminkanja/S2430/initialize?prefCd=17&kikanCd=6119&kikanKbn=nan", "url2": "http://www.welcia-yakkyoku.co.jp", "内容": "ウエルシア加賀作見薬局0石川県加賀市作見町ニ４２番１" }, "geometry": { "type": "Point", "coordinates": [ 136.356487, 36.319321 ] } },
{ "type": "Feature", "properties": { "ID": 1756120, "正式名称": "太平寺らいふ薬局", "機関区分": 5, "都道府県コード": 17, "市区町村コード": 212, "所在地": "石川県野々市市太平寺４ー４８", "緯度": 36.532525, "経度": 136.606933, "url": "https://www.iryou.teikyouseido.mhlw.go.jp/znk-web/juminkanja/S2430/initialize?prefCd=17&kikanCd=6120&kikanKbn=nan", "url2": "http://www.life-jp.com/", "内容": "太平寺らいふ薬局0石川県野々市市太平寺４ー４８" }, "geometry": { "type": "Point", "coordinates": [ 136.606933, 36.532525 ] } },
{ "type": "Feature", "properties": { "ID": 1756121, "正式名称": "てまり辰口薬局", "機関区分": 5, "都道府県コード": 17, "市区町村コード": 211, "所在地": "石川県能美市松が岡", "緯度": 36.437411, "経度": 136.528283, "url": "https://www.iryou.teikyouseido.mhlw.go.jp/znk-web/juminkanja/S2430/initialize?prefCd=17&kikanCd=6121&kikanKbn=nan", "url2": "https://spatel.co.jp", "内容": "てまり辰口薬局0石川県能美市松が岡" }, "geometry": { "type": "Point", "coordinates": [ 136.528283, 36.437411 ] } },
{ "type": "Feature", "properties": { "ID": 1756122, "正式名称": "吉竹らいふ薬局", "機関区分": 5, "都道府県コード": 17, "市区町村コード": 203, "所在地": "石川県小松市吉竹町４－２２１", "緯度": 36.39524, "経度": 136.473082, "url": "https://www.iryou.teikyouseido.mhlw.go.jp/znk-web/juminkanja/S2430/initialize?prefCd=17&kikanCd=6122&kikanKbn=nan", "url2": "http://www.life-jp.com/", "内容": "吉竹らいふ薬局0石川県小松市吉竹町４－２２１" }, "geometry": { "type": "Point", "coordinates": [ 136.473082, 36.39524 ] } },
{ "type": "Feature", "properties": { "ID": 1756124, "正式名称": "クスリのアオキ高松薬局", "機関区分": 5, "都道府県コード": 17, "市区町村コード": 209, "所在地": "石川県かほく市高松ア２４番２", "緯度": 36.760299, "経度": 136.71606, "url": "https://www.iryou.teikyouseido.mhlw.go.jp/znk-web/juminkanja/S2430/initialize?prefCd=17&kikanCd=6124&kikanKbn=nan", "url2": "https://www.kusuri-aoki.co.jp/", "内容": "クスリのアオキ高松薬局0石川県かほく市高松ア２４番２" }, "geometry": { "type": "Point", "coordinates": [ 136.71606, 36.760299 ] } },
{ "type": "Feature", "properties": { "ID": 1756125, "正式名称": "クスリのアオキ向本折薬局", "機関区分": 5, "都道府県コード": 17, "市区町村コード": 203, "所在地": "石川県小松市向本折町ニ２４番１", "緯度": 36.398153, "経度": 136.442208, "url": "https://www.iryou.teikyouseido.mhlw.go.jp/znk-web/juminkanja/S2430/initialize?prefCd=17&kikanCd=6125&kikanKbn=nan", "url2": "http://www.kusuri-aoki.co.jp", "内容": "クスリのアオキ向本折薬局0石川県小松市向本折町ニ２４番１" }, "geometry": { "type": "Point", "coordinates": [ 136.442208, 36.398153 ] } },
{ "type": "Feature", "properties": { "ID": 1756126, "正式名称": "よつば薬局", "機関区分": 5, "都道府県コード": 17, "市区町村コード": 407, "所在地": "石川県鹿島郡中能登町良川る７－１", "緯度": 36.973518, "経度": 136.884882, "url": "https://www.iryou.teikyouseido.mhlw.go.jp/znk-web/juminkanja/S2430/initialize?prefCd=17&kikanCd=6126&kikanKbn=nan", "url2": "https://assist-ast.jp", "内容": "よつば薬局0石川県鹿島郡中能登町良川る７－１" }, "geometry": { "type": "Point", "coordinates": [ 136.884882, 36.973518 ] } },
{ "type": "Feature", "properties": { "ID": 1756128, "正式名称": "布水あおば薬局", "機関区分": 5, "都道府県コード": 17, "市区町村コード": 212, "所在地": "石川県野々市市押野２－９０", "緯度": 36.539402, "経度": 136.611619, "url": "https://www.iryou.teikyouseido.mhlw.go.jp/znk-web/juminkanja/S2430/initialize?prefCd=17&kikanCd=6128&kikanKbn=nan", "url2": "http://www.add-vantage.jp", "内容": "布水あおば薬局0石川県野々市市押野２－９０" }, "geometry": { "type": "Point", "coordinates": [ 136.611619, 36.539402 ] } },
{ "type": "Feature", "properties": { "ID": 1756129, "正式名称": "チューリップ野々市薬局", "機関区分": 5, "都道府県コード": 17, "市区町村コード": 212, "所在地": "石川県野々市市藤平田１丁目４７１番地", "緯度": 36.517094, "経度": 136.606884, "url": "https://www.iryou.teikyouseido.mhlw.go.jp/znk-web/juminkanja/S2430/initialize?prefCd=17&kikanCd=6129&kikanKbn=nan", "url2": "http://www.tulip-tz.co.jp/storeinfo/store_nonoichi.html", "内容": "チューリップ野々市薬局0石川県野々市市藤平田１丁目４７１番地" }, "geometry": { "type": "Point", "coordinates": [ 136.606884, 36.517094 ] } },
{ "type": "Feature", "properties": { "ID": 1756130, "正式名称": "チューリップ成町薬局", "機関区分": 5, "都道府県コード": 17, "市区町村コード": 210, "所在地": "石川県白山市新成４－２１３", "緯度": 36.530572, "経度": 136.555222, "url": "https://www.iryou.teikyouseido.mhlw.go.jp/znk-web/juminkanja/S2430/initialize?prefCd=17&kikanCd=6130&kikanKbn=nan", "url2": "https://www.tulip-tz.co.jp/storeinfo/store_narimachi.html", "内容": "チューリップ成町薬局0石川県白山市新成４－２１３" }, "geometry": { "type": "Point", "coordinates": [ 136.555222, 36.530572 ] } },
{ "type": "Feature", "properties": { "ID": 1756131, "正式名称": "なの花薬局　美川店", "機関区分": 5, "都道府県コード": 17, "市区町村コード": 210, "所在地": "石川県白山市美川和波町カ１２８－３", "緯度": 36.490462, "経度": 136.489443, "url": "https://www.iryou.teikyouseido.mhlw.go.jp/znk-web/juminkanja/S2430/initialize?prefCd=17&kikanCd=6131&kikanKbn=nan", "url2": "https://www.nanohana-ph.jp", "内容": "なの花薬局　美川店0石川県白山市美川和波町カ１２８－３" }, "geometry": { "type": "Point", "coordinates": [ 136.489443, 36.490462 ] } },
{ "type": "Feature", "properties": { "ID": 1756132, "正式名称": "徳田あおぞら薬局", "機関区分": 5, "都道府県コード": 17, "市区町村コード": 202, "所在地": "石川県七尾市下町", "緯度": 37.010406, "経度": 136.944345, "url": "https://www.iryou.teikyouseido.mhlw.go.jp/znk-web/juminkanja/S2430/initialize?prefCd=17&kikanCd=6132&kikanKbn=nan", "url2": "http://www.granpharma.co.jp/", "内容": "徳田あおぞら薬局0石川県七尾市下町" }, "geometry": { "type": "Point", "coordinates": [ 136.944345, 37.010406 ] } },
{ "type": "Feature", "properties": { "ID": 1756133, "正式名称": "無量寺あおぞら薬局", "機関区分": 5, "都道府県コード": 17, "市区町村コード": 201, "所在地": "石川県金沢市無量寺５丁目７１－１", "緯度": 36.602933, "経度": 136.612398, "url": "https://www.iryou.teikyouseido.mhlw.go.jp/znk-web/juminkanja/S2430/initialize?prefCd=17&kikanCd=6133&kikanKbn=nan", "url2": "http://www.granpharma.co.jp/", "内容": "無量寺あおぞら薬局0石川県金沢市無量寺５丁目７１－１" }, "geometry": { "type": "Point", "coordinates": [ 136.612398, 36.602933 ] } },
{ "type": "Feature", "properties": { "ID": 1756134, "正式名称": "三馬あおぞら薬局", "機関区分": 5, "都道府県コード": 17, "市区町村コード": 201, "所在地": "石川県金沢市窪７丁目２００番地", "緯度": 36.529698, "経度": 136.63709, "url": "https://www.iryou.teikyouseido.mhlw.go.jp/znk-web/juminkanja/S2430/initialize?prefCd=17&kikanCd=6134&kikanKbn=nan", "url2": "http://www.granpharma.co.jp/", "内容": "三馬あおぞら薬局0石川県金沢市窪７丁目２００番地" }, "geometry": { "type": "Point", "coordinates": [ 136.63709, 36.529698 ] } },
{ "type": "Feature", "properties": { "ID": 1756136, "正式名称": "アルプ薬局日吉店", "機関区分": 5, "都道府県コード": 17, "市区町村コード": 203, "所在地": "石川県小松市栄町１６番地１", "緯度": 36.399445, "経度": 136.446988, "url": "https://www.iryou.teikyouseido.mhlw.go.jp/znk-web/juminkanja/S2430/initialize?prefCd=17&kikanCd=6136&kikanKbn=nan", "url2": "http://www.alp-grp.jp/", "内容": "アルプ薬局日吉店0石川県小松市栄町１６番地１" }, "geometry": { "type": "Point", "coordinates": [ 136.446988, 36.399445 ] } },
{ "type": "Feature", "properties": { "ID": 1756139, "正式名称": "アルプ薬局野々市駅前店", "機関区分": 5, "都道府県コード": 17, "市区町村コード": 212, "所在地": "石川県野々市市二日市１丁目１３番", "緯度": 36.541926, "経度": 136.597092, "url": "https://www.iryou.teikyouseido.mhlw.go.jp/znk-web/juminkanja/S2430/initialize?prefCd=17&kikanCd=6139&kikanKbn=nan", "url2": "http://www.alp-grp.jp/", "内容": "アルプ薬局野々市駅前店0石川県野々市市二日市１丁目１３番" }, "geometry": { "type": "Point", "coordinates": [ 136.597092, 36.541926 ] } },
{ "type": "Feature", "properties": { "ID": 1756140, "正式名称": "クスリのアオキ美川薬局", "機関区分": 5, "都道府県コード": 17, "市区町村コード": 210, "所在地": "石川県白山市長屋町ロ５６番地", "緯度": 36.488596, "経度": 136.495771, "url": "https://www.iryou.teikyouseido.mhlw.go.jp/znk-web/juminkanja/S2430/initialize?prefCd=17&kikanCd=6140&kikanKbn=nan", "url2": "https://www.kusuri-aoki.co.jp/", "内容": "クスリのアオキ美川薬局0石川県白山市長屋町ロ５６番地" }, "geometry": { "type": "Point", "coordinates": [ 136.495771, 36.488596 ] } },
{ "type": "Feature", "properties": { "ID": 1756141, "正式名称": "沖町みらい薬局", "機関区分": 5, "都道府県コード": 17, "市区町村コード": 203, "所在地": "石川県小松市沖町４７７番地", "緯度": 36.396255, "経度": 136.46344, "url": "https://www.iryou.teikyouseido.mhlw.go.jp/znk-web/juminkanja/S2430/initialize?prefCd=17&kikanCd=6141&kikanKbn=nan", "url2": "mirai-pharmacy.com/", "内容": "沖町みらい薬局0石川県小松市沖町４７７番地" }, "geometry": { "type": "Point", "coordinates": [ 136.46344, 36.396255 ] } },
{ "type": "Feature", "properties": { "ID": 1756143, "正式名称": "キリン堂金沢駅西薬局", "機関区分": 5, "都道府県コード": 17, "市区町村コード": 201, "所在地": "石川県金沢市駅西新町２－７－３４", "緯度": 36.593038, "経度": 136.638979, "url": "https://www.iryou.teikyouseido.mhlw.go.jp/znk-web/juminkanja/S2430/initialize?prefCd=17&kikanCd=6143&kikanKbn=nan", "url2": "http://www.kirindo.co.jp/", "内容": "キリン堂金沢駅西薬局0石川県金沢市駅西新町２－７－３４" }, "geometry": { "type": "Point", "coordinates": [ 136.638979, 36.593038 ] } },
{ "type": "Feature", "properties": { "ID": 1756144, "正式名称": "クスリのアオキ暁薬局", "機関区分": 5, "都道府県コード": 17, "市区町村コード": 201, "所在地": "石川県金沢市暁町２０番６号", "緯度": 36.56295, "経度": 136.670984, "url": "https://www.iryou.teikyouseido.mhlw.go.jp/znk-web/juminkanja/S2430/initialize?prefCd=17&kikanCd=6144&kikanKbn=nan", "url2": "http://www.kusuri-aoki.co.jp", "内容": "クスリのアオキ暁薬局0石川県金沢市暁町２０番６号" }, "geometry": { "type": "Point", "coordinates": [ 136.670984, 36.56295 ] } },
{ "type": "Feature", "properties": { "ID": 1756148, "正式名称": "栄和薬局", "機関区分": 5, "都道府県コード": 17, "市区町村コード": 211, "所在地": "石川県能美市寺井町レ５－１", "緯度": 36.437189, "経度": 136.491837, "url": "https://www.iryou.teikyouseido.mhlw.go.jp/znk-web/juminkanja/S2430/initialize?prefCd=17&kikanCd=6148&kikanKbn=nan", "url2": "https://tokuhisa.net/", "内容": "栄和薬局0石川県能美市寺井町レ５－１" }, "geometry": { "type": "Point", "coordinates": [ 136.491837, 36.437189 ] } },
{ "type": "Feature", "properties": { "ID": 1756149, "正式名称": "なの花薬局　大桑店", "機関区分": 5, "都道府県コード": 17, "市区町村コード": 201, "所在地": "石川県金沢市大桑２丁目２５６番地", "緯度": 36.535633, "経度": 136.675048, "url": "https://www.iryou.teikyouseido.mhlw.go.jp/znk-web/juminkanja/S2430/initialize?prefCd=17&kikanCd=6149&kikanKbn=nan", "url2": "http://www.nanohana-ph.jp/", "内容": "なの花薬局　大桑店0石川県金沢市大桑２丁目２５６番地" }, "geometry": { "type": "Point", "coordinates": [ 136.675048, 36.535633 ] } },
{ "type": "Feature", "properties": { "ID": 1756150, "正式名称": "小松たんぽぽ薬局", "機関区分": 5, "都道府県コード": 17, "市区町村コード": 203, "所在地": "石川県小松市土居原町１７６番地２", "緯度": 36.402767, "経度": 136.451462, "url": "https://www.iryou.teikyouseido.mhlw.go.jp/znk-web/juminkanja/S2430/initialize?prefCd=17&kikanCd=6150&kikanKbn=nan", "url2": "http://www.tanpopo-ph.co.jp", "内容": "小松たんぽぽ薬局0石川県小松市土居原町１７６番地２" }, "geometry": { "type": "Point", "coordinates": [ 136.451462, 36.402767 ] } },
{ "type": "Feature", "properties": { "ID": 1756151, "正式名称": "アルプ薬局本府中店", "機関区分": 5, "都道府県コード": 17, "市区町村コード": 202, "所在地": "石川県七尾市本府中町ワ部５番地６", "緯度": 37.037306, "経度": 136.969182, "url": "https://www.iryou.teikyouseido.mhlw.go.jp/znk-web/juminkanja/S2430/initialize?prefCd=17&kikanCd=6151&kikanKbn=nan", "url2": "http://www.alp-grp.jp/", "内容": "アルプ薬局本府中店0石川県七尾市本府中町ワ部５番地６" }, "geometry": { "type": "Point", "coordinates": [ 136.969182, 37.037306 ] } },
{ "type": "Feature", "properties": { "ID": 1756152, "正式名称": "矢木あおぞら薬局", "機関区分": 5, "都道府県コード": 17, "市区町村コード": 201, "所在地": "石川県金沢市矢木１丁目４４番地", "緯度": 36.556417, "経度": 136.596699, "url": "https://www.iryou.teikyouseido.mhlw.go.jp/znk-web/juminkanja/S2430/initialize?prefCd=17&kikanCd=6152&kikanKbn=nan", "url2": "http://www.granpharma.co.jp", "内容": "矢木あおぞら薬局0石川県金沢市矢木１丁目４４番地" }, "geometry": { "type": "Point", "coordinates": [ 136.596699, 36.556417 ] } },
{ "type": "Feature", "properties": { "ID": 1756154, "正式名称": "クスリのアオキ根上薬局", "機関区分": 5, "都道府県コード": 17, "市区町村コード": 211, "所在地": "石川県能美市大成町ト１９－５", "緯度": 36.450297, "経度": 136.464554, "url": "https://www.iryou.teikyouseido.mhlw.go.jp/znk-web/juminkanja/S2430/initialize?prefCd=17&kikanCd=6154&kikanKbn=nan", "url2": "https://www.kusuri-aoki.co.jp/", "内容": "クスリのアオキ根上薬局0石川県能美市大成町ト１９－５" }, "geometry": { "type": "Point", "coordinates": [ 136.464554, 36.450297 ] } },
{ "type": "Feature", "properties": { "ID": 1756155, "正式名称": "クスリのアオキ白江薬局", "機関区分": 5, "都道府県コード": 17, "市区町村コード": 203, "所在地": "石川県小松市白江町２０－１", "緯度": 36.401627, "経度": 136.476135, "url": "https://www.iryou.teikyouseido.mhlw.go.jp/znk-web/juminkanja/S2430/initialize?prefCd=17&kikanCd=6155&kikanKbn=nan", "url2": "https://www.kusuri-aoki.co.jp/", "内容": "クスリのアオキ白江薬局0石川県小松市白江町２０－１" }, "geometry": { "type": "Point", "coordinates": [ 136.476135, 36.401627 ] } },
{ "type": "Feature", "properties": { "ID": 1756156, "正式名称": "フラスコ薬局", "機関区分": 5, "都道府県コード": 17, "市区町村コード": 202, "所在地": "石川県七尾市古府町り１－４", "緯度": 37.027331, "経度": 136.962888, "url": "https://www.iryou.teikyouseido.mhlw.go.jp/znk-web/juminkanja/S2430/initialize?prefCd=17&kikanCd=6156&kikanKbn=nan", "url2": null, "内容": "フラスコ薬局0石川県七尾市古府町り１－４" }, "geometry": { "type": "Point", "coordinates": [ 136.962888, 37.027331 ] } },
{ "type": "Feature", "properties": { "ID": 1756157, "正式名称": "てまり西泉薬局", "機関区分": 5, "都道府県コード": 17, "市区町村コード": 201, "所在地": "石川県金沢市西泉１－１４９－１", "緯度": 36.545985, "経度": 136.632213, "url": "https://www.iryou.teikyouseido.mhlw.go.jp/znk-web/juminkanja/S2430/initialize?prefCd=17&kikanCd=6157&kikanKbn=nan", "url2": "https://spatel.co.jp", "内容": "てまり西泉薬局0石川県金沢市西泉１－１４９－１" }, "geometry": { "type": "Point", "coordinates": [ 136.632213, 36.545985 ] } },
{ "type": "Feature", "properties": { "ID": 1756158, "正式名称": "なかのとまち薬局", "機関区分": 5, "都道府県コード": 17, "市区町村コード": 407, "所在地": "石川県鹿島郡中能登町二宮レ１６９", "緯度": 36.97696, "経度": 136.927704, "url": "https://www.iryou.teikyouseido.mhlw.go.jp/znk-web/juminkanja/S2430/initialize?prefCd=17&kikanCd=6158&kikanKbn=nan", "url2": "https://perch.ooo/", "内容": "なかのとまち薬局0石川県鹿島郡中能登町二宮レ１６９" }, "geometry": { "type": "Point", "coordinates": [ 136.927704, 36.97696 ] } },
{ "type": "Feature", "properties": { "ID": 1756159, "正式名称": "てまり古府薬局", "機関区分": 5, "都道府県コード": 17, "市区町村コード": 201, "所在地": "石川県金沢市古府２－５０", "緯度": 36.567262, "経度": 136.60784, "url": "https://www.iryou.teikyouseido.mhlw.go.jp/znk-web/juminkanja/S2430/initialize?prefCd=17&kikanCd=6159&kikanKbn=nan", "url2": "https://spatel.co.jp", "内容": "てまり古府薬局0石川県金沢市古府２－５０" }, "geometry": { "type": "Point", "coordinates": [ 136.60784, 36.567262 ] } },
{ "type": "Feature", "properties": { "ID": 1756160, "正式名称": "けんろく菜の花薬局", "機関区分": 5, "都道府県コード": 17, "市区町村コード": 201, "所在地": "石川県金沢市天神町１丁目１８番３８号", "緯度": 36.557791, "経度": 136.679106, "url": "https://www.iryou.teikyouseido.mhlw.go.jp/znk-web/juminkanja/S2430/initialize?prefCd=17&kikanCd=6160&kikanKbn=nan", "url2": "http://nanohana-pharmacy.com/", "内容": "けんろく菜の花薬局0石川県金沢市天神町１丁目１８番３８号" }, "geometry": { "type": "Point", "coordinates": [ 136.679106, 36.557791 ] } },
{ "type": "Feature", "properties": { "ID": 1756162, "正式名称": "クスリのアオキ西泉薬局", "機関区分": 5, "都道府県コード": 17, "市区町村コード": 201, "所在地": "石川県金沢市西泉３丁目２３番地", "緯度": 36.547148, "経度": 136.630308, "url": "https://www.iryou.teikyouseido.mhlw.go.jp/znk-web/juminkanja/S2430/initialize?prefCd=17&kikanCd=6162&kikanKbn=nan", "url2": "https://www.kusuri-aoki.co.jp/", "内容": "クスリのアオキ西泉薬局0石川県金沢市西泉３丁目２３番地" }, "geometry": { "type": "Point", "coordinates": [ 136.630308, 36.547148 ] } },
{ "type": "Feature", "properties": { "ID": 1756163, "正式名称": "クスリのアオキ玉鉾薬局", "機関区分": 5, "都道府県コード": 17, "市区町村コード": 201, "所在地": "石川県金沢市玉鉾１丁目２７番", "緯度": 36.570649, "経度": 136.628669, "url": "https://www.iryou.teikyouseido.mhlw.go.jp/znk-web/juminkanja/S2430/initialize?prefCd=17&kikanCd=6163&kikanKbn=nan", "url2": "https://www.kusuri-aoki.co.jp/", "内容": "クスリのアオキ玉鉾薬局0石川県金沢市玉鉾１丁目２７番" }, "geometry": { "type": "Point", "coordinates": [ 136.628669, 36.570649 ] } },
{ "type": "Feature", "properties": { "ID": 1756164, "正式名称": "はくい　あおば薬局", "機関区分": 5, "都道府県コード": 17, "市区町村コード": 207, "所在地": "石川県羽咋市的場町的場１３－１", "緯度": 36.898312, "経度": 136.77899, "url": "https://www.iryou.teikyouseido.mhlw.go.jp/znk-web/juminkanja/S2430/initialize?prefCd=17&kikanCd=6164&kikanKbn=nan", "url2": "http://www.add-vantage.jp/", "内容": "はくい　あおば薬局0石川県羽咋市的場町的場１３－１" }, "geometry": { "type": "Point", "coordinates": [ 136.77899, 36.898312 ] } },
{ "type": "Feature", "properties": { "ID": 1756165, "正式名称": "ウエルシア薬局野々市御経塚店", "機関区分": 5, "都道府県コード": 17, "市区町村コード": 212, "所在地": "石川県野々市市御経塚１丁目５３７番地", "緯度": 36.546598, "経度": 136.595144, "url": "https://www.iryou.teikyouseido.mhlw.go.jp/znk-web/juminkanja/S2430/initialize?prefCd=17&kikanCd=6165&kikanKbn=nan", "url2": "http://www.welcia-yakkyoku.co.jp", "内容": "ウエルシア薬局野々市御経塚店0石川県野々市市御経塚１丁目５３７番地" }, "geometry": { "type": "Point", "coordinates": [ 136.595144, 36.546598 ] } },
{ "type": "Feature", "properties": { "ID": 1756166, "正式名称": "ウエルシア薬局七尾和倉店", "機関区分": 5, "都道府県コード": 17, "市区町村コード": 202, "所在地": "石川県七尾市石崎町ヨ１－５", "緯度": 37.077203, "経度": 136.92623, "url": "https://www.iryou.teikyouseido.mhlw.go.jp/znk-web/juminkanja/S2430/initialize?prefCd=17&kikanCd=6166&kikanKbn=nan", "url2": "http://www.welcia-yakkyoku.co.jp", "内容": "ウエルシア薬局七尾和倉店0石川県七尾市石崎町ヨ１－５" }, "geometry": { "type": "Point", "coordinates": [ 136.92623, 37.077203 ] } },
{ "type": "Feature", "properties": { "ID": 1756167, "正式名称": "ウエルシア薬局金沢有松店", "機関区分": 5, "都道府県コード": 17, "市区町村コード": 201, "所在地": "石川県金沢市有松４丁目１３番１３号", "緯度": 36.538239, "経度": 136.635754, "url": "https://www.iryou.teikyouseido.mhlw.go.jp/znk-web/juminkanja/S2430/initialize?prefCd=17&kikanCd=6167&kikanKbn=nan", "url2": "http://www.welcia-kanto.jp", "内容": "ウエルシア薬局金沢有松店0石川県金沢市有松４丁目１３番１３号" }, "geometry": { "type": "Point", "coordinates": [ 136.635754, 36.538239 ] } },
{ "type": "Feature", "properties": { "ID": 1756168, "正式名称": "ウエルシア薬局金沢三池店", "機関区分": 5, "都道府県コード": 17, "市区町村コード": 201, "所在地": "石川県金沢市三池栄町３１２番地", "緯度": 36.596438, "経度": 136.671356, "url": "https://www.iryou.teikyouseido.mhlw.go.jp/znk-web/juminkanja/S2430/initialize?prefCd=17&kikanCd=6168&kikanKbn=nan", "url2": "https://www.welcia-yakkyoku.co.jp/", "内容": "ウエルシア薬局金沢三池店0石川県金沢市三池栄町３１２番地" }, "geometry": { "type": "Point", "coordinates": [ 136.671356, 36.596438 ] } },
{ "type": "Feature", "properties": { "ID": 1756169, "正式名称": "クスリのアオキ野々市中央薬局", "機関区分": 5, "都道府県コード": 17, "市区町村コード": 212, "所在地": "石川県野々市市三納１丁目７７番地", "緯度": 36.517743, "経度": 136.610428, "url": "https://www.iryou.teikyouseido.mhlw.go.jp/znk-web/juminkanja/S2430/initialize?prefCd=17&kikanCd=6169&kikanKbn=nan", "url2": "https://www.kusuri-aoki.co.jp/", "内容": "クスリのアオキ野々市中央薬局0石川県野々市市三納１丁目７７番地" }, "geometry": { "type": "Point", "coordinates": [ 136.610428, 36.517743 ] } },
{ "type": "Feature", "properties": { "ID": 1756170, "正式名称": "クスリのアオキ符津薬局", "機関区分": 5, "都道府県コード": 17, "市区町村コード": 203, "所在地": "石川県小松市符津町タ３６番１", "緯度": 36.362668, "経度": 136.430722, "url": "https://www.iryou.teikyouseido.mhlw.go.jp/znk-web/juminkanja/S2430/initialize?prefCd=17&kikanCd=6170&kikanKbn=nan", "url2": "http://www.kusuri-aoki.co.jp/", "内容": "クスリのアオキ符津薬局0石川県小松市符津町タ３６番１" }, "geometry": { "type": "Point", "coordinates": [ 136.430722, 36.362668 ] } },
{ "type": "Feature", "properties": { "ID": 1756171, "正式名称": "鞍月トモコ薬局", "機関区分": 5, "都道府県コード": 17, "市区町村コード": 201, "所在地": "石川県金沢市鞍月５－２２５", "緯度": 36.598181, "経度": 136.62629, "url": "https://www.iryou.teikyouseido.mhlw.go.jp/znk-web/juminkanja/S2430/initialize?prefCd=17&kikanCd=6171&kikanKbn=nan", "url2": "www.m-tomoko.com", "内容": "鞍月トモコ薬局0石川県金沢市鞍月５－２２５" }, "geometry": { "type": "Point", "coordinates": [ 136.62629, 36.598181 ] } },
{ "type": "Feature", "properties": { "ID": 1756172, "正式名称": "グリーン八日市薬局", "機関区分": 5, "都道府県コード": 17, "市区町村コード": 201, "所在地": "石川県金沢市八日市出町９４４番地１", "緯度": 36.552903, "経度": 136.609618, "url": "https://www.iryou.teikyouseido.mhlw.go.jp/znk-web/juminkanja/S2430/initialize?prefCd=17&kikanCd=6172&kikanKbn=nan", "url2": "http://www.green-tz.com/", "内容": "グリーン八日市薬局0石川県金沢市八日市出町９４４番地１" }, "geometry": { "type": "Point", "coordinates": [ 136.609618, 36.552903 ] } },
{ "type": "Feature", "properties": { "ID": 1756173, "正式名称": "青い森薬局　山代店", "機関区分": 5, "都道府県コード": 17, "市区町村コード": 206, "所在地": "石川県加賀市山代温泉北部四丁目６２番", "緯度": 36.295438, "経度": 136.362642, "url": "https://www.iryou.teikyouseido.mhlw.go.jp/znk-web/juminkanja/S2430/initialize?prefCd=17&kikanCd=6173&kikanKbn=nan", "url2": "http://www.aoimori-ph.com", "内容": "青い森薬局　山代店0石川県加賀市山代温泉北部四丁目６２番" }, "geometry": { "type": "Point", "coordinates": [ 136.362642, 36.295438 ] } },
{ "type": "Feature", "properties": { "ID": 1756175, "正式名称": "アルプ薬局近岡店", "機関区分": 5, "都道府県コード": 17, "市区町村コード": 201, "所在地": "石川県金沢市近岡町３２６番地９", "緯度": 36.609074, "経度": 136.633297, "url": "https://www.iryou.teikyouseido.mhlw.go.jp/znk-web/juminkanja/S2430/initialize?prefCd=17&kikanCd=6175&kikanKbn=nan", "url2": "http://www.alp-grp.jp/", "内容": "アルプ薬局近岡店0石川県金沢市近岡町３２６番地９" }, "geometry": { "type": "Point", "coordinates": [ 136.633297, 36.609074 ] } },
{ "type": "Feature", "properties": { "ID": 1756176, "正式名称": "アイリスあおぞら薬局", "機関区分": 5, "都道府県コード": 17, "市区町村コード": 201, "所在地": "石川県金沢市西念２丁目３６番地５", "緯度": 36.587008, "経度": 136.639836, "url": "https://www.iryou.teikyouseido.mhlw.go.jp/znk-web/juminkanja/S2430/initialize?prefCd=17&kikanCd=6176&kikanKbn=nan", "url2": "http://www.granpharma.co.jp", "内容": "アイリスあおぞら薬局0石川県金沢市西念２丁目３６番地５" }, "geometry": { "type": "Point", "coordinates": [ 136.639836, 36.587008 ] } },
{ "type": "Feature", "properties": { "ID": 1756177, "正式名称": "磯部ゆうゆう薬局", "機関区分": 5, "都道府県コード": 17, "市区町村コード": 201, "所在地": "石川県金沢市磯部町ニ１４－１", "緯度": 36.599201, "経度": 136.659165, "url": "https://www.iryou.teikyouseido.mhlw.go.jp/znk-web/juminkanja/S2430/initialize?prefCd=17&kikanCd=6177&kikanKbn=nan", "url2": "http://www.youyu-p.com/", "内容": "磯部ゆうゆう薬局0石川県金沢市磯部町ニ１４－１" }, "geometry": { "type": "Point", "coordinates": [ 136.659165, 36.599201 ] } },
{ "type": "Feature", "properties": { "ID": 1756178, "正式名称": "中森全快堂若宮薬局", "機関区分": 5, "都道府県コード": 17, "市区町村コード": 201, "所在地": "石川県金沢市若宮２丁目１３番", "緯度": 36.575316, "経度": 136.63223, "url": "https://www.iryou.teikyouseido.mhlw.go.jp/znk-web/juminkanja/S2430/initialize?prefCd=17&kikanCd=6178&kikanKbn=nan", "url2": "http://www.zenkaido.jp/index.html", "内容": "中森全快堂若宮薬局0石川県金沢市若宮２丁目１３番" }, "geometry": { "type": "Point", "coordinates": [ 136.63223, 36.575316 ] } },
{ "type": "Feature", "properties": { "ID": 1756182, "正式名称": "泉コメヤ薬局", "機関区分": 5, "都道府県コード": 17, "市区町村コード": 201, "所在地": "石川県金沢市泉２－６－５", "緯度": 36.54741, "経度": 136.642379, "url": "https://www.iryou.teikyouseido.mhlw.go.jp/znk-web/juminkanja/S2430/initialize?prefCd=17&kikanCd=6182&kikanKbn=nan", "url2": "http://www.komeya-drug.com/", "内容": "泉コメヤ薬局0石川県金沢市泉２－６－５" }, "geometry": { "type": "Point", "coordinates": [ 136.642379, 36.54741 ] } },
{ "type": "Feature", "properties": { "ID": 1756183, "正式名称": "アルプ薬局金城大学前店", "機関区分": 5, "都道府県コード": 17, "市区町村コード": 210, "所在地": "石川県白山市宮保新町１３６番地", "緯度": 36.507824, "経度": 136.53222, "url": "https://www.iryou.teikyouseido.mhlw.go.jp/znk-web/juminkanja/S2430/initialize?prefCd=17&kikanCd=6183&kikanKbn=nan", "url2": "http://www.alp-grp.jp/", "内容": "アルプ薬局金城大学前店0石川県白山市宮保新町１３６番地" }, "geometry": { "type": "Point", "coordinates": [ 136.53222, 36.507824 ] } },
{ "type": "Feature", "properties": { "ID": 1756186, "正式名称": "扇が丘薬局", "機関区分": 5, "都道府県コード": 17, "市区町村コード": 201, "所在地": "石川県金沢市三馬１－４０５", "緯度": 36.525922, "経度": 136.629519, "url": "https://www.iryou.teikyouseido.mhlw.go.jp/znk-web/juminkanja/S2430/initialize?prefCd=17&kikanCd=6186&kikanKbn=nan", "url2": "http://www.e-classa.net/ougigaoka/", "内容": "扇が丘薬局0石川県金沢市三馬１－４０５" }, "geometry": { "type": "Point", "coordinates": [ 136.629519, 36.525922 ] } },
{ "type": "Feature", "properties": { "ID": 1756187, "正式名称": "アイビー薬局", "機関区分": 5, "都道府県コード": 17, "市区町村コード": 201, "所在地": "石川県金沢市入江２－２３２", "緯度": 36.565746, "経度": 136.627323, "url": "https://www.iryou.teikyouseido.mhlw.go.jp/znk-web/juminkanja/S2430/initialize?prefCd=17&kikanCd=6187&kikanKbn=nan", "url2": null, "内容": "アイビー薬局0石川県金沢市入江２－２３２" }, "geometry": { "type": "Point", "coordinates": [ 136.627323, 36.565746 ] } },
{ "type": "Feature", "properties": { "ID": 1756188, "正式名称": "リフル大浦薬局", "機関区分": 5, "都道府県コード": 17, "市区町村コード": 201, "所在地": "石川県金沢市大浦町ロ１番地３", "緯度": 36.615978, "経度": 136.653331, "url": "https://www.iryou.teikyouseido.mhlw.go.jp/znk-web/juminkanja/S2430/initialize?prefCd=17&kikanCd=6188&kikanKbn=nan", "url2": "https://lifullpharmacy.com/", "内容": "リフル大浦薬局0石川県金沢市大浦町ロ１番地３" }, "geometry": { "type": "Point", "coordinates": [ 136.653331, 36.615978 ] } },
{ "type": "Feature", "properties": { "ID": 1756190, "正式名称": "ふたば沖町薬局", "機関区分": 5, "都道府県コード": 17, "市区町村コード": 203, "所在地": "石川県小松市沖町ソ１１７番２", "緯度": 36.397599, "経度": 136.468025, "url": "https://www.iryou.teikyouseido.mhlw.go.jp/znk-web/juminkanja/S2430/initialize?prefCd=17&kikanCd=6190&kikanKbn=nan", "url2": "http://www.futaba-y.net", "内容": "ふたば沖町薬局0石川県小松市沖町ソ１１７番２" }, "geometry": { "type": "Point", "coordinates": [ 136.468025, 36.397599 ] } },
{ "type": "Feature", "properties": { "ID": 1756191, "正式名称": "共創未来　藤江北薬局", "機関区分": 5, "都道府県コード": 17, "市区町村コード": 201, "所在地": "石川県金沢市藤江北１－４３４", "緯度": 36.589478, "経度": 136.623336, "url": "https://www.iryou.teikyouseido.mhlw.go.jp/znk-web/juminkanja/S2430/initialize?prefCd=17&kikanCd=6191&kikanKbn=nan", "url2": "http://www.phmirai.co.jp/", "内容": "共創未来　藤江北薬局0石川県金沢市藤江北１－４３４" }, "geometry": { "type": "Point", "coordinates": [ 136.623336, 36.589478 ] } },
{ "type": "Feature", "properties": { "ID": 1756192, "正式名称": "共創未来　松村薬局", "機関区分": 5, "都道府県コード": 17, "市区町村コード": 201, "所在地": "石川県金沢市松村４－４１６－１", "緯度": 36.584149, "経度": 136.611721, "url": "https://www.iryou.teikyouseido.mhlw.go.jp/znk-web/juminkanja/S2430/initialize?prefCd=17&kikanCd=6192&kikanKbn=nan", "url2": "www.phmirai.co.jp", "内容": "共創未来　松村薬局0石川県金沢市松村４－４１６－１" }, "geometry": { "type": "Point", "coordinates": [ 136.611721, 36.584149 ] } },
{ "type": "Feature", "properties": { "ID": 1756193, "正式名称": "白山ハート薬局", "機関区分": 5, "都道府県コード": 17, "市区町村コード": 210, "所在地": "石川県白山市村井町２７５番地１", "緯度": 36.515716, "経度": 136.558356, "url": "https://www.iryou.teikyouseido.mhlw.go.jp/znk-web/juminkanja/S2430/initialize?prefCd=17&kikanCd=6193&kikanKbn=nan", "url2": "http://www.heart-pharmacy.jp/", "内容": "白山ハート薬局0石川県白山市村井町２７５番地１" }, "geometry": { "type": "Point", "coordinates": [ 136.558356, 36.515716 ] } },
{ "type": "Feature", "properties": { "ID": 1756194, "正式名称": "御経塚らいふ薬局", "機関区分": 5, "都道府県コード": 17, "市区町村コード": 212, "所在地": "石川県野々市市御経塚１－４６４", "緯度": 36.544685, "経度": 136.596378, "url": "https://www.iryou.teikyouseido.mhlw.go.jp/znk-web/juminkanja/S2430/initialize?prefCd=17&kikanCd=6194&kikanKbn=nan", "url2": "www.life-jp.com/", "内容": "御経塚らいふ薬局0石川県野々市市御経塚１－４６４" }, "geometry": { "type": "Point", "coordinates": [ 136.596378, 36.544685 ] } },
{ "type": "Feature", "properties": { "ID": 1756195, "正式名称": "太平寺一番薬局", "機関区分": 5, "都道府県コード": 17, "市区町村コード": 212, "所在地": "石川県野々市市太平寺４丁目６７－１", "緯度": 36.529975, "経度": 136.606399, "url": "https://www.iryou.teikyouseido.mhlw.go.jp/znk-web/juminkanja/S2430/initialize?prefCd=17&kikanCd=6195&kikanKbn=nan", "url2": "https://www.amall.co.jp/store/28", "内容": "太平寺一番薬局0石川県野々市市太平寺４丁目６７－１" }, "geometry": { "type": "Point", "coordinates": [ 136.606399, 36.529975 ] } },
{ "type": "Feature", "properties": { "ID": 1756196, "正式名称": "白峰コメヤ薬局", "機関区分": 5, "都道府県コード": 17, "市区町村コード": 210, "所在地": "石川県白山市白峰ハ１５７番１地　白峰福祉複合施設カルテット２Ｆ", "緯度": 36.176328, "経度": 136.624334, "url": "https://www.iryou.teikyouseido.mhlw.go.jp/znk-web/juminkanja/S2430/initialize?prefCd=17&kikanCd=6196&kikanKbn=nan", "url2": "http://komeya-drug.com", "内容": "白峰コメヤ薬局0石川県白山市白峰ハ１５７番１地　白峰福祉複合施設カルテット２Ｆ" }, "geometry": { "type": "Point", "coordinates": [ 136.624334, 36.176328 ] } },
{ "type": "Feature", "properties": { "ID": 1756199, "正式名称": "千木明徳薬局", "機関区分": 5, "都道府県コード": 17, "市区町村コード": 201, "所在地": "石川県金沢市千木１－２４２", "緯度": 36.606245, "経度": 136.67636, "url": "https://www.iryou.teikyouseido.mhlw.go.jp/znk-web/juminkanja/S2430/initialize?prefCd=17&kikanCd=6199&kikanKbn=nan", "url2": "http://www.ymg.ne.jp/pharmacy/detail/sengi.html", "内容": "千木明徳薬局0石川県金沢市千木１－２４２" }, "geometry": { "type": "Point", "coordinates": [ 136.67636, 36.606245 ] } },
{ "type": "Feature", "properties": { "ID": 1756200, "正式名称": "田上はなの木薬局", "機関区分": 5, "都道府県コード": 17, "市区町村コード": 201, "所在地": "石川県金沢市田上の里２丁目１４６番地", "緯度": 36.541157, "経度": 136.693233, "url": "https://www.iryou.teikyouseido.mhlw.go.jp/znk-web/juminkanja/S2430/initialize?prefCd=17&kikanCd=6200&kikanKbn=nan", "url2": "http://www.hananoki-ymt.com", "内容": "田上はなの木薬局0石川県金沢市田上の里２丁目１４６番地" }, "geometry": { "type": "Point", "coordinates": [ 136.693233, 36.541157 ] } },
{ "type": "Feature", "properties": { "ID": 1756201, "正式名称": "浅野川はなの木薬局", "機関区分": 5, "都道府県コード": 17, "市区町村コード": 201, "所在地": "石川県金沢市三口町", "緯度": 36.608194, "経度": 136.644674, "url": "https://www.iryou.teikyouseido.mhlw.go.jp/znk-web/juminkanja/S2430/initialize?prefCd=17&kikanCd=6201&kikanKbn=nan", "url2": null, "内容": "浅野川はなの木薬局0石川県金沢市三口町" }, "geometry": { "type": "Point", "coordinates": [ 136.644674, 36.608194 ] } },
{ "type": "Feature", "properties": { "ID": 1756203, "正式名称": "中森かいてき入江薬局", "機関区分": 5, "都道府県コード": 17, "市区町村コード": 201, "所在地": "石川県金沢市入江１丁目１３５番地", "緯度": 36.564716, "経度": 136.630218, "url": "https://www.iryou.teikyouseido.mhlw.go.jp/znk-web/juminkanja/S2430/initialize?prefCd=17&kikanCd=6203&kikanKbn=nan", "url2": "http://www.kaiteki-01.jp/", "内容": "中森かいてき入江薬局0石川県金沢市入江１丁目１３５番地" }, "geometry": { "type": "Point", "coordinates": [ 136.630218, 36.564716 ] } },
{ "type": "Feature", "properties": { "ID": 1756204, "正式名称": "中森かいてき戸板薬局", "機関区分": 5, "都道府県コード": 17, "市区町村コード": 201, "所在地": "石川県金沢市戸板２丁目１５番地", "緯度": 36.58026, "経度": 136.62303, "url": "https://www.iryou.teikyouseido.mhlw.go.jp/znk-web/juminkanja/S2430/initialize?prefCd=17&kikanCd=6204&kikanKbn=nan", "url2": "http://www.kaiteki-01.jp/", "内容": "中森かいてき戸板薬局0石川県金沢市戸板２丁目１５番地" }, "geometry": { "type": "Point", "coordinates": [ 136.62303, 36.58026 ] } },
{ "type": "Feature", "properties": { "ID": 1756205, "正式名称": "かいてき扇が丘薬局", "機関区分": 5, "都道府県コード": 17, "市区町村コード": 212, "所在地": "石川県野々市市扇が丘５１５番１", "緯度": 36.527131, "経度": 136.624864, "url": "https://www.iryou.teikyouseido.mhlw.go.jp/znk-web/juminkanja/S2430/initialize?prefCd=17&kikanCd=6205&kikanKbn=nan", "url2": "http://www.kaiteki-01.jp/", "内容": "かいてき扇が丘薬局0石川県野々市市扇が丘５１５番１" }, "geometry": { "type": "Point", "coordinates": [ 136.624864, 36.527131 ] } },
{ "type": "Feature", "properties": { "ID": 1756208, "正式名称": "福留町あおぞら薬局", "機関区分": 5, "都道府県コード": 17, "市区町村コード": 210, "所在地": "石川県白山市福留町１７３－１", "緯度": 36.490626, "経度": 136.526165, "url": "https://www.iryou.teikyouseido.mhlw.go.jp/znk-web/juminkanja/S2430/initialize?prefCd=17&kikanCd=6208&kikanKbn=nan", "url2": "http://www.granpharma.co.jp/", "内容": "福留町あおぞら薬局0石川県白山市福留町１７３－１" }, "geometry": { "type": "Point", "coordinates": [ 136.526165, 36.490626 ] } },
{ "type": "Feature", "properties": { "ID": 1756209, "正式名称": "クオール薬局内灘店", "機関区分": 5, "都道府県コード": 17, "市区町村コード": 365, "所在地": "石川県河北郡内灘町緑台１丁目８", "緯度": 36.636132, "経度": 136.632299, "url": "https://www.iryou.teikyouseido.mhlw.go.jp/znk-web/juminkanja/S2430/initialize?prefCd=17&kikanCd=6209&kikanKbn=nan", "url2": "http://www.qol-net.co.jp/", "内容": "クオール薬局内灘店0石川県河北郡内灘町緑台１丁目８" }, "geometry": { "type": "Point", "coordinates": [ 136.632299, 36.636132 ] } },
{ "type": "Feature", "properties": { "ID": 1756210, "正式名称": "すずらん杜の里薬局", "機関区分": 5, "都道府県コード": 17, "市区町村コード": 201, "所在地": "石川県金沢市もりの里３−３", "緯度": 36.559684, "経度": 136.683785, "url": "https://www.iryou.teikyouseido.mhlw.go.jp/znk-web/juminkanja/S2430/initialize?prefCd=17&kikanCd=6210&kikanKbn=nan", "url2": "http://suzuran-pharmacy.net/", "内容": "すずらん杜の里薬局0石川県金沢市もりの里３−３" }, "geometry": { "type": "Point", "coordinates": [ 136.683785, 36.559684 ] } },
{ "type": "Feature", "properties": { "ID": 1756211, "正式名称": "しんたて薬局", "機関区分": 5, "都道府県コード": 17, "市区町村コード": 201, "所在地": "石川県金沢市本多町３－１０－１５　押野谷ビル１階", "緯度": 36.557184, "経度": 136.659238, "url": "https://www.iryou.teikyouseido.mhlw.go.jp/znk-web/juminkanja/S2430/initialize?prefCd=17&kikanCd=6211&kikanKbn=nan", "url2": "https://www.shintate-ph.jp", "内容": "しんたて薬局0石川県金沢市本多町３－１０－１５　押野谷ビル１階" }, "geometry": { "type": "Point", "coordinates": [ 136.659238, 36.557184 ] } },
{ "type": "Feature", "properties": { "ID": 1756214, "正式名称": "ファーマライズ薬局　平和町店", "機関区分": 5, "都道府県コード": 17, "市区町村コード": 201, "所在地": "石川県金沢市平和町３－８－２１", "緯度": 36.541544, "経度": 136.663533, "url": "https://www.iryou.teikyouseido.mhlw.go.jp/znk-web/juminkanja/S2430/initialize?prefCd=17&kikanCd=6214&kikanKbn=nan", "url2": "http://www.pharmarise.com/", "内容": "ファーマライズ薬局　平和町店0石川県金沢市平和町３－８－２１" }, "geometry": { "type": "Point", "coordinates": [ 136.663533, 36.541544 ] } },
{ "type": "Feature", "properties": { "ID": 1756215, "正式名称": "箔山堂小松幸町薬局", "機関区分": 5, "都道府県コード": 17, "市区町村コード": 203, "所在地": "石川県小松市幸町３－９１－１", "緯度": 36.392489, "経度": 136.451085, "url": "https://www.iryou.teikyouseido.mhlw.go.jp/znk-web/juminkanja/S2430/initialize?prefCd=17&kikanCd=6215&kikanKbn=nan", "url2": "http://www.nanzando.co.jp/", "内容": "箔山堂小松幸町薬局0石川県小松市幸町３－９１－１" }, "geometry": { "type": "Point", "coordinates": [ 136.451085, 36.392489 ] } },
{ "type": "Feature", "properties": { "ID": 1756216, "正式名称": "ののいちフラワー薬局", "機関区分": 5, "都道府県コード": 17, "市区町村コード": 212, "所在地": "石川県野々市市本町４－８－５", "緯度": 36.532292, "経度": 136.611232, "url": "https://www.iryou.teikyouseido.mhlw.go.jp/znk-web/juminkanja/S2430/initialize?prefCd=17&kikanCd=6216&kikanKbn=nan", "url2": "http://flower-yakkyoku.jp", "内容": "ののいちフラワー薬局0石川県野々市市本町４－８－５" }, "geometry": { "type": "Point", "coordinates": [ 136.611232, 36.532292 ] } },
{ "type": "Feature", "properties": { "ID": 1756217, "正式名称": "軽海あおぞら薬局", "機関区分": 5, "都道府県コード": 17, "市区町村コード": 203, "所在地": "石川県小松市西軽海町１ー１３７", "緯度": 36.397936, "経度": 136.499762, "url": "https://www.iryou.teikyouseido.mhlw.go.jp/znk-web/juminkanja/S2430/initialize?prefCd=17&kikanCd=6217&kikanKbn=nan", "url2": "http://www.granpharma.co.jp/", "内容": "軽海あおぞら薬局0石川県小松市西軽海町１ー１３７" }, "geometry": { "type": "Point", "coordinates": [ 136.499762, 36.397936 ] } },
{ "type": "Feature", "properties": { "ID": 1756219, "正式名称": "クスリのアオキ今江薬局", "機関区分": 5, "都道府県コード": 17, "市区町村コード": 203, "所在地": "石川県小松市今江町１丁目３０５番地", "緯度": 36.384719, "経度": 136.438956, "url": "https://www.iryou.teikyouseido.mhlw.go.jp/znk-web/juminkanja/S2430/initialize?prefCd=17&kikanCd=6219&kikanKbn=nan", "url2": "https://www.kusuri-aoki.co.jp/", "内容": "クスリのアオキ今江薬局0石川県小松市今江町１丁目３０５番地" }, "geometry": { "type": "Point", "coordinates": [ 136.438956, 36.384719 ] } },
{ "type": "Feature", "properties": { "ID": 1756221, "正式名称": "青い森薬局　新庄店", "機関区分": 5, "都道府県コード": 17, "市区町村コード": 212, "所在地": "石川県野々市市新庄２丁目１５番２", "緯度": 36.497876, "経度": 136.610669, "url": "https://www.iryou.teikyouseido.mhlw.go.jp/znk-web/juminkanja/S2430/initialize?prefCd=17&kikanCd=6221&kikanKbn=nan", "url2": "http://www.aoimori-ph.com", "内容": "青い森薬局　新庄店0石川県野々市市新庄２丁目１５番２" }, "geometry": { "type": "Point", "coordinates": [ 136.610669, 36.497876 ] } },
{ "type": "Feature", "properties": { "ID": 1756222, "正式名称": "青い森薬局　川北店", "機関区分": 5, "都道府県コード": 17, "市区町村コード": 324, "所在地": "石川県能美郡川北町壱ツ屋１９４番", "緯度": 36.46784, "経度": 136.54279, "url": "https://www.iryou.teikyouseido.mhlw.go.jp/znk-web/juminkanja/S2430/initialize?prefCd=17&kikanCd=6222&kikanKbn=nan", "url2": "http://www.aoimori-ph.com", "内容": "青い森薬局　川北店0石川県能美郡川北町壱ツ屋１９４番" }, "geometry": { "type": "Point", "coordinates": [ 136.54279, 36.46784 ] } },
{ "type": "Feature", "properties": { "ID": 1756223, "正式名称": "ひこそまち薬局", "機関区分": 5, "都道府県コード": 17, "市区町村コード": 201, "所在地": "石川県金沢市彦三町１丁目５番３３－２", "緯度": 36.573082, "経度": 136.659257, "url": "https://www.iryou.teikyouseido.mhlw.go.jp/znk-web/juminkanja/S2430/initialize?prefCd=17&kikanCd=6223&kikanKbn=nan", "url2": "https://teiku.co.jp", "内容": "ひこそまち薬局0石川県金沢市彦三町１丁目５番３３－２" }, "geometry": { "type": "Point", "coordinates": [ 136.659257, 36.573082 ] } },
{ "type": "Feature", "properties": { "ID": 1756224, "正式名称": "クスリのアオキ大河端薬局", "機関区分": 5, "都道府県コード": 17, "市区町村コード": 201, "所在地": "石川県金沢市大河端西１丁目１１１番地", "緯度": 36.614583, "経度": 136.640126, "url": "https://www.iryou.teikyouseido.mhlw.go.jp/znk-web/juminkanja/S2430/initialize?prefCd=17&kikanCd=6224&kikanKbn=nan", "url2": "http://www.kusuri-aoki.co.jp/", "内容": "クスリのアオキ大河端薬局0石川県金沢市大河端西１丁目１１１番地" }, "geometry": { "type": "Point", "coordinates": [ 136.640126, 36.614583 ] } },
{ "type": "Feature", "properties": { "ID": 1756225, "正式名称": "コストコホールセール野々市倉庫店薬局", "機関区分": 5, "都道府県コード": 17, "市区町村コード": 212, "所在地": "石川県野々市市柳町３０１－１", "緯度": 36.527923, "経度": 136.583909, "url": "https://www.iryou.teikyouseido.mhlw.go.jp/znk-web/juminkanja/S2430/initialize?prefCd=17&kikanCd=6225&kikanKbn=nan", "url2": "http://www.costco.co.jp/p/locations/nonoichi", "内容": "コストコホールセール野々市倉庫店薬局0石川県野々市市柳町３０１－１" }, "geometry": { "type": "Point", "coordinates": [ 136.583909, 36.527923 ] } },
{ "type": "Feature", "properties": { "ID": 1756226, "正式名称": "クスリのアオキ御経塚あやめ薬局", "機関区分": 5, "都道府県コード": 17, "市区町村コード": 212, "所在地": "石川県野々市市御経塚三丁目１５９番地", "緯度": 36.552438, "経度": 136.597331, "url": "https://www.iryou.teikyouseido.mhlw.go.jp/znk-web/juminkanja/S2430/initialize?prefCd=17&kikanCd=6226&kikanKbn=nan", "url2": "https://www.kusuri-aoki.co.jp/", "内容": "クスリのアオキ御経塚あやめ薬局0石川県野々市市御経塚三丁目１５９番地" }, "geometry": { "type": "Point", "coordinates": [ 136.597331, 36.552438 ] } },
{ "type": "Feature", "properties": { "ID": 1756227, "正式名称": "クスリのアオキ石同新町薬局", "機関区分": 5, "都道府県コード": 17, "市区町村コード": 210, "所在地": "石川県白山市石同新町２７０番地", "緯度": 36.518763, "経度": 136.56998, "url": "https://www.iryou.teikyouseido.mhlw.go.jp/znk-web/juminkanja/S2430/initialize?prefCd=17&kikanCd=6227&kikanKbn=nan", "url2": "https://www.kusuri-aoki.co.jp/", "内容": "クスリのアオキ石同新町薬局0石川県白山市石同新町２７０番地" }, "geometry": { "type": "Point", "coordinates": [ 136.56998, 36.518763 ] } },
{ "type": "Feature", "properties": { "ID": 1756228, "正式名称": "木津ゆうゆう薬局", "機関区分": 5, "都道府県コード": 17, "市区町村コード": 209, "所在地": "石川県かほく市木津へ１３－１", "緯度": 36.752691, "経度": 136.706773, "url": "https://www.iryou.teikyouseido.mhlw.go.jp/znk-web/juminkanja/S2430/initialize?prefCd=17&kikanCd=6228&kikanKbn=nan", "url2": "http://www.youyu-p.com/", "内容": "木津ゆうゆう薬局0石川県かほく市木津へ１３－１" }, "geometry": { "type": "Point", "coordinates": [ 136.706773, 36.752691 ] } },
{ "type": "Feature", "properties": { "ID": 1756229, "正式名称": "加賀温泉駅前あおぞら薬局", "機関区分": 5, "都道府県コード": 17, "市区町村コード": 206, "所在地": "石川県加賀市作見町リ２８番地１", "緯度": 36.318882, "経度": 136.351495, "url": "https://www.iryou.teikyouseido.mhlw.go.jp/znk-web/juminkanja/S2430/initialize?prefCd=17&kikanCd=6229&kikanKbn=nan", "url2": "http://www.granpharma.co.jp/", "内容": "加賀温泉駅前あおぞら薬局0石川県加賀市作見町リ２８番地１" }, "geometry": { "type": "Point", "coordinates": [ 136.351495, 36.318882 ] } },
{ "type": "Feature", "properties": { "ID": 1756230, "正式名称": "加賀たんぽぽ薬局", "機関区分": 5, "都道府県コード": 17, "市区町村コード": 206, "所在地": "石川県加賀市作見町リ２９番地１", "緯度": 36.318882, "経度": 136.351495, "url": "https://www.iryou.teikyouseido.mhlw.go.jp/znk-web/juminkanja/S2430/initialize?prefCd=17&kikanCd=6230&kikanKbn=nan", "url2": "http://www.tanpopo-ph.co.jp/", "内容": "加賀たんぽぽ薬局0石川県加賀市作見町リ２９番地１" }, "geometry": { "type": "Point", "coordinates": [ 136.351495, 36.318882 ] } },
{ "type": "Feature", "properties": { "ID": 1756232, "正式名称": "箔山堂加賀温泉薬局", "機関区分": 5, "都道府県コード": 17, "市区町村コード": 206, "所在地": "石川県加賀市作見町", "緯度": 36.316747, "経度": 136.350272, "url": "https://www.iryou.teikyouseido.mhlw.go.jp/znk-web/juminkanja/S2430/initialize?prefCd=17&kikanCd=6232&kikanKbn=nan", "url2": "http://www.nanzando.co.jp/", "内容": "箔山堂加賀温泉薬局0石川県加賀市作見町" }, "geometry": { "type": "Point", "coordinates": [ 136.350272, 36.316747 ] } },
{ "type": "Feature", "properties": { "ID": 1756233, "正式名称": "Ｖ・ｄｒｕｇ　直江薬局", "機関区分": 5, "都道府県コード": 17, "市区町村コード": 201, "所在地": "石川県金沢市直江東１丁目１１０番", "緯度": 36.612864, "経度": 136.63586, "url": "https://www.iryou.teikyouseido.mhlw.go.jp/znk-web/juminkanja/S2430/initialize?prefCd=17&kikanCd=6233&kikanKbn=nan", "url2": "http://www.vdrug.co.jp/", "内容": "Ｖ・ｄｒｕｇ　直江薬局0石川県金沢市直江東１丁目１１０番" }, "geometry": { "type": "Point", "coordinates": [ 136.63586, 36.612864 ] } },
{ "type": "Feature", "properties": { "ID": 1756234, "正式名称": "香林坊あおぞら薬局", "機関区分": 5, "都道府県コード": 17, "市区町村コード": 201, "所在地": "石川県金沢市片町１丁目１番１号", "緯度": 36.862043, "経度": 136.782532, "url": "https://www.iryou.teikyouseido.mhlw.go.jp/znk-web/juminkanja/S2430/initialize?prefCd=17&kikanCd=6234&kikanKbn=nan", "url2": "http://www.granpharma.co,jp/", "内容": "香林坊あおぞら薬局0石川県金沢市片町１丁目１番１号" }, "geometry": { "type": "Point", "coordinates": [ 136.782532, 36.862043 ] } },
{ "type": "Feature", "properties": { "ID": 1756235, "正式名称": "ウエルシア薬局金沢大桑店", "機関区分": 5, "都道府県コード": 17, "市区町村コード": 201, "所在地": "石川県金沢市大桑２丁目４７番地", "緯度": 36.538339, "経度": 136.674072, "url": "https://www.iryou.teikyouseido.mhlw.go.jp/znk-web/juminkanja/S2430/initialize?prefCd=17&kikanCd=6235&kikanKbn=nan", "url2": "www.welcia-yakkyoku.co.jp/", "内容": "ウエルシア薬局金沢大桑店0石川県金沢市大桑２丁目４７番地" }, "geometry": { "type": "Point", "coordinates": [ 136.674072, 36.538339 ] } },
{ "type": "Feature", "properties": { "ID": 1756236, "正式名称": "ウエルシア薬局白山鶴来店", "機関区分": 5, "都道府県コード": 17, "市区町村コード": 210, "所在地": "石川県白山市知気寺町", "緯度": 36.480176, "経度": 136.600686, "url": "https://www.iryou.teikyouseido.mhlw.go.jp/znk-web/juminkanja/S2430/initialize?prefCd=17&kikanCd=6236&kikanKbn=nan", "url2": "https://stores.welcia.co.jp/8688D", "内容": "ウエルシア薬局白山鶴来店0石川県白山市知気寺町" }, "geometry": { "type": "Point", "coordinates": [ 136.600686, 36.480176 ] } },
{ "type": "Feature", "properties": { "ID": 1756237, "正式名称": "クスリのアオキ浜北薬局", "機関区分": 5, "都道府県コード": 17, "市区町村コード": 209, "所在地": "石川県かほく市浜北ロ９３番地１", "緯度": 36.731727, "経度": 136.704213, "url": "https://www.iryou.teikyouseido.mhlw.go.jp/znk-web/juminkanja/S2430/initialize?prefCd=17&kikanCd=6237&kikanKbn=nan", "url2": null, "内容": "クスリのアオキ浜北薬局0石川県かほく市浜北ロ９３番地１" }, "geometry": { "type": "Point", "coordinates": [ 136.704213, 36.731727 ] } },
{ "type": "Feature", "properties": { "ID": 1756238, "正式名称": "クスリのアオキ新庄薬局", "機関区分": 5, "都道府県コード": 17, "市区町村コード": 212, "所在地": "石川県野々市市新庄六丁目４５１番地", "緯度": 36.507225, "経度": 136.607694, "url": "https://www.iryou.teikyouseido.mhlw.go.jp/znk-web/juminkanja/S2430/initialize?prefCd=17&kikanCd=6238&kikanKbn=nan", "url2": "https://www.kusuri-aoki.co.jp/", "内容": "クスリのアオキ新庄薬局0石川県野々市市新庄六丁目４５１番地" }, "geometry": { "type": "Point", "coordinates": [ 136.607694, 36.507225 ] } },
{ "type": "Feature", "properties": { "ID": 1756239, "正式名称": "瑠璃光薬局碁石ヶ峰登り口店", "機関区分": 5, "都道府県コード": 17, "市区町村コード": 207, "所在地": "石川県羽咋市大町イ８－８", "緯度": 36.9353, "経度": 136.86578, "url": "https://www.iryou.teikyouseido.mhlw.go.jp/znk-web/juminkanja/S2430/initialize?prefCd=17&kikanCd=6239&kikanKbn=nan", "url2": "http://www.rurikou.jp", "内容": "瑠璃光薬局碁石ヶ峰登り口店0石川県羽咋市大町イ８－８" }, "geometry": { "type": "Point", "coordinates": [ 136.86578, 36.9353 ] } },
{ "type": "Feature", "properties": { "ID": 1756240, "正式名称": "中央通町あおぞら薬局", "機関区分": 5, "都道府県コード": 17, "市区町村コード": 201, "所在地": "石川県金沢市中央通町１１番５０号", "緯度": 36.5641, "経度": 136.647717, "url": "https://www.iryou.teikyouseido.mhlw.go.jp/znk-web/juminkanja/S2430/initialize?prefCd=17&kikanCd=6240&kikanKbn=nan", "url2": "http://www.granpharma.co.jp/", "内容": "中央通町あおぞら薬局0石川県金沢市中央通町１１番５０号" }, "geometry": { "type": "Point", "coordinates": [ 136.647717, 36.5641 ] } },
{ "type": "Feature", "properties": { "ID": 1756241, "正式名称": "瑠璃光薬局西念店", "機関区分": 5, "都道府県コード": 17, "市区町村コード": 201, "所在地": "石川県金沢市西念３丁目１６‐２３", "緯度": 36.588492, "経度": 136.637599, "url": "https://www.iryou.teikyouseido.mhlw.go.jp/znk-web/juminkanja/S2430/initialize?prefCd=17&kikanCd=6241&kikanKbn=nan", "url2": "http://rurikou.jp", "内容": "瑠璃光薬局西念店0石川県金沢市西念３丁目１６‐２３" }, "geometry": { "type": "Point", "coordinates": [ 136.637599, 36.588492 ] } },
{ "type": "Feature", "properties": { "ID": 1756242, "正式名称": "ウエルシア薬局金沢木曳野店", "機関区分": 5, "都道府県コード": 17, "市区町村コード": 201, "所在地": "石川県金沢市木曳野４丁目２２３番地", "緯度": 36.603315, "経度": 136.601778, "url": "https://www.iryou.teikyouseido.mhlw.go.jp/znk-web/juminkanja/S2430/initialize?prefCd=17&kikanCd=6242&kikanKbn=nan", "url2": "www.welcia-yakkyoku.co.jp/", "内容": "ウエルシア薬局金沢木曳野店0石川県金沢市木曳野４丁目２２３番地" }, "geometry": { "type": "Point", "coordinates": [ 136.601778, 36.603315 ] } },
{ "type": "Feature", "properties": { "ID": 1756243, "正式名称": "高松ハート薬局", "機関区分": 5, "都道府県コード": 17, "市区町村コード": 209, "所在地": "石川県かほく市高松ム６９番地１８", "緯度": 36.771089, "経度": 136.721365, "url": "https://www.iryou.teikyouseido.mhlw.go.jp/znk-web/juminkanja/S2430/initialize?prefCd=17&kikanCd=6243&kikanKbn=nan", "url2": "https://www.heart-pharmacy.jp/", "内容": "高松ハート薬局0石川県かほく市高松ム６９番地１８" }, "geometry": { "type": "Point", "coordinates": [ 136.721365, 36.771089 ] } },
{ "type": "Feature", "properties": { "ID": 1756244, "正式名称": "ウエルシア薬局金沢直江店", "機関区分": 5, "都道府県コード": 17, "市区町村コード": 201, "所在地": "石川県金沢市直江南１丁目４４番地", "緯度": 36.603953, "経度": 136.631792, "url": "https://www.iryou.teikyouseido.mhlw.go.jp/znk-web/juminkanja/S2430/initialize?prefCd=17&kikanCd=6244&kikanKbn=nan", "url2": "www.welcia-yakkyoku.co.jp/", "内容": "ウエルシア薬局金沢直江店0石川県金沢市直江南１丁目４４番地" }, "geometry": { "type": "Point", "coordinates": [ 136.631792, 36.603953 ] } },
{ "type": "Feature", "properties": { "ID": 1756246, "正式名称": "イオン薬局イオンスタイル新小松", "機関区分": 5, "都道府県コード": 17, "市区町村コード": 203, "所在地": "石川県小松市清六町３１５番地", "緯度": 36.395036, "経度": 136.467175, "url": "https://www.iryou.teikyouseido.mhlw.go.jp/znk-web/juminkanja/S2430/initialize?prefCd=17&kikanCd=6246&kikanKbn=nan", "url2": "http://www.aeon.com/store/%E3%82%A4%E3%82%AA%E3%83%B3%2F%E3%82%A4%E3%82%AA%E3%83%B3%E3%82%B9%E3%82%BF%E3%82%A4%E3%83%AB%E6%96%B0%E5%B0%8F%E6%9D%BE%2F", "内容": "イオン薬局イオンスタイル新小松0石川県小松市清六町３１５番地" }, "geometry": { "type": "Point", "coordinates": [ 136.467175, 36.395036 ] } },
{ "type": "Feature", "properties": { "ID": 1756248, "正式名称": "和倉あおぞら薬局", "機関区分": 5, "都道府県コード": 17, "市区町村コード": 202, "所在地": "石川県七尾市石崎町タ１６番１", "緯度": 37.07649, "経度": 136.923986, "url": "https://www.iryou.teikyouseido.mhlw.go.jp/znk-web/juminkanja/S2430/initialize?prefCd=17&kikanCd=6248&kikanKbn=nan", "url2": "http://www.granpharma.co.jp/", "内容": "和倉あおぞら薬局0石川県七尾市石崎町タ１６番１" }, "geometry": { "type": "Point", "coordinates": [ 136.923986, 37.07649 ] } },
{ "type": "Feature", "properties": { "ID": 1756250, "正式名称": "瑠璃光薬局　志雄店", "機関区分": 5, "都道府県コード": 17, "市区町村コード": 386, "所在地": "石川県羽咋郡宝達志水町子浦ハ７－１", "緯度": 36.867164, "経度": 136.794076, "url": "https://www.iryou.teikyouseido.mhlw.go.jp/znk-web/juminkanja/S2430/initialize?prefCd=17&kikanCd=6250&kikanKbn=nan", "url2": "http://rurikou.jp", "内容": "瑠璃光薬局　志雄店0石川県羽咋郡宝達志水町子浦ハ７－１" }, "geometry": { "type": "Point", "coordinates": [ 136.794076, 36.867164 ] } },
{ "type": "Feature", "properties": { "ID": 1756251, "正式名称": "り～ど薬局", "機関区分": 5, "都道府県コード": 17, "市区町村コード": 201, "所在地": "石川県金沢市笠舞３－２０", "緯度": 36.55253, "経度": 136.664806, "url": "https://www.iryou.teikyouseido.mhlw.go.jp/znk-web/juminkanja/S2430/initialize?prefCd=17&kikanCd=6251&kikanKbn=nan", "url2": "https://www.lead-life.com/", "内容": "り～ど薬局0石川県金沢市笠舞３－２０" }, "geometry": { "type": "Point", "coordinates": [ 136.664806, 36.55253 ] } },
{ "type": "Feature", "properties": { "ID": 1756252, "正式名称": "かほくあおば薬局", "機関区分": 5, "都道府県コード": 17, "市区町村コード": 209, "所在地": "石川県かほく市内日角４丁目６９", "緯度": 36.710869, "経度": 136.699203, "url": "https://www.iryou.teikyouseido.mhlw.go.jp/znk-web/juminkanja/S2430/initialize?prefCd=17&kikanCd=6252&kikanKbn=nan", "url2": "https://www.add-vantage.jp/", "内容": "かほくあおば薬局0石川県かほく市内日角４丁目６９" }, "geometry": { "type": "Point", "coordinates": [ 136.699203, 36.710869 ] } },
{ "type": "Feature", "properties": { "ID": 1756254, "正式名称": "アルプ薬局米泉店", "機関区分": 5, "都道府県コード": 17, "市区町村コード": 201, "所在地": "石川県金沢市米泉町４丁目２３番地１", "緯度": 36.547137, "経度": 136.62336, "url": "https://www.iryou.teikyouseido.mhlw.go.jp/znk-web/juminkanja/S2430/initialize?prefCd=17&kikanCd=6254&kikanKbn=nan", "url2": "http://www.alp-grp.jp/", "内容": "アルプ薬局米泉店0石川県金沢市米泉町４丁目２３番地１" }, "geometry": { "type": "Point", "coordinates": [ 136.62336, 36.547137 ] } },
{ "type": "Feature", "properties": { "ID": 1756255, "正式名称": "北陸薬局小松店", "機関区分": 5, "都道府県コード": 17, "市区町村コード": 203, "所在地": "石川県小松市古河町１３２番地", "緯度": 36.404091, "経度": 136.44163, "url": "https://www.iryou.teikyouseido.mhlw.go.jp/znk-web/juminkanja/S2430/initialize?prefCd=17&kikanCd=6255&kikanKbn=nan", "url2": null, "内容": "北陸薬局小松店0石川県小松市古河町１３２番地" }, "geometry": { "type": "Point", "coordinates": [ 136.44163, 36.404091 ] } },
{ "type": "Feature", "properties": { "ID": 1756257, "正式名称": "ウエルシア薬局金沢出雲町店", "機関区分": 5, "都道府県コード": 17, "市区町村コード": 201, "所在地": "石川県金沢市出雲町イ２２２番", "緯度": 36.576812, "経度": 136.623284, "url": "https://www.iryou.teikyouseido.mhlw.go.jp/znk-web/juminkanja/S2430/initialize?prefCd=17&kikanCd=6257&kikanKbn=nan", "url2": "www.welcia-yakkyoku.co.jp/", "内容": "ウエルシア薬局金沢出雲町店0石川県金沢市出雲町イ２２２番" }, "geometry": { "type": "Point", "coordinates": [ 136.623284, 36.576812 ] } },
{ "type": "Feature", "properties": { "ID": 1756258, "正式名称": "アルプ薬局美川店", "機関区分": 5, "都道府県コード": 17, "市区町村コード": 210, "所在地": "石川県白山市美川中町ヲ３３番地１", "緯度": 36.486668, "経度": 136.483741, "url": "https://www.iryou.teikyouseido.mhlw.go.jp/znk-web/juminkanja/S2430/initialize?prefCd=17&kikanCd=6258&kikanKbn=nan", "url2": "http://www.alp-grp.jp/", "内容": "アルプ薬局美川店0石川県白山市美川中町ヲ３３番地１" }, "geometry": { "type": "Point", "coordinates": [ 136.483741, 36.486668 ] } },
{ "type": "Feature", "properties": { "ID": 1756259, "正式名称": "クスリのアオキ伏見台薬局", "機関区分": 5, "都道府県コード": 17, "市区町村コード": 201, "所在地": "石川県金沢市伏見台２丁目７番５号", "緯度": 36.534356, "経度": 136.136544, "url": "https://www.iryou.teikyouseido.mhlw.go.jp/znk-web/juminkanja/S2430/initialize?prefCd=17&kikanCd=6259&kikanKbn=nan", "url2": "https://www.kusuri-aoki.co.jp/", "内容": "クスリのアオキ伏見台薬局0石川県金沢市伏見台２丁目７番５号" }, "geometry": { "type": "Point", "coordinates": [ 136.136544, 36.534356 ] } },
{ "type": "Feature", "properties": { "ID": 1756262, "正式名称": "クスリのアオキ松任布市薬局", "機関区分": 5, "都道府県コード": 17, "市区町村コード": 210, "所在地": "石川県白山市布市一丁目１７７番地１", "緯度": 36.52256, "経度": 136.572222, "url": "https://www.iryou.teikyouseido.mhlw.go.jp/znk-web/juminkanja/S2430/initialize?prefCd=17&kikanCd=6262&kikanKbn=nan", "url2": "http://www.kusuri-aoki.co.jp", "内容": "クスリのアオキ松任布市薬局0石川県白山市布市一丁目１７７番地１" }, "geometry": { "type": "Point", "coordinates": [ 136.572222, 36.52256 ] } },
{ "type": "Feature", "properties": { "ID": 1756263, "正式名称": "クスリのアオキ高松北薬局", "機関区分": 5, "都道府県コード": 17, "市区町村コード": 209, "所在地": "石川県かほく市高松ム５５番地１", "緯度": 36.771904, "経度": 136.726177, "url": "https://www.iryou.teikyouseido.mhlw.go.jp/znk-web/juminkanja/S2430/initialize?prefCd=17&kikanCd=6263&kikanKbn=nan", "url2": "https://www.kusuri-aoki.co.jp/", "内容": "クスリのアオキ高松北薬局0石川県かほく市高松ム５５番地１" }, "geometry": { "type": "Point", "coordinates": [ 136.726177, 36.771904 ] } },
{ "type": "Feature", "properties": { "ID": 1756264, "正式名称": "吉野谷コメヤ薬局", "機関区分": 5, "都道府県コード": 17, "市区町村コード": 210, "所在地": "石川県白山市佐良ロ１３０番地", "緯度": 36.323872, "経度": 136.648073, "url": "https://www.iryou.teikyouseido.mhlw.go.jp/znk-web/juminkanja/S2430/initialize?prefCd=17&kikanCd=6264&kikanKbn=nan", "url2": "https://komeya-drug.com/", "内容": "吉野谷コメヤ薬局0石川県白山市佐良ロ１３０番地" }, "geometry": { "type": "Point", "coordinates": [ 136.648073, 36.323872 ] } },
{ "type": "Feature", "properties": { "ID": 1756265, "正式名称": "のまち薬局", "機関区分": 5, "都道府県コード": 17, "市区町村コード": 201, "所在地": "石川県金沢市野町２丁目４番１１号", "緯度": 36.554152, "経度": 136.646821, "url": "https://www.iryou.teikyouseido.mhlw.go.jp/znk-web/juminkanja/S2430/initialize?prefCd=17&kikanCd=6265&kikanKbn=nan", "url2": "https://teiku.co.jp", "内容": "のまち薬局0石川県金沢市野町２丁目４番１１号" }, "geometry": { "type": "Point", "coordinates": [ 136.646821, 36.554152 ] } },
{ "type": "Feature", "properties": { "ID": 1756266, "正式名称": "川畑薬局", "機関区分": 5, "都道府県コード": 17, "市区町村コード": 206, "所在地": "石川県加賀市片山津温泉井１２", "緯度": 36.342591, "経度": 136.368085, "url": "https://www.iryou.teikyouseido.mhlw.go.jp/znk-web/juminkanja/S2430/initialize?prefCd=17&kikanCd=6266&kikanKbn=nan", "url2": null, "内容": "川畑薬局0石川県加賀市片山津温泉井１２" }, "geometry": { "type": "Point", "coordinates": [ 136.368085, 36.342591 ] } },
{ "type": "Feature", "properties": { "ID": 1756268, "正式名称": "アビオシティ加賀コメヤ薬局", "機関区分": 5, "都道府県コード": 17, "市区町村コード": 206, "所在地": "石川県加賀市作見町ル２５－１　アビオシティ加賀内", "緯度": 36.319796, "経度": 136.352382, "url": "https://www.iryou.teikyouseido.mhlw.go.jp/znk-web/juminkanja/S2430/initialize?prefCd=17&kikanCd=6268&kikanKbn=nan", "url2": "https://komeya-drug.com", "内容": "アビオシティ加賀コメヤ薬局0石川県加賀市作見町ル２５－１　アビオシティ加賀内" }, "geometry": { "type": "Point", "coordinates": [ 136.352382, 36.319796 ] } },
{ "type": "Feature", "properties": { "ID": 1756270, "正式名称": "キリン堂金沢元町薬局", "機関区分": 5, "都道府県コード": 17, "市区町村コード": 201, "所在地": "石川県金沢市元町２丁目６番１号", "緯度": 36.34, "経度": 136.39, "url": "https://www.iryou.teikyouseido.mhlw.go.jp/znk-web/juminkanja/S2430/initialize?prefCd=17&kikanCd=6270&kikanKbn=nan", "url2": "http://www.kirindo.co.jp/", "内容": "キリン堂金沢元町薬局0石川県金沢市元町２丁目６番１号" }, "geometry": { "type": "Point", "coordinates": [ 136.39, 36.34 ] } },
{ "type": "Feature", "properties": { "ID": 1756272, "正式名称": "井口まつだ薬局", "機関区分": 5, "都道府県コード": 17, "市区町村コード": 210, "所在地": "石川県白山市井口町に７９－４", "緯度": 36.470958, "経度": 136.602196, "url": "https://www.iryou.teikyouseido.mhlw.go.jp/znk-web/juminkanja/S2430/initialize?prefCd=17&kikanCd=6272&kikanKbn=nan", "url2": null, "内容": "井口まつだ薬局0石川県白山市井口町に７９－４" }, "geometry": { "type": "Point", "coordinates": [ 136.602196, 36.470958 ] } },
{ "type": "Feature", "properties": { "ID": 1756273, "正式名称": "瑠璃光薬局疋田店", "機関区分": 5, "都道府県コード": 17, "市区町村コード": 201, "所在地": "石川県金沢市疋田２丁目４５番", "緯度": 36.604083, "経度": 136.674059, "url": "https://www.iryou.teikyouseido.mhlw.go.jp/znk-web/juminkanja/S2430/initialize?prefCd=17&kikanCd=6273&kikanKbn=nan", "url2": "https://rurikou.jp", "内容": "瑠璃光薬局疋田店0石川県金沢市疋田２丁目４５番" }, "geometry": { "type": "Point", "coordinates": [ 136.674059, 36.604083 ] } },
{ "type": "Feature", "properties": { "ID": 1756275, "正式名称": "能登総合病院前あおぞら薬局", "機関区分": 5, "都道府県コード": 17, "市区町村コード": 202, "所在地": "石川県七尾市藤橋町ア部６番地１９", "緯度": 37.045088, "経度": 136.94658, "url": "https://www.iryou.teikyouseido.mhlw.go.jp/znk-web/juminkanja/S2430/initialize?prefCd=17&kikanCd=6275&kikanKbn=nan", "url2": "http://www.granpharma.co.jp", "内容": "能登総合病院前あおぞら薬局0石川県七尾市藤橋町ア部６番地１９" }, "geometry": { "type": "Point", "coordinates": [ 136.94658, 37.045088 ] } },
{ "type": "Feature", "properties": { "ID": 1756277, "正式名称": "アルプ薬局鹿島平店", "機関区分": 5, "都道府県コード": 17, "市区町村コード": 210, "所在地": "石川県白山市鹿島平１１番地１１７", "緯度": 36.505917, "経度": 136.507826, "url": "https://www.iryou.teikyouseido.mhlw.go.jp/znk-web/juminkanja/S2430/initialize?prefCd=17&kikanCd=6277&kikanKbn=nan", "url2": "http://www.alp-grp.jp", "内容": "アルプ薬局鹿島平店0石川県白山市鹿島平１１番地１１７" }, "geometry": { "type": "Point", "coordinates": [ 136.507826, 36.505917 ] } },
{ "type": "Feature", "properties": { "ID": 1756278, "正式名称": "泉丘らいふ薬局", "機関区分": 5, "都道府県コード": 17, "市区町村コード": 201, "所在地": "石川県金沢市泉野出町４丁目２番３号", "緯度": 36.535627, "経度": 136.647964, "url": "https://www.iryou.teikyouseido.mhlw.go.jp/znk-web/juminkanja/S2430/initialize?prefCd=17&kikanCd=6278&kikanKbn=nan", "url2": "https://www.life-jp.com", "内容": "泉丘らいふ薬局0石川県金沢市泉野出町４丁目２番３号" }, "geometry": { "type": "Point", "coordinates": [ 136.647964, 36.535627 ] } },
{ "type": "Feature", "properties": { "ID": 1756280, "正式名称": "キリン堂　長坂薬局", "機関区分": 5, "都道府県コード": 17, "市区町村コード": 201, "所在地": "石川県金沢市長坂", "緯度": 36.538824, "経度": 136.657973, "url": "https://www.iryou.teikyouseido.mhlw.go.jp/znk-web/juminkanja/S2430/initialize?prefCd=17&kikanCd=6280&kikanKbn=nan", "url2": "https://www.kirindo.co.jp", "内容": "キリン堂　長坂薬局0石川県金沢市長坂" }, "geometry": { "type": "Point", "coordinates": [ 136.657973, 36.538824 ] } },
{ "type": "Feature", "properties": { "ID": 1756281, "正式名称": "白帆台プラス薬局", "機関区分": 5, "都道府県コード": 17, "市区町村コード": 365, "所在地": "石川県河北郡内灘町白帆台２－１", "緯度": 36.671744, "経度": 136.658122, "url": "https://www.iryou.teikyouseido.mhlw.go.jp/znk-web/juminkanja/S2430/initialize?prefCd=17&kikanCd=6281&kikanKbn=nan", "url2": "http.//www.place.pharmacy.jp/", "内容": "白帆台プラス薬局0石川県河北郡内灘町白帆台２－１" }, "geometry": { "type": "Point", "coordinates": [ 136.658122, 36.671744 ] } },
{ "type": "Feature", "properties": { "ID": 1756282, "正式名称": "あいの風薬局", "機関区分": 5, "都道府県コード": 17, "市区町村コード": 463, "所在地": "石川県鳳珠郡能登町宇出津山分２字１９番３", "緯度": 37.307127, "経度": 137.152961, "url": "https://www.iryou.teikyouseido.mhlw.go.jp/znk-web/juminkanja/S2430/initialize?prefCd=17&kikanCd=6282&kikanKbn=nan", "url2": "https//assist-ast.jp", "内容": "あいの風薬局0石川県鳳珠郡能登町宇出津山分２字１９番３" }, "geometry": { "type": "Point", "coordinates": [ 137.152961, 37.307127 ] } },
{ "type": "Feature", "properties": { "ID": 1756283, "正式名称": "クスリのアオキ本津幡薬局", "機関区分": 5, "都道府県コード": 17, "市区町村コード": 361, "所在地": "石川県河北郡津幡町字清水ア２８番", "緯度": 36.675433, "経度": 136.733733, "url": "https://www.iryou.teikyouseido.mhlw.go.jp/znk-web/juminkanja/S2430/initialize?prefCd=17&kikanCd=6283&kikanKbn=nan", "url2": "https://www.kusuri-aoki.co.jp/", "内容": "クスリのアオキ本津幡薬局0石川県河北郡津幡町字清水ア２８番" }, "geometry": { "type": "Point", "coordinates": [ 136.733733, 36.675433 ] } },
{ "type": "Feature", "properties": { "ID": 1756284, "正式名称": "箔山堂小菅波薬局", "機関区分": 5, "都道府県コード": 17, "市区町村コード": 206, "所在地": "石川県加賀市小菅波町１２１番地６", "緯度": 36.317497, "経度": 136.344228, "url": "https://www.iryou.teikyouseido.mhlw.go.jp/znk-web/juminkanja/S2430/initialize?prefCd=17&kikanCd=6284&kikanKbn=nan", "url2": "http://www.nanzando.co.jp", "内容": "箔山堂小菅波薬局0石川県加賀市小菅波町１２１番地６" }, "geometry": { "type": "Point", "coordinates": [ 136.344228, 36.317497 ] } },
{ "type": "Feature", "properties": { "ID": 1756285, "正式名称": "中森かいてき園町薬局", "機関区分": 5, "都道府県コード": 17, "市区町村コード": 203, "所在地": "石川県小松市園町ホ１４０ー１", "緯度": 36.407153, "経度": 136.460546, "url": "https://www.iryou.teikyouseido.mhlw.go.jp/znk-web/juminkanja/S2430/initialize?prefCd=17&kikanCd=6285&kikanKbn=nan", "url2": "http.//www.kaiteki-01.jp/", "内容": "中森かいてき園町薬局0石川県小松市園町ホ１４０ー１" }, "geometry": { "type": "Point", "coordinates": [ 136.460546, 36.407153 ] } },
{ "type": "Feature", "properties": { "ID": 1756286, "正式名称": "グリーン直江中央薬局", "機関区分": 5, "都道府県コード": 17, "市区町村コード": 201, "所在地": "石川県金沢市直江西１丁目９１番地", "緯度": 36.612583, "経度": 136.635001, "url": "https://www.iryou.teikyouseido.mhlw.go.jp/znk-web/juminkanja/S2430/initialize?prefCd=17&kikanCd=6286&kikanKbn=nan", "url2": "http.//www.green-tz.com/", "内容": "グリーン直江中央薬局0石川県金沢市直江西１丁目９１番地" }, "geometry": { "type": "Point", "coordinates": [ 136.635001, 36.612583 ] } },
{ "type": "Feature", "properties": { "ID": 1756287, "正式名称": "クオール能登町薬局", "機関区分": 5, "都道府県コード": 17, "市区町村コード": 463, "所在地": "石川県鳳珠郡能登町字松波１０－１０７－１", "緯度": 37.356788, "経度": 137.244957, "url": "https://www.iryou.teikyouseido.mhlw.go.jp/znk-web/juminkanja/S2430/initialize?prefCd=17&kikanCd=6287&kikanKbn=nan", "url2": "http//www.gol-net.co.jp/", "内容": "クオール能登町薬局0石川県鳳珠郡能登町字松波１０－１０７－１" }, "geometry": { "type": "Point", "coordinates": [ 137.244957, 37.356788 ] } },
{ "type": "Feature", "properties": { "ID": 1756288, "正式名称": "てまり新田薬局", "機関区分": 5, "都道府県コード": 17, "市区町村コード": 210, "所在地": "石川県白山市新田町２１７－１", "緯度": 36.534768, "経度": 136.572259, "url": "https://www.iryou.teikyouseido.mhlw.go.jp/znk-web/juminkanja/S2430/initialize?prefCd=17&kikanCd=6288&kikanKbn=nan", "url2": "https://spatel.co.jp/", "内容": "てまり新田薬局0石川県白山市新田町２１７－１" }, "geometry": { "type": "Point", "coordinates": [ 136.572259, 36.534768 ] } },
{ "type": "Feature", "properties": { "ID": 1756289, "正式名称": "てまり鳴和薬局", "機関区分": 5, "都道府県コード": 17, "市区町村コード": 201, "所在地": "石川県金沢市鳴和１ー１６ー３３", "緯度": 36.587253, "経度": 136.674577, "url": "https://www.iryou.teikyouseido.mhlw.go.jp/znk-web/juminkanja/S2430/initialize?prefCd=17&kikanCd=6289&kikanKbn=nan", "url2": "https://spatel.co.jp", "内容": "てまり鳴和薬局0石川県金沢市鳴和１ー１６ー３３" }, "geometry": { "type": "Point", "coordinates": [ 136.674577, 36.587253 ] } },
{ "type": "Feature", "properties": { "ID": 1756290, "正式名称": "Ｖ・ｄｒｕｇ　鳴和薬局", "機関区分": 5, "都道府県コード": 17, "市区町村コード": 201, "所在地": "石川県金沢市大樋町３－３", "緯度": 36.587602, "経度": 136.676216, "url": "https://www.iryou.teikyouseido.mhlw.go.jp/znk-web/juminkanja/S2430/initialize?prefCd=17&kikanCd=6290&kikanKbn=nan", "url2": "https//www.vdrug.co.jp/", "内容": "Ｖ・ｄｒｕｇ　鳴和薬局0石川県金沢市大樋町３－３" }, "geometry": { "type": "Point", "coordinates": [ 136.676216, 36.587602 ] } },
{ "type": "Feature", "properties": { "ID": 1756291, "正式名称": "あいう薬局　彦三店", "機関区分": 5, "都道府県コード": 17, "市区町村コード": 201, "所在地": "石川県金沢市安江町３－２６", "緯度": 36.574665, "経度": 136.656214, "url": "https://www.iryou.teikyouseido.mhlw.go.jp/znk-web/juminkanja/S2430/initialize?prefCd=17&kikanCd=6291&kikanKbn=nan", "url2": null, "内容": "あいう薬局　彦三店0石川県金沢市安江町３－２６" }, "geometry": { "type": "Point", "coordinates": [ 136.656214, 36.574665 ] } },
{ "type": "Feature", "properties": { "ID": 1756292, "正式名称": "瑠璃光薬局　崎浦店", "機関区分": 5, "都道府県コード": 17, "市区町村コード": 201, "所在地": "石川県金沢市小立野１丁目２番７号", "緯度": 36.545915, "経度": 136.680769, "url": "https://www.iryou.teikyouseido.mhlw.go.jp/znk-web/juminkanja/S2430/initialize?prefCd=17&kikanCd=6292&kikanKbn=nan", "url2": "http://www.rurikou.jp", "内容": "瑠璃光薬局　崎浦店0石川県金沢市小立野１丁目２番７号" }, "geometry": { "type": "Point", "coordinates": [ 136.680769, 36.545915 ] } },
{ "type": "Feature", "properties": { "ID": 1756293, "正式名称": "共創未来　いそべ薬局", "機関区分": 5, "都道府県コード": 17, "市区町村コード": 201, "所在地": "石川県金沢市磯部町ヌ３２ー１", "緯度": 36.595718, "経度": 136.652597, "url": "https://www.iryou.teikyouseido.mhlw.go.jp/znk-web/juminkanja/S2430/initialize?prefCd=17&kikanCd=6293&kikanKbn=nan", "url2": "http//www.phmirai.co.jp/shops/detail.pp?id=443", "内容": "共創未来　いそべ薬局0石川県金沢市磯部町ヌ３２ー１" }, "geometry": { "type": "Point", "coordinates": [ 136.652597, 36.595718 ] } },
{ "type": "Feature", "properties": { "ID": 1756294, "正式名称": "アルプ薬局黒田店", "機関区分": 5, "都道府県コード": 17, "市区町村コード": 201, "所在地": "石川県金沢市黒田１丁目１８８番地２", "緯度": 36.563223, "経度": 136.611514, "url": "https://www.iryou.teikyouseido.mhlw.go.jp/znk-web/juminkanja/S2430/initialize?prefCd=17&kikanCd=6294&kikanKbn=nan", "url2": "www.alp-grp.jp", "内容": "アルプ薬局黒田店0石川県金沢市黒田１丁目１８８番地２" }, "geometry": { "type": "Point", "coordinates": [ 136.611514, 36.563223 ] } },
{ "type": "Feature", "properties": { "ID": 1756296, "正式名称": "健伸薬局　金沢大学病院前店", "機関区分": 5, "都道府県コード": 17, "市区町村コード": 201, "所在地": "石川県金沢市石引１丁目５－２１", "緯度": 36.556092, "経度": 136.67175, "url": "https://www.iryou.teikyouseido.mhlw.go.jp/znk-web/juminkanja/S2430/initialize?prefCd=17&kikanCd=6296&kikanKbn=nan", "url2": null, "内容": "健伸薬局　金沢大学病院前店0石川県金沢市石引１丁目５－２１" }, "geometry": { "type": "Point", "coordinates": [ 136.67175, 36.556092 ] } },
{ "type": "Feature", "properties": { "ID": 1756297, "正式名称": "クスリのアオキ堀内薬局", "機関区分": 5, "都道府県コード": 17, "市区町村コード": 212, "所在地": "石川県野々市市堀内四丁目１４番地", "緯度": 36.529767, "経度": 136.601254, "url": "https://www.iryou.teikyouseido.mhlw.go.jp/znk-web/juminkanja/S2430/initialize?prefCd=17&kikanCd=6297&kikanKbn=nan", "url2": "https://www.kusuri-aoki.co.jp/", "内容": "クスリのアオキ堀内薬局0石川県野々市市堀内四丁目１４番地" }, "geometry": { "type": "Point", "coordinates": [ 136.601254, 36.529767 ] } },
{ "type": "Feature", "properties": { "ID": 1756298, "正式名称": "クスリのアオキ御影薬局", "機関区分": 5, "都道府県コード": 17, "市区町村コード": 201, "所在地": "石川県金沢市神田１丁目１番５号", "緯度": 36.561226, "経度": 136.639565, "url": "https://www.iryou.teikyouseido.mhlw.go.jp/znk-web/juminkanja/S2430/initialize?prefCd=17&kikanCd=6298&kikanKbn=nan", "url2": "https://www.kusuri-aoki.co.jp/", "内容": "クスリのアオキ御影薬局0石川県金沢市神田１丁目１番５号" }, "geometry": { "type": "Point", "coordinates": [ 136.639565, 36.561226 ] } },
{ "type": "Feature", "properties": { "ID": 1756299, "正式名称": "たいせい薬局", "機関区分": 5, "都道府県コード": 17, "市区町村コード": 211, "所在地": "石川県能美市大成町ル９８番２", "緯度": 36.447508, "経度": 136.458833, "url": "https://www.iryou.teikyouseido.mhlw.go.jp/znk-web/juminkanja/S2430/initialize?prefCd=17&kikanCd=6299&kikanKbn=nan", "url2": null, "内容": "たいせい薬局0石川県能美市大成町ル９８番２" }, "geometry": { "type": "Point", "coordinates": [ 136.458833, 36.447508 ] } },
{ "type": "Feature", "properties": { "ID": 1756300, "正式名称": "中屋彦十郎薬局", "機関区分": 5, "都道府県コード": 17, "市区町村コード": 201, "所在地": "石川県金沢市片町１丁目１－２９", "緯度": 36.561949, "経度": 136.654268, "url": "https://www.iryou.teikyouseido.mhlw.go.jp/znk-web/juminkanja/S2430/initialize?prefCd=17&kikanCd=6300&kikanKbn=nan", "url2": "https://www.kanpoyaku-nakaya.com/", "内容": "中屋彦十郎薬局0石川県金沢市片町１丁目１－２９" }, "geometry": { "type": "Point", "coordinates": [ 136.654268, 36.561949 ] } },
{ "type": "Feature", "properties": { "ID": 1756301, "正式名称": "スギ薬局　小松南店", "機関区分": 5, "都道府県コード": 17, "市区町村コード": 203, "所在地": "石川県小松市大領町イ２１１番地１", "緯度": 36.389451, "経度": 136.451467, "url": "https://www.iryou.teikyouseido.mhlw.go.jp/znk-web/juminkanja/S2430/initialize?prefCd=17&kikanCd=6301&kikanKbn=nan", "url2": "https://www.sugi-net.jp/CGI/cms/mt-search=%E5%B0%8F%E6%9D%BE&IncludeBlogs=5&limit=20", "内容": "スギ薬局　小松南店0石川県小松市大領町イ２１１番地１" }, "geometry": { "type": "Point", "coordinates": [ 136.451467, 36.389451 ] } },
{ "type": "Feature", "properties": { "ID": 1756302, "正式名称": "瑠璃光薬局　朝霧台店", "機関区分": 5, "都道府県コード": 17, "市区町村コード": 201, "所在地": "石川県金沢市朝霧台１丁目１７５番", "緯度": 36.53604, "経度": 136.695139, "url": "https://www.iryou.teikyouseido.mhlw.go.jp/znk-web/juminkanja/S2430/initialize?prefCd=17&kikanCd=6302&kikanKbn=nan", "url2": "http.//www.rurikou.jp", "内容": "瑠璃光薬局　朝霧台店0石川県金沢市朝霧台１丁目１７５番" }, "geometry": { "type": "Point", "coordinates": [ 136.695139, 36.53604 ] } },
{ "type": "Feature", "properties": { "ID": 1756303, "正式名称": "おぎ薬局", "機関区分": 5, "都道府県コード": 17, "市区町村コード": 463, "所在地": "石川県鳳珠郡能登町字小木１５字２３番６", "緯度": 37.299559, "経度": 137.225909, "url": "https://www.iryou.teikyouseido.mhlw.go.jp/znk-web/juminkanja/S2430/initialize?prefCd=17&kikanCd=6303&kikanKbn=nan", "url2": "http://hans-pharmacy.co.jp", "内容": "おぎ薬局0石川県鳳珠郡能登町字小木１５字２３番６" }, "geometry": { "type": "Point", "coordinates": [ 137.225909, 37.299559 ] } },
{ "type": "Feature", "properties": { "ID": 1756305, "正式名称": "アルプ薬局寺町店", "機関区分": 5, "都道府県コード": 17, "市区町村コード": 201, "所在地": "石川県金沢市寺町２丁目８番２－１号", "緯度": 36.549119, "経度": 136.656673, "url": "https://www.iryou.teikyouseido.mhlw.go.jp/znk-web/juminkanja/S2430/initialize?prefCd=17&kikanCd=6305&kikanKbn=nan", "url2": "http://www.alp-grp.jp/", "内容": "アルプ薬局寺町店0石川県金沢市寺町２丁目８番２－１号" }, "geometry": { "type": "Point", "coordinates": [ 136.656673, 36.549119 ] } },
{ "type": "Feature", "properties": { "ID": 1756306, "正式名称": "八日市あおぞら薬局", "機関区分": 5, "都道府県コード": 17, "市区町村コード": 201, "所在地": "石川県金沢市八日市４丁目３６４番地", "緯度": 36.554149, "経度": 136.608241, "url": "https://www.iryou.teikyouseido.mhlw.go.jp/znk-web/juminkanja/S2430/initialize?prefCd=17&kikanCd=6306&kikanKbn=nan", "url2": "http://www.grnpharma.co.jp/", "内容": "八日市あおぞら薬局0石川県金沢市八日市４丁目３６４番地" }, "geometry": { "type": "Point", "coordinates": [ 136.608241, 36.554149 ] } },
{ "type": "Feature", "properties": { "ID": 1756307, "正式名称": "泉が丘あおぞら薬局", "機関区分": 5, "都道府県コード": 17, "市区町村コード": 201, "所在地": "石川県金沢市泉が丘２丁目１３番３９", "緯度": 36.542778, "経度": 136.644353, "url": "https://www.iryou.teikyouseido.mhlw.go.jp/znk-web/juminkanja/S2430/initialize?prefCd=17&kikanCd=6307&kikanKbn=nan", "url2": "https://www.granpharma.co.jp/", "内容": "泉が丘あおぞら薬局0石川県金沢市泉が丘２丁目１３番３９" }, "geometry": { "type": "Point", "coordinates": [ 136.644353, 36.542778 ] } },
{ "type": "Feature", "properties": { "ID": 1756308, "正式名称": "スギ薬局　野々市中央店", "機関区分": 5, "都道府県コード": 17, "市区町村コード": 212, "所在地": "石川県野々市市白山町４３８番地", "緯度": 36.528853, "経度": 136.612924, "url": "https://www.iryou.teikyouseido.mhlw.go.jp/znk-web/juminkanja/S2430/initialize?prefCd=17&kikanCd=6308&kikanKbn=nan", "url2": "https://www.sugi-net.jp/tenpo/detail/1572.html", "内容": "スギ薬局　野々市中央店0石川県野々市市白山町４３８番地" }, "geometry": { "type": "Point", "coordinates": [ 136.612924, 36.528853 ] } },
{ "type": "Feature", "properties": { "ID": 1756310, "正式名称": "クスリのアオキラスパ白山薬局", "機関区分": 5, "都道府県コード": 17, "市区町村コード": 210, "所在地": "石川県白山市倉光五丁目１４番地", "緯度": 36.515731, "経度": 136.566537, "url": "https://www.iryou.teikyouseido.mhlw.go.jp/znk-web/juminkanja/S2430/initialize?prefCd=17&kikanCd=6310&kikanKbn=nan", "url2": "https://www.kusuri-aoki.co.jp/", "内容": "クスリのアオキラスパ白山薬局0石川県白山市倉光五丁目１４番地" }, "geometry": { "type": "Point", "coordinates": [ 136.566537, 36.515731 ] } },
{ "type": "Feature", "properties": { "ID": 1756311, "正式名称": "とくひさ泉本町薬局", "機関区分": 5, "都道府県コード": 17, "市区町村コード": 201, "所在地": "石川県金沢市泉本町４－１１", "緯度": 36.550896, "経度": 136.64041, "url": "https://www.iryou.teikyouseido.mhlw.go.jp/znk-web/juminkanja/S2430/initialize?prefCd=17&kikanCd=6311&kikanKbn=nan", "url2": "https://tokuhisa.net", "内容": "とくひさ泉本町薬局0石川県金沢市泉本町４－１１" }, "geometry": { "type": "Point", "coordinates": [ 136.64041, 36.550896 ] } },
{ "type": "Feature", "properties": { "ID": 1756312, "正式名称": "輪島あおぞら薬局", "機関区分": 5, "都道府県コード": 17, "市区町村コード": 204, "所在地": "石川県　輪島市　山岸町　は２７番地", "緯度": 37.384616, "経度": 136.904911, "url": "https://www.iryou.teikyouseido.mhlw.go.jp/znk-web/juminkanja/S2430/initialize?prefCd=17&kikanCd=6312&kikanKbn=nan", "url2": "http://www.pranpharma.co.jp/", "内容": "輪島あおぞら薬局0石川県　輪島市　山岸町　は２７番地" }, "geometry": { "type": "Point", "coordinates": [ 136.904911, 37.384616 ] } },
{ "type": "Feature", "properties": { "ID": 1756315, "正式名称": "スギ薬局　石川県庁前店", "機関区分": 5, "都道府県コード": 17, "市区町村コード": 201, "所在地": "石川県金沢市藤江北４丁目２８０番地", "緯度": 36.591052, "経度": 136.621521, "url": "https://www.iryou.teikyouseido.mhlw.go.jp/znk-web/juminkanja/S2430/initialize?prefCd=17&kikanCd=6315&kikanKbn=nan", "url2": "http://www.drug-sugi.co.jp/", "内容": "スギ薬局　石川県庁前店0石川県金沢市藤江北４丁目２８０番地" }, "geometry": { "type": "Point", "coordinates": [ 136.621521, 36.591052 ] } },
{ "type": "Feature", "properties": { "ID": 1756316, "正式名称": "スギ薬局　金沢昭和町店", "機関区分": 5, "都道府県コード": 17, "市区町村コード": 201, "所在地": "石川県金沢市昭和町６番２３号", "緯度": 36.573131, "経度": 136.646594, "url": "https://www.iryou.teikyouseido.mhlw.go.jp/znk-web/juminkanja/S2430/initialize?prefCd=17&kikanCd=6316&kikanKbn=nan", "url2": "http://www.drug-sugi.co.jp/", "内容": "スギ薬局　金沢昭和町店0石川県金沢市昭和町６番２３号" }, "geometry": { "type": "Point", "coordinates": [ 136.646594, 36.573131 ] } },
{ "type": "Feature", "properties": { "ID": 1756317, "正式名称": "薬局マツモトキヨシ　大額店", "機関区分": 5, "都道府県コード": 17, "市区町村コード": 201, "所在地": "石川県金沢市大額３丁目２６３番", "緯度": 36.514834, "経度": 136.625525, "url": "https://www.iryou.teikyouseido.mhlw.go.jp/znk-web/juminkanja/S2430/initialize?prefCd=17&kikanCd=6317&kikanKbn=nan", "url2": null, "内容": "薬局マツモトキヨシ　大額店0石川県金沢市大額３丁目２６３番" }, "geometry": { "type": "Point", "coordinates": [ 136.625525, 36.514834 ] } },
{ "type": "Feature", "properties": { "ID": 1756318, "正式名称": "あゆみ薬局", "機関区分": 5, "都道府県コード": 17, "市区町村コード": 201, "所在地": "石川県金沢市金石東１丁目４番９号", "緯度": 36.59962, "経度": 136.597497, "url": "https://www.iryou.teikyouseido.mhlw.go.jp/znk-web/juminkanja/S2430/initialize?prefCd=17&kikanCd=6318&kikanKbn=nan", "url2": null, "内容": "あゆみ薬局0石川県金沢市金石東１丁目４番９号" }, "geometry": { "type": "Point", "coordinates": [ 136.597497, 36.59962 ] } },
{ "type": "Feature", "properties": { "ID": 1756319, "正式名称": "スギ薬局　野々市西店", "機関区分": 5, "都道府県コード": 17, "市区町村コード": 212, "所在地": "石川県野々市市徳用３丁目２８１番地", "緯度": 36.536396, "経度": 136.591779, "url": "https://www.iryou.teikyouseido.mhlw.go.jp/znk-web/juminkanja/S2430/initialize?prefCd=17&kikanCd=6319&kikanKbn=nan", "url2": "https://www.drug-sugi.co.jp/", "内容": "スギ薬局　野々市西店0石川県野々市市徳用３丁目２８１番地" }, "geometry": { "type": "Point", "coordinates": [ 136.591779, 36.536396 ] } },
{ "type": "Feature", "properties": { "ID": 1756320, "正式名称": "スギ薬局　畝田店", "機関区分": 5, "都道府県コード": 17, "市区町村コード": 201, "所在地": "石川県　金沢市　畝田東４丁目１１１４番地", "緯度": 36.599234, "経度": 136.614544, "url": "https://www.iryou.teikyouseido.mhlw.go.jp/znk-web/juminkanja/S2430/initialize?prefCd=17&kikanCd=6320&kikanKbn=nan", "url2": "https://www.drug-sugi.co.jp/", "内容": "スギ薬局　畝田店0石川県　金沢市　畝田東４丁目１１１４番地" }, "geometry": { "type": "Point", "coordinates": [ 136.614544, 36.599234 ] } },
{ "type": "Feature", "properties": { "ID": 1756321, "正式名称": "矢崎らいふ薬局", "機関区分": 5, "都道府県コード": 17, "市区町村コード": 203, "所在地": "石川県小松市矢崎町ハ１８０－１", "緯度": 36.365477, "経度": 136.432057, "url": "https://www.iryou.teikyouseido.mhlw.go.jp/znk-web/juminkanja/S2430/initialize?prefCd=17&kikanCd=6321&kikanKbn=nan", "url2": "https://hokuriku-qol.jp/", "内容": "矢崎らいふ薬局0石川県小松市矢崎町ハ１８０－１" }, "geometry": { "type": "Point", "coordinates": [ 136.432057, 36.365477 ] } },
{ "type": "Feature", "properties": { "ID": 1756323, "正式名称": "八日市おかだ薬局", "機関区分": 5, "都道府県コード": 17, "市区町村コード": 201, "所在地": "石川県金沢市八日市４丁目３６８番地　Ｋ６コーポ１０３", "緯度": 36.549957, "経度": 136.608821, "url": "https://www.iryou.teikyouseido.mhlw.go.jp/znk-web/juminkanja/S2430/initialize?prefCd=17&kikanCd=6323&kikanKbn=nan", "url2": null, "内容": "八日市おかだ薬局0石川県金沢市八日市４丁目３６８番地　Ｋ６コーポ１０３" }, "geometry": { "type": "Point", "coordinates": [ 136.608821, 36.549957 ] } },
{ "type": "Feature", "properties": { "ID": 1756324, "正式名称": "ひまわり薬局", "機関区分": 5, "都道府県コード": 17, "市区町村コード": 361, "所在地": "石川県河北郡津幡町北中条", "緯度": 36.660324, "経度": 136.728345, "url": "https://www.iryou.teikyouseido.mhlw.go.jp/znk-web/juminkanja/S2430/initialize?prefCd=17&kikanCd=6324&kikanKbn=nan", "url2": null, "内容": "ひまわり薬局0石川県河北郡津幡町北中条" }, "geometry": { "type": "Point", "coordinates": [ 136.728345, 36.660324 ] } },
{ "type": "Feature", "properties": { "ID": 1756325, "正式名称": "和み薬局", "機関区分": 5, "都道府県コード": 17, "市区町村コード": 210, "所在地": "石川県白山市藤木町１８番地", "緯度": 36.483635, "経度": 136.579731, "url": "https://www.iryou.teikyouseido.mhlw.go.jp/znk-web/juminkanja/S2430/initialize?prefCd=17&kikanCd=6325&kikanKbn=nan", "url2": "https://nagomiyakkyoku.co.jp", "内容": "和み薬局0石川県白山市藤木町１８番地" }, "geometry": { "type": "Point", "coordinates": [ 136.579731, 36.483635 ] } },
{ "type": "Feature", "properties": { "ID": 1756326, "正式名称": "クスリのアオキ北安田南薬局", "機関区分": 5, "都道府県コード": 17, "市区町村コード": 210, "所在地": "石川県白山市松任北安田南部地区土地区画整理事業地内２３街区５０番", "緯度": 36.524989, "経度": 136.545622, "url": "https://www.iryou.teikyouseido.mhlw.go.jp/znk-web/juminkanja/S2430/initialize?prefCd=17&kikanCd=6326&kikanKbn=nan", "url2": "https://www.kusuri-aoki.co.jp/", "内容": "クスリのアオキ北安田南薬局0石川県白山市松任北安田南部地区土地区画整理事業地内２３街区５０番" }, "geometry": { "type": "Point", "coordinates": [ 136.545622, 36.524989 ] } },
{ "type": "Feature", "properties": { "ID": 1756327, "正式名称": "野々市ラン薬局", "機関区分": 5, "都道府県コード": 17, "市区町村コード": 212, "所在地": "石川県野々市市中林", "緯度": 36.505785, "経度": 136.602304, "url": "https://www.iryou.teikyouseido.mhlw.go.jp/znk-web/juminkanja/S2430/initialize?prefCd=17&kikanCd=6327&kikanKbn=nan", "url2": "http://www.ran-yakkyoku.jp/", "内容": "野々市ラン薬局0石川県野々市市中林" }, "geometry": { "type": "Point", "coordinates": [ 136.602304, 36.505785 ] } },
{ "type": "Feature", "properties": { "ID": 1756328, "正式名称": "あさぎ薬局", "機関区分": 5, "都道府県コード": 17, "市区町村コード": 201, "所在地": "石川県　金沢市　鳴和１－３－１２", "緯度": 36.585698, "経度": 136.672677, "url": "https://www.iryou.teikyouseido.mhlw.go.jp/znk-web/juminkanja/S2430/initialize?prefCd=17&kikanCd=6328&kikanKbn=nan", "url2": "https://asagi-pharmacy.com/", "内容": "あさぎ薬局0石川県　金沢市　鳴和１－３－１２" }, "geometry": { "type": "Point", "coordinates": [ 136.672677, 36.585698 ] } },
{ "type": "Feature", "properties": { "ID": 1756329, "正式名称": "泉が丘みらい薬局", "機関区分": 5, "都道府県コード": 17, "市区町村コード": 201, "所在地": "石川県金沢市泉が丘２丁目１４番２９号", "緯度": 36.543429, "経度": 136.645048, "url": "https://www.iryou.teikyouseido.mhlw.go.jp/znk-web/juminkanja/S2430/initialize?prefCd=17&kikanCd=6329&kikanKbn=nan", "url2": "https://mirai-pharmacy.com/stores", "内容": "泉が丘みらい薬局0石川県金沢市泉が丘２丁目１４番２９号" }, "geometry": { "type": "Point", "coordinates": [ 136.645048, 36.543429 ] } },
{ "type": "Feature", "properties": { "ID": 1756330, "正式名称": "スギ薬局　神谷内店", "機関区分": 5, "都道府県コード": 17, "市区町村コード": 201, "所在地": "石川県金沢市神谷内町ニ２６番地", "緯度": 36.599611, "経度": 136.679435, "url": "https://www.iryou.teikyouseido.mhlw.go.jp/znk-web/juminkanja/S2430/initialize?prefCd=17&kikanCd=6330&kikanKbn=nan", "url2": "http://www.drug-sugi.co.jp/", "内容": "スギ薬局　神谷内店0石川県金沢市神谷内町ニ２６番地" }, "geometry": { "type": "Point", "coordinates": [ 136.679435, 36.599611 ] } },
{ "type": "Feature", "properties": { "ID": 1756331, "正式名称": "アルプ薬局つばた店", "機関区分": 5, "都道府県コード": 17, "市区町村コード": 361, "所在地": "石川県河北郡津幡町字御門い１４番地５", "緯度": 36.696655, "経度": 136.727266, "url": "https://www.iryou.teikyouseido.mhlw.go.jp/znk-web/juminkanja/S2430/initialize?prefCd=17&kikanCd=6331&kikanKbn=nan", "url2": "http://www.alp-grp.jp", "内容": "アルプ薬局つばた店0石川県河北郡津幡町字御門い１４番地５" }, "geometry": { "type": "Point", "coordinates": [ 136.727266, 36.696655 ] } },
{ "type": "Feature", "properties": { "ID": 1756332, "正式名称": "クスリのアオキ　粟津薬局", "機関区分": 5, "都道府県コード": 17, "市区町村コード": 203, "所在地": "石川県小松市矢田野町ヘ８２番地１", "緯度": 36.348614, "経度": 136.423852, "url": "https://www.iryou.teikyouseido.mhlw.go.jp/znk-web/juminkanja/S2430/initialize?prefCd=17&kikanCd=6332&kikanKbn=nan", "url2": "https://www.kusuri-aoki.co.jp/", "内容": "クスリのアオキ　粟津薬局0石川県小松市矢田野町ヘ８２番地１" }, "geometry": { "type": "Point", "coordinates": [ 136.423852, 36.348614 ] } },
{ "type": "Feature", "properties": { "ID": 1756333, "正式名称": "クスリのアオキ潟端薬局", "機関区分": 5, "都道府県コード": 17, "市区町村コード": 361, "所在地": "石川県河北郡津幡町字潟端４４７番地１", "緯度": 36.655654, "経度": 136.708905, "url": "https://www.iryou.teikyouseido.mhlw.go.jp/znk-web/juminkanja/S2430/initialize?prefCd=17&kikanCd=6333&kikanKbn=nan", "url2": "https://www.kusuri-aoki.co.jp/", "内容": "クスリのアオキ潟端薬局0石川県河北郡津幡町字潟端４４７番地１" }, "geometry": { "type": "Point", "coordinates": [ 136.708905, 36.655654 ] } },
{ "type": "Feature", "properties": { "ID": 1756334, "正式名称": "ウエルシア薬局野々市横宮店", "機関区分": 5, "都道府県コード": 17, "市区町村コード": 212, "所在地": "石川県野々市市横宮町３６番地１", "緯度": 36.53372, "経度": 136.615183, "url": "https://www.iryou.teikyouseido.mhlw.go.jp/znk-web/juminkanja/S2430/initialize?prefCd=17&kikanCd=6334&kikanKbn=nan", "url2": "www.welcia-yakkyoku.co.jp", "内容": "ウエルシア薬局野々市横宮店0石川県野々市市横宮町３６番地１" }, "geometry": { "type": "Point", "coordinates": [ 136.615183, 36.53372 ] } },
{ "type": "Feature", "properties": { "ID": 1756335, "正式名称": "スギ薬局　金沢大手町店", "機関区分": 5, "都道府県コード": 17, "市区町村コード": 201, "所在地": "石川県金沢市大手町９ー２３", "緯度": 36.56849, "経度": 136.664092, "url": "https://www.iryou.teikyouseido.mhlw.go.jp/znk-web/juminkanja/S2430/initialize?prefCd=17&kikanCd=6335&kikanKbn=nan", "url2": "https://www.sugi-net.jp/tenpo/detail/1575.html", "内容": "スギ薬局　金沢大手町店0石川県金沢市大手町９ー２３" }, "geometry": { "type": "Point", "coordinates": [ 136.664092, 36.56849 ] } },
{ "type": "Feature", "properties": { "ID": 1756336, "正式名称": "スギ薬局　久安店", "機関区分": 5, "都道府県コード": 17, "市区町村コード": 201, "所在地": "石川県金沢市久安１－５２０", "緯度": 36.534217, "経度": 136.633314, "url": "https://www.iryou.teikyouseido.mhlw.go.jp/znk-web/juminkanja/S2430/initialize?prefCd=17&kikanCd=6336&kikanKbn=nan", "url2": "http://www.drug-sugi.co.jp/", "内容": "スギ薬局　久安店0石川県金沢市久安１－５２０" }, "geometry": { "type": "Point", "coordinates": [ 136.633314, 36.534217 ] } },
{ "type": "Feature", "properties": { "ID": 1756337, "正式名称": "スギ薬局　武蔵町店", "機関区分": 5, "都道府県コード": 17, "市区町村コード": 201, "所在地": "石川県金沢市武蔵町１６番３２号", "緯度": 36.573267, "経度": 136.653977, "url": "https://www.iryou.teikyouseido.mhlw.go.jp/znk-web/juminkanja/S2430/initialize?prefCd=17&kikanCd=6337&kikanKbn=nan", "url2": "http://www.drug-sugi.co.jp/", "内容": "スギ薬局　武蔵町店0石川県金沢市武蔵町１６番３２号" }, "geometry": { "type": "Point", "coordinates": [ 136.653977, 36.573267 ] } },
{ "type": "Feature", "properties": { "ID": 1756339, "正式名称": "医科大前たんぽぽ薬局", "機関区分": 5, "都道府県コード": 17, "市区町村コード": 365, "所在地": "石川県河北郡内灘町大学１丁目１番地", "緯度": 36.657442, "経度": 136.7568, "url": "https://www.iryou.teikyouseido.mhlw.go.jp/znk-web/juminkanja/S2430/initialize?prefCd=17&kikanCd=6339&kikanKbn=nan", "url2": "https://tanpopo-ph.co.jp", "内容": "医科大前たんぽぽ薬局0石川県河北郡内灘町大学１丁目１番地" }, "geometry": { "type": "Point", "coordinates": [ 136.7568, 36.657442 ] } },
{ "type": "Feature", "properties": { "ID": 1756341, "正式名称": "ファーマライズ薬局　金沢医科大店", "機関区分": 5, "都道府県コード": 17, "市区町村コード": 365, "所在地": "石川県河北郡内灘町大学１丁目１番地", "緯度": 36.657718, "経度": 136.646938, "url": "https://www.iryou.teikyouseido.mhlw.go.jp/znk-web/juminkanja/S2430/initialize?prefCd=17&kikanCd=6341&kikanKbn=nan", "url2": "https://www.pharmarise.com/", "内容": "ファーマライズ薬局　金沢医科大店0石川県河北郡内灘町大学１丁目１番地" }, "geometry": { "type": "Point", "coordinates": [ 136.646938, 36.657718 ] } },
{ "type": "Feature", "properties": { "ID": 1756343, "正式名称": "はこみや薬局", "機関区分": 5, "都道府県コード": 17, "市区町村コード": 206, "所在地": "石川県加賀市箱宮町ム１０４－１", "緯度": 36.32848, "経度": 136.410676, "url": "https://www.iryou.teikyouseido.mhlw.go.jp/znk-web/juminkanja/S2430/initialize?prefCd=17&kikanCd=6343&kikanKbn=nan", "url2": null, "内容": "はこみや薬局0石川県加賀市箱宮町ム１０４－１" }, "geometry": { "type": "Point", "coordinates": [ 136.410676, 36.32848 ] } },
{ "type": "Feature", "properties": { "ID": 1756344, "正式名称": "Ｖ・ｄｒｕｇ　小松東薬局", "機関区分": 5, "都道府県コード": 17, "市区町村コード": 203, "所在地": "石川県小松市若杉町３０１", "緯度": 36.396836, "経度": 136.479588, "url": "https://www.iryou.teikyouseido.mhlw.go.jp/znk-web/juminkanja/S2430/initialize?prefCd=17&kikanCd=6344&kikanKbn=nan", "url2": "https://www.vdrug.co.jp", "内容": "Ｖ・ｄｒｕｇ　小松東薬局0石川県小松市若杉町３０１" }, "geometry": { "type": "Point", "coordinates": [ 136.479588, 36.396836 ] } },
{ "type": "Feature", "properties": { "ID": 1756345, "正式名称": "綿谷小作薬局", "機関区分": 5, "都道府県コード": 17, "市区町村コード": 201, "所在地": "石川県金沢市東山１－２－２", "緯度": 36.572765, "経度": 136.665122, "url": "https://www.iryou.teikyouseido.mhlw.go.jp/znk-web/juminkanja/S2430/initialize?prefCd=17&kikanCd=6345&kikanKbn=nan", "url2": null, "内容": "綿谷小作薬局0石川県金沢市東山１－２－２" }, "geometry": { "type": "Point", "coordinates": [ 136.665122, 36.572765 ] } },
{ "type": "Feature", "properties": { "ID": 1756346, "正式名称": "ウエルシア薬局加賀山代温泉店", "機関区分": 5, "都道府県コード": 17, "市区町村コード": 206, "所在地": "石川県加賀市山代温泉山背台二丁目１番地１", "緯度": 36.291052, "経度": 136.356642, "url": "https://www.iryou.teikyouseido.mhlw.go.jp/znk-web/juminkanja/S2430/initialize?prefCd=17&kikanCd=6346&kikanKbn=nan", "url2": "www.welcia-yakkyoku.co.jp", "内容": "ウエルシア薬局加賀山代温泉店0石川県加賀市山代温泉山背台二丁目１番地１" }, "geometry": { "type": "Point", "coordinates": [ 136.356642, 36.291052 ] } },
{ "type": "Feature", "properties": { "ID": 1756348, "正式名称": "スギ薬局　片町きらら店", "機関区分": 5, "都道府県コード": 17, "市区町村コード": 201, "所在地": "石川県金沢市片町二丁目２番２号　片町きらら１階", "緯度": 36.560634, "経度": 136.652519, "url": "https://www.iryou.teikyouseido.mhlw.go.jp/znk-web/juminkanja/S2430/initialize?prefCd=17&kikanCd=6348&kikanKbn=nan", "url2": "https://www.sugi-net.jp/tenpo/detail/1668.html", "内容": "スギ薬局　片町きらら店0石川県金沢市片町二丁目２番２号　片町きらら１階" }, "geometry": { "type": "Point", "coordinates": [ 136.652519, 36.560634 ] } },
{ "type": "Feature", "properties": { "ID": 1756349, "正式名称": "スギ薬局　小松中央店", "機関区分": 5, "都道府県コード": 17, "市区町村コード": 203, "所在地": "石川県小松市日の出町２丁目１６５番地", "緯度": 36.401538, "経度": 136.458204, "url": "https://www.iryou.teikyouseido.mhlw.go.jp/znk-web/juminkanja/S2430/initialize?prefCd=17&kikanCd=6349&kikanKbn=nan", "url2": "https://www.drug-sugi.co.jp/", "内容": "スギ薬局　小松中央店0石川県小松市日の出町２丁目１６５番地" }, "geometry": { "type": "Point", "coordinates": [ 136.458204, 36.401538 ] } },
{ "type": "Feature", "properties": { "ID": 1756350, "正式名称": "スギ薬局　元車店", "機関区分": 5, "都道府県コード": 17, "市区町村コード": 201, "所在地": "石川県金沢市長町三丁目２番１８号", "緯度": 36.566129, "経度": 136.645449, "url": "https://www.iryou.teikyouseido.mhlw.go.jp/znk-web/juminkanja/S2430/initialize?prefCd=17&kikanCd=6350&kikanKbn=nan", "url2": "https://www.sugi-net.jp/tenpo/detail/1614.html", "内容": "スギ薬局　元車店0石川県金沢市長町三丁目２番１８号" }, "geometry": { "type": "Point", "coordinates": [ 136.645449, 36.566129 ] } },
{ "type": "Feature", "properties": { "ID": 1756351, "正式名称": "スギ薬局　金沢駅西店", "機関区分": 5, "都道府県コード": 17, "市区町村コード": 201, "所在地": "石川県金沢市駅西本町", "緯度": 36.584593, "経度": 136.637496, "url": "https://www.iryou.teikyouseido.mhlw.go.jp/znk-web/juminkanja/S2430/initialize?prefCd=17&kikanCd=6351&kikanKbn=nan", "url2": "https://www.sugi-net.jp/tenpo/detail/1612.html", "内容": "スギ薬局　金沢駅西店0石川県金沢市駅西本町" }, "geometry": { "type": "Point", "coordinates": [ 136.637496, 36.584593 ] } },
{ "type": "Feature", "properties": { "ID": 1756352, "正式名称": "金澤ひがしやま薬局", "機関区分": 5, "都道府県コード": 17, "市区町村コード": 201, "所在地": "石川県金沢市東山３丁目５－２３", "緯度": 36.575284, "経度": 136.66682, "url": "https://www.iryou.teikyouseido.mhlw.go.jp/znk-web/juminkanja/S2430/initialize?prefCd=17&kikanCd=6352&kikanKbn=nan", "url2": null, "内容": "金澤ひがしやま薬局0石川県金沢市東山３丁目５－２３" }, "geometry": { "type": "Point", "coordinates": [ 136.66682, 36.575284 ] } },
{ "type": "Feature", "properties": { "ID": 1756354, "正式名称": "粟津ゆうゆう薬局", "機関区分": 5, "都道府県コード": 17, "市区町村コード": 203, "所在地": "石川県小松市矢崎町ネ４７", "緯度": 36.364332, "経度": 136.431316, "url": "https://www.iryou.teikyouseido.mhlw.go.jp/znk-web/juminkanja/S2430/initialize?prefCd=17&kikanCd=6354&kikanKbn=nan", "url2": "http://www.youyu-p.com/", "内容": "粟津ゆうゆう薬局0石川県小松市矢崎町ネ４７" }, "geometry": { "type": "Point", "coordinates": [ 136.431316, 36.364332 ] } },
{ "type": "Feature", "properties": { "ID": 1756355, "正式名称": "オーサム薬局", "機関区分": 5, "都道府県コード": 17, "市区町村コード": 201, "所在地": "石川県金沢市新保本４丁目６５番地１６", "緯度": 36.558992, "経度": 136.603841, "url": "https://www.iryou.teikyouseido.mhlw.go.jp/znk-web/juminkanja/S2430/initialize?prefCd=17&kikanCd=6355&kikanKbn=nan", "url2": null, "内容": "オーサム薬局0石川県金沢市新保本４丁目６５番地１６" }, "geometry": { "type": "Point", "coordinates": [ 136.603841, 36.558992 ] } },
{ "type": "Feature", "properties": { "ID": 1756358, "正式名称": "クスリのアオキ　横江薬局", "機関区分": 5, "都道府県コード": 17, "市区町村コード": 210, "所在地": "石川県白山市横江町５２１９番地", "緯度": 36.543113, "経度": 136.585317, "url": "https://www.iryou.teikyouseido.mhlw.go.jp/znk-web/juminkanja/S2430/initialize?prefCd=17&kikanCd=6358&kikanKbn=nan", "url2": "https://www.kusuri-aoki.co.jp/", "内容": "クスリのアオキ　横江薬局0石川県白山市横江町５２１９番地" }, "geometry": { "type": "Point", "coordinates": [ 136.585317, 36.543113 ] } },
{ "type": "Feature", "properties": { "ID": 1756359, "正式名称": "ウエルシア薬局内灘店", "機関区分": 5, "都道府県コード": 17, "市区町村コード": 365, "所在地": "石川県河北郡内灘町字向粟崎１丁目４４８番地", "緯度": 36.631726, "経度": 136.635225, "url": "https://www.iryou.teikyouseido.mhlw.go.jp/znk-web/juminkanja/S2430/initialize?prefCd=17&kikanCd=6359&kikanKbn=nan", "url2": "www.welcia-yakkyoku.co.jp", "内容": "ウエルシア薬局内灘店0石川県河北郡内灘町字向粟崎１丁目４４８番地" }, "geometry": { "type": "Point", "coordinates": [ 136.635225, 36.631726 ] } },
{ "type": "Feature", "properties": { "ID": 1756360, "正式名称": "クスリのアオキ西念薬局", "機関区分": 5, "都道府県コード": 17, "市区町村コード": 201, "所在地": "石川県金沢市西念３丁目１４番１２号", "緯度": 36.588176, "経度": 136.639189, "url": "https://www.iryou.teikyouseido.mhlw.go.jp/znk-web/juminkanja/S2430/initialize?prefCd=17&kikanCd=6360&kikanKbn=nan", "url2": "https://www.kusuri-aoki.co.jp", "内容": "クスリのアオキ西念薬局0石川県金沢市西念３丁目１４番１２号" }, "geometry": { "type": "Point", "coordinates": [ 136.639189, 36.588176 ] } },
{ "type": "Feature", "properties": { "ID": 1756361, "正式名称": "クスリのアオキ蓮花寺薬局", "機関区分": 5, "都道府県コード": 17, "市区町村コード": 212, "所在地": "石川県野々市市蓮花寺町４７街区２０番", "緯度": 36.527546, "経度": 136.593691, "url": "https://www.iryou.teikyouseido.mhlw.go.jp/znk-web/juminkanja/S2430/initialize?prefCd=17&kikanCd=6361&kikanKbn=nan", "url2": "https://www.kusuri-aoki.co.jp", "内容": "クスリのアオキ蓮花寺薬局0石川県野々市市蓮花寺町４７街区２０番" }, "geometry": { "type": "Point", "coordinates": [ 136.593691, 36.527546 ] } },
{ "type": "Feature", "properties": { "ID": 1756362, "正式名称": "スギ薬局　金沢泉本町店", "機関区分": 5, "都道府県コード": 17, "市区町村コード": 201, "所在地": "石川県金沢市泉本町３丁目９１番地", "緯度": 36.55124, "経度": 136.632447, "url": "https://www.iryou.teikyouseido.mhlw.go.jp/znk-web/juminkanja/S2430/initialize?prefCd=17&kikanCd=6362&kikanKbn=nan", "url2": "http://www.drug-sugi.co.jp/", "内容": "スギ薬局　金沢泉本町店0石川県金沢市泉本町３丁目９１番地" }, "geometry": { "type": "Point", "coordinates": [ 136.632447, 36.55124 ] } },
{ "type": "Feature", "properties": { "ID": 1756363, "正式名称": "スギ薬局　西金沢店", "機関区分": 5, "都道府県コード": 17, "市区町村コード": 201, "所在地": "石川県金沢市西金沢１丁目１９６番地１", "緯度": 36.552706, "経度": 136.614429, "url": "https://www.iryou.teikyouseido.mhlw.go.jp/znk-web/juminkanja/S2430/initialize?prefCd=17&kikanCd=6363&kikanKbn=nan", "url2": "http://www.sugi-net.jp/tenpo/detail/1628.html", "内容": "スギ薬局　西金沢店0石川県金沢市西金沢１丁目１９６番地１" }, "geometry": { "type": "Point", "coordinates": [ 136.614429, 36.552706 ] } },
{ "type": "Feature", "properties": { "ID": 1756364, "正式名称": "イオン薬局イオンスタイル白山", "機関区分": 5, "都道府県コード": 17, "市区町村コード": 210, "所在地": "石川県白山市横江町５００１番地", "緯度": 36.543113, "経度": 136.585309, "url": "https://www.iryou.teikyouseido.mhlw.go.jp/znk-web/juminkanja/S2430/initialize?prefCd=17&kikanCd=6364&kikanKbn=nan", "url2": null, "内容": "イオン薬局イオンスタイル白山0石川県白山市横江町５００１番地" }, "geometry": { "type": "Point", "coordinates": [ 136.585309, 36.543113 ] } },
{ "type": "Feature", "properties": { "ID": 1756365, "正式名称": "ウエルシア薬局イオンモール白山店", "機関区分": 5, "都道府県コード": 17, "市区町村コード": 210, "所在地": "石川県白山市横江町５００１番地　イオンモール白山　２階", "緯度": 36.543113, "経度": 136.585309, "url": "https://www.iryou.teikyouseido.mhlw.go.jp/znk-web/juminkanja/S2430/initialize?prefCd=17&kikanCd=6365&kikanKbn=nan", "url2": "http://i-search.pref.ishikawajp/www.welcia-yakkyoku.co.jp", "内容": "ウエルシア薬局イオンモール白山店0石川県白山市横江町５００１番地　イオンモール白山　２階" }, "geometry": { "type": "Point", "coordinates": [ 136.585309, 36.543113 ] } },
{ "type": "Feature", "properties": { "ID": 1756366, "正式名称": "クスリのアオキ東力薬局", "機関区分": 5, "都道府県コード": 17, "市区町村コード": 201, "所在地": "石川県金沢市東力四丁目４５番地", "緯度": 36.563942, "経度": 136.621949, "url": "https://www.iryou.teikyouseido.mhlw.go.jp/znk-web/juminkanja/S2430/initialize?prefCd=17&kikanCd=6366&kikanKbn=nan", "url2": "https://www.kusuri-aoki.co.jp", "内容": "クスリのアオキ東力薬局0石川県金沢市東力四丁目４５番地" }, "geometry": { "type": "Point", "coordinates": [ 136.621949, 36.563942 ] } },
{ "type": "Feature", "properties": { "ID": 1756367, "正式名称": "クスリのアオキ藤江南薬局", "機関区分": 5, "都道府県コード": 17, "市区町村コード": 201, "所在地": "石川県金沢市藤江南３丁目７５番地４", "緯度": 36.58745, "経度": 136.619069, "url": "https://www.iryou.teikyouseido.mhlw.go.jp/znk-web/juminkanja/S2430/initialize?prefCd=17&kikanCd=6367&kikanKbn=nan", "url2": "https://www.kusuri-aoki.co.jp", "内容": "クスリのアオキ藤江南薬局0石川県金沢市藤江南３丁目７５番地４" }, "geometry": { "type": "Point", "coordinates": [ 136.619069, 36.58745 ] } },
{ "type": "Feature", "properties": { "ID": 1756368, "正式名称": "クスリのアオキ桂薬局", "機関区分": 5, "都道府県コード": 17, "市区町村コード": 201, "所在地": "石川県金沢市桂町イ１２２番地３", "緯度": 36.604753, "経度": 136.605473, "url": "https://www.iryou.teikyouseido.mhlw.go.jp/znk-web/juminkanja/S2430/initialize?prefCd=17&kikanCd=6368&kikanKbn=nan", "url2": "https://www.kusuri-aoki.co.jp", "内容": "クスリのアオキ桂薬局0石川県金沢市桂町イ１２２番地３" }, "geometry": { "type": "Point", "coordinates": [ 136.605473, 36.604753 ] } },
{ "type": "Feature", "properties": { "ID": 1756369, "正式名称": "北陸薬局", "機関区分": 5, "都道府県コード": 17, "市区町村コード": 201, "所在地": "石川県金沢市神谷内町ハ２３番地５", "緯度": 36.599316, "経度": 136.676648, "url": "https://www.iryou.teikyouseido.mhlw.go.jp/znk-web/juminkanja/S2430/initialize?prefCd=17&kikanCd=6369&kikanKbn=nan", "url2": null, "内容": "北陸薬局0石川県金沢市神谷内町ハ２３番地５" }, "geometry": { "type": "Point", "coordinates": [ 136.676648, 36.599316 ] } },
{ "type": "Feature", "properties": { "ID": 1756370, "正式名称": "クスリのアオキサンパーク辰口薬局", "機関区分": 5, "都道府県コード": 17, "市区町村コード": 211, "所在地": "石川県能美市辰口町５０５番地", "緯度": 36.442728, "経度": 136.547249, "url": "https://www.iryou.teikyouseido.mhlw.go.jp/znk-web/juminkanja/S2430/initialize?prefCd=17&kikanCd=6370&kikanKbn=nan", "url2": "https://www.kusuri-aoki.co.jp/", "内容": "クスリのアオキサンパーク辰口薬局0石川県能美市辰口町５０５番地" }, "geometry": { "type": "Point", "coordinates": [ 136.547249, 36.442728 ] } },
{ "type": "Feature", "properties": { "ID": 1756371, "正式名称": "てまり薬局武蔵店", "機関区分": 5, "都道府県コード": 17, "市区町村コード": 201, "所在地": "石川県金沢市安江町１４－１－１０２", "緯度": 36.574449, "経度": 136.653619, "url": "https://www.iryou.teikyouseido.mhlw.go.jp/znk-web/juminkanja/S2430/initialize?prefCd=17&kikanCd=6371&kikanKbn=nan", "url2": "https://spatel.co.jp", "内容": "てまり薬局武蔵店0石川県金沢市安江町１４－１－１０２" }, "geometry": { "type": "Point", "coordinates": [ 136.653619, 36.574449 ] } },
{ "type": "Feature", "properties": { "ID": 1756372, "正式名称": "スギ薬局　七尾南店", "機関区分": 5, "都道府県コード": 17, "市区町村コード": 202, "所在地": "石川県七尾市国分町子４０番地１", "緯度": 37.038247, "経度": 136.937768, "url": "https://www.iryou.teikyouseido.mhlw.go.jp/znk-web/juminkanja/S2430/initialize?prefCd=17&kikanCd=6372&kikanKbn=nan", "url2": "https://www.sugi-net.jp/tenpo/detail/1722.html", "内容": "スギ薬局　七尾南店0石川県七尾市国分町子４０番地１" }, "geometry": { "type": "Point", "coordinates": [ 136.937768, 37.038247 ] } },
{ "type": "Feature", "properties": { "ID": 1756373, "正式名称": "てまり薬局　能美根上駅前店", "機関区分": 5, "都道府県コード": 17, "市区町村コード": 211, "所在地": "石川県能美市大成町ト１１９－５", "緯度": 36.452416, "経度": 136.460435, "url": "https://www.iryou.teikyouseido.mhlw.go.jp/znk-web/juminkanja/S2430/initialize?prefCd=17&kikanCd=6373&kikanKbn=nan", "url2": "http://spatel.co.jp", "内容": "てまり薬局　能美根上駅前店0石川県能美市大成町ト１１９－５" }, "geometry": { "type": "Point", "coordinates": [ 136.460435, 36.452416 ] } },
{ "type": "Feature", "properties": { "ID": 1756374, "正式名称": "スギ薬局　鞍月店", "機関区分": 5, "都道府県コード": 17, "市区町村コード": 201, "所在地": "石川県金沢市割出町６３１番地", "緯度": 36.599881, "経度": 136.637684, "url": "https://www.iryou.teikyouseido.mhlw.go.jp/znk-web/juminkanja/S2430/initialize?prefCd=17&kikanCd=6374&kikanKbn=nan", "url2": "https://www.drug-sugi.co.jp/", "内容": "スギ薬局　鞍月店0石川県金沢市割出町６３１番地" }, "geometry": { "type": "Point", "coordinates": [ 136.637684, 36.599881 ] } },
{ "type": "Feature", "properties": { "ID": 1756376, "正式名称": "フラワー薬局南ケ丘病院店", "機関区分": 5, "都道府県コード": 17, "市区町村コード": 212, "所在地": "石川県野々市市西部中央土地区画整理事業施行地区５６街区２番", "緯度": 36.526755, "経度": 136.594394, "url": "https://www.iryou.teikyouseido.mhlw.go.jp/znk-web/juminkanja/S2430/initialize?prefCd=17&kikanCd=6376&kikanKbn=nan", "url2": "https://flower-yakkyoku.jp/", "内容": "フラワー薬局南ケ丘病院店0石川県野々市市西部中央土地区画整理事業施行地区５６街区２番" }, "geometry": { "type": "Point", "coordinates": [ 136.594394, 36.526755 ] } },
{ "type": "Feature", "properties": { "ID": 1756377, "正式名称": "スギ薬局　野々市堀内店", "機関区分": 5, "都道府県コード": 17, "市区町村コード": 212, "所在地": "石川県野々市市西部中央土地区画整理事業施工地区３１街区１番", "緯度": 36.527522, "経度": 136.594209, "url": "https://www.iryou.teikyouseido.mhlw.go.jp/znk-web/juminkanja/S2430/initialize?prefCd=17&kikanCd=6377&kikanKbn=nan", "url2": "https://www.drug-sugi.co.jp/", "内容": "スギ薬局　野々市堀内店0石川県野々市市西部中央土地区画整理事業施工地区３１街区１番" }, "geometry": { "type": "Point", "coordinates": [ 136.594209, 36.527522 ] } },
{ "type": "Feature", "properties": { "ID": 1756378, "正式名称": "このは薬局", "機関区分": 5, "都道府県コード": 17, "市区町村コード": 201, "所在地": "石川県金沢市高尾南３丁目１０９番地", "緯度": 36.518367, "経度": 136.626667, "url": "https://www.iryou.teikyouseido.mhlw.go.jp/znk-web/juminkanja/S2430/initialize?prefCd=17&kikanCd=6378&kikanKbn=nan", "url2": null, "内容": "このは薬局0石川県金沢市高尾南３丁目１０９番地" }, "geometry": { "type": "Point", "coordinates": [ 136.626667, 36.518367 ] } },
{ "type": "Feature", "properties": { "ID": 1756379, "正式名称": "北町ラン薬局", "機関区分": 5, "都道府県コード": 17, "市区町村コード": 201, "所在地": "石川県金沢市駅西本町６－１４－５", "緯度": 36.585463, "経度": 136.626038, "url": "https://www.iryou.teikyouseido.mhlw.go.jp/znk-web/juminkanja/S2430/initialize?prefCd=17&kikanCd=6379&kikanKbn=nan", "url2": "http://www.ran-yakkyoku.jp/", "内容": "北町ラン薬局0石川県金沢市駅西本町６－１４－５" }, "geometry": { "type": "Point", "coordinates": [ 136.626038, 36.585463 ] } },
{ "type": "Feature", "properties": { "ID": 1756381, "正式名称": "とよほ薬局", "機関区分": 5, "都道府県コード": 17, "市区町村コード": 201, "所在地": "石川県金沢市豊穂町２番", "緯度": 36.570206, "経度": 136.589315, "url": "https://www.iryou.teikyouseido.mhlw.go.jp/znk-web/juminkanja/S2430/initialize?prefCd=17&kikanCd=6381&kikanKbn=nan", "url2": "https://www.amall.co.jp/store/195", "内容": "とよほ薬局0石川県金沢市豊穂町２番" }, "geometry": { "type": "Point", "coordinates": [ 136.589315, 36.570206 ] } },
{ "type": "Feature", "properties": { "ID": 1756382, "正式名称": "り～ど薬局　入江店", "機関区分": 5, "都道府県コード": 17, "市区町村コード": 201, "所在地": "石川県金沢市入江３丁目１６０番地１", "緯度": 36.568375, "経度": 136.622657, "url": "https://www.iryou.teikyouseido.mhlw.go.jp/znk-web/juminkanja/S2430/initialize?prefCd=17&kikanCd=6382&kikanKbn=nan", "url2": "https://www.lead-life.com/", "内容": "り～ど薬局　入江店0石川県金沢市入江３丁目１６０番地１" }, "geometry": { "type": "Point", "coordinates": [ 136.622657, 36.568375 ] } },
{ "type": "Feature", "properties": { "ID": 1756383, "正式名称": "Ｖ・ｄｒｕｇ　津幡中須加薬局", "機関区分": 5, "都道府県コード": 17, "市区町村コード": 361, "所在地": "石川県河北郡津幡町字中須加ろ５３－１", "緯度": 36.671775, "経度": 136.725762, "url": "https://www.iryou.teikyouseido.mhlw.go.jp/znk-web/juminkanja/S2430/initialize?prefCd=17&kikanCd=6383&kikanKbn=nan", "url2": "https://www.vdrug.co.jp/", "内容": "Ｖ・ｄｒｕｇ　津幡中須加薬局0石川県河北郡津幡町字中須加ろ５３－１" }, "geometry": { "type": "Point", "coordinates": [ 136.725762, 36.671775 ] } },
{ "type": "Feature", "properties": { "ID": 1756384, "正式名称": "ピスコとくもと薬局", "機関区分": 5, "都道府県コード": 17, "市区町村コード": 212, "所在地": "石川県野々市市徳用二丁目８番地", "緯度": 36.532392, "経度": 136.590137, "url": "https://www.iryou.teikyouseido.mhlw.go.jp/znk-web/juminkanja/S2430/initialize?prefCd=17&kikanCd=6384&kikanKbn=nan", "url2": "http://www.unismile.co.jp", "内容": "ピスコとくもと薬局0石川県野々市市徳用二丁目８番地" }, "geometry": { "type": "Point", "coordinates": [ 136.590137, 36.532392 ] } },
{ "type": "Feature", "properties": { "ID": 1756387, "正式名称": "アルプ薬局野々市店", "機関区分": 5, "都道府県コード": 17, "市区町村コード": 212, "所在地": "石川県野々市市田尻町（野々市市西部中央土地区画整理地２０街区４－１）", "緯度": 36.5269303, "経度": 136.6006558, "url": "https://www.iryou.teikyouseido.mhlw.go.jp/znk-web/juminkanja/S2430/initialize?prefCd=17&kikanCd=6387&kikanKbn=nan", "url2": "http://www.alp-grp.jp", "内容": "アルプ薬局野々市店0石川県野々市市田尻町（野々市市西部中央土地区画整理地２０街区４－１）" }, "geometry": { "type": "Point", "coordinates": [ 136.6006558, 36.5269303 ] } },
{ "type": "Feature", "properties": { "ID": 1756388, "正式名称": "アルプ薬局七尾万行店", "機関区分": 5, "都道府県コード": 17, "市区町村コード": 202, "所在地": "石川県七尾市万行２丁目６５番地", "緯度": 37.047766, "経度": 136.989105, "url": "https://www.iryou.teikyouseido.mhlw.go.jp/znk-web/juminkanja/S2430/initialize?prefCd=17&kikanCd=6388&kikanKbn=nan", "url2": "http://www.alp-grp.jp", "内容": "アルプ薬局七尾万行店0石川県七尾市万行２丁目６５番地" }, "geometry": { "type": "Point", "coordinates": [ 136.989105, 37.047766 ] } },
{ "type": "Feature", "properties": { "ID": 1756391, "正式名称": "青い森薬局　倉光店", "機関区分": 5, "都道府県コード": 17, "市区町村コード": 210, "所在地": "石川県白山市倉光七丁目４０番２", "緯度": 36.515803, "経度": 136.569853, "url": "https://www.iryou.teikyouseido.mhlw.go.jp/znk-web/juminkanja/S2430/initialize?prefCd=17&kikanCd=6391&kikanKbn=nan", "url2": "http://www.aoimori-ph.com", "内容": "青い森薬局　倉光店0石川県白山市倉光七丁目４０番２" }, "geometry": { "type": "Point", "coordinates": [ 136.569853, 36.515803 ] } },
{ "type": "Feature", "properties": { "ID": 1756392, "正式名称": "シーグリーン薬局", "機関区分": 5, "都道府県コード": 17, "市区町村コード": 209, "所在地": "石川県かほく市松浜イ２１番地９", "緯度": 36.74368, "経度": 136.707654, "url": "https://www.iryou.teikyouseido.mhlw.go.jp/znk-web/juminkanja/S2430/initialize?prefCd=17&kikanCd=6392&kikanKbn=nan", "url2": null, "内容": "シーグリーン薬局0石川県かほく市松浜イ２１番地９" }, "geometry": { "type": "Point", "coordinates": [ 136.707654, 36.74368 ] } },
{ "type": "Feature", "properties": { "ID": 1756393, "正式名称": "グリーン野々市薬局", "機関区分": 5, "都道府県コード": 17, "市区町村コード": 212, "所在地": "石川県野々市市三納３丁目１０９番２", "緯度": 36.523779, "経度": 136.610342, "url": "https://www.iryou.teikyouseido.mhlw.go.jp/znk-web/juminkanja/S2430/initialize?prefCd=17&kikanCd=6393&kikanKbn=nan", "url2": "http://www.green-tz.com/", "内容": "グリーン野々市薬局0石川県野々市市三納３丁目１０９番２" }, "geometry": { "type": "Point", "coordinates": [ 136.610342, 36.523779 ] } },
{ "type": "Feature", "properties": { "ID": 1756394, "正式名称": "こまつ調剤薬局", "機関区分": 5, "都道府県コード": 17, "市区町村コード": 203, "所在地": "石川県小松市符津町ム１１４番", "緯度": 36.358781, "経度": 136.428506, "url": "https://www.iryou.teikyouseido.mhlw.go.jp/znk-web/juminkanja/S2430/initialize?prefCd=17&kikanCd=6394&kikanKbn=nan", "url2": null, "内容": "こまつ調剤薬局0石川県小松市符津町ム１１４番" }, "geometry": { "type": "Point", "coordinates": [ 136.428506, 36.358781 ] } },
{ "type": "Feature", "properties": { "ID": 1756395, "正式名称": "クスリのアオキ鳴和薬局", "機関区分": 5, "都道府県コード": 17, "市区町村コード": 201, "所在地": "石川県金沢市鳴和１丁目１－１６", "緯度": 36.584723, "経度": 136.672495, "url": "https://www.iryou.teikyouseido.mhlw.go.jp/znk-web/juminkanja/S2430/initialize?prefCd=17&kikanCd=6395&kikanKbn=nan", "url2": "https://www.kusuri-aoki.co.jp/", "内容": "クスリのアオキ鳴和薬局0石川県金沢市鳴和１丁目１－１６" }, "geometry": { "type": "Point", "coordinates": [ 136.672495, 36.584723 ] } },
{ "type": "Feature", "properties": { "ID": 1756396, "正式名称": "クスリのアオキ志賀高浜薬局", "機関区分": 5, "都道府県コード": 17, "市区町村コード": 384, "所在地": "石川県羽咋郡志賀町高浜町ヤの２３５番地１", "緯度": 37.001716, "経度": 136.779612, "url": "https://www.iryou.teikyouseido.mhlw.go.jp/znk-web/juminkanja/S2430/initialize?prefCd=17&kikanCd=6396&kikanKbn=nan", "url2": "https://www.kusuri-aoki.co.jp/", "内容": "クスリのアオキ志賀高浜薬局0石川県羽咋郡志賀町高浜町ヤの２３５番地１" }, "geometry": { "type": "Point", "coordinates": [ 136.779612, 37.001716 ] } },
{ "type": "Feature", "properties": { "ID": 1756397, "正式名称": "クスリのアオキ作見薬局", "機関区分": 5, "都道府県コード": 17, "市区町村コード": 206, "所在地": "石川県加賀市作見町ニ８３番地１", "緯度": 36.318199, "経度": 136.357708, "url": "https://www.iryou.teikyouseido.mhlw.go.jp/znk-web/juminkanja/S2430/initialize?prefCd=17&kikanCd=6397&kikanKbn=nan", "url2": "https://www.kusuri-aoki.co.jp/", "内容": "クスリのアオキ作見薬局0石川県加賀市作見町ニ８３番地１" }, "geometry": { "type": "Point", "coordinates": [ 136.357708, 36.318199 ] } },
{ "type": "Feature", "properties": { "ID": 1756398, "正式名称": "桜町あおぞら薬局", "機関区分": 5, "都道府県コード": 17, "市区町村コード": 201, "所在地": "石川県金沢市桜町１９番２３号", "緯度": 36.561183, "経度": 136.677536, "url": "https://www.iryou.teikyouseido.mhlw.go.jp/znk-web/juminkanja/S2430/initialize?prefCd=17&kikanCd=6398&kikanKbn=nan", "url2": "http://www.granpharma.co.jp", "内容": "桜町あおぞら薬局0石川県金沢市桜町１９番２３号" }, "geometry": { "type": "Point", "coordinates": [ 136.677536, 36.561183 ] } },
{ "type": "Feature", "properties": { "ID": 1756399, "正式名称": "クスリのアオキ泉野出町薬局", "機関区分": 5, "都道府県コード": 17, "市区町村コード": 201, "所在地": "石川県金沢市泉野出町４丁目１３番３１号", "緯度": 36.535051, "経度": 136.650494, "url": "https://www.iryou.teikyouseido.mhlw.go.jp/znk-web/juminkanja/S2430/initialize?prefCd=17&kikanCd=6399&kikanKbn=nan", "url2": "https://www.kusuri-aoki.co.jp", "内容": "クスリのアオキ泉野出町薬局0石川県金沢市泉野出町４丁目１３番３１号" }, "geometry": { "type": "Point", "coordinates": [ 136.650494, 36.535051 ] } },
{ "type": "Feature", "properties": { "ID": 1756400, "正式名称": "スギ薬局　金沢有松店", "機関区分": 5, "都道府県コード": 17, "市区町村コード": 201, "所在地": "石川県金沢市有松二丁目５番６号", "緯度": 36.54205, "経度": 136.640086, "url": "https://www.iryou.teikyouseido.mhlw.go.jp/znk-web/juminkanja/S2430/initialize?prefCd=17&kikanCd=6400&kikanKbn=nan", "url2": "https://www.drug-sugi.co.jp/", "内容": "スギ薬局　金沢有松店0石川県金沢市有松二丁目５番６号" }, "geometry": { "type": "Point", "coordinates": [ 136.640086, 36.54205 ] } },
{ "type": "Feature", "properties": { "ID": 1756401, "正式名称": "ナオミヤ薬局", "機関区分": 5, "都道府県コード": 17, "市区町村コード": 210, "所在地": "石川県白山市井口町ろ５８－３", "緯度": 36.475305, "経度": 136.601385, "url": "https://www.iryou.teikyouseido.mhlw.go.jp/znk-web/juminkanja/S2430/initialize?prefCd=17&kikanCd=6401&kikanKbn=nan", "url2": "https://www.naomiya.jp", "内容": "ナオミヤ薬局0石川県白山市井口町ろ５８－３" }, "geometry": { "type": "Point", "coordinates": [ 136.601385, 36.475305 ] } },
{ "type": "Feature", "properties": { "ID": 1756402, "正式名称": "クスリのアオキ穴水川島薬局", "機関区分": 5, "都道府県コード": 17, "市区町村コード": 461, "所在地": "石川県鳳珠郡穴水町字川島レの２４番地１", "緯度": 37.233041, "経度": 136.907763, "url": "https://www.iryou.teikyouseido.mhlw.go.jp/znk-web/juminkanja/S2430/initialize?prefCd=17&kikanCd=6402&kikanKbn=nan", "url2": "https://www.kusuri-aoki.co.jp/", "内容": "クスリのアオキ穴水川島薬局0石川県鳳珠郡穴水町字川島レの２４番地１" }, "geometry": { "type": "Point", "coordinates": [ 136.907763, 37.233041 ] } },
{ "type": "Feature", "properties": { "ID": 1756403, "正式名称": "サンライトあかり薬局", "機関区分": 5, "都道府県コード": 17, "市区町村コード": 201, "所在地": "石川県金沢市近岡町３８１番地大阪屋ショップ近岡店内", "緯度": 36.611628, "経度": 136.633062, "url": "https://www.iryou.teikyouseido.mhlw.go.jp/znk-web/juminkanja/S2430/initialize?prefCd=17&kikanCd=6403&kikanKbn=nan", "url2": "https://accesslife.co.jp/", "内容": "サンライトあかり薬局0石川県金沢市近岡町３８１番地大阪屋ショップ近岡店内" }, "geometry": { "type": "Point", "coordinates": [ 136.633062, 36.611628 ] } },
{ "type": "Feature", "properties": { "ID": 1756404, "正式名称": "向日葵薬局", "機関区分": 5, "都道府県コード": 17, "市区町村コード": 201, "所在地": "石川県金沢市近岡町４２８番地１", "緯度": 36.610492, "経度": 136.631209, "url": "https://www.iryou.teikyouseido.mhlw.go.jp/znk-web/juminkanja/S2430/initialize?prefCd=17&kikanCd=6404&kikanKbn=nan", "url2": "http://hans-pharmacy.co.jp/", "内容": "向日葵薬局0石川県金沢市近岡町４２８番地１" }, "geometry": { "type": "Point", "coordinates": [ 136.631209, 36.610492 ] } },
{ "type": "Feature", "properties": { "ID": 1756405, "正式名称": "ゆうやけ薬局", "機関区分": 5, "都道府県コード": 17, "市区町村コード": 201, "所在地": "石川県金沢市直江西一丁目２４－１", "緯度": 36.611819, "経度": 136.635142, "url": "https://www.iryou.teikyouseido.mhlw.go.jp/znk-web/juminkanja/S2430/initialize?prefCd=17&kikanCd=6405&kikanKbn=nan", "url2": null, "内容": "ゆうやけ薬局0石川県金沢市直江西一丁目２４－１" }, "geometry": { "type": "Point", "coordinates": [ 136.635142, 36.611819 ] } },
{ "type": "Feature", "properties": { "ID": 1756406, "正式名称": "アイン薬局七尾店", "機関区分": 5, "都道府県コード": 17, "市区町村コード": 202, "所在地": "石川県七尾市府中町２１１－２", "緯度": 37.048083, "経度": 136.967528, "url": "https://www.iryou.teikyouseido.mhlw.go.jp/znk-web/juminkanja/S2430/initialize?prefCd=17&kikanCd=6406&kikanKbn=nan", "url2": "https://store.ainj.co.jp/detail/1101590/", "内容": "アイン薬局七尾店0石川県七尾市府中町２１１－２" }, "geometry": { "type": "Point", "coordinates": [ 136.967528, 37.048083 ] } },
{ "type": "Feature", "properties": { "ID": 1756407, "正式名称": "おひさま薬局", "機関区分": 5, "都道府県コード": 17, "市区町村コード": 201, "所在地": "石川県金沢市疋田１丁目２１５番地", "緯度": 36.602898, "経度": 136.673302, "url": "https://www.iryou.teikyouseido.mhlw.go.jp/znk-web/juminkanja/S2430/initialize?prefCd=17&kikanCd=6407&kikanKbn=nan", "url2": "https://ohisama-pharmacyjimdofree.com", "内容": "おひさま薬局0石川県金沢市疋田１丁目２１５番地" }, "geometry": { "type": "Point", "coordinates": [ 136.673302, 36.602898 ] } },
{ "type": "Feature", "properties": { "ID": 1756408, "正式名称": "クスリのアオキ松任新旭薬局", "機関区分": 5, "都道府県コード": 17, "市区町村コード": 210, "所在地": "石川県白山市新田町３５番地１", "緯度": 36.535371, "経度": 136.568803, "url": "https://www.iryou.teikyouseido.mhlw.go.jp/znk-web/juminkanja/S2430/initialize?prefCd=17&kikanCd=6408&kikanKbn=nan", "url2": "https://www.kusuri-aoki.co.jp", "内容": "クスリのアオキ松任新旭薬局0石川県白山市新田町３５番地１" }, "geometry": { "type": "Point", "coordinates": [ 136.568803, 36.535371 ] } },
{ "type": "Feature", "properties": { "ID": 1756409, "正式名称": "薬局トモズ　京町店", "機関区分": 5, "都道府県コード": 17, "市区町村コード": 201, "所在地": "石川県金沢市京町１番３３号", "緯度": 36.580527, "経度": 136.655904, "url": "https://www.iryou.teikyouseido.mhlw.go.jp/znk-web/juminkanja/S2430/initialize?prefCd=17&kikanCd=6409&kikanKbn=nan", "url2": "http://toyama-sougou.jp", "内容": "薬局トモズ　京町店0石川県金沢市京町１番３３号" }, "geometry": { "type": "Point", "coordinates": [ 136.655904, 36.580527 ] } },
{ "type": "Feature", "properties": { "ID": 1756410, "正式名称": "スギ薬局津幡店", "機関区分": 5, "都道府県コード": 17, "市区町村コード": 361, "所在地": "石川県河北郡津幡町北中条１丁目８９番地", "緯度": 36.660444, "経度": 136.727545, "url": "https://www.iryou.teikyouseido.mhlw.go.jp/znk-web/juminkanja/S2430/initialize?prefCd=17&kikanCd=6410&kikanKbn=nan", "url2": "http://www.sugi-net.jp/stores/001924", "内容": "スギ薬局津幡店0石川県河北郡津幡町北中条１丁目８９番地" }, "geometry": { "type": "Point", "coordinates": [ 136.727545, 36.660444 ] } },
{ "type": "Feature", "properties": { "ID": 1756411, "正式名称": "疋田らいふ薬局", "機関区分": 5, "都道府県コード": 17, "市区町村コード": 201, "所在地": "石川県金沢市疋田町２丁目１４８エンゼル１８", "緯度": 36.601173, "経度": 136.675609, "url": "https://www.iryou.teikyouseido.mhlw.go.jp/znk-web/juminkanja/S2430/initialize?prefCd=17&kikanCd=6411&kikanKbn=nan", "url2": "https://www.qol-net.co.jp/pharmacy/map/detail.php?id=1149", "内容": "疋田らいふ薬局0石川県金沢市疋田町２丁目１４８エンゼル１８" }, "geometry": { "type": "Point", "coordinates": [ 136.675609, 36.601173 ] } },
{ "type": "Feature", "properties": { "ID": 1756412, "正式名称": "なぎさ薬局", "機関区分": 5, "都道府県コード": 17, "市区町村コード": 207, "所在地": "石川県羽咋市旭町ア５７－３", "緯度": 36.896343, "経度": 136.779241, "url": "https://www.iryou.teikyouseido.mhlw.go.jp/znk-web/juminkanja/S2430/initialize?prefCd=17&kikanCd=6412&kikanKbn=nan", "url2": null, "内容": "なぎさ薬局0石川県羽咋市旭町ア５７－３" }, "geometry": { "type": "Point", "coordinates": [ 136.779241, 36.896343 ] } },
{ "type": "Feature", "properties": { "ID": 1756413, "正式名称": "クスリのアオキ鶴ケ丘東薬局", "機関区分": 5, "都道府県コード": 17, "市区町村コード": 365, "所在地": "石川県河北郡内灘町字鶴ケ丘２丁目６０６番地", "緯度": 36.642565, "経度": 136.643924, "url": "https://www.iryou.teikyouseido.mhlw.go.jp/znk-web/juminkanja/S2430/initialize?prefCd=17&kikanCd=6413&kikanKbn=nan", "url2": "https://www.kusuri-aoki.co.jp/", "内容": "クスリのアオキ鶴ケ丘東薬局0石川県河北郡内灘町字鶴ケ丘２丁目６０６番地" }, "geometry": { "type": "Point", "coordinates": [ 136.643924, 36.642565 ] } },
{ "type": "Feature", "properties": { "ID": 1756414, "正式名称": "スギ薬局金沢野田店", "機関区分": 5, "都道府県コード": 17, "市区町村コード": 201, "所在地": "石川県金沢市野田町チ１１６番地", "緯度": 36.536757, "経度": 136.667126, "url": "https://www.iryou.teikyouseido.mhlw.go.jp/znk-web/juminkanja/S2430/initialize?prefCd=17&kikanCd=6414&kikanKbn=nan", "url2": "https://www.sugi-net.jp/stores/001928", "内容": "スギ薬局金沢野田店0石川県金沢市野田町チ１１６番地" }, "geometry": { "type": "Point", "coordinates": [ 136.667126, 36.536757 ] } },
{ "type": "Feature", "properties": { "ID": 1756415, "正式名称": "サンライトちょくし町薬局", "機関区分": 5, "都道府県コード": 17, "市区町村コード": 206, "所在地": "石川県加賀市勅使町ヲ４０番１", "緯度": 36.30245, "経度": 136.391971, "url": "https://www.iryou.teikyouseido.mhlw.go.jp/znk-web/juminkanja/S2430/initialize?prefCd=17&kikanCd=6415&kikanKbn=nan", "url2": "https://accesslife.co.jp/", "内容": "サンライトちょくし町薬局0石川県加賀市勅使町ヲ４０番１" }, "geometry": { "type": "Point", "coordinates": [ 136.391971, 36.30245 ] } },
{ "type": "Feature", "properties": { "ID": 1756416, "正式名称": "アルプ薬局上安原店", "機関区分": 5, "都道府県コード": 17, "市区町村コード": 201, "所在地": "石川県金沢市上安原２丁目１９８番地", "緯度": 36.565287, "経度": 136.589361, "url": "https://www.iryou.teikyouseido.mhlw.go.jp/znk-web/juminkanja/S2430/initialize?prefCd=17&kikanCd=6416&kikanKbn=nan", "url2": null, "内容": "アルプ薬局上安原店0石川県金沢市上安原２丁目１９８番地" }, "geometry": { "type": "Point", "coordinates": [ 136.589361, 36.565287 ] } },
{ "type": "Feature", "properties": { "ID": 1756418, "正式名称": "スギ薬局相木店", "機関区分": 5, "都道府県コード": 17, "市区町村コード": 210, "所在地": "石川県白山市松任駅北相木第二地区土地区画整理事業施行地区２６街区", "緯度": 36.532702, "経度": 136.56234, "url": "https://www.iryou.teikyouseido.mhlw.go.jp/znk-web/juminkanja/S2430/initialize?prefCd=17&kikanCd=6418&kikanKbn=nan", "url2": "https://www.sugi-net.jp/stores/001903", "内容": "スギ薬局相木店0石川県白山市松任駅北相木第二地区土地区画整理事業施行地区２６街区" }, "geometry": { "type": "Point", "coordinates": [ 136.56234, 36.532702 ] } },
{ "type": "Feature", "properties": { "ID": 1756419, "正式名称": "クスリのアオキ新保本薬局", "機関区分": 5, "都道府県コード": 17, "市区町村コード": 201, "所在地": "石川県金沢市新保本五丁目６４番地", "緯度": 36.555343, "経度": 136.605337, "url": "https://www.iryou.teikyouseido.mhlw.go.jp/znk-web/juminkanja/S2430/initialize?prefCd=17&kikanCd=6419&kikanKbn=nan", "url2": "https://www.kusuri-aoki.co.jp/", "内容": "クスリのアオキ新保本薬局0石川県金沢市新保本五丁目６４番地" }, "geometry": { "type": "Point", "coordinates": [ 136.605337, 36.555343 ] } },
{ "type": "Feature", "properties": { "ID": 1756422, "正式名称": "イオン薬局加賀の里店", "機関区分": 5, "都道府県コード": 17, "市区町村コード": 206, "所在地": "石川県加賀市上河崎町４７－１", "緯度": 36.30665, "経度": 136.346742, "url": "https://www.iryou.teikyouseido.mhlw.go.jp/znk-web/juminkanja/S2430/initialize?prefCd=17&kikanCd=6422&kikanKbn=nan", "url2": null, "内容": "イオン薬局加賀の里店0石川県加賀市上河崎町４７－１" }, "geometry": { "type": "Point", "coordinates": [ 136.346742, 36.30665 ] } },
{ "type": "Feature", "properties": { "ID": 1756500, "正式名称": "薬局トモズ　金沢駅前店", "機関区分": 5, "都道府県コード": 17, "市区町村コード": 201, "所在地": "石川県金沢市此花町３番２号ライブ１ビル１階", "緯度": 36.576908, "経度": 136.651496, "url": "https://www.iryou.teikyouseido.mhlw.go.jp/znk-web/juminkanja/S2430/initialize?prefCd=17&kikanCd=6500&kikanKbn=nan", "url2": "http://toyama-sougou.jp", "内容": "薬局トモズ　金沢駅前店0石川県金沢市此花町３番２号ライブ１ビル１階" }, "geometry": { "type": "Point", "coordinates": [ 136.651496, 36.576908 ] } },
{ "type": "Feature", "properties": { "ID": 1756501, "正式名称": "スギ薬局金石店", "機関区分": 5, "都道府県コード": 17, "市区町村コード": 201, "所在地": "石川県金沢市金石本町ハ８番地", "緯度": 36.599598, "経度": 136.595781, "url": "https://www.iryou.teikyouseido.mhlw.go.jp/znk-web/juminkanja/S2430/initialize?prefCd=17&kikanCd=6501&kikanKbn=nan", "url2": null, "内容": "スギ薬局金石店0石川県金沢市金石本町ハ８番地" }, "geometry": { "type": "Point", "coordinates": [ 136.595781, 36.599598 ] } },
{ "type": "Feature", "properties": { "ID": 1756502, "正式名称": "ウエルシア薬局小松吉竹店", "機関区分": 5, "都道府県コード": 17, "市区町村コード": 203, "所在地": "石川県小松市吉竹町４１－１", "緯度": 36.394101, "経度": 136.477301, "url": "https://www.iryou.teikyouseido.mhlw.go.jp/znk-web/juminkanja/S2430/initialize?prefCd=17&kikanCd=6502&kikanKbn=nan", "url2": "https://store.welcia.co.jp/welcia/spot/detail?code=8729D", "内容": "ウエルシア薬局小松吉竹店0石川県小松市吉竹町４１－１" }, "geometry": { "type": "Point", "coordinates": [ 136.477301, 36.394101 ] } },
{ "type": "Feature", "properties": { "ID": 1756503, "正式名称": "ウエルシア薬局金沢四十万店", "機関区分": 5, "都道府県コード": 17, "市区町村コード": 201, "所在地": "石川県金沢市四十万４－２２８", "緯度": 36.500981, "経度": 136.619341, "url": "https://www.iryou.teikyouseido.mhlw.go.jp/znk-web/juminkanja/S2430/initialize?prefCd=17&kikanCd=6503&kikanKbn=nan", "url2": "https://store.welcia.co.jp/welcia/spot/detail?code=8696D", "内容": "ウエルシア薬局金沢四十万店0石川県金沢市四十万４－２２８" }, "geometry": { "type": "Point", "coordinates": [ 136.619341, 36.500981 ] } },
{ "type": "Feature", "properties": { "ID": 1756504, "正式名称": "クスリのアオキ森本薬局", "機関区分": 5, "都道府県コード": 17, "市区町村コード": 201, "所在地": "石川県金沢市吉原町ホ２１０番地", "緯度": 36.612514, "経度": 136.69266, "url": "https://www.iryou.teikyouseido.mhlw.go.jp/znk-web/juminkanja/S2430/initialize?prefCd=17&kikanCd=6504&kikanKbn=nan", "url2": "https://www.kusuri-aoki.co.jp/", "内容": "クスリのアオキ森本薬局0石川県金沢市吉原町ホ２１０番地" }, "geometry": { "type": "Point", "coordinates": [ 136.69266, 36.612514 ] } },
{ "type": "Feature", "properties": { "ID": 1756505, "正式名称": "クスリのアオキ額新保薬局", "機関区分": 5, "都道府県コード": 17, "市区町村コード": 201, "所在地": "石川県金沢市額新保２丁目２３５番地", "緯度": 36.517327, "経度": 136.616998, "url": "https://www.iryou.teikyouseido.mhlw.go.jp/znk-web/juminkanja/S2430/initialize?prefCd=17&kikanCd=6505&kikanKbn=nan", "url2": "https://www.kusuri-aoki.co.jp/", "内容": "クスリのアオキ額新保薬局0石川県金沢市額新保２丁目２３５番地" }, "geometry": { "type": "Point", "coordinates": [ 136.616998, 36.517327 ] } },
{ "type": "Feature", "properties": { "ID": 1756506, "正式名称": "まるちゃん薬局　金沢長町店", "機関区分": 5, "都道府県コード": 17, "市区町村コード": 201, "所在地": "石川県金沢市長町２丁目２番３号", "緯度": 36.562424, "経度": 136.650302, "url": "https://www.iryou.teikyouseido.mhlw.go.jp/znk-web/juminkanja/S2430/initialize?prefCd=17&kikanCd=6506&kikanKbn=nan", "url2": "https://www.taiga-emg.com/pharmacy/", "内容": "まるちゃん薬局　金沢長町店0石川県金沢市長町２丁目２番３号" }, "geometry": { "type": "Point", "coordinates": [ 136.650302, 36.562424 ] } },
{ "type": "Feature", "properties": { "ID": 1756507, "正式名称": "ケヤキ薬局　金沢店", "機関区分": 5, "都道府県コード": 17, "市区町村コード": 201, "所在地": "石川県金沢市八日市５－４５４", "緯度": 36.549366, "経度": 136.610883, "url": "https://www.iryou.teikyouseido.mhlw.go.jp/znk-web/juminkanja/S2430/initialize?prefCd=17&kikanCd=6507&kikanKbn=nan", "url2": "https://keyaki-ph.com/", "内容": "ケヤキ薬局　金沢店0石川県金沢市八日市５－４５４" }, "geometry": { "type": "Point", "coordinates": [ 136.610883, 36.549366 ] } },
{ "type": "Feature", "properties": { "ID": 1756509, "正式名称": "なるわ薬局", "機関区分": 5, "都道府県コード": 17, "市区町村コード": 201, "所在地": "石川県金沢市鳴和１－２０－１４－１", "緯度": 36.588935, "経度": 136.675961, "url": "https://www.iryou.teikyouseido.mhlw.go.jp/znk-web/juminkanja/S2430/initialize?prefCd=17&kikanCd=6509&kikanKbn=nan", "url2": null, "内容": "なるわ薬局0石川県金沢市鳴和１－２０－１４－１" }, "geometry": { "type": "Point", "coordinates": [ 136.675961, 36.588935 ] } },
{ "type": "Feature", "properties": { "ID": 1756510, "正式名称": "はまなす薬局", "機関区分": 5, "都道府県コード": 17, "市区町村コード": 365, "所在地": "石川県河北郡内灘町字ハマナス２丁目８番", "緯度": 36.654498, "経度": 136.641941, "url": "https://www.iryou.teikyouseido.mhlw.go.jp/znk-web/juminkanja/S2430/initialize?prefCd=17&kikanCd=6510&kikanKbn=nan", "url2": "https://teiku.co.jp/", "内容": "はまなす薬局0石川県河北郡内灘町字ハマナス２丁目８番" }, "geometry": { "type": "Point", "coordinates": [ 136.641941, 36.654498 ] } },
{ "type": "Feature", "properties": { "ID": 1756511, "正式名称": "クスリのアオキ二日市薬局", "機関区分": 5, "都道府県コード": 17, "市区町村コード": 212, "所在地": "石川県野々市市二日市四丁目２６６番地", "緯度": 36.537662, "経度": 136.595581, "url": "https://www.iryou.teikyouseido.mhlw.go.jp/znk-web/juminkanja/S2430/initialize?prefCd=17&kikanCd=6511&kikanKbn=nan", "url2": "https://www.kusuri-aoki.co.jp/", "内容": "クスリのアオキ二日市薬局0石川県野々市市二日市四丁目２６６番地" }, "geometry": { "type": "Point", "coordinates": [ 136.595581, 36.537662 ] } },
{ "type": "Feature", "properties": { "ID": 1756512, "正式名称": "株式会社ストレチア　徳丸町薬局", "機関区分": 5, "都道府県コード": 17, "市区町村コード": 210, "所在地": "石川県白山市徳丸町５１４番地１", "緯度": 36.521334, "経度": 136.576745, "url": "https://www.iryou.teikyouseido.mhlw.go.jp/znk-web/juminkanja/S2430/initialize?prefCd=17&kikanCd=6512&kikanKbn=nan", "url2": "https://www.phstr.co.jp/tokumarumachi8", "内容": "株式会社ストレチア　徳丸町薬局0石川県白山市徳丸町５１４番地１" }, "geometry": { "type": "Point", "coordinates": [ 136.576745, 36.521334 ] } },
{ "type": "Feature", "properties": { "ID": 1756513, "正式名称": "ウエルシア薬局金沢末町店", "機関区分": 5, "都道府県コード": 17, "市区町村コード": 201, "所在地": "石川県金沢市末町１６ー１２ー１", "緯度": 36.517624, "経度": 136.68926, "url": "https://www.iryou.teikyouseido.mhlw.go.jp/znk-web/juminkanja/S2430/initialize?prefCd=17&kikanCd=6513&kikanKbn=nan", "url2": "https://store.welcia.co.jp/welcia/spot/detail?code=8720D", "内容": "ウエルシア薬局金沢末町店0石川県金沢市末町１６ー１２ー１" }, "geometry": { "type": "Point", "coordinates": [ 136.68926, 36.517624 ] } },
{ "type": "Feature", "properties": { "ID": 1756514, "正式名称": "クスリのアオキ宇ノ気薬局", "機関区分": 5, "都道府県コード": 17, "市区町村コード": 209, "所在地": "石川県かほく市七窪１７", "緯度": 36.728031, "経度": 136.711904, "url": "https://www.iryou.teikyouseido.mhlw.go.jp/znk-web/juminkanja/S2430/initialize?prefCd=17&kikanCd=6514&kikanKbn=nan", "url2": "https://www.kusuri-aoki.co.jp/", "内容": "クスリのアオキ宇ノ気薬局0石川県かほく市七窪１７" }, "geometry": { "type": "Point", "coordinates": [ 136.711904, 36.728031 ] } },
{ "type": "Feature", "properties": { "ID": 1756515, "正式名称": "クスリのアオキ百坂薬局", "機関区分": 5, "都道府県コード": 17, "市区町村コード": 201, "所在地": "石川県金沢市百坂町ニ２５番地", "緯度": 36.605388, "経度": 136.683494, "url": "https://www.iryou.teikyouseido.mhlw.go.jp/znk-web/juminkanja/S2430/initialize?prefCd=17&kikanCd=6515&kikanKbn=nan", "url2": "https://www.kusuri-aoki.co.jp/", "内容": "クスリのアオキ百坂薬局0石川県金沢市百坂町ニ２５番地" }, "geometry": { "type": "Point", "coordinates": [ 136.683494, 36.605388 ] } },
{ "type": "Feature", "properties": { "ID": 1756516, "正式名称": "ウエルシア薬局加賀大聖寺店", "機関区分": 5, "都道府県コード": 17, "市区町村コード": 206, "所在地": "石川県加賀市大聖寺東町１－４５－１", "緯度": 36.305811, "経度": 136.319403, "url": "https://www.iryou.teikyouseido.mhlw.go.jp/znk-web/juminkanja/S2430/initialize?prefCd=17&kikanCd=6516&kikanKbn=nan", "url2": null, "内容": "ウエルシア薬局加賀大聖寺店0石川県加賀市大聖寺東町１－４５－１" }, "geometry": { "type": "Point", "coordinates": [ 136.319403, 36.305811 ] } },
{ "type": "Feature", "properties": { "ID": 1756517, "正式名称": "ルル薬局加賀店", "機関区分": 5, "都道府県コード": 17, "市区町村コード": 206, "所在地": "石川県加賀市湖城町１－２１", "緯度": 36.338522, "経度": 136.363878, "url": "https://www.iryou.teikyouseido.mhlw.go.jp/znk-web/juminkanja/S2430/initialize?prefCd=17&kikanCd=6517&kikanKbn=nan", "url2": null, "内容": "ルル薬局加賀店0石川県加賀市湖城町１－２１" }, "geometry": { "type": "Point", "coordinates": [ 136.363878, 36.338522 ] } },
{ "type": "Feature", "properties": { "ID": 1756518, "正式名称": "クスリのアオキ田上薬局", "機関区分": 5, "都道府県コード": 17, "市区町村コード": 201, "所在地": "石川県金沢市田上の里１丁目１２７番地", "緯度": 36.54495, "経度": 136.690624, "url": "https://www.iryou.teikyouseido.mhlw.go.jp/znk-web/juminkanja/S2430/initialize?prefCd=17&kikanCd=6518&kikanKbn=nan", "url2": "https://www.kusuri-aoki.co.jp/", "内容": "クスリのアオキ田上薬局0石川県金沢市田上の里１丁目１２７番地" }, "geometry": { "type": "Point", "coordinates": [ 136.690624, 36.54495 ] } },
{ "type": "Feature", "properties": { "ID": 1756519, "正式名称": "アルプ薬局福久店", "機関区分": 5, "都道府県コード": 17, "市区町村コード": 201, "所在地": "石川県金沢市福久町ヲ９０番地３", "緯度": 36.613564, "経度": 136.67943, "url": "https://www.iryou.teikyouseido.mhlw.go.jp/znk-web/juminkanja/S2430/initialize?prefCd=17&kikanCd=6519&kikanKbn=nan", "url2": "https://www.alp-grp.jp/", "内容": "アルプ薬局福久店0石川県金沢市福久町ヲ９０番地３" }, "geometry": { "type": "Point", "coordinates": [ 136.67943, 36.613564 ] } },
{ "type": "Feature", "properties": { "ID": 1756520, "正式名称": "ウエルシア薬局羽咋南中央店", "機関区分": 5, "都道府県コード": 17, "市区町村コード": 207, "所在地": "石川県羽咋市南中央町キ１５４ー１", "緯度": 36.890442, "経度": 136.778308, "url": "https://www.iryou.teikyouseido.mhlw.go.jp/znk-web/juminkanja/S2430/initialize?prefCd=17&kikanCd=6520&kikanKbn=nan", "url2": "https://store.welcia.co.jp/welcia/spot/detail?code=8704D", "内容": "ウエルシア薬局羽咋南中央店0石川県羽咋市南中央町キ１５４ー１" }, "geometry": { "type": "Point", "coordinates": [ 136.778308, 36.890442 ] } },
{ "type": "Feature", "properties": { "ID": 1756521, "正式名称": "兼六薬局　御経塚店", "機関区分": 5, "都道府県コード": 17, "市区町村コード": 212, "所在地": "石川県野々市市御経塚１丁目４４４番", "緯度": 36.54366, "経度": 136.595971, "url": "https://www.iryou.teikyouseido.mhlw.go.jp/znk-web/juminkanja/S2430/initialize?prefCd=17&kikanCd=6521&kikanKbn=nan", "url2": "https://flower-yakkyoku.jp/", "内容": "兼六薬局　御経塚店0石川県野々市市御経塚１丁目４４４番" }, "geometry": { "type": "Point", "coordinates": [ 136.595971, 36.54366 ] } },
{ "type": "Feature", "properties": { "ID": 1756522, "正式名称": "クスリのアオキ有松薬局", "機関区分": 5, "都道府県コード": 17, "市区町村コード": 201, "所在地": "石川県金沢市有松５丁目９番２０号", "緯度": 36.539208, "経度": 136.637491, "url": "https://www.iryou.teikyouseido.mhlw.go.jp/znk-web/juminkanja/S2430/initialize?prefCd=17&kikanCd=6522&kikanKbn=nan", "url2": "https://www.kusuri-aoki.co.jp/", "内容": "クスリのアオキ有松薬局0石川県金沢市有松５丁目９番２０号" }, "geometry": { "type": "Point", "coordinates": [ 136.637491, 36.539208 ] } },
{ "type": "Feature", "properties": { "ID": 1756523, "正式名称": "うねだ薬局", "機関区分": 5, "都道府県コード": 17, "市区町村コード": 201, "所在地": "石川県金沢市畝田東３丁目５０６番地", "緯度": 36.59641, "経度": 136.614291, "url": "https://www.iryou.teikyouseido.mhlw.go.jp/znk-web/juminkanja/S2430/initialize?prefCd=17&kikanCd=6523&kikanKbn=nan", "url2": "https://e-bond.info/withs/", "内容": "うねだ薬局0石川県金沢市畝田東３丁目５０６番地" }, "geometry": { "type": "Point", "coordinates": [ 136.614291, 36.59641 ] } },
{ "type": "Feature", "properties": { "ID": 1756525, "正式名称": "中森かいてき矢作薬局", "機関区分": 5, "都道府県コード": 17, "市区町村コード": 212, "所在地": "石川県野々市市矢作４－４２－４", "緯度": 36.523891, "経度": 136.614164, "url": "https://www.iryou.teikyouseido.mhlw.go.jp/znk-web/juminkanja/S2430/initialize?prefCd=17&kikanCd=6525&kikanKbn=nan", "url2": "https://www.kaiteki-01.jp/", "内容": "中森かいてき矢作薬局0石川県野々市市矢作４－４２－４" }, "geometry": { "type": "Point", "coordinates": [ 136.614164, 36.523891 ] } },
{ "type": "Feature", "properties": { "ID": 1756526, "正式名称": "中森かいてき四十万薬局", "機関区分": 5, "都道府県コード": 17, "市区町村コード": 201, "所在地": "石川県金沢市四十万５ー１０７", "緯度": 36.504891, "経度": 136.614894, "url": "https://www.iryou.teikyouseido.mhlw.go.jp/znk-web/juminkanja/S2430/initialize?prefCd=17&kikanCd=6526&kikanKbn=nan", "url2": "https://www.kaiteki-01.jp/", "内容": "中森かいてき四十万薬局0石川県金沢市四十万５ー１０７" }, "geometry": { "type": "Point", "coordinates": [ 136.614894, 36.504891 ] } },
{ "type": "Feature", "properties": { "ID": 1756527, "正式名称": "レモン薬局", "機関区分": 5, "都道府県コード": 17, "市区町村コード": 203, "所在地": "石川県小松市末広町２４４", "緯度": 36.401211, "経度": 136.445183, "url": "https://www.iryou.teikyouseido.mhlw.go.jp/znk-web/juminkanja/S2430/initialize?prefCd=17&kikanCd=6527&kikanKbn=nan", "url2": null, "内容": "レモン薬局0石川県小松市末広町２４４" }, "geometry": { "type": "Point", "coordinates": [ 136.445183, 36.401211 ] } },
{ "type": "Feature", "properties": { "ID": 1756528, "正式名称": "三社はなの木薬局", "機関区分": 5, "都道府県コード": 17, "市区町村コード": 201, "所在地": "石川県金沢市三社町１１番２０号", "緯度": 36.570871, "経度": 136.643575, "url": "https://www.iryou.teikyouseido.mhlw.go.jp/znk-web/juminkanja/S2430/initialize?prefCd=17&kikanCd=6528&kikanKbn=nan", "url2": "https://www.hananoki-ymt.com/", "内容": "三社はなの木薬局0石川県金沢市三社町１１番２０号" }, "geometry": { "type": "Point", "coordinates": [ 136.643575, 36.570871 ] } },
{ "type": "Feature", "properties": { "ID": 1756529, "正式名称": "ウエルシア薬局金沢新保本店", "機関区分": 5, "都道府県コード": 17, "市区町村コード": 201, "所在地": "石川県金沢市新保本３－１５２－１", "緯度": 36.555422, "経度": 136.601783, "url": "https://www.iryou.teikyouseido.mhlw.go.jp/znk-web/juminkanja/S2430/initialize?prefCd=17&kikanCd=6529&kikanKbn=nan", "url2": "https://www.welcia-yakkyoku.co.jp", "内容": "ウエルシア薬局金沢新保本店0石川県金沢市新保本３－１５２－１" }, "geometry": { "type": "Point", "coordinates": [ 136.601783, 36.555422 ] } },
{ "type": "Feature", "properties": { "ID": 1756530, "正式名称": "ゆうやけ薬局", "機関区分": 5, "都道府県コード": 17, "市区町村コード": 201, "所在地": "石川県金沢市大友２丁目７１番地", "緯度": 36.601039, "経度": 136.625231, "url": "https://www.iryou.teikyouseido.mhlw.go.jp/znk-web/juminkanja/S2430/initialize?prefCd=17&kikanCd=6530&kikanKbn=nan", "url2": null, "内容": "ゆうやけ薬局0石川県金沢市大友２丁目７１番地" }, "geometry": { "type": "Point", "coordinates": [ 136.625231, 36.601039 ] } },
{ "type": "Feature", "properties": { "ID": 1756531, "正式名称": "アルコあおぞら薬局", "機関区分": 5, "都道府県コード": 17, "市区町村コード": 201, "所在地": "石川県金沢市平和町２丁目１３番１８号", "緯度": 36.540849, "経度": 136.664773, "url": "https://www.iryou.teikyouseido.mhlw.go.jp/znk-web/juminkanja/S2430/initialize?prefCd=17&kikanCd=6531&kikanKbn=nan", "url2": "http://www.granpharma.co.jp", "内容": "アルコあおぞら薬局0石川県金沢市平和町２丁目１３番１８号" }, "geometry": { "type": "Point", "coordinates": [ 136.664773, 36.540849 ] } },
{ "type": "Feature", "properties": { "ID": 1756532, "正式名称": "てまり薬局玉鉾店", "機関区分": 5, "都道府県コード": 17, "市区町村コード": 201, "所在地": "石川県金沢市玉鉾４－２８", "緯度": 36.571639, "経度": 136.616241, "url": "https://www.iryou.teikyouseido.mhlw.go.jp/znk-web/juminkanja/S2430/initialize?prefCd=17&kikanCd=6532&kikanKbn=nan", "url2": null, "内容": "てまり薬局玉鉾店0石川県金沢市玉鉾４－２８" }, "geometry": { "type": "Point", "coordinates": [ 136.616241, 36.571639 ] } },
{ "type": "Feature", "properties": { "ID": 1756533, "正式名称": "阪神調剤薬局　さくら店", "機関区分": 5, "都道府県コード": 17, "市区町村コード": 202, "所在地": "石川県七尾市桜町７８－１", "緯度": 37.051186, "経度": 136.962903, "url": "https://www.iryou.teikyouseido.mhlw.go.jp/znk-web/juminkanja/S2430/initialize?prefCd=17&kikanCd=6533&kikanKbn=nan", "url2": "https://map.i-h-inc.co.jp/b/iandh/info/10017004/", "内容": "阪神調剤薬局　さくら店0石川県七尾市桜町７８－１" }, "geometry": { "type": "Point", "coordinates": [ 136.962903, 37.051186 ] } },
{ "type": "Feature", "properties": { "ID": 1756534, "正式名称": "コトブキ薬局", "機関区分": 5, "都道府県コード": 17, "市区町村コード": 202, "所在地": "石川県七尾市桜町４０番２", "緯度": 37.050576, "経度": 136.96242, "url": "https://www.iryou.teikyouseido.mhlw.go.jp/znk-web/juminkanja/S2430/initialize?prefCd=17&kikanCd=6534&kikanKbn=nan", "url2": "https://www.sugi-net.jp/stores/005045", "内容": "コトブキ薬局0石川県七尾市桜町４０番２" }, "geometry": { "type": "Point", "coordinates": [ 136.96242, 37.050576 ] } },
{ "type": "Feature", "properties": { "ID": 1756535, "正式名称": "阪神調剤薬局金沢石引店", "機関区分": 5, "都道府県コード": 17, "市区町村コード": 201, "所在地": "石川県金沢市石引１丁目７ー１６", "緯度": 36.554782, "経度": 136.671474, "url": "https://www.iryou.teikyouseido.mhlw.go.jp/znk-web/juminkanja/S2430/initialize?prefCd=17&kikanCd=6535&kikanKbn=nan", "url2": "https://www.sugi-net.jp/stores/005046", "内容": "阪神調剤薬局金沢石引店0石川県金沢市石引１丁目７ー１６" }, "geometry": { "type": "Point", "coordinates": [ 136.671474, 36.554782 ] } },
{ "type": "Feature", "properties": { "ID": 1756536, "正式名称": "タイガー薬局", "機関区分": 5, "都道府県コード": 17, "市区町村コード": 365, "所在地": "石川県河北郡内灘町大根布７丁目１２１番地", "緯度": 36.650812, "経度": 136.644611, "url": "https://www.iryou.teikyouseido.mhlw.go.jp/znk-web/juminkanja/S2430/initialize?prefCd=17&kikanCd=6536&kikanKbn=nan", "url2": "https://tiger-prime.com/", "内容": "タイガー薬局0石川県河北郡内灘町大根布７丁目１２１番地" }, "geometry": { "type": "Point", "coordinates": [ 136.644611, 36.650812 ] } },
{ "type": "Feature", "properties": { "ID": 1756537, "正式名称": "株式会社スパーテルてまり薬局藤平田店", "機関区分": 5, "都道府県コード": 17, "市区町村コード": 212, "所在地": "石川県野々市市藤平田１ー２５９ー２", "緯度": 36.520022, "経度": 136.606432, "url": "https://www.iryou.teikyouseido.mhlw.go.jp/znk-web/juminkanja/S2430/initialize?prefCd=17&kikanCd=6537&kikanKbn=nan", "url2": "https://spatel.co.jp/about/index.html", "内容": "株式会社スパーテルてまり薬局藤平田店0石川県野々市市藤平田１ー２５９ー２" }, "geometry": { "type": "Point", "coordinates": [ 136.606432, 36.520022 ] } },
{ "type": "Feature", "properties": { "ID": 1756539, "正式名称": "片町あおぞら薬局", "機関区分": 5, "都道府県コード": 17, "市区町村コード": 201, "所在地": "石川県金沢市片町２丁目１３番１３号", "緯度": 36.561021, "経度": 136.650994, "url": "https://www.iryou.teikyouseido.mhlw.go.jp/znk-web/juminkanja/S2430/initialize?prefCd=17&kikanCd=6539&kikanKbn=nan", "url2": "https://www.granpharma.co.jp/", "内容": "片町あおぞら薬局0石川県金沢市片町２丁目１３番１３号" }, "geometry": { "type": "Point", "coordinates": [ 136.650994, 36.561021 ] } },
{ "type": "Feature", "properties": { "ID": 1756540, "正式名称": "湯のまち調剤薬局", "機関区分": 5, "都道府県コード": 17, "市区町村コード": 206, "所在地": "石川県加賀市山中温泉西桂木町ヌ９８番地４", "緯度": 36.253056, "経度": 136.3733, "url": "https://www.iryou.teikyouseido.mhlw.go.jp/znk-web/juminkanja/S2430/initialize?prefCd=17&kikanCd=6540&kikanKbn=nan", "url2": null, "内容": "湯のまち調剤薬局0石川県加賀市山中温泉西桂木町ヌ９８番地４" }, "geometry": { "type": "Point", "coordinates": [ 136.3733, 36.253056 ] } },
{ "type": "Feature", "properties": { "ID": 1756542, "正式名称": "クスリのアオキ金沢松村薬局", "機関区分": 5, "都道府県コード": 17, "市区町村コード": 201, "所在地": "石川県金沢市松村４丁目６２５番地", "緯度": 36.584629, "経度": 136.609403, "url": "https://www.iryou.teikyouseido.mhlw.go.jp/znk-web/juminkanja/S2430/initialize?prefCd=17&kikanCd=6542&kikanKbn=nan", "url2": "https://www.kusuri-aoki.co.jp/", "内容": "クスリのアオキ金沢松村薬局0石川県金沢市松村４丁目６２５番地" }, "geometry": { "type": "Point", "coordinates": [ 136.609403, 36.584629 ] } },
{ "type": "Feature", "properties": { "ID": 1756543, "正式名称": "クスリのアオキ小坂北薬局", "機関区分": 5, "都道府県コード": 17, "市区町村コード": 201, "所在地": "石川県金沢市小坂町北１６８番地１", "緯度": 36.595888, "経度": 136.678928, "url": "https://www.iryou.teikyouseido.mhlw.go.jp/znk-web/juminkanja/S2430/initialize?prefCd=17&kikanCd=6543&kikanKbn=nan", "url2": "https://www.kusuri-aoki.co.jp/", "内容": "クスリのアオキ小坂北薬局0石川県金沢市小坂町北１６８番地１" }, "geometry": { "type": "Point", "coordinates": [ 136.678928, 36.595888 ] } },
{ "type": "Feature", "properties": { "ID": 1756544, "正式名称": "北中条あおぞら薬局", "機関区分": 5, "都道府県コード": 17, "市区町村コード": 361, "所在地": "石川県河北郡津幡町北中条２丁目３１番地", "緯度": 36.662161, "経度": 136.72726, "url": "https://www.iryou.teikyouseido.mhlw.go.jp/znk-web/juminkanja/S2430/initialize?prefCd=17&kikanCd=6544&kikanKbn=nan", "url2": null, "内容": "北中条あおぞら薬局0石川県河北郡津幡町北中条２丁目３１番地" }, "geometry": { "type": "Point", "coordinates": [ 136.72726, 36.662161 ] } },
{ "type": "Feature", "properties": { "ID": 1756545, "正式名称": "スギ薬局　金沢西泉店", "機関区分": 5, "都道府県コード": 17, "市区町村コード": 201, "所在地": "石川県金沢市泉本町七丁目７番地１", "緯度": 36.553148, "経度": 136.63314, "url": "https://www.iryou.teikyouseido.mhlw.go.jp/znk-web/juminkanja/S2430/initialize?prefCd=17&kikanCd=6545&kikanKbn=nan", "url2": "https://www.sugi-net.jp/", "内容": "スギ薬局　金沢西泉店0石川県金沢市泉本町七丁目７番地１" }, "geometry": { "type": "Point", "coordinates": [ 136.63314, 36.553148 ] } },
{ "type": "Feature", "properties": { "ID": 1756547, "正式名称": "てまり薬局小橋店", "機関区分": 5, "都道府県コード": 17, "市区町村コード": 201, "所在地": "石川県金沢市小橋町１－８", "緯度": 36.57691, "経度": 136.661606, "url": "https://www.iryou.teikyouseido.mhlw.go.jp/znk-web/juminkanja/S2430/initialize?prefCd=17&kikanCd=6547&kikanKbn=nan", "url2": "https://spatel.co.jp/", "内容": "てまり薬局小橋店0石川県金沢市小橋町１－８" }, "geometry": { "type": "Point", "coordinates": [ 136.661606, 36.57691 ] } },
{ "type": "Feature", "properties": { "ID": 1756549, "正式名称": "アルプ薬局日吉店", "機関区分": 5, "都道府県コード": 17, "市区町村コード": 203, "所在地": "石川県小松市日吉町５１", "緯度": 36.3989, "経度": 136.446436, "url": "https://www.iryou.teikyouseido.mhlw.go.jp/znk-web/juminkanja/S2430/initialize?prefCd=17&kikanCd=6549&kikanKbn=nan", "url2": "https://www.alp-grp.jp/", "内容": "アルプ薬局日吉店0石川県小松市日吉町５１" }, "geometry": { "type": "Point", "coordinates": [ 136.446436, 36.3989 ] } },
{ "type": "Feature", "properties": { "ID": 1756551, "正式名称": "薬局日本メディカルシステム　野々市店", "機関区分": 5, "都道府県コード": 17, "市区町村コード": 212, "所在地": "石川県野々市市太平寺３丁目１６４番薬局日本メディカルシステム", "緯度": 36.532358, "経度": 136.605572, "url": "https://www.iryou.teikyouseido.mhlw.go.jp/znk-web/juminkanja/S2430/initialize?prefCd=17&kikanCd=6551&kikanKbn=nan", "url2": null, "内容": "薬局日本メディカルシステム　野々市店0石川県野々市市太平寺３丁目１６４番薬局日本メディカルシステム" }, "geometry": { "type": "Point", "coordinates": [ 136.605572, 36.532358 ] } },
{ "type": "Feature", "properties": { "ID": 1756552, "正式名称": "つばたまち薬局", "機関区分": 5, "都道府県コード": 17, "市区町村コード": 361, "所在地": "石川県河北郡津幡町字北中条１１号１３０番地２", "緯度": 36.664054, "経度": 136.734739, "url": "https://www.iryou.teikyouseido.mhlw.go.jp/znk-web/juminkanja/S2430/initialize?prefCd=17&kikanCd=6552&kikanKbn=nan", "url2": null, "内容": "つばたまち薬局0石川県河北郡津幡町字北中条１１号１３０番地２" }, "geometry": { "type": "Point", "coordinates": [ 136.734739, 36.664054 ] } },
{ "type": "Feature", "properties": { "ID": 1756554, "正式名称": "まるちゃん薬局金沢長町店", "機関区分": 5, "都道府県コード": 17, "市区町村コード": 201, "所在地": "石川県金沢市長町２－２－３", "緯度": 36.562428, "経度": 136.650308, "url": "https://www.iryou.teikyouseido.mhlw.go.jp/znk-web/juminkanja/S2430/initialize?prefCd=17&kikanCd=6554&kikanKbn=nan", "url2": null, "内容": "まるちゃん薬局金沢長町店0石川県金沢市長町２－２－３" }, "geometry": { "type": "Point", "coordinates": [ 136.650308, 36.562428 ] } }
]
}
